ISO-10303-21;
HEADER;
/* Generated by software containing ST-Developer
 * from STEP Tools, Inc. (www.steptools.com) 
 */

FILE_DESCRIPTION(
/* description */ (''),
/* implementation_level */ '2;1');

FILE_NAME(
/* name */ 'BSFC_Portable.step',
/* time_stamp */ '2026-07-31T16:18:19+03:00',
/* author */ (''),
/* organization */ (''),
/* preprocessor_version */ 'ST-DEVELOPER v20.1',
/* originating_system */ 'Autodesk Translation Framework v15.8.0.0',
/* authorisation */ '');

FILE_SCHEMA (('AUTOMOTIVE_DESIGN { 1 0 10303 214 3 1 1 }'));
ENDSEC;

DATA;
#10=MECHANICAL_DESIGN_GEOMETRIC_PRESENTATION_REPRESENTATION('',(#213,#214,
#215,#216,#217,#218,#219,#220,#221),#13431);
#11=(
BOUNDED_CURVE()
B_SPLINE_CURVE(2,(#13252,#13253,#13254,#13255),.UNSPECIFIED.,.F.,.F.)
B_SPLINE_CURVE_WITH_KNOTS((3,1,3),(1.39069175340965,1.82237331576896,2.51637834266845),
 .UNSPECIFIED.)
CURVE()
GEOMETRIC_REPRESENTATION_ITEM()
RATIONAL_B_SPLINE_CURVE((6.87114143495827,7.27877198114743,7.52648016804568,
6.87114143496244))
REPRESENTATION_ITEM('')
);
#12=(
BOUNDED_CURVE()
B_SPLINE_CURVE(2,(#13257,#13258,#13259,#13260),.UNSPECIFIED.,.F.,.F.)
B_SPLINE_CURVE_WITH_KNOTS((3,1,3),(1.39069175340964,1.82237331576897,2.51637834266846),
 .UNSPECIFIED.)
CURVE()
GEOMETRIC_REPRESENTATION_ITEM()
RATIONAL_B_SPLINE_CURVE((6.87114143495832,7.27877198114749,7.52648016804574,
6.87114143496248))
REPRESENTATION_ITEM('')
);
#13=(
BOUNDED_CURVE()
B_SPLINE_CURVE(2,(#13262,#13263,#13264,#13265),.UNSPECIFIED.,.F.,.F.)
B_SPLINE_CURVE_WITH_KNOTS((3,1,3),(1.39069175340965,1.82237331576897,2.51637834266845),
 .UNSPECIFIED.)
CURVE()
GEOMETRIC_REPRESENTATION_ITEM()
RATIONAL_B_SPLINE_CURVE((6.87114143495829,7.27877198114745,7.5264801680457,
6.87114143496246))
REPRESENTATION_ITEM('')
);
#14=(
BOUNDED_CURVE()
B_SPLINE_CURVE(2,(#13267,#13268,#13269,#13270),.UNSPECIFIED.,.F.,.F.)
B_SPLINE_CURVE_WITH_KNOTS((3,1,3),(1.39069175340965,1.82237331576896,1.95353504804015),
 .UNSPECIFIED.)
CURVE()
GEOMETRIC_REPRESENTATION_ITEM()
RATIONAL_B_SPLINE_CURVE((6.87114143495827,7.27877198114743,7.4026260745968,
7.4026260745968))
REPRESENTATION_ITEM('')
);
#15=(
BOUNDED_CURVE()
B_SPLINE_CURVE(2,(#13275,#13276,#13277),.UNSPECIFIED.,.F.,.F.)
B_SPLINE_CURVE_WITH_KNOTS((3,3),(1.95353504804015,2.51637834266845),
 .UNSPECIFIED.)
CURVE()
GEOMETRIC_REPRESENTATION_ITEM()
RATIONAL_B_SPLINE_CURVE((7.4026260745968,7.4026260745968,6.87114143496244))
REPRESENTATION_ITEM('')
);
#16=(
BOUNDED_CURVE()
B_SPLINE_CURVE(2,(#13279,#13280,#13281,#13282),.UNSPECIFIED.,.F.,.F.)
B_SPLINE_CURVE_WITH_KNOTS((3,1,3),(1.39069175340965,1.82237331576897,2.51637834266845),
 .UNSPECIFIED.)
CURVE()
GEOMETRIC_REPRESENTATION_ITEM()
RATIONAL_B_SPLINE_CURVE((6.87114143495829,7.27877198114745,7.5264801680457,
6.87114143496245))
REPRESENTATION_ITEM('')
);
#17=(
BOUNDED_CURVE()
B_SPLINE_CURVE(2,(#13283,#13284,#13285,#13286),.UNSPECIFIED.,.F.,.F.)
B_SPLINE_CURVE_WITH_KNOTS((3,1,3),(1.39069175340965,1.82237331576897,2.51637834266846),
 .UNSPECIFIED.)
CURVE()
GEOMETRIC_REPRESENTATION_ITEM()
RATIONAL_B_SPLINE_CURVE((6.87114143495831,7.27877198114748,7.52648016804572,
6.87114143496247))
REPRESENTATION_ITEM('')
);
#18=(
BOUNDED_CURVE()
B_SPLINE_CURVE(2,(#13331,#13332,#13333,#13334),.UNSPECIFIED.,.F.,.F.)
B_SPLINE_CURVE_WITH_KNOTS((3,1,3),(1.39069175340965,1.82237331576896,2.51637834266845),
 .UNSPECIFIED.)
CURVE()
GEOMETRIC_REPRESENTATION_ITEM()
RATIONAL_B_SPLINE_CURVE((6.87114143495827,7.27877198114743,7.52648016804568,
6.87114143496244))
REPRESENTATION_ITEM('')
);
#19=(
BOUNDED_CURVE()
B_SPLINE_CURVE(2,(#13336,#13337,#13338,#13339),.UNSPECIFIED.,.F.,.F.)
B_SPLINE_CURVE_WITH_KNOTS((3,1,3),(1.39069175340964,1.82237331576897,2.51637834266846),
 .UNSPECIFIED.)
CURVE()
GEOMETRIC_REPRESENTATION_ITEM()
RATIONAL_B_SPLINE_CURVE((6.87114143495832,7.27877198114749,7.52648016804574,
6.87114143496248))
REPRESENTATION_ITEM('')
);
#20=(
BOUNDED_CURVE()
B_SPLINE_CURVE(2,(#13341,#13342,#13343,#13344),.UNSPECIFIED.,.F.,.F.)
B_SPLINE_CURVE_WITH_KNOTS((3,1,3),(1.39069175340965,1.82237331576897,2.51637834266845),
 .UNSPECIFIED.)
CURVE()
GEOMETRIC_REPRESENTATION_ITEM()
RATIONAL_B_SPLINE_CURVE((6.87114143495829,7.27877198114745,7.5264801680457,
6.87114143496246))
REPRESENTATION_ITEM('')
);
#21=(
BOUNDED_CURVE()
B_SPLINE_CURVE(2,(#13346,#13347,#13348,#13349),.UNSPECIFIED.,.F.,.F.)
B_SPLINE_CURVE_WITH_KNOTS((3,1,3),(1.39069175340965,1.82237331576896,1.95353504804015),
 .UNSPECIFIED.)
CURVE()
GEOMETRIC_REPRESENTATION_ITEM()
RATIONAL_B_SPLINE_CURVE((6.87114143495827,7.27877198114743,7.4026260745968,
7.4026260745968))
REPRESENTATION_ITEM('')
);
#22=(
BOUNDED_CURVE()
B_SPLINE_CURVE(2,(#13354,#13355,#13356),.UNSPECIFIED.,.F.,.F.)
B_SPLINE_CURVE_WITH_KNOTS((3,3),(1.95353504804015,2.51637834266845),
 .UNSPECIFIED.)
CURVE()
GEOMETRIC_REPRESENTATION_ITEM()
RATIONAL_B_SPLINE_CURVE((7.4026260745968,7.4026260745968,6.87114143496244))
REPRESENTATION_ITEM('')
);
#23=(
BOUNDED_CURVE()
B_SPLINE_CURVE(2,(#13358,#13359,#13360,#13361),.UNSPECIFIED.,.F.,.F.)
B_SPLINE_CURVE_WITH_KNOTS((3,1,3),(1.39069175340965,1.82237331576897,2.51637834266845),
 .UNSPECIFIED.)
CURVE()
GEOMETRIC_REPRESENTATION_ITEM()
RATIONAL_B_SPLINE_CURVE((6.87114143495829,7.27877198114745,7.5264801680457,
6.87114143496245))
REPRESENTATION_ITEM('')
);
#24=(
BOUNDED_CURVE()
B_SPLINE_CURVE(2,(#13362,#13363,#13364,#13365),.UNSPECIFIED.,.F.,.F.)
B_SPLINE_CURVE_WITH_KNOTS((3,1,3),(1.39069175340965,1.82237331576897,2.51637834266846),
 .UNSPECIFIED.)
CURVE()
GEOMETRIC_REPRESENTATION_ITEM()
RATIONAL_B_SPLINE_CURVE((6.87114143495831,7.27877198114748,7.52648016804572,
6.87114143496247))
REPRESENTATION_ITEM('')
);
#25=TOROIDAL_SURFACE('',#8226,17.,7.);
#26=TOROIDAL_SURFACE('',#8232,17.,7.);
#27=TOROIDAL_SURFACE('',#8244,17.,7.);
#28=TOROIDAL_SURFACE('',#8250,17.,7.);
#29=CONICAL_SURFACE('',#7995,6.275,0.785398163397437);
#30=CONICAL_SURFACE('',#8020,6.275,0.785398163397437);
#31=CONICAL_SURFACE('',#8024,6.275,0.785398163397437);
#32=CONICAL_SURFACE('',#8028,6.275,0.785398163397437);
#33=CONICAL_SURFACE('',#8033,3.4,0.785398163397438);
#34=CONICAL_SURFACE('',#8036,3.4,0.785398163397437);
#35=CONICAL_SURFACE('',#8042,3.4,0.785398163397437);
#36=CONICAL_SURFACE('',#8045,3.4,0.785398163397438);
#37=CONICAL_SURFACE('',#8050,17.3,0.785398163397468);
#38=CONICAL_SURFACE('',#8053,17.3,0.785398163397434);
#39=CONICAL_SURFACE('',#8056,17.3,0.785398163397434);
#40=CONICAL_SURFACE('',#8059,17.3,0.785398163397447);
#41=CONICAL_SURFACE('',#8062,17.7,0.78539816339745);
#42=CONICAL_SURFACE('',#8065,17.7,0.785398163397453);
#43=CONICAL_SURFACE('',#8068,17.3,0.785398163397446);
#44=CONICAL_SURFACE('',#8071,17.3,0.78539816339745);
#45=CONICAL_SURFACE('',#8074,17.3,0.785398163397442);
#46=CONICAL_SURFACE('',#8077,17.3,0.785398163397467);
#47=CONICAL_SURFACE('',#8080,17.7,0.785398163397441);
#48=CONICAL_SURFACE('',#8083,17.7,0.785398163397438);
#49=CONICAL_SURFACE('',#8104,6.275,0.785398163397437);
#50=CONICAL_SURFACE('',#8126,6.275,0.785398163397437);
#51=CONICAL_SURFACE('',#8127,6.275,0.785398163397437);
#52=CONICAL_SURFACE('',#8128,6.275,0.785398163397437);
#53=CONICAL_SURFACE('',#8130,17.7,0.785398163397453);
#54=CONICAL_SURFACE('',#8133,17.3,0.785398163397446);
#55=CONICAL_SURFACE('',#8136,17.3,0.78539816339745);
#56=CONICAL_SURFACE('',#8138,17.3,0.785398163397442);
#57=CONICAL_SURFACE('',#8140,17.3,0.785398163397467);
#58=CONICAL_SURFACE('',#8142,17.7,0.785398163397441);
#59=CONICAL_SURFACE('',#8144,17.7,0.785398163397438);
#60=CONICAL_SURFACE('',#8146,17.3,0.785398163397468);
#61=CONICAL_SURFACE('',#8148,17.3,0.785398163397434);
#62=CONICAL_SURFACE('',#8151,17.3,0.785398163397434);
#63=CONICAL_SURFACE('',#8154,17.3,0.785398163397447);
#64=CONICAL_SURFACE('',#8157,17.7,0.78539816339745);
#65=CONICAL_SURFACE('',#8163,4.2,0.785398163397446);
#66=CONICAL_SURFACE('',#8165,4.2,0.785398163397447);
#67=CONICAL_SURFACE('',#8168,4.2,0.785398163397446);
#68=CONICAL_SURFACE('',#8171,4.2,0.785398163397447);
#69=CONICAL_SURFACE('',#8238,12.5,0.785398163397448);
#70=CONICAL_SURFACE('',#8253,12.5,0.785398163397448);
#71=CONICAL_SURFACE('',#8256,14.2,0.785398163397436);
#72=CONICAL_SURFACE('',#8259,13.8,0.785398163397437);
#73=CONICAL_SURFACE('',#8263,13.8,0.785398163397448);
#74=CONICAL_SURFACE('',#8266,14.2,0.785398163397438);
#75=CONICAL_SURFACE('',#8270,14.2,0.785398163397481);
#76=CONICAL_SURFACE('',#8273,24.8,0.785398163397448);
#77=CONICAL_SURFACE('',#8277,24.8,0.785398163397437);
#78=CONICAL_SURFACE('',#8280,14.2,0.785398163397467);
#79=CONICAL_SURFACE('',#8298,6.275,0.785398163397437);
#80=CONICAL_SURFACE('',#8302,6.275,0.785398163397437);
#81=CONICAL_SURFACE('',#8306,6.275,0.785398163397437);
#82=CONICAL_SURFACE('',#8319,6.275,0.785398163397437);
#83=CONICAL_SURFACE('',#8321,24.8,0.785398163397437);
#84=CONICAL_SURFACE('',#8322,14.2,0.785398163397467);
#85=CONICAL_SURFACE('',#8324,14.2,0.785398163397436);
#86=CONICAL_SURFACE('',#8325,13.8,0.785398163397437);
#87=CONICAL_SURFACE('',#8328,13.8,0.785398163397448);
#88=CONICAL_SURFACE('',#8330,14.2,0.785398163397438);
#89=CONICAL_SURFACE('',#8333,14.2,0.785398163397481);
#90=CONICAL_SURFACE('',#8335,24.8,0.785398163397448);
#91=CONICAL_SURFACE('',#8337,12.5,0.785398163397448);
#92=CONICAL_SURFACE('',#8339,12.5,0.785398163397448);
#93=CONICAL_SURFACE('',#8492,3.30000000000001,0.785398163397454);
#94=CONICAL_SURFACE('',#8496,3.30000000000228,0.785398163397449);
#95=CONICAL_SURFACE('',#8526,3.3,0.785398163397436);
#96=CONICAL_SURFACE('',#8529,3.30000000000227,0.785398163397437);
#97=CONICAL_SURFACE('',#8535,17.3,0.785398163397468);
#98=CONICAL_SURFACE('',#8538,17.3,0.785398163397434);
#99=CONICAL_SURFACE('',#8541,17.3,0.785398163397434);
#100=CONICAL_SURFACE('',#8544,17.3,0.785398163397447);
#101=CONICAL_SURFACE('',#8547,17.7,0.78539816339745);
#102=CONICAL_SURFACE('',#8550,17.7,0.785398163397453);
#103=CONICAL_SURFACE('',#8553,17.3,0.785398163397446);
#104=CONICAL_SURFACE('',#8556,17.3,0.78539816339745);
#105=CONICAL_SURFACE('',#8559,17.3,0.785398163397442);
#106=CONICAL_SURFACE('',#8562,17.3,0.785398163397467);
#107=CONICAL_SURFACE('',#8565,17.7,0.785398163397441);
#108=CONICAL_SURFACE('',#8568,17.7,0.785398163397438);
#109=CONICAL_SURFACE('',#8590,3.4,0.785398163397437);
#110=CONICAL_SURFACE('',#8593,3.4,0.785398163397438);
#111=CONICAL_SURFACE('',#8599,3.4,0.785398163397438);
#112=CONICAL_SURFACE('',#8602,3.4,0.785398163397437);
#113=CONICAL_SURFACE('',#8607,6.275,0.785398163397437);
#114=CONICAL_SURFACE('',#8611,6.275,0.785398163397437);
#115=CONICAL_SURFACE('',#8615,6.275,0.785398163397437);
#116=CONICAL_SURFACE('',#8619,6.275,0.785398163397437);
#117=CONICAL_SURFACE('',#8624,1.8,0.785398163397448);
#118=CONICAL_SURFACE('',#8627,1.8,0.785398163397437);
#119=CONICAL_SURFACE('',#8633,1.8,0.785398163397448);
#120=CONICAL_SURFACE('',#8636,1.8,0.785398163397448);
#121=CONICAL_SURFACE('',#8642,17.3,0.785398163397446);
#122=CONICAL_SURFACE('',#8645,17.3,0.78539816339745);
#123=CONICAL_SURFACE('',#8648,17.3,0.785398163397442);
#124=CONICAL_SURFACE('',#8651,17.3,0.785398163397467);
#125=CONICAL_SURFACE('',#8654,17.7,0.785398163397441);
#126=CONICAL_SURFACE('',#8657,17.7,0.785398163397438);
#127=CONICAL_SURFACE('',#8660,17.3,0.785398163397468);
#128=CONICAL_SURFACE('',#8662,17.3,0.785398163397434);
#129=CONICAL_SURFACE('',#8664,17.3,0.785398163397434);
#130=CONICAL_SURFACE('',#8666,17.3,0.785398163397447);
#131=CONICAL_SURFACE('',#8668,17.7,0.78539816339745);
#132=CONICAL_SURFACE('',#8670,17.7,0.785398163397453);
#133=CONICAL_SURFACE('',#8671,6.275,0.785398163397437);
#134=CONICAL_SURFACE('',#8672,6.275,0.785398163397437);
#135=CONICAL_SURFACE('',#8673,6.275,0.785398163397437);
#136=CONICAL_SURFACE('',#8674,6.275,0.785398163397437);
#137=CONICAL_SURFACE('',#8689,4.2,0.785398163397446);
#138=CONICAL_SURFACE('',#8692,4.2,0.785398163397447);
#139=CONICAL_SURFACE('',#8695,4.2,0.785398163397446);
#140=CONICAL_SURFACE('',#8697,4.2,0.785398163397447);
#141=CONICAL_SURFACE('',#8721,1.63114639414505,1.0471975511966);
#142=CONICAL_SURFACE('',#8740,1.63114639414505,1.0471975511966);
#143=ITEM_DEFINED_TRANSFORMATION($,$,#7974,#7992);
#144=ITEM_DEFINED_TRANSFORMATION($,$,#7983,#7993);
#145=ITEM_DEFINED_TRANSFORMATION($,$,#8186,#8220);
#146=ITEM_DEFINED_TRANSFORMATION($,$,#8203,#8221);
#147=ITEM_DEFINED_TRANSFORMATION($,$,#7973,#8753);
#148=ITEM_DEFINED_TRANSFORMATION($,$,#7994,#8754);
#149=ITEM_DEFINED_TRANSFORMATION($,$,#8185,#8755);
#150=ITEM_DEFINED_TRANSFORMATION($,$,#8222,#8756);
#151=ITEM_DEFINED_TRANSFORMATION($,$,#8347,#8757);
#152=ITEM_DEFINED_TRANSFORMATION($,$,#8715,#8758);
#153=ITEM_DEFINED_TRANSFORMATION($,$,#8715,#8759);
#154=ITEM_DEFINED_TRANSFORMATION($,$,#8734,#8760);
#155=ITEM_DEFINED_TRANSFORMATION($,$,#8734,#8761);
#156=(
REPRESENTATION_RELATIONSHIP($,$,#13475,#13474)
REPRESENTATION_RELATIONSHIP_WITH_TRANSFORMATION(#143)
SHAPE_REPRESENTATION_RELATIONSHIP()
);
#157=(
REPRESENTATION_RELATIONSHIP($,$,#13476,#13474)
REPRESENTATION_RELATIONSHIP_WITH_TRANSFORMATION(#144)
SHAPE_REPRESENTATION_RELATIONSHIP()
);
#158=(
REPRESENTATION_RELATIONSHIP($,$,#13479,#13478)
REPRESENTATION_RELATIONSHIP_WITH_TRANSFORMATION(#145)
SHAPE_REPRESENTATION_RELATIONSHIP()
);
#159=(
REPRESENTATION_RELATIONSHIP($,$,#13480,#13478)
REPRESENTATION_RELATIONSHIP_WITH_TRANSFORMATION(#146)
SHAPE_REPRESENTATION_RELATIONSHIP()
);
#160=(
REPRESENTATION_RELATIONSHIP($,$,#13474,#13473)
REPRESENTATION_RELATIONSHIP_WITH_TRANSFORMATION(#147)
SHAPE_REPRESENTATION_RELATIONSHIP()
);
#161=(
REPRESENTATION_RELATIONSHIP($,$,#13477,#13473)
REPRESENTATION_RELATIONSHIP_WITH_TRANSFORMATION(#148)
SHAPE_REPRESENTATION_RELATIONSHIP()
);
#162=(
REPRESENTATION_RELATIONSHIP($,$,#13478,#13473)
REPRESENTATION_RELATIONSHIP_WITH_TRANSFORMATION(#149)
SHAPE_REPRESENTATION_RELATIONSHIP()
);
#163=(
REPRESENTATION_RELATIONSHIP($,$,#13481,#13473)
REPRESENTATION_RELATIONSHIP_WITH_TRANSFORMATION(#150)
SHAPE_REPRESENTATION_RELATIONSHIP()
);
#164=(
REPRESENTATION_RELATIONSHIP($,$,#13482,#13473)
REPRESENTATION_RELATIONSHIP_WITH_TRANSFORMATION(#151)
SHAPE_REPRESENTATION_RELATIONSHIP()
);
#165=(
REPRESENTATION_RELATIONSHIP($,$,#13483,#13473)
REPRESENTATION_RELATIONSHIP_WITH_TRANSFORMATION(#152)
SHAPE_REPRESENTATION_RELATIONSHIP()
);
#166=(
REPRESENTATION_RELATIONSHIP($,$,#13483,#13473)
REPRESENTATION_RELATIONSHIP_WITH_TRANSFORMATION(#153)
SHAPE_REPRESENTATION_RELATIONSHIP()
);
#167=(
REPRESENTATION_RELATIONSHIP($,$,#13484,#13473)
REPRESENTATION_RELATIONSHIP_WITH_TRANSFORMATION(#154)
SHAPE_REPRESENTATION_RELATIONSHIP()
);
#168=(
REPRESENTATION_RELATIONSHIP($,$,#13484,#13473)
REPRESENTATION_RELATIONSHIP_WITH_TRANSFORMATION(#155)
SHAPE_REPRESENTATION_RELATIONSHIP()
);
#169=CONTEXT_DEPENDENT_SHAPE_REPRESENTATION(#156,#13452);
#170=CONTEXT_DEPENDENT_SHAPE_REPRESENTATION(#157,#13453);
#171=CONTEXT_DEPENDENT_SHAPE_REPRESENTATION(#158,#13458);
#172=CONTEXT_DEPENDENT_SHAPE_REPRESENTATION(#159,#13459);
#173=CONTEXT_DEPENDENT_SHAPE_REPRESENTATION(#160,#13464);
#174=CONTEXT_DEPENDENT_SHAPE_REPRESENTATION(#161,#13465);
#175=CONTEXT_DEPENDENT_SHAPE_REPRESENTATION(#162,#13466);
#176=CONTEXT_DEPENDENT_SHAPE_REPRESENTATION(#163,#13467);
#177=CONTEXT_DEPENDENT_SHAPE_REPRESENTATION(#164,#13468);
#178=CONTEXT_DEPENDENT_SHAPE_REPRESENTATION(#165,#13469);
#179=CONTEXT_DEPENDENT_SHAPE_REPRESENTATION(#166,#13470);
#180=CONTEXT_DEPENDENT_SHAPE_REPRESENTATION(#167,#13471);
#181=CONTEXT_DEPENDENT_SHAPE_REPRESENTATION(#168,#13472);
#182=NEXT_ASSEMBLY_USAGE_OCCURRENCE('Long:1','Long:1','Long:1',#13487,#13488,
'Long:1');
#183=NEXT_ASSEMBLY_USAGE_OCCURRENCE('Short:1','Short:1','Short:1',#13487,
#13489,'Short:1');
#184=NEXT_ASSEMBLY_USAGE_OCCURRENCE('SpacerAccessory (1):1',
'SpacerAccessory (1):1','SpacerAccessory (1):1',#13491,#13492,
'SpacerAccessory (1):1');
#185=NEXT_ASSEMBLY_USAGE_OCCURRENCE('SpacerAccessory (1) (1):1',
'SpacerAccessory (1) (1):1','SpacerAccessory (1) (1):1',#13491,#13493,
'SpacerAccessory (1) (1):1');
#186=NEXT_ASSEMBLY_USAGE_OCCURRENCE('SpacerFrame:1','SpacerFrame:1',
'SpacerFrame:1',#13486,#13487,'SpacerFrame:1');
#187=NEXT_ASSEMBLY_USAGE_OCCURRENCE('FrameLeft:1','FrameLeft:1',
'FrameLeft:1',#13486,#13490,'FrameLeft:1');
#188=NEXT_ASSEMBLY_USAGE_OCCURRENCE('SpacerAccessory:1',
'SpacerAccessory:1','SpacerAccessory:1',#13486,#13491,
'SpacerAccessory:1');
#189=NEXT_ASSEMBLY_USAGE_OCCURRENCE('Handle:1','Handle:1','Handle:1',#13486,
#13494,'Handle:1');
#190=NEXT_ASSEMBLY_USAGE_OCCURRENCE('FrameRight:1','FrameRight:1',
'FrameRight:1',#13486,#13495,'FrameRight:1');
#191=NEXT_ASSEMBLY_USAGE_OCCURRENCE('SHCS_M3x8 v1:1','SHCS_M3x8 v1:1',
'SHCS_M3x8 v1:1',#13486,#13496,'SHCS_M3x8 v1:1');
#192=NEXT_ASSEMBLY_USAGE_OCCURRENCE('SHCS_M3x8 v1:2','SHCS_M3x8 v1:2',
'SHCS_M3x8 v1:2',#13486,#13496,'SHCS_M3x8 v1:2');
#193=NEXT_ASSEMBLY_USAGE_OCCURRENCE('SHCS_M3x16 v1:1','SHCS_M3x16 v1:1',
'SHCS_M3x16 v1:1',#13486,#13497,'SHCS_M3x16 v1:1');
#194=NEXT_ASSEMBLY_USAGE_OCCURRENCE('SHCS_M3x16 v1:2','SHCS_M3x16 v1:2',
'SHCS_M3x16 v1:2',#13486,#13497,'SHCS_M3x16 v1:2');
#195=SHAPE_REPRESENTATION_RELATIONSHIP('SRR','None',#13475,#204);
#196=SHAPE_REPRESENTATION_RELATIONSHIP('SRR','None',#13476,#205);
#197=SHAPE_REPRESENTATION_RELATIONSHIP('SRR','None',#13477,#206);
#198=SHAPE_REPRESENTATION_RELATIONSHIP('SRR','None',#13479,#207);
#199=SHAPE_REPRESENTATION_RELATIONSHIP('SRR','None',#13480,#208);
#200=SHAPE_REPRESENTATION_RELATIONSHIP('SRR','None',#13481,#209);
#201=SHAPE_REPRESENTATION_RELATIONSHIP('SRR','None',#13482,#210);
#202=SHAPE_REPRESENTATION_RELATIONSHIP('SRR','None',#13483,#211);
#203=SHAPE_REPRESENTATION_RELATIONSHIP('SRR','None',#13484,#212);
#204=ADVANCED_BREP_SHAPE_REPRESENTATION('',(#222),#13421);
#205=ADVANCED_BREP_SHAPE_REPRESENTATION('',(#223),#13422);
#206=ADVANCED_BREP_SHAPE_REPRESENTATION('',(#224),#13423);
#207=ADVANCED_BREP_SHAPE_REPRESENTATION('',(#225),#13425);
#208=ADVANCED_BREP_SHAPE_REPRESENTATION('',(#226),#13426);
#209=ADVANCED_BREP_SHAPE_REPRESENTATION('',(#227),#13427);
#210=ADVANCED_BREP_SHAPE_REPRESENTATION('',(#228),#13428);
#211=ADVANCED_BREP_SHAPE_REPRESENTATION('',(#229),#13429);
#212=ADVANCED_BREP_SHAPE_REPRESENTATION('',(#230),#13430);
#213=STYLED_ITEM('',(#13540),#222);
#214=STYLED_ITEM('',(#13540),#223);
#215=STYLED_ITEM('',(#13540),#224);
#216=STYLED_ITEM('',(#13540),#225);
#217=STYLED_ITEM('',(#13540),#226);
#218=STYLED_ITEM('',(#13540),#227);
#219=STYLED_ITEM('',(#13540),#228);
#220=STYLED_ITEM('',(#13538),#229);
#221=STYLED_ITEM('',(#13538),#230);
#222=MANIFOLD_SOLID_BREP('Long',#7863);
#223=MANIFOLD_SOLID_BREP('Short',#7864);
#224=MANIFOLD_SOLID_BREP('FrameLeft',#7865);
#225=MANIFOLD_SOLID_BREP('SpacerAccessory',#7866);
#226=MANIFOLD_SOLID_BREP('SpacerAccessory (1)',#7867);
#227=MANIFOLD_SOLID_BREP('Handle',#7868);
#228=MANIFOLD_SOLID_BREP('FrameRight',#7869);
#229=MANIFOLD_SOLID_BREP('Body1',#7870);
#230=MANIFOLD_SOLID_BREP('Body1',#7871);
#231=FACE_BOUND('',#953,.T.);
#232=FACE_BOUND('',#955,.T.);
#233=FACE_BOUND('',#957,.T.);
#234=FACE_BOUND('',#961,.T.);
#235=FACE_BOUND('',#964,.T.);
#236=FACE_BOUND('',#965,.T.);
#237=FACE_BOUND('',#966,.T.);
#238=FACE_BOUND('',#967,.T.);
#239=FACE_BOUND('',#968,.T.);
#240=FACE_BOUND('',#969,.T.);
#241=FACE_BOUND('',#1027,.T.);
#242=FACE_BOUND('',#1028,.T.);
#243=FACE_BOUND('',#1029,.T.);
#244=FACE_BOUND('',#1030,.T.);
#245=FACE_BOUND('',#1031,.T.);
#246=FACE_BOUND('',#1032,.T.);
#247=FACE_BOUND('',#1091,.T.);
#248=FACE_BOUND('',#1092,.T.);
#249=FACE_BOUND('',#1094,.T.);
#250=FACE_BOUND('',#1095,.T.);
#251=FACE_BOUND('',#1097,.T.);
#252=FACE_BOUND('',#1098,.T.);
#253=FACE_BOUND('',#1106,.T.);
#254=FACE_BOUND('',#1107,.T.);
#255=FACE_BOUND('',#1142,.T.);
#256=FACE_BOUND('',#1143,.T.);
#257=FACE_BOUND('',#1144,.T.);
#258=FACE_BOUND('',#1151,.T.);
#259=FACE_BOUND('',#1152,.T.);
#260=FACE_BOUND('',#1153,.T.);
#261=FACE_BOUND('',#1192,.T.);
#262=FACE_BOUND('',#1193,.T.);
#263=FACE_BOUND('',#1194,.T.);
#264=FACE_BOUND('',#1195,.T.);
#265=FACE_BOUND('',#1196,.T.);
#266=FACE_BOUND('',#1197,.T.);
#267=FACE_BOUND('',#1198,.T.);
#268=FACE_BOUND('',#1199,.T.);
#269=FACE_BOUND('',#1200,.T.);
#270=FACE_BOUND('',#1270,.T.);
#271=FACE_BOUND('',#1271,.T.);
#272=FACE_BOUND('',#1272,.T.);
#273=FACE_BOUND('',#1273,.T.);
#274=FACE_BOUND('',#1274,.T.);
#275=FACE_BOUND('',#1275,.T.);
#276=FACE_BOUND('',#1276,.T.);
#277=FACE_BOUND('',#1277,.T.);
#278=FACE_BOUND('',#1383,.T.);
#279=FACE_BOUND('',#1389,.T.);
#280=FACE_BOUND('',#1418,.T.);
#281=FACE_BOUND('',#1423,.T.);
#282=FACE_BOUND('',#1433,.T.);
#283=FACE_BOUND('',#1438,.T.);
#284=PLANE('',#7981);
#285=PLANE('',#7982);
#286=PLANE('',#7984);
#287=PLANE('',#7991);
#288=PLANE('',#7998);
#289=PLANE('',#8032);
#290=PLANE('',#8035);
#291=PLANE('',#8040);
#292=PLANE('',#8041);
#293=PLANE('',#8044);
#294=PLANE('',#8049);
#295=PLANE('',#8052);
#296=PLANE('',#8055);
#297=PLANE('',#8058);
#298=PLANE('',#8061);
#299=PLANE('',#8064);
#300=PLANE('',#8067);
#301=PLANE('',#8070);
#302=PLANE('',#8073);
#303=PLANE('',#8076);
#304=PLANE('',#8079);
#305=PLANE('',#8082);
#306=PLANE('',#8085);
#307=PLANE('',#8086);
#308=PLANE('',#8089);
#309=PLANE('',#8092);
#310=PLANE('',#8095);
#311=PLANE('',#8098);
#312=PLANE('',#8101);
#313=PLANE('',#8106);
#314=PLANE('',#8129);
#315=PLANE('',#8132);
#316=PLANE('',#8135);
#317=PLANE('',#8137);
#318=PLANE('',#8139);
#319=PLANE('',#8141);
#320=PLANE('',#8143);
#321=PLANE('',#8145);
#322=PLANE('',#8147);
#323=PLANE('',#8150);
#324=PLANE('',#8153);
#325=PLANE('',#8156);
#326=PLANE('',#8160);
#327=PLANE('',#8162);
#328=PLANE('',#8164);
#329=PLANE('',#8167);
#330=PLANE('',#8170);
#331=PLANE('',#8172);
#332=PLANE('',#8173);
#333=PLANE('',#8176);
#334=PLANE('',#8178);
#335=PLANE('',#8180);
#336=PLANE('',#8182);
#337=PLANE('',#8184);
#338=PLANE('',#8187);
#339=PLANE('',#8197);
#340=PLANE('',#8201);
#341=PLANE('',#8202);
#342=PLANE('',#8204);
#343=PLANE('',#8209);
#344=PLANE('',#8212);
#345=PLANE('',#8219);
#346=PLANE('',#8237);
#347=PLANE('',#8240);
#348=PLANE('',#8255);
#349=PLANE('',#8262);
#350=PLANE('',#8269);
#351=PLANE('',#8276);
#352=PLANE('',#8283);
#353=PLANE('',#8286);
#354=PLANE('',#8291);
#355=PLANE('',#8294);
#356=PLANE('',#8308);
#357=PLANE('',#8320);
#358=PLANE('',#8323);
#359=PLANE('',#8327);
#360=PLANE('',#8332);
#361=PLANE('',#8338);
#362=PLANE('',#8340);
#363=PLANE('',#8342);
#364=PLANE('',#8344);
#365=PLANE('',#8345);
#366=PLANE('',#8348);
#367=PLANE('',#8349);
#368=PLANE('',#8353);
#369=PLANE('',#8357);
#370=PLANE('',#8361);
#371=PLANE('',#8362);
#372=PLANE('',#8368);
#373=PLANE('',#8369);
#374=PLANE('',#8370);
#375=PLANE('',#8371);
#376=PLANE('',#8398);
#377=PLANE('',#8399);
#378=PLANE('',#8400);
#379=PLANE('',#8401);
#380=PLANE('',#8402);
#381=PLANE('',#8403);
#382=PLANE('',#8407);
#383=PLANE('',#8411);
#384=PLANE('',#8415);
#385=PLANE('',#8419);
#386=PLANE('',#8420);
#387=PLANE('',#8421);
#388=PLANE('',#8422);
#389=PLANE('',#8423);
#390=PLANE('',#8424);
#391=PLANE('',#8425);
#392=PLANE('',#8429);
#393=PLANE('',#8433);
#394=PLANE('',#8437);
#395=PLANE('',#8441);
#396=PLANE('',#8442);
#397=PLANE('',#8443);
#398=PLANE('',#8444);
#399=PLANE('',#8445);
#400=PLANE('',#8446);
#401=PLANE('',#8447);
#402=PLANE('',#8451);
#403=PLANE('',#8455);
#404=PLANE('',#8459);
#405=PLANE('',#8463);
#406=PLANE('',#8464);
#407=PLANE('',#8465);
#408=PLANE('',#8466);
#409=PLANE('',#8467);
#410=PLANE('',#8468);
#411=PLANE('',#8469);
#412=PLANE('',#8473);
#413=PLANE('',#8477);
#414=PLANE('',#8481);
#415=PLANE('',#8485);
#416=PLANE('',#8486);
#417=PLANE('',#8487);
#418=PLANE('',#8488);
#419=PLANE('',#8489);
#420=PLANE('',#8495);
#421=PLANE('',#8499);
#422=PLANE('',#8500);
#423=PLANE('',#8503);
#424=PLANE('',#8528);
#425=PLANE('',#8531);
#426=PLANE('',#8532);
#427=PLANE('',#8537);
#428=PLANE('',#8540);
#429=PLANE('',#8543);
#430=PLANE('',#8546);
#431=PLANE('',#8549);
#432=PLANE('',#8552);
#433=PLANE('',#8555);
#434=PLANE('',#8558);
#435=PLANE('',#8561);
#436=PLANE('',#8564);
#437=PLANE('',#8567);
#438=PLANE('',#8570);
#439=PLANE('',#8571);
#440=PLANE('',#8574);
#441=PLANE('',#8577);
#442=PLANE('',#8580);
#443=PLANE('',#8583);
#444=PLANE('',#8586);
#445=PLANE('',#8589);
#446=PLANE('',#8592);
#447=PLANE('',#8597);
#448=PLANE('',#8598);
#449=PLANE('',#8601);
#450=PLANE('',#8606);
#451=PLANE('',#8623);
#452=PLANE('',#8626);
#453=PLANE('',#8631);
#454=PLANE('',#8632);
#455=PLANE('',#8635);
#456=PLANE('',#8640);
#457=PLANE('',#8641);
#458=PLANE('',#8644);
#459=PLANE('',#8647);
#460=PLANE('',#8650);
#461=PLANE('',#8653);
#462=PLANE('',#8656);
#463=PLANE('',#8659);
#464=PLANE('',#8661);
#465=PLANE('',#8663);
#466=PLANE('',#8665);
#467=PLANE('',#8667);
#468=PLANE('',#8669);
#469=PLANE('',#8677);
#470=PLANE('',#8678);
#471=PLANE('',#8680);
#472=PLANE('',#8684);
#473=PLANE('',#8685);
#474=PLANE('',#8687);
#475=PLANE('',#8691);
#476=PLANE('',#8693);
#477=PLANE('',#8696);
#478=PLANE('',#8699);
#479=PLANE('',#8700);
#480=PLANE('',#8701);
#481=PLANE('',#8704);
#482=PLANE('',#8706);
#483=PLANE('',#8708);
#484=PLANE('',#8710);
#485=PLANE('',#8713);
#486=PLANE('',#8714);
#487=PLANE('',#8719);
#488=PLANE('',#8725);
#489=PLANE('',#8726);
#490=PLANE('',#8727);
#491=PLANE('',#8728);
#492=PLANE('',#8729);
#493=PLANE('',#8730);
#494=PLANE('',#8731);
#495=PLANE('',#8732);
#496=PLANE('',#8733);
#497=PLANE('',#8738);
#498=PLANE('',#8744);
#499=PLANE('',#8745);
#500=PLANE('',#8746);
#501=PLANE('',#8747);
#502=PLANE('',#8748);
#503=PLANE('',#8749);
#504=PLANE('',#8750);
#505=PLANE('',#8751);
#506=PLANE('',#8752);
#507=FACE_OUTER_BOUND('',#950,.T.);
#508=FACE_OUTER_BOUND('',#951,.T.);
#509=FACE_OUTER_BOUND('',#952,.T.);
#510=FACE_OUTER_BOUND('',#954,.T.);
#511=FACE_OUTER_BOUND('',#956,.T.);
#512=FACE_OUTER_BOUND('',#958,.T.);
#513=FACE_OUTER_BOUND('',#959,.T.);
#514=FACE_OUTER_BOUND('',#960,.T.);
#515=FACE_OUTER_BOUND('',#962,.T.);
#516=FACE_OUTER_BOUND('',#963,.T.);
#517=FACE_OUTER_BOUND('',#970,.T.);
#518=FACE_OUTER_BOUND('',#971,.T.);
#519=FACE_OUTER_BOUND('',#972,.T.);
#520=FACE_OUTER_BOUND('',#973,.T.);
#521=FACE_OUTER_BOUND('',#974,.T.);
#522=FACE_OUTER_BOUND('',#975,.T.);
#523=FACE_OUTER_BOUND('',#976,.T.);
#524=FACE_OUTER_BOUND('',#977,.T.);
#525=FACE_OUTER_BOUND('',#978,.T.);
#526=FACE_OUTER_BOUND('',#979,.T.);
#527=FACE_OUTER_BOUND('',#980,.T.);
#528=FACE_OUTER_BOUND('',#981,.T.);
#529=FACE_OUTER_BOUND('',#982,.T.);
#530=FACE_OUTER_BOUND('',#983,.T.);
#531=FACE_OUTER_BOUND('',#984,.T.);
#532=FACE_OUTER_BOUND('',#985,.T.);
#533=FACE_OUTER_BOUND('',#986,.T.);
#534=FACE_OUTER_BOUND('',#987,.T.);
#535=FACE_OUTER_BOUND('',#988,.T.);
#536=FACE_OUTER_BOUND('',#989,.T.);
#537=FACE_OUTER_BOUND('',#990,.T.);
#538=FACE_OUTER_BOUND('',#991,.T.);
#539=FACE_OUTER_BOUND('',#992,.T.);
#540=FACE_OUTER_BOUND('',#993,.T.);
#541=FACE_OUTER_BOUND('',#994,.T.);
#542=FACE_OUTER_BOUND('',#995,.T.);
#543=FACE_OUTER_BOUND('',#996,.T.);
#544=FACE_OUTER_BOUND('',#997,.T.);
#545=FACE_OUTER_BOUND('',#998,.T.);
#546=FACE_OUTER_BOUND('',#999,.T.);
#547=FACE_OUTER_BOUND('',#1000,.T.);
#548=FACE_OUTER_BOUND('',#1001,.T.);
#549=FACE_OUTER_BOUND('',#1002,.T.);
#550=FACE_OUTER_BOUND('',#1003,.T.);
#551=FACE_OUTER_BOUND('',#1004,.T.);
#552=FACE_OUTER_BOUND('',#1005,.T.);
#553=FACE_OUTER_BOUND('',#1006,.T.);
#554=FACE_OUTER_BOUND('',#1007,.T.);
#555=FACE_OUTER_BOUND('',#1008,.T.);
#556=FACE_OUTER_BOUND('',#1009,.T.);
#557=FACE_OUTER_BOUND('',#1010,.T.);
#558=FACE_OUTER_BOUND('',#1011,.T.);
#559=FACE_OUTER_BOUND('',#1012,.T.);
#560=FACE_OUTER_BOUND('',#1013,.T.);
#561=FACE_OUTER_BOUND('',#1014,.T.);
#562=FACE_OUTER_BOUND('',#1015,.T.);
#563=FACE_OUTER_BOUND('',#1016,.T.);
#564=FACE_OUTER_BOUND('',#1017,.T.);
#565=FACE_OUTER_BOUND('',#1018,.T.);
#566=FACE_OUTER_BOUND('',#1019,.T.);
#567=FACE_OUTER_BOUND('',#1020,.T.);
#568=FACE_OUTER_BOUND('',#1021,.T.);
#569=FACE_OUTER_BOUND('',#1022,.T.);
#570=FACE_OUTER_BOUND('',#1023,.T.);
#571=FACE_OUTER_BOUND('',#1024,.T.);
#572=FACE_OUTER_BOUND('',#1025,.T.);
#573=FACE_OUTER_BOUND('',#1026,.T.);
#574=FACE_OUTER_BOUND('',#1033,.T.);
#575=FACE_OUTER_BOUND('',#1034,.T.);
#576=FACE_OUTER_BOUND('',#1035,.T.);
#577=FACE_OUTER_BOUND('',#1036,.T.);
#578=FACE_OUTER_BOUND('',#1037,.T.);
#579=FACE_OUTER_BOUND('',#1038,.T.);
#580=FACE_OUTER_BOUND('',#1039,.T.);
#581=FACE_OUTER_BOUND('',#1040,.T.);
#582=FACE_OUTER_BOUND('',#1041,.T.);
#583=FACE_OUTER_BOUND('',#1042,.T.);
#584=FACE_OUTER_BOUND('',#1043,.T.);
#585=FACE_OUTER_BOUND('',#1044,.T.);
#586=FACE_OUTER_BOUND('',#1045,.T.);
#587=FACE_OUTER_BOUND('',#1046,.T.);
#588=FACE_OUTER_BOUND('',#1047,.T.);
#589=FACE_OUTER_BOUND('',#1048,.T.);
#590=FACE_OUTER_BOUND('',#1049,.T.);
#591=FACE_OUTER_BOUND('',#1050,.T.);
#592=FACE_OUTER_BOUND('',#1051,.T.);
#593=FACE_OUTER_BOUND('',#1052,.T.);
#594=FACE_OUTER_BOUND('',#1053,.T.);
#595=FACE_OUTER_BOUND('',#1054,.T.);
#596=FACE_OUTER_BOUND('',#1055,.T.);
#597=FACE_OUTER_BOUND('',#1056,.T.);
#598=FACE_OUTER_BOUND('',#1057,.T.);
#599=FACE_OUTER_BOUND('',#1058,.T.);
#600=FACE_OUTER_BOUND('',#1059,.T.);
#601=FACE_OUTER_BOUND('',#1060,.T.);
#602=FACE_OUTER_BOUND('',#1061,.T.);
#603=FACE_OUTER_BOUND('',#1062,.T.);
#604=FACE_OUTER_BOUND('',#1063,.T.);
#605=FACE_OUTER_BOUND('',#1064,.T.);
#606=FACE_OUTER_BOUND('',#1065,.T.);
#607=FACE_OUTER_BOUND('',#1066,.T.);
#608=FACE_OUTER_BOUND('',#1067,.T.);
#609=FACE_OUTER_BOUND('',#1068,.T.);
#610=FACE_OUTER_BOUND('',#1069,.T.);
#611=FACE_OUTER_BOUND('',#1070,.T.);
#612=FACE_OUTER_BOUND('',#1071,.T.);
#613=FACE_OUTER_BOUND('',#1072,.T.);
#614=FACE_OUTER_BOUND('',#1073,.T.);
#615=FACE_OUTER_BOUND('',#1074,.T.);
#616=FACE_OUTER_BOUND('',#1075,.T.);
#617=FACE_OUTER_BOUND('',#1076,.T.);
#618=FACE_OUTER_BOUND('',#1077,.T.);
#619=FACE_OUTER_BOUND('',#1078,.T.);
#620=FACE_OUTER_BOUND('',#1079,.T.);
#621=FACE_OUTER_BOUND('',#1080,.T.);
#622=FACE_OUTER_BOUND('',#1081,.T.);
#623=FACE_OUTER_BOUND('',#1082,.T.);
#624=FACE_OUTER_BOUND('',#1083,.T.);
#625=FACE_OUTER_BOUND('',#1084,.T.);
#626=FACE_OUTER_BOUND('',#1085,.T.);
#627=FACE_OUTER_BOUND('',#1086,.T.);
#628=FACE_OUTER_BOUND('',#1087,.T.);
#629=FACE_OUTER_BOUND('',#1088,.T.);
#630=FACE_OUTER_BOUND('',#1089,.T.);
#631=FACE_OUTER_BOUND('',#1090,.T.);
#632=FACE_OUTER_BOUND('',#1093,.T.);
#633=FACE_OUTER_BOUND('',#1096,.T.);
#634=FACE_OUTER_BOUND('',#1099,.T.);
#635=FACE_OUTER_BOUND('',#1100,.T.);
#636=FACE_OUTER_BOUND('',#1101,.T.);
#637=FACE_OUTER_BOUND('',#1102,.T.);
#638=FACE_OUTER_BOUND('',#1103,.T.);
#639=FACE_OUTER_BOUND('',#1104,.T.);
#640=FACE_OUTER_BOUND('',#1105,.T.);
#641=FACE_OUTER_BOUND('',#1108,.T.);
#642=FACE_OUTER_BOUND('',#1109,.T.);
#643=FACE_OUTER_BOUND('',#1110,.T.);
#644=FACE_OUTER_BOUND('',#1111,.T.);
#645=FACE_OUTER_BOUND('',#1112,.T.);
#646=FACE_OUTER_BOUND('',#1113,.T.);
#647=FACE_OUTER_BOUND('',#1114,.T.);
#648=FACE_OUTER_BOUND('',#1115,.T.);
#649=FACE_OUTER_BOUND('',#1116,.T.);
#650=FACE_OUTER_BOUND('',#1117,.T.);
#651=FACE_OUTER_BOUND('',#1118,.T.);
#652=FACE_OUTER_BOUND('',#1119,.T.);
#653=FACE_OUTER_BOUND('',#1120,.T.);
#654=FACE_OUTER_BOUND('',#1121,.T.);
#655=FACE_OUTER_BOUND('',#1122,.T.);
#656=FACE_OUTER_BOUND('',#1123,.T.);
#657=FACE_OUTER_BOUND('',#1124,.T.);
#658=FACE_OUTER_BOUND('',#1125,.T.);
#659=FACE_OUTER_BOUND('',#1126,.T.);
#660=FACE_OUTER_BOUND('',#1127,.T.);
#661=FACE_OUTER_BOUND('',#1128,.T.);
#662=FACE_OUTER_BOUND('',#1129,.T.);
#663=FACE_OUTER_BOUND('',#1130,.T.);
#664=FACE_OUTER_BOUND('',#1131,.T.);
#665=FACE_OUTER_BOUND('',#1132,.T.);
#666=FACE_OUTER_BOUND('',#1133,.T.);
#667=FACE_OUTER_BOUND('',#1134,.T.);
#668=FACE_OUTER_BOUND('',#1135,.T.);
#669=FACE_OUTER_BOUND('',#1136,.T.);
#670=FACE_OUTER_BOUND('',#1137,.T.);
#671=FACE_OUTER_BOUND('',#1138,.T.);
#672=FACE_OUTER_BOUND('',#1139,.T.);
#673=FACE_OUTER_BOUND('',#1140,.T.);
#674=FACE_OUTER_BOUND('',#1141,.T.);
#675=FACE_OUTER_BOUND('',#1145,.T.);
#676=FACE_OUTER_BOUND('',#1146,.T.);
#677=FACE_OUTER_BOUND('',#1147,.T.);
#678=FACE_OUTER_BOUND('',#1148,.T.);
#679=FACE_OUTER_BOUND('',#1149,.T.);
#680=FACE_OUTER_BOUND('',#1150,.T.);
#681=FACE_OUTER_BOUND('',#1154,.T.);
#682=FACE_OUTER_BOUND('',#1155,.T.);
#683=FACE_OUTER_BOUND('',#1156,.T.);
#684=FACE_OUTER_BOUND('',#1157,.T.);
#685=FACE_OUTER_BOUND('',#1158,.T.);
#686=FACE_OUTER_BOUND('',#1159,.T.);
#687=FACE_OUTER_BOUND('',#1160,.T.);
#688=FACE_OUTER_BOUND('',#1161,.T.);
#689=FACE_OUTER_BOUND('',#1162,.T.);
#690=FACE_OUTER_BOUND('',#1163,.T.);
#691=FACE_OUTER_BOUND('',#1164,.T.);
#692=FACE_OUTER_BOUND('',#1165,.T.);
#693=FACE_OUTER_BOUND('',#1166,.T.);
#694=FACE_OUTER_BOUND('',#1167,.T.);
#695=FACE_OUTER_BOUND('',#1168,.T.);
#696=FACE_OUTER_BOUND('',#1169,.T.);
#697=FACE_OUTER_BOUND('',#1170,.T.);
#698=FACE_OUTER_BOUND('',#1171,.T.);
#699=FACE_OUTER_BOUND('',#1172,.T.);
#700=FACE_OUTER_BOUND('',#1173,.T.);
#701=FACE_OUTER_BOUND('',#1174,.T.);
#702=FACE_OUTER_BOUND('',#1175,.T.);
#703=FACE_OUTER_BOUND('',#1176,.T.);
#704=FACE_OUTER_BOUND('',#1177,.T.);
#705=FACE_OUTER_BOUND('',#1178,.T.);
#706=FACE_OUTER_BOUND('',#1179,.T.);
#707=FACE_OUTER_BOUND('',#1180,.T.);
#708=FACE_OUTER_BOUND('',#1181,.T.);
#709=FACE_OUTER_BOUND('',#1182,.T.);
#710=FACE_OUTER_BOUND('',#1183,.T.);
#711=FACE_OUTER_BOUND('',#1184,.T.);
#712=FACE_OUTER_BOUND('',#1185,.T.);
#713=FACE_OUTER_BOUND('',#1186,.T.);
#714=FACE_OUTER_BOUND('',#1187,.T.);
#715=FACE_OUTER_BOUND('',#1188,.T.);
#716=FACE_OUTER_BOUND('',#1189,.T.);
#717=FACE_OUTER_BOUND('',#1190,.T.);
#718=FACE_OUTER_BOUND('',#1191,.T.);
#719=FACE_OUTER_BOUND('',#1201,.T.);
#720=FACE_OUTER_BOUND('',#1202,.T.);
#721=FACE_OUTER_BOUND('',#1203,.T.);
#722=FACE_OUTER_BOUND('',#1204,.T.);
#723=FACE_OUTER_BOUND('',#1205,.T.);
#724=FACE_OUTER_BOUND('',#1206,.T.);
#725=FACE_OUTER_BOUND('',#1207,.T.);
#726=FACE_OUTER_BOUND('',#1208,.T.);
#727=FACE_OUTER_BOUND('',#1209,.T.);
#728=FACE_OUTER_BOUND('',#1210,.T.);
#729=FACE_OUTER_BOUND('',#1211,.T.);
#730=FACE_OUTER_BOUND('',#1212,.T.);
#731=FACE_OUTER_BOUND('',#1213,.T.);
#732=FACE_OUTER_BOUND('',#1214,.T.);
#733=FACE_OUTER_BOUND('',#1215,.T.);
#734=FACE_OUTER_BOUND('',#1216,.T.);
#735=FACE_OUTER_BOUND('',#1217,.T.);
#736=FACE_OUTER_BOUND('',#1218,.T.);
#737=FACE_OUTER_BOUND('',#1219,.T.);
#738=FACE_OUTER_BOUND('',#1220,.T.);
#739=FACE_OUTER_BOUND('',#1221,.T.);
#740=FACE_OUTER_BOUND('',#1222,.T.);
#741=FACE_OUTER_BOUND('',#1223,.T.);
#742=FACE_OUTER_BOUND('',#1224,.T.);
#743=FACE_OUTER_BOUND('',#1225,.T.);
#744=FACE_OUTER_BOUND('',#1226,.T.);
#745=FACE_OUTER_BOUND('',#1227,.T.);
#746=FACE_OUTER_BOUND('',#1228,.T.);
#747=FACE_OUTER_BOUND('',#1229,.T.);
#748=FACE_OUTER_BOUND('',#1230,.T.);
#749=FACE_OUTER_BOUND('',#1231,.T.);
#750=FACE_OUTER_BOUND('',#1232,.T.);
#751=FACE_OUTER_BOUND('',#1233,.T.);
#752=FACE_OUTER_BOUND('',#1234,.T.);
#753=FACE_OUTER_BOUND('',#1235,.T.);
#754=FACE_OUTER_BOUND('',#1236,.T.);
#755=FACE_OUTER_BOUND('',#1237,.T.);
#756=FACE_OUTER_BOUND('',#1238,.T.);
#757=FACE_OUTER_BOUND('',#1239,.T.);
#758=FACE_OUTER_BOUND('',#1240,.T.);
#759=FACE_OUTER_BOUND('',#1241,.T.);
#760=FACE_OUTER_BOUND('',#1242,.T.);
#761=FACE_OUTER_BOUND('',#1243,.T.);
#762=FACE_OUTER_BOUND('',#1244,.T.);
#763=FACE_OUTER_BOUND('',#1245,.T.);
#764=FACE_OUTER_BOUND('',#1246,.T.);
#765=FACE_OUTER_BOUND('',#1247,.T.);
#766=FACE_OUTER_BOUND('',#1248,.T.);
#767=FACE_OUTER_BOUND('',#1249,.T.);
#768=FACE_OUTER_BOUND('',#1250,.T.);
#769=FACE_OUTER_BOUND('',#1251,.T.);
#770=FACE_OUTER_BOUND('',#1252,.T.);
#771=FACE_OUTER_BOUND('',#1253,.T.);
#772=FACE_OUTER_BOUND('',#1254,.T.);
#773=FACE_OUTER_BOUND('',#1255,.T.);
#774=FACE_OUTER_BOUND('',#1256,.T.);
#775=FACE_OUTER_BOUND('',#1257,.T.);
#776=FACE_OUTER_BOUND('',#1258,.T.);
#777=FACE_OUTER_BOUND('',#1259,.T.);
#778=FACE_OUTER_BOUND('',#1260,.T.);
#779=FACE_OUTER_BOUND('',#1261,.T.);
#780=FACE_OUTER_BOUND('',#1262,.T.);
#781=FACE_OUTER_BOUND('',#1263,.T.);
#782=FACE_OUTER_BOUND('',#1264,.T.);
#783=FACE_OUTER_BOUND('',#1265,.T.);
#784=FACE_OUTER_BOUND('',#1266,.T.);
#785=FACE_OUTER_BOUND('',#1267,.T.);
#786=FACE_OUTER_BOUND('',#1268,.T.);
#787=FACE_OUTER_BOUND('',#1269,.T.);
#788=FACE_OUTER_BOUND('',#1278,.T.);
#789=FACE_OUTER_BOUND('',#1279,.T.);
#790=FACE_OUTER_BOUND('',#1280,.T.);
#791=FACE_OUTER_BOUND('',#1281,.T.);
#792=FACE_OUTER_BOUND('',#1282,.T.);
#793=FACE_OUTER_BOUND('',#1283,.T.);
#794=FACE_OUTER_BOUND('',#1284,.T.);
#795=FACE_OUTER_BOUND('',#1285,.T.);
#796=FACE_OUTER_BOUND('',#1286,.T.);
#797=FACE_OUTER_BOUND('',#1287,.T.);
#798=FACE_OUTER_BOUND('',#1288,.T.);
#799=FACE_OUTER_BOUND('',#1289,.T.);
#800=FACE_OUTER_BOUND('',#1290,.T.);
#801=FACE_OUTER_BOUND('',#1291,.T.);
#802=FACE_OUTER_BOUND('',#1292,.T.);
#803=FACE_OUTER_BOUND('',#1293,.T.);
#804=FACE_OUTER_BOUND('',#1294,.T.);
#805=FACE_OUTER_BOUND('',#1295,.T.);
#806=FACE_OUTER_BOUND('',#1296,.T.);
#807=FACE_OUTER_BOUND('',#1297,.T.);
#808=FACE_OUTER_BOUND('',#1298,.T.);
#809=FACE_OUTER_BOUND('',#1299,.T.);
#810=FACE_OUTER_BOUND('',#1300,.T.);
#811=FACE_OUTER_BOUND('',#1301,.T.);
#812=FACE_OUTER_BOUND('',#1302,.T.);
#813=FACE_OUTER_BOUND('',#1303,.T.);
#814=FACE_OUTER_BOUND('',#1304,.T.);
#815=FACE_OUTER_BOUND('',#1305,.T.);
#816=FACE_OUTER_BOUND('',#1306,.T.);
#817=FACE_OUTER_BOUND('',#1307,.T.);
#818=FACE_OUTER_BOUND('',#1308,.T.);
#819=FACE_OUTER_BOUND('',#1309,.T.);
#820=FACE_OUTER_BOUND('',#1310,.T.);
#821=FACE_OUTER_BOUND('',#1311,.T.);
#822=FACE_OUTER_BOUND('',#1312,.T.);
#823=FACE_OUTER_BOUND('',#1313,.T.);
#824=FACE_OUTER_BOUND('',#1314,.T.);
#825=FACE_OUTER_BOUND('',#1315,.T.);
#826=FACE_OUTER_BOUND('',#1316,.T.);
#827=FACE_OUTER_BOUND('',#1317,.T.);
#828=FACE_OUTER_BOUND('',#1318,.T.);
#829=FACE_OUTER_BOUND('',#1319,.T.);
#830=FACE_OUTER_BOUND('',#1320,.T.);
#831=FACE_OUTER_BOUND('',#1321,.T.);
#832=FACE_OUTER_BOUND('',#1322,.T.);
#833=FACE_OUTER_BOUND('',#1323,.T.);
#834=FACE_OUTER_BOUND('',#1324,.T.);
#835=FACE_OUTER_BOUND('',#1325,.T.);
#836=FACE_OUTER_BOUND('',#1326,.T.);
#837=FACE_OUTER_BOUND('',#1327,.T.);
#838=FACE_OUTER_BOUND('',#1328,.T.);
#839=FACE_OUTER_BOUND('',#1329,.T.);
#840=FACE_OUTER_BOUND('',#1330,.T.);
#841=FACE_OUTER_BOUND('',#1331,.T.);
#842=FACE_OUTER_BOUND('',#1332,.T.);
#843=FACE_OUTER_BOUND('',#1333,.T.);
#844=FACE_OUTER_BOUND('',#1334,.T.);
#845=FACE_OUTER_BOUND('',#1335,.T.);
#846=FACE_OUTER_BOUND('',#1336,.T.);
#847=FACE_OUTER_BOUND('',#1337,.T.);
#848=FACE_OUTER_BOUND('',#1338,.T.);
#849=FACE_OUTER_BOUND('',#1339,.T.);
#850=FACE_OUTER_BOUND('',#1340,.T.);
#851=FACE_OUTER_BOUND('',#1341,.T.);
#852=FACE_OUTER_BOUND('',#1342,.T.);
#853=FACE_OUTER_BOUND('',#1343,.T.);
#854=FACE_OUTER_BOUND('',#1344,.T.);
#855=FACE_OUTER_BOUND('',#1345,.T.);
#856=FACE_OUTER_BOUND('',#1346,.T.);
#857=FACE_OUTER_BOUND('',#1347,.T.);
#858=FACE_OUTER_BOUND('',#1348,.T.);
#859=FACE_OUTER_BOUND('',#1349,.T.);
#860=FACE_OUTER_BOUND('',#1350,.T.);
#861=FACE_OUTER_BOUND('',#1351,.T.);
#862=FACE_OUTER_BOUND('',#1352,.T.);
#863=FACE_OUTER_BOUND('',#1353,.T.);
#864=FACE_OUTER_BOUND('',#1354,.T.);
#865=FACE_OUTER_BOUND('',#1355,.T.);
#866=FACE_OUTER_BOUND('',#1356,.T.);
#867=FACE_OUTER_BOUND('',#1357,.T.);
#868=FACE_OUTER_BOUND('',#1358,.T.);
#869=FACE_OUTER_BOUND('',#1359,.T.);
#870=FACE_OUTER_BOUND('',#1360,.T.);
#871=FACE_OUTER_BOUND('',#1361,.T.);
#872=FACE_OUTER_BOUND('',#1362,.T.);
#873=FACE_OUTER_BOUND('',#1363,.T.);
#874=FACE_OUTER_BOUND('',#1364,.T.);
#875=FACE_OUTER_BOUND('',#1365,.T.);
#876=FACE_OUTER_BOUND('',#1366,.T.);
#877=FACE_OUTER_BOUND('',#1367,.T.);
#878=FACE_OUTER_BOUND('',#1368,.T.);
#879=FACE_OUTER_BOUND('',#1369,.T.);
#880=FACE_OUTER_BOUND('',#1370,.T.);
#881=FACE_OUTER_BOUND('',#1371,.T.);
#882=FACE_OUTER_BOUND('',#1372,.T.);
#883=FACE_OUTER_BOUND('',#1373,.T.);
#884=FACE_OUTER_BOUND('',#1374,.T.);
#885=FACE_OUTER_BOUND('',#1375,.T.);
#886=FACE_OUTER_BOUND('',#1376,.T.);
#887=FACE_OUTER_BOUND('',#1377,.T.);
#888=FACE_OUTER_BOUND('',#1378,.T.);
#889=FACE_OUTER_BOUND('',#1379,.T.);
#890=FACE_OUTER_BOUND('',#1380,.T.);
#891=FACE_OUTER_BOUND('',#1381,.T.);
#892=FACE_OUTER_BOUND('',#1382,.T.);
#893=FACE_OUTER_BOUND('',#1384,.T.);
#894=FACE_OUTER_BOUND('',#1385,.T.);
#895=FACE_OUTER_BOUND('',#1386,.T.);
#896=FACE_OUTER_BOUND('',#1387,.T.);
#897=FACE_OUTER_BOUND('',#1388,.T.);
#898=FACE_OUTER_BOUND('',#1390,.T.);
#899=FACE_OUTER_BOUND('',#1391,.T.);
#900=FACE_OUTER_BOUND('',#1392,.T.);
#901=FACE_OUTER_BOUND('',#1393,.T.);
#902=FACE_OUTER_BOUND('',#1394,.T.);
#903=FACE_OUTER_BOUND('',#1395,.T.);
#904=FACE_OUTER_BOUND('',#1396,.T.);
#905=FACE_OUTER_BOUND('',#1397,.T.);
#906=FACE_OUTER_BOUND('',#1398,.T.);
#907=FACE_OUTER_BOUND('',#1399,.T.);
#908=FACE_OUTER_BOUND('',#1400,.T.);
#909=FACE_OUTER_BOUND('',#1401,.T.);
#910=FACE_OUTER_BOUND('',#1402,.T.);
#911=FACE_OUTER_BOUND('',#1403,.T.);
#912=FACE_OUTER_BOUND('',#1404,.T.);
#913=FACE_OUTER_BOUND('',#1405,.T.);
#914=FACE_OUTER_BOUND('',#1406,.T.);
#915=FACE_OUTER_BOUND('',#1407,.T.);
#916=FACE_OUTER_BOUND('',#1408,.T.);
#917=FACE_OUTER_BOUND('',#1409,.T.);
#918=FACE_OUTER_BOUND('',#1410,.T.);
#919=FACE_OUTER_BOUND('',#1411,.T.);
#920=FACE_OUTER_BOUND('',#1412,.T.);
#921=FACE_OUTER_BOUND('',#1413,.T.);
#922=FACE_OUTER_BOUND('',#1414,.T.);
#923=FACE_OUTER_BOUND('',#1415,.T.);
#924=FACE_OUTER_BOUND('',#1416,.T.);
#925=FACE_OUTER_BOUND('',#1417,.T.);
#926=FACE_OUTER_BOUND('',#1419,.T.);
#927=FACE_OUTER_BOUND('',#1420,.T.);
#928=FACE_OUTER_BOUND('',#1421,.T.);
#929=FACE_OUTER_BOUND('',#1422,.T.);
#930=FACE_OUTER_BOUND('',#1424,.T.);
#931=FACE_OUTER_BOUND('',#1425,.T.);
#932=FACE_OUTER_BOUND('',#1426,.T.);
#933=FACE_OUTER_BOUND('',#1427,.T.);
#934=FACE_OUTER_BOUND('',#1428,.T.);
#935=FACE_OUTER_BOUND('',#1429,.T.);
#936=FACE_OUTER_BOUND('',#1430,.T.);
#937=FACE_OUTER_BOUND('',#1431,.T.);
#938=FACE_OUTER_BOUND('',#1432,.T.);
#939=FACE_OUTER_BOUND('',#1434,.T.);
#940=FACE_OUTER_BOUND('',#1435,.T.);
#941=FACE_OUTER_BOUND('',#1436,.T.);
#942=FACE_OUTER_BOUND('',#1437,.T.);
#943=FACE_OUTER_BOUND('',#1439,.T.);
#944=FACE_OUTER_BOUND('',#1440,.T.);
#945=FACE_OUTER_BOUND('',#1441,.T.);
#946=FACE_OUTER_BOUND('',#1442,.T.);
#947=FACE_OUTER_BOUND('',#1443,.T.);
#948=FACE_OUTER_BOUND('',#1444,.T.);
#949=FACE_OUTER_BOUND('',#1445,.T.);
#950=EDGE_LOOP('',(#5098,#5099,#5100,#5101));
#951=EDGE_LOOP('',(#5102,#5103,#5104,#5105));
#952=EDGE_LOOP('',(#5106));
#953=EDGE_LOOP('',(#5107));
#954=EDGE_LOOP('',(#5108));
#955=EDGE_LOOP('',(#5109));
#956=EDGE_LOOP('',(#5110));
#957=EDGE_LOOP('',(#5111));
#958=EDGE_LOOP('',(#5112,#5113,#5114,#5115));
#959=EDGE_LOOP('',(#5116,#5117,#5118,#5119));
#960=EDGE_LOOP('',(#5120));
#961=EDGE_LOOP('',(#5121));
#962=EDGE_LOOP('',(#5122,#5123,#5124,#5125));
#963=EDGE_LOOP('',(#5126,#5127,#5128,#5129,#5130,#5131,#5132,#5133,#5134,
#5135,#5136,#5137,#5138,#5139,#5140,#5141,#5142,#5143,#5144,#5145,#5146,
#5147,#5148,#5149));
#964=EDGE_LOOP('',(#5150));
#965=EDGE_LOOP('',(#5151));
#966=EDGE_LOOP('',(#5152,#5153,#5154,#5155));
#967=EDGE_LOOP('',(#5156,#5157,#5158,#5159));
#968=EDGE_LOOP('',(#5160));
#969=EDGE_LOOP('',(#5161));
#970=EDGE_LOOP('',(#5162,#5163,#5164,#5165));
#971=EDGE_LOOP('',(#5166,#5167,#5168,#5169));
#972=EDGE_LOOP('',(#5170,#5171,#5172,#5173));
#973=EDGE_LOOP('',(#5174,#5175,#5176,#5177));
#974=EDGE_LOOP('',(#5178,#5179,#5180,#5181));
#975=EDGE_LOOP('',(#5182,#5183,#5184,#5185));
#976=EDGE_LOOP('',(#5186,#5187,#5188,#5189));
#977=EDGE_LOOP('',(#5190,#5191,#5192,#5193));
#978=EDGE_LOOP('',(#5194,#5195,#5196,#5197));
#979=EDGE_LOOP('',(#5198,#5199,#5200,#5201));
#980=EDGE_LOOP('',(#5202,#5203,#5204,#5205));
#981=EDGE_LOOP('',(#5206,#5207,#5208,#5209));
#982=EDGE_LOOP('',(#5210,#5211,#5212,#5213));
#983=EDGE_LOOP('',(#5214,#5215,#5216,#5217));
#984=EDGE_LOOP('',(#5218,#5219,#5220,#5221));
#985=EDGE_LOOP('',(#5222,#5223,#5224,#5225));
#986=EDGE_LOOP('',(#5226,#5227,#5228,#5229));
#987=EDGE_LOOP('',(#5230,#5231,#5232,#5233));
#988=EDGE_LOOP('',(#5234,#5235,#5236,#5237));
#989=EDGE_LOOP('',(#5238,#5239,#5240,#5241));
#990=EDGE_LOOP('',(#5242,#5243,#5244,#5245));
#991=EDGE_LOOP('',(#5246,#5247,#5248,#5249));
#992=EDGE_LOOP('',(#5250,#5251,#5252,#5253));
#993=EDGE_LOOP('',(#5254,#5255,#5256,#5257));
#994=EDGE_LOOP('',(#5258,#5259,#5260,#5261));
#995=EDGE_LOOP('',(#5262,#5263,#5264,#5265));
#996=EDGE_LOOP('',(#5266,#5267,#5268,#5269));
#997=EDGE_LOOP('',(#5270,#5271,#5272,#5273));
#998=EDGE_LOOP('',(#5274,#5275,#5276,#5277));
#999=EDGE_LOOP('',(#5278,#5279,#5280,#5281));
#1000=EDGE_LOOP('',(#5282,#5283,#5284,#5285));
#1001=EDGE_LOOP('',(#5286,#5287,#5288,#5289));
#1002=EDGE_LOOP('',(#5290,#5291,#5292,#5293));
#1003=EDGE_LOOP('',(#5294,#5295,#5296,#5297));
#1004=EDGE_LOOP('',(#5298,#5299,#5300,#5301));
#1005=EDGE_LOOP('',(#5302,#5303,#5304,#5305));
#1006=EDGE_LOOP('',(#5306,#5307,#5308,#5309));
#1007=EDGE_LOOP('',(#5310,#5311,#5312,#5313));
#1008=EDGE_LOOP('',(#5314,#5315,#5316,#5317));
#1009=EDGE_LOOP('',(#5318,#5319,#5320,#5321));
#1010=EDGE_LOOP('',(#5322,#5323,#5324,#5325));
#1011=EDGE_LOOP('',(#5326,#5327,#5328,#5329));
#1012=EDGE_LOOP('',(#5330,#5331,#5332,#5333));
#1013=EDGE_LOOP('',(#5334,#5335,#5336,#5337));
#1014=EDGE_LOOP('',(#5338,#5339,#5340,#5341));
#1015=EDGE_LOOP('',(#5342,#5343,#5344,#5345));
#1016=EDGE_LOOP('',(#5346,#5347,#5348,#5349));
#1017=EDGE_LOOP('',(#5350,#5351,#5352,#5353));
#1018=EDGE_LOOP('',(#5354,#5355,#5356,#5357));
#1019=EDGE_LOOP('',(#5358,#5359,#5360,#5361));
#1020=EDGE_LOOP('',(#5362,#5363,#5364,#5365));
#1021=EDGE_LOOP('',(#5366,#5367,#5368,#5369));
#1022=EDGE_LOOP('',(#5370,#5371,#5372,#5373));
#1023=EDGE_LOOP('',(#5374,#5375,#5376,#5377));
#1024=EDGE_LOOP('',(#5378,#5379,#5380,#5381));
#1025=EDGE_LOOP('',(#5382,#5383,#5384,#5385));
#1026=EDGE_LOOP('',(#5386,#5387,#5388,#5389,#5390,#5391,#5392,#5393,#5394,
#5395,#5396,#5397,#5398,#5399,#5400,#5401,#5402,#5403,#5404,#5405,#5406,
#5407,#5408,#5409));
#1027=EDGE_LOOP('',(#5410));
#1028=EDGE_LOOP('',(#5411));
#1029=EDGE_LOOP('',(#5412,#5413,#5414,#5415));
#1030=EDGE_LOOP('',(#5416,#5417,#5418,#5419));
#1031=EDGE_LOOP('',(#5420));
#1032=EDGE_LOOP('',(#5421));
#1033=EDGE_LOOP('',(#5422,#5423,#5424,#5425));
#1034=EDGE_LOOP('',(#5426,#5427,#5428,#5429));
#1035=EDGE_LOOP('',(#5430,#5431,#5432,#5433));
#1036=EDGE_LOOP('',(#5434,#5435,#5436,#5437));
#1037=EDGE_LOOP('',(#5438,#5439,#5440,#5441));
#1038=EDGE_LOOP('',(#5442,#5443,#5444,#5445));
#1039=EDGE_LOOP('',(#5446,#5447,#5448,#5449));
#1040=EDGE_LOOP('',(#5450,#5451,#5452,#5453));
#1041=EDGE_LOOP('',(#5454,#5455,#5456,#5457));
#1042=EDGE_LOOP('',(#5458,#5459,#5460,#5461));
#1043=EDGE_LOOP('',(#5462,#5463,#5464,#5465));
#1044=EDGE_LOOP('',(#5466,#5467,#5468,#5469));
#1045=EDGE_LOOP('',(#5470,#5471,#5472,#5473));
#1046=EDGE_LOOP('',(#5474,#5475,#5476,#5477));
#1047=EDGE_LOOP('',(#5478,#5479,#5480,#5481));
#1048=EDGE_LOOP('',(#5482,#5483,#5484,#5485));
#1049=EDGE_LOOP('',(#5486,#5487,#5488,#5489));
#1050=EDGE_LOOP('',(#5490,#5491,#5492,#5493));
#1051=EDGE_LOOP('',(#5494,#5495,#5496,#5497));
#1052=EDGE_LOOP('',(#5498,#5499,#5500,#5501));
#1053=EDGE_LOOP('',(#5502,#5503,#5504,#5505));
#1054=EDGE_LOOP('',(#5506,#5507,#5508,#5509));
#1055=EDGE_LOOP('',(#5510,#5511,#5512,#5513));
#1056=EDGE_LOOP('',(#5514,#5515,#5516,#5517));
#1057=EDGE_LOOP('',(#5518,#5519,#5520,#5521));
#1058=EDGE_LOOP('',(#5522,#5523,#5524,#5525));
#1059=EDGE_LOOP('',(#5526,#5527,#5528,#5529));
#1060=EDGE_LOOP('',(#5530,#5531,#5532,#5533));
#1061=EDGE_LOOP('',(#5534,#5535,#5536,#5537));
#1062=EDGE_LOOP('',(#5538,#5539,#5540,#5541));
#1063=EDGE_LOOP('',(#5542,#5543,#5544,#5545));
#1064=EDGE_LOOP('',(#5546,#5547,#5548,#5549));
#1065=EDGE_LOOP('',(#5550,#5551,#5552,#5553));
#1066=EDGE_LOOP('',(#5554,#5555,#5556,#5557));
#1067=EDGE_LOOP('',(#5558,#5559,#5560,#5561));
#1068=EDGE_LOOP('',(#5562,#5563,#5564,#5565));
#1069=EDGE_LOOP('',(#5566,#5567,#5568,#5569));
#1070=EDGE_LOOP('',(#5570,#5571,#5572,#5573));
#1071=EDGE_LOOP('',(#5574,#5575,#5576,#5577));
#1072=EDGE_LOOP('',(#5578,#5579,#5580,#5581));
#1073=EDGE_LOOP('',(#5582,#5583,#5584,#5585));
#1074=EDGE_LOOP('',(#5586,#5587,#5588,#5589));
#1075=EDGE_LOOP('',(#5590,#5591,#5592,#5593));
#1076=EDGE_LOOP('',(#5594,#5595,#5596,#5597));
#1077=EDGE_LOOP('',(#5598,#5599,#5600,#5601));
#1078=EDGE_LOOP('',(#5602,#5603,#5604,#5605));
#1079=EDGE_LOOP('',(#5606,#5607,#5608,#5609));
#1080=EDGE_LOOP('',(#5610,#5611,#5612,#5613));
#1081=EDGE_LOOP('',(#5614,#5615,#5616,#5617));
#1082=EDGE_LOOP('',(#5618,#5619,#5620,#5621));
#1083=EDGE_LOOP('',(#5622,#5623,#5624,#5625));
#1084=EDGE_LOOP('',(#5626,#5627,#5628,#5629));
#1085=EDGE_LOOP('',(#5630,#5631,#5632,#5633));
#1086=EDGE_LOOP('',(#5634,#5635,#5636,#5637));
#1087=EDGE_LOOP('',(#5638,#5639,#5640,#5641));
#1088=EDGE_LOOP('',(#5642,#5643,#5644,#5645));
#1089=EDGE_LOOP('',(#5646,#5647,#5648,#5649));
#1090=EDGE_LOOP('',(#5650,#5651,#5652,#5653));
#1091=EDGE_LOOP('',(#5654));
#1092=EDGE_LOOP('',(#5655));
#1093=EDGE_LOOP('',(#5656,#5657,#5658,#5659));
#1094=EDGE_LOOP('',(#5660));
#1095=EDGE_LOOP('',(#5661));
#1096=EDGE_LOOP('',(#5662,#5663,#5664,#5665));
#1097=EDGE_LOOP('',(#5666));
#1098=EDGE_LOOP('',(#5667));
#1099=EDGE_LOOP('',(#5668,#5669,#5670,#5671));
#1100=EDGE_LOOP('',(#5672,#5673,#5674,#5675));
#1101=EDGE_LOOP('',(#5676,#5677,#5678,#5679));
#1102=EDGE_LOOP('',(#5680,#5681,#5682,#5683));
#1103=EDGE_LOOP('',(#5684,#5685,#5686,#5687));
#1104=EDGE_LOOP('',(#5688,#5689,#5690,#5691));
#1105=EDGE_LOOP('',(#5692,#5693,#5694,#5695));
#1106=EDGE_LOOP('',(#5696));
#1107=EDGE_LOOP('',(#5697));
#1108=EDGE_LOOP('',(#5698,#5699,#5700,#5701));
#1109=EDGE_LOOP('',(#5702,#5703,#5704,#5705));
#1110=EDGE_LOOP('',(#5706,#5707,#5708,#5709));
#1111=EDGE_LOOP('',(#5710,#5711,#5712,#5713));
#1112=EDGE_LOOP('',(#5714,#5715,#5716,#5717));
#1113=EDGE_LOOP('',(#5718,#5719,#5720,#5721));
#1114=EDGE_LOOP('',(#5722,#5723,#5724,#5725));
#1115=EDGE_LOOP('',(#5726,#5727,#5728,#5729));
#1116=EDGE_LOOP('',(#5730,#5731,#5732,#5733));
#1117=EDGE_LOOP('',(#5734,#5735,#5736,#5737));
#1118=EDGE_LOOP('',(#5738,#5739,#5740,#5741));
#1119=EDGE_LOOP('',(#5742,#5743,#5744,#5745));
#1120=EDGE_LOOP('',(#5746,#5747,#5748,#5749));
#1121=EDGE_LOOP('',(#5750,#5751,#5752,#5753));
#1122=EDGE_LOOP('',(#5754,#5755,#5756,#5757));
#1123=EDGE_LOOP('',(#5758,#5759,#5760,#5761));
#1124=EDGE_LOOP('',(#5762,#5763,#5764,#5765));
#1125=EDGE_LOOP('',(#5766,#5767,#5768,#5769));
#1126=EDGE_LOOP('',(#5770,#5771,#5772,#5773));
#1127=EDGE_LOOP('',(#5774,#5775,#5776,#5777));
#1128=EDGE_LOOP('',(#5778,#5779,#5780,#5781));
#1129=EDGE_LOOP('',(#5782,#5783,#5784,#5785));
#1130=EDGE_LOOP('',(#5786,#5787,#5788,#5789));
#1131=EDGE_LOOP('',(#5790,#5791,#5792,#5793));
#1132=EDGE_LOOP('',(#5794,#5795,#5796,#5797));
#1133=EDGE_LOOP('',(#5798,#5799,#5800,#5801));
#1134=EDGE_LOOP('',(#5802,#5803,#5804,#5805));
#1135=EDGE_LOOP('',(#5806,#5807,#5808,#5809));
#1136=EDGE_LOOP('',(#5810,#5811,#5812,#5813));
#1137=EDGE_LOOP('',(#5814,#5815,#5816,#5817));
#1138=EDGE_LOOP('',(#5818,#5819,#5820,#5821));
#1139=EDGE_LOOP('',(#5822,#5823,#5824,#5825));
#1140=EDGE_LOOP('',(#5826,#5827,#5828,#5829));
#1141=EDGE_LOOP('',(#5830,#5831,#5832,#5833,#5834,#5835,#5836,#5837,#5838,
#5839,#5840,#5841));
#1142=EDGE_LOOP('',(#5842));
#1143=EDGE_LOOP('',(#5843,#5844,#5845,#5846));
#1144=EDGE_LOOP('',(#5847));
#1145=EDGE_LOOP('',(#5848,#5849,#5850,#5851));
#1146=EDGE_LOOP('',(#5852,#5853,#5854,#5855));
#1147=EDGE_LOOP('',(#5856,#5857,#5858,#5859));
#1148=EDGE_LOOP('',(#5860,#5861,#5862,#5863));
#1149=EDGE_LOOP('',(#5864,#5865,#5866,#5867));
#1150=EDGE_LOOP('',(#5868,#5869,#5870,#5871,#5872,#5873,#5874,#5875,#5876,
#5877,#5878,#5879));
#1151=EDGE_LOOP('',(#5880));
#1152=EDGE_LOOP('',(#5881,#5882,#5883,#5884));
#1153=EDGE_LOOP('',(#5885));
#1154=EDGE_LOOP('',(#5886,#5887,#5888,#5889));
#1155=EDGE_LOOP('',(#5890,#5891,#5892,#5893));
#1156=EDGE_LOOP('',(#5894,#5895,#5896,#5897));
#1157=EDGE_LOOP('',(#5898,#5899,#5900,#5901));
#1158=EDGE_LOOP('',(#5902,#5903,#5904,#5905));
#1159=EDGE_LOOP('',(#5906,#5907,#5908,#5909));
#1160=EDGE_LOOP('',(#5910,#5911,#5912,#5913));
#1161=EDGE_LOOP('',(#5914,#5915,#5916,#5917));
#1162=EDGE_LOOP('',(#5918,#5919,#5920,#5921));
#1163=EDGE_LOOP('',(#5922,#5923,#5924,#5925));
#1164=EDGE_LOOP('',(#5926,#5927,#5928,#5929));
#1165=EDGE_LOOP('',(#5930,#5931,#5932,#5933));
#1166=EDGE_LOOP('',(#5934,#5935,#5936,#5937));
#1167=EDGE_LOOP('',(#5938,#5939,#5940,#5941));
#1168=EDGE_LOOP('',(#5942,#5943,#5944,#5945));
#1169=EDGE_LOOP('',(#5946,#5947,#5948,#5949));
#1170=EDGE_LOOP('',(#5950,#5951,#5952,#5953));
#1171=EDGE_LOOP('',(#5954,#5955,#5956,#5957));
#1172=EDGE_LOOP('',(#5958,#5959,#5960,#5961));
#1173=EDGE_LOOP('',(#5962,#5963,#5964,#5965));
#1174=EDGE_LOOP('',(#5966,#5967,#5968,#5969));
#1175=EDGE_LOOP('',(#5970,#5971,#5972,#5973));
#1176=EDGE_LOOP('',(#5974,#5975,#5976,#5977));
#1177=EDGE_LOOP('',(#5978,#5979,#5980,#5981));
#1178=EDGE_LOOP('',(#5982,#5983,#5984,#5985));
#1179=EDGE_LOOP('',(#5986,#5987,#5988,#5989));
#1180=EDGE_LOOP('',(#5990,#5991,#5992,#5993));
#1181=EDGE_LOOP('',(#5994,#5995,#5996,#5997));
#1182=EDGE_LOOP('',(#5998,#5999,#6000,#6001));
#1183=EDGE_LOOP('',(#6002,#6003,#6004,#6005));
#1184=EDGE_LOOP('',(#6006,#6007,#6008,#6009));
#1185=EDGE_LOOP('',(#6010,#6011,#6012,#6013,#6014,#6015,#6016,#6017,#6018));
#1186=EDGE_LOOP('',(#6019,#6020,#6021,#6022,#6023,#6024,#6025,#6026,#6027,
#6028,#6029,#6030,#6031,#6032,#6033,#6034,#6035,#6036,#6037,#6038,#6039,
#6040,#6041,#6042,#6043,#6044,#6045,#6046,#6047,#6048,#6049,#6050,#6051,
#6052,#6053,#6054,#6055,#6056,#6057,#6058,#6059,#6060,#6061,#6062));
#1187=EDGE_LOOP('',(#6063,#6064,#6065,#6066));
#1188=EDGE_LOOP('',(#6067,#6068,#6069,#6070,#6071,#6072,#6073,#6074,#6075));
#1189=EDGE_LOOP('',(#6076,#6077,#6078,#6079,#6080,#6081,#6082,#6083,#6084,
#6085,#6086,#6087,#6088,#6089,#6090,#6091,#6092,#6093,#6094,#6095,#6096,
#6097,#6098,#6099,#6100,#6101,#6102,#6103,#6104,#6105,#6106,#6107,#6108,
#6109,#6110,#6111,#6112,#6113,#6114,#6115,#6116,#6117,#6118,#6119));
#1190=EDGE_LOOP('',(#6120,#6121,#6122,#6123,#6124,#6125,#6126,#6127,#6128,
#6129,#6130,#6131,#6132,#6133,#6134,#6135,#6136,#6137,#6138,#6139,#6140,
#6141,#6142,#6143,#6144,#6145,#6146,#6147,#6148,#6149,#6150,#6151,#6152,
#6153,#6154,#6155,#6156,#6157,#6158,#6159,#6160,#6161,#6162,#6163));
#1191=EDGE_LOOP('',(#6164,#6165,#6166,#6167,#6168,#6169,#6170,#6171,#6172,
#6173,#6174,#6175,#6176,#6177,#6178,#6179,#6180,#6181,#6182,#6183,#6184,
#6185,#6186,#6187));
#1192=EDGE_LOOP('',(#6188,#6189,#6190,#6191));
#1193=EDGE_LOOP('',(#6192));
#1194=EDGE_LOOP('',(#6193));
#1195=EDGE_LOOP('',(#6194,#6195,#6196,#6197));
#1196=EDGE_LOOP('',(#6198,#6199,#6200,#6201));
#1197=EDGE_LOOP('',(#6202));
#1198=EDGE_LOOP('',(#6203));
#1199=EDGE_LOOP('',(#6204,#6205,#6206,#6207));
#1200=EDGE_LOOP('',(#6208,#6209,#6210,#6211,#6212,#6213,#6214,#6215,#6216,
#6217,#6218,#6219,#6220,#6221,#6222,#6223,#6224,#6225,#6226,#6227,#6228,
#6229,#6230,#6231,#6232,#6233,#6234,#6235,#6236,#6237,#6238,#6239,#6240,
#6241,#6242,#6243,#6244,#6245,#6246,#6247,#6248,#6249,#6250,#6251));
#1201=EDGE_LOOP('',(#6252,#6253,#6254,#6255,#6256,#6257,#6258,#6259,#6260));
#1202=EDGE_LOOP('',(#6261,#6262,#6263,#6264));
#1203=EDGE_LOOP('',(#6265,#6266,#6267,#6268,#6269,#6270,#6271,#6272,#6273));
#1204=EDGE_LOOP('',(#6274,#6275,#6276,#6277));
#1205=EDGE_LOOP('',(#6278,#6279,#6280,#6281));
#1206=EDGE_LOOP('',(#6282,#6283,#6284,#6285));
#1207=EDGE_LOOP('',(#6286,#6287,#6288,#6289));
#1208=EDGE_LOOP('',(#6290,#6291,#6292,#6293));
#1209=EDGE_LOOP('',(#6294,#6295,#6296,#6297));
#1210=EDGE_LOOP('',(#6298,#6299,#6300,#6301));
#1211=EDGE_LOOP('',(#6302,#6303,#6304,#6305));
#1212=EDGE_LOOP('',(#6306,#6307,#6308,#6309,#6310,#6311,#6312,#6313,#6314));
#1213=EDGE_LOOP('',(#6315,#6316,#6317,#6318));
#1214=EDGE_LOOP('',(#6319,#6320,#6321,#6322,#6323,#6324,#6325,#6326,#6327));
#1215=EDGE_LOOP('',(#6328,#6329,#6330,#6331,#6332,#6333,#6334,#6335,#6336));
#1216=EDGE_LOOP('',(#6337,#6338,#6339,#6340));
#1217=EDGE_LOOP('',(#6341,#6342,#6343,#6344,#6345,#6346,#6347,#6348,#6349));
#1218=EDGE_LOOP('',(#6350,#6351,#6352,#6353));
#1219=EDGE_LOOP('',(#6354,#6355,#6356,#6357));
#1220=EDGE_LOOP('',(#6358,#6359,#6360,#6361));
#1221=EDGE_LOOP('',(#6362,#6363,#6364,#6365));
#1222=EDGE_LOOP('',(#6366,#6367,#6368,#6369));
#1223=EDGE_LOOP('',(#6370,#6371,#6372,#6373));
#1224=EDGE_LOOP('',(#6374,#6375,#6376,#6377));
#1225=EDGE_LOOP('',(#6378,#6379,#6380,#6381));
#1226=EDGE_LOOP('',(#6382,#6383,#6384,#6385,#6386,#6387,#6388,#6389,#6390));
#1227=EDGE_LOOP('',(#6391,#6392,#6393,#6394));
#1228=EDGE_LOOP('',(#6395,#6396,#6397,#6398,#6399,#6400,#6401,#6402,#6403));
#1229=EDGE_LOOP('',(#6404,#6405,#6406,#6407,#6408,#6409,#6410,#6411,#6412));
#1230=EDGE_LOOP('',(#6413,#6414,#6415,#6416));
#1231=EDGE_LOOP('',(#6417,#6418,#6419,#6420,#6421,#6422,#6423,#6424,#6425));
#1232=EDGE_LOOP('',(#6426,#6427,#6428,#6429));
#1233=EDGE_LOOP('',(#6430,#6431,#6432,#6433));
#1234=EDGE_LOOP('',(#6434,#6435,#6436,#6437));
#1235=EDGE_LOOP('',(#6438,#6439,#6440,#6441));
#1236=EDGE_LOOP('',(#6442,#6443,#6444,#6445));
#1237=EDGE_LOOP('',(#6446,#6447,#6448,#6449));
#1238=EDGE_LOOP('',(#6450,#6451,#6452,#6453));
#1239=EDGE_LOOP('',(#6454,#6455,#6456,#6457));
#1240=EDGE_LOOP('',(#6458,#6459,#6460,#6461,#6462,#6463,#6464,#6465,#6466));
#1241=EDGE_LOOP('',(#6467,#6468,#6469,#6470));
#1242=EDGE_LOOP('',(#6471,#6472,#6473,#6474,#6475,#6476,#6477,#6478,#6479));
#1243=EDGE_LOOP('',(#6480,#6481,#6482,#6483,#6484,#6485,#6486,#6487,#6488));
#1244=EDGE_LOOP('',(#6489,#6490,#6491,#6492));
#1245=EDGE_LOOP('',(#6493,#6494,#6495,#6496,#6497,#6498,#6499,#6500,#6501));
#1246=EDGE_LOOP('',(#6502,#6503,#6504,#6505));
#1247=EDGE_LOOP('',(#6506,#6507,#6508,#6509));
#1248=EDGE_LOOP('',(#6510,#6511,#6512,#6513));
#1249=EDGE_LOOP('',(#6514,#6515,#6516,#6517));
#1250=EDGE_LOOP('',(#6518,#6519,#6520,#6521));
#1251=EDGE_LOOP('',(#6522,#6523,#6524,#6525));
#1252=EDGE_LOOP('',(#6526,#6527,#6528,#6529));
#1253=EDGE_LOOP('',(#6530,#6531,#6532,#6533));
#1254=EDGE_LOOP('',(#6534,#6535,#6536,#6537,#6538,#6539,#6540,#6541,#6542));
#1255=EDGE_LOOP('',(#6543,#6544,#6545,#6546));
#1256=EDGE_LOOP('',(#6547,#6548,#6549,#6550,#6551,#6552,#6553,#6554,#6555));
#1257=EDGE_LOOP('',(#6556,#6557,#6558,#6559,#6560,#6561,#6562,#6563,#6564));
#1258=EDGE_LOOP('',(#6565,#6566,#6567,#6568));
#1259=EDGE_LOOP('',(#6569,#6570,#6571,#6572,#6573,#6574,#6575,#6576,#6577));
#1260=EDGE_LOOP('',(#6578,#6579,#6580,#6581));
#1261=EDGE_LOOP('',(#6582,#6583,#6584,#6585));
#1262=EDGE_LOOP('',(#6586,#6587,#6588,#6589));
#1263=EDGE_LOOP('',(#6590,#6591,#6592,#6593));
#1264=EDGE_LOOP('',(#6594,#6595,#6596,#6597));
#1265=EDGE_LOOP('',(#6598,#6599,#6600,#6601));
#1266=EDGE_LOOP('',(#6602,#6603,#6604,#6605));
#1267=EDGE_LOOP('',(#6606,#6607,#6608,#6609));
#1268=EDGE_LOOP('',(#6610,#6611,#6612,#6613));
#1269=EDGE_LOOP('',(#6614,#6615,#6616,#6617,#6618,#6619,#6620,#6621,#6622,
#6623,#6624,#6625,#6626,#6627,#6628,#6629,#6630,#6631,#6632,#6633,#6634,
#6635,#6636,#6637));
#1270=EDGE_LOOP('',(#6638,#6639,#6640,#6641));
#1271=EDGE_LOOP('',(#6642,#6643,#6644,#6645));
#1272=EDGE_LOOP('',(#6646));
#1273=EDGE_LOOP('',(#6647));
#1274=EDGE_LOOP('',(#6648));
#1275=EDGE_LOOP('',(#6649));
#1276=EDGE_LOOP('',(#6650,#6651,#6652,#6653));
#1277=EDGE_LOOP('',(#6654,#6655,#6656,#6657));
#1278=EDGE_LOOP('',(#6658,#6659,#6660,#6661));
#1279=EDGE_LOOP('',(#6662,#6663,#6664,#6665));
#1280=EDGE_LOOP('',(#6666,#6667,#6668,#6669));
#1281=EDGE_LOOP('',(#6670,#6671,#6672,#6673));
#1282=EDGE_LOOP('',(#6674,#6675,#6676,#6677));
#1283=EDGE_LOOP('',(#6678,#6679,#6680,#6681));
#1284=EDGE_LOOP('',(#6682,#6683,#6684,#6685));
#1285=EDGE_LOOP('',(#6686,#6687,#6688,#6689));
#1286=EDGE_LOOP('',(#6690,#6691,#6692,#6693));
#1287=EDGE_LOOP('',(#6694,#6695,#6696,#6697));
#1288=EDGE_LOOP('',(#6698,#6699,#6700,#6701));
#1289=EDGE_LOOP('',(#6702,#6703,#6704,#6705));
#1290=EDGE_LOOP('',(#6706,#6707,#6708,#6709));
#1291=EDGE_LOOP('',(#6710,#6711,#6712,#6713));
#1292=EDGE_LOOP('',(#6714,#6715,#6716,#6717));
#1293=EDGE_LOOP('',(#6718,#6719,#6720,#6721));
#1294=EDGE_LOOP('',(#6722,#6723,#6724,#6725));
#1295=EDGE_LOOP('',(#6726,#6727,#6728,#6729));
#1296=EDGE_LOOP('',(#6730,#6731,#6732,#6733));
#1297=EDGE_LOOP('',(#6734,#6735,#6736,#6737));
#1298=EDGE_LOOP('',(#6738,#6739,#6740,#6741));
#1299=EDGE_LOOP('',(#6742,#6743,#6744,#6745));
#1300=EDGE_LOOP('',(#6746,#6747,#6748,#6749));
#1301=EDGE_LOOP('',(#6750,#6751,#6752,#6753));
#1302=EDGE_LOOP('',(#6754,#6755,#6756,#6757));
#1303=EDGE_LOOP('',(#6758,#6759,#6760,#6761));
#1304=EDGE_LOOP('',(#6762,#6763,#6764,#6765));
#1305=EDGE_LOOP('',(#6766,#6767,#6768,#6769));
#1306=EDGE_LOOP('',(#6770,#6771,#6772,#6773));
#1307=EDGE_LOOP('',(#6774,#6775,#6776,#6777));
#1308=EDGE_LOOP('',(#6778,#6779,#6780,#6781));
#1309=EDGE_LOOP('',(#6782,#6783,#6784,#6785));
#1310=EDGE_LOOP('',(#6786,#6787,#6788,#6789));
#1311=EDGE_LOOP('',(#6790,#6791,#6792,#6793));
#1312=EDGE_LOOP('',(#6794,#6795,#6796,#6797));
#1313=EDGE_LOOP('',(#6798,#6799,#6800,#6801));
#1314=EDGE_LOOP('',(#6802,#6803,#6804,#6805));
#1315=EDGE_LOOP('',(#6806,#6807,#6808,#6809));
#1316=EDGE_LOOP('',(#6810,#6811,#6812,#6813));
#1317=EDGE_LOOP('',(#6814,#6815,#6816,#6817));
#1318=EDGE_LOOP('',(#6818,#6819,#6820,#6821));
#1319=EDGE_LOOP('',(#6822,#6823,#6824,#6825));
#1320=EDGE_LOOP('',(#6826,#6827,#6828,#6829));
#1321=EDGE_LOOP('',(#6830,#6831,#6832,#6833));
#1322=EDGE_LOOP('',(#6834,#6835,#6836,#6837));
#1323=EDGE_LOOP('',(#6838,#6839,#6840,#6841));
#1324=EDGE_LOOP('',(#6842,#6843,#6844,#6845));
#1325=EDGE_LOOP('',(#6846,#6847,#6848,#6849));
#1326=EDGE_LOOP('',(#6850,#6851,#6852,#6853));
#1327=EDGE_LOOP('',(#6854,#6855,#6856,#6857));
#1328=EDGE_LOOP('',(#6858,#6859,#6860,#6861));
#1329=EDGE_LOOP('',(#6862,#6863,#6864,#6865));
#1330=EDGE_LOOP('',(#6866,#6867,#6868,#6869));
#1331=EDGE_LOOP('',(#6870,#6871,#6872,#6873));
#1332=EDGE_LOOP('',(#6874,#6875,#6876,#6877));
#1333=EDGE_LOOP('',(#6878,#6879,#6880,#6881));
#1334=EDGE_LOOP('',(#6882,#6883,#6884,#6885));
#1335=EDGE_LOOP('',(#6886,#6887,#6888,#6889));
#1336=EDGE_LOOP('',(#6890,#6891,#6892,#6893));
#1337=EDGE_LOOP('',(#6894,#6895,#6896,#6897));
#1338=EDGE_LOOP('',(#6898,#6899,#6900,#6901));
#1339=EDGE_LOOP('',(#6902,#6903,#6904,#6905));
#1340=EDGE_LOOP('',(#6906,#6907,#6908,#6909));
#1341=EDGE_LOOP('',(#6910,#6911,#6912,#6913));
#1342=EDGE_LOOP('',(#6914,#6915,#6916,#6917));
#1343=EDGE_LOOP('',(#6918,#6919,#6920,#6921));
#1344=EDGE_LOOP('',(#6922,#6923,#6924,#6925));
#1345=EDGE_LOOP('',(#6926,#6927,#6928,#6929));
#1346=EDGE_LOOP('',(#6930,#6931,#6932,#6933));
#1347=EDGE_LOOP('',(#6934,#6935,#6936,#6937));
#1348=EDGE_LOOP('',(#6938,#6939,#6940,#6941));
#1349=EDGE_LOOP('',(#6942,#6943,#6944,#6945));
#1350=EDGE_LOOP('',(#6946,#6947,#6948,#6949));
#1351=EDGE_LOOP('',(#6950,#6951,#6952,#6953));
#1352=EDGE_LOOP('',(#6954,#6955,#6956,#6957));
#1353=EDGE_LOOP('',(#6958,#6959,#6960,#6961));
#1354=EDGE_LOOP('',(#6962,#6963,#6964,#6965));
#1355=EDGE_LOOP('',(#6966,#6967,#6968,#6969));
#1356=EDGE_LOOP('',(#6970,#6971,#6972,#6973));
#1357=EDGE_LOOP('',(#6974,#6975,#6976,#6977));
#1358=EDGE_LOOP('',(#6978,#6979,#6980,#6981));
#1359=EDGE_LOOP('',(#6982,#6983,#6984,#6985));
#1360=EDGE_LOOP('',(#6986,#6987,#6988,#6989));
#1361=EDGE_LOOP('',(#6990,#6991,#6992,#6993));
#1362=EDGE_LOOP('',(#6994,#6995,#6996,#6997));
#1363=EDGE_LOOP('',(#6998,#6999,#7000,#7001));
#1364=EDGE_LOOP('',(#7002,#7003,#7004,#7005));
#1365=EDGE_LOOP('',(#7006,#7007,#7008,#7009));
#1366=EDGE_LOOP('',(#7010,#7011,#7012,#7013));
#1367=EDGE_LOOP('',(#7014,#7015,#7016,#7017));
#1368=EDGE_LOOP('',(#7018,#7019,#7020,#7021));
#1369=EDGE_LOOP('',(#7022,#7023,#7024,#7025));
#1370=EDGE_LOOP('',(#7026,#7027,#7028,#7029));
#1371=EDGE_LOOP('',(#7030,#7031,#7032,#7033));
#1372=EDGE_LOOP('',(#7034,#7035,#7036,#7037));
#1373=EDGE_LOOP('',(#7038,#7039,#7040,#7041));
#1374=EDGE_LOOP('',(#7042,#7043,#7044,#7045));
#1375=EDGE_LOOP('',(#7046,#7047,#7048,#7049));
#1376=EDGE_LOOP('',(#7050,#7051,#7052,#7053));
#1377=EDGE_LOOP('',(#7054,#7055,#7056,#7057));
#1378=EDGE_LOOP('',(#7058,#7059,#7060,#7061));
#1379=EDGE_LOOP('',(#7062,#7063,#7064,#7065));
#1380=EDGE_LOOP('',(#7066,#7067,#7068,#7069));
#1381=EDGE_LOOP('',(#7070,#7071,#7072,#7073));
#1382=EDGE_LOOP('',(#7074,#7075,#7076,#7077));
#1383=EDGE_LOOP('',(#7078,#7079,#7080,#7081));
#1384=EDGE_LOOP('',(#7082,#7083,#7084,#7085));
#1385=EDGE_LOOP('',(#7086,#7087,#7088,#7089));
#1386=EDGE_LOOP('',(#7090,#7091,#7092,#7093));
#1387=EDGE_LOOP('',(#7094,#7095,#7096,#7097));
#1388=EDGE_LOOP('',(#7098,#7099,#7100,#7101));
#1389=EDGE_LOOP('',(#7102,#7103,#7104,#7105));
#1390=EDGE_LOOP('',(#7106,#7107,#7108,#7109));
#1391=EDGE_LOOP('',(#7110,#7111,#7112,#7113));
#1392=EDGE_LOOP('',(#7114,#7115,#7116,#7117));
#1393=EDGE_LOOP('',(#7118,#7119,#7120,#7121));
#1394=EDGE_LOOP('',(#7122,#7123,#7124,#7125));
#1395=EDGE_LOOP('',(#7126,#7127,#7128,#7129));
#1396=EDGE_LOOP('',(#7130,#7131,#7132,#7133));
#1397=EDGE_LOOP('',(#7134,#7135,#7136,#7137));
#1398=EDGE_LOOP('',(#7138,#7139,#7140,#7141));
#1399=EDGE_LOOP('',(#7142,#7143,#7144,#7145));
#1400=EDGE_LOOP('',(#7146,#7147,#7148,#7149));
#1401=EDGE_LOOP('',(#7150,#7151,#7152,#7153));
#1402=EDGE_LOOP('',(#7154,#7155,#7156,#7157));
#1403=EDGE_LOOP('',(#7158,#7159,#7160,#7161));
#1404=EDGE_LOOP('',(#7162,#7163,#7164,#7165));
#1405=EDGE_LOOP('',(#7166,#7167,#7168,#7169));
#1406=EDGE_LOOP('',(#7170,#7171,#7172,#7173));
#1407=EDGE_LOOP('',(#7174,#7175,#7176,#7177));
#1408=EDGE_LOOP('',(#7178,#7179,#7180,#7181));
#1409=EDGE_LOOP('',(#7182,#7183,#7184,#7185));
#1410=EDGE_LOOP('',(#7186,#7187,#7188,#7189));
#1411=EDGE_LOOP('',(#7190,#7191,#7192,#7193));
#1412=EDGE_LOOP('',(#7194,#7195,#7196,#7197));
#1413=EDGE_LOOP('',(#7198,#7199,#7200,#7201));
#1414=EDGE_LOOP('',(#7202,#7203,#7204,#7205));
#1415=EDGE_LOOP('',(#7206,#7207,#7208,#7209));
#1416=EDGE_LOOP('',(#7210,#7211,#7212,#7213));
#1417=EDGE_LOOP('',(#7214));
#1418=EDGE_LOOP('',(#7215));
#1419=EDGE_LOOP('',(#7216,#7217,#7218,#7219,#7220,#7221,#7222,#7223,#7224,
#7225));
#1420=EDGE_LOOP('',(#7226,#7227,#7228,#7229));
#1421=EDGE_LOOP('',(#7230));
#1422=EDGE_LOOP('',(#7231));
#1423=EDGE_LOOP('',(#7232));
#1424=EDGE_LOOP('',(#7233,#7234,#7235,#7236,#7237,#7238));
#1425=EDGE_LOOP('',(#7239,#7240,#7241,#7242,#7243));
#1426=EDGE_LOOP('',(#7244,#7245,#7246,#7247));
#1427=EDGE_LOOP('',(#7248,#7249,#7250,#7251));
#1428=EDGE_LOOP('',(#7252,#7253,#7254,#7255));
#1429=EDGE_LOOP('',(#7256,#7257,#7258,#7259));
#1430=EDGE_LOOP('',(#7260,#7261,#7262,#7263));
#1431=EDGE_LOOP('',(#7264,#7265,#7266,#7267));
#1432=EDGE_LOOP('',(#7268));
#1433=EDGE_LOOP('',(#7269));
#1434=EDGE_LOOP('',(#7270,#7271,#7272,#7273,#7274,#7275,#7276,#7277,#7278,
#7279));
#1435=EDGE_LOOP('',(#7280,#7281,#7282,#7283));
#1436=EDGE_LOOP('',(#7284));
#1437=EDGE_LOOP('',(#7285));
#1438=EDGE_LOOP('',(#7286));
#1439=EDGE_LOOP('',(#7287,#7288,#7289,#7290,#7291,#7292));
#1440=EDGE_LOOP('',(#7293,#7294,#7295,#7296,#7297));
#1441=EDGE_LOOP('',(#7298,#7299,#7300,#7301));
#1442=EDGE_LOOP('',(#7302,#7303,#7304,#7305));
#1443=EDGE_LOOP('',(#7306,#7307,#7308,#7309));
#1444=EDGE_LOOP('',(#7310,#7311,#7312,#7313));
#1445=EDGE_LOOP('',(#7314,#7315,#7316,#7317));
#1446=LINE('',#11123,#2220);
#1447=LINE('',#11129,#2221);
#1448=LINE('',#11142,#2222);
#1449=LINE('',#11146,#2223);
#1450=LINE('',#11155,#2224);
#1451=LINE('',#11162,#2225);
#1452=LINE('',#11166,#2226);
#1453=LINE('',#11170,#2227);
#1454=LINE('',#11174,#2228);
#1455=LINE('',#11178,#2229);
#1456=LINE('',#11182,#2230);
#1457=LINE('',#11186,#2231);
#1458=LINE('',#11190,#2232);
#1459=LINE('',#11194,#2233);
#1460=LINE('',#11198,#2234);
#1461=LINE('',#11202,#2235);
#1462=LINE('',#11205,#2236);
#1463=LINE('',#11212,#2237);
#1464=LINE('',#11216,#2238);
#1465=LINE('',#11220,#2239);
#1466=LINE('',#11224,#2240);
#1467=LINE('',#11231,#2241);
#1468=LINE('',#11234,#2242);
#1469=LINE('',#11239,#2243);
#1470=LINE('',#11242,#2244);
#1471=LINE('',#11247,#2245);
#1472=LINE('',#11250,#2246);
#1473=LINE('',#11255,#2247);
#1474=LINE('',#11258,#2248);
#1475=LINE('',#11260,#2249);
#1476=LINE('',#11261,#2250);
#1477=LINE('',#11264,#2251);
#1478=LINE('',#11268,#2252);
#1479=LINE('',#11269,#2253);
#1480=LINE('',#11274,#2254);
#1481=LINE('',#11277,#2255);
#1482=LINE('',#11280,#2256);
#1483=LINE('',#11281,#2257);
#1484=LINE('',#11284,#2258);
#1485=LINE('',#11286,#2259);
#1486=LINE('',#11287,#2260);
#1487=LINE('',#11290,#2261);
#1488=LINE('',#11294,#2262);
#1489=LINE('',#11295,#2263);
#1490=LINE('',#11300,#2264);
#1491=LINE('',#11303,#2265);
#1492=LINE('',#11306,#2266);
#1493=LINE('',#11307,#2267);
#1494=LINE('',#11310,#2268);
#1495=LINE('',#11313,#2269);
#1496=LINE('',#11316,#2270);
#1497=LINE('',#11317,#2271);
#1498=LINE('',#11320,#2272);
#1499=LINE('',#11324,#2273);
#1500=LINE('',#11325,#2274);
#1501=LINE('',#11328,#2275);
#1502=LINE('',#11332,#2276);
#1503=LINE('',#11333,#2277);
#1504=LINE('',#11336,#2278);
#1505=LINE('',#11340,#2279);
#1506=LINE('',#11341,#2280);
#1507=LINE('',#11344,#2281);
#1508=LINE('',#11348,#2282);
#1509=LINE('',#11349,#2283);
#1510=LINE('',#11352,#2284);
#1511=LINE('',#11356,#2285);
#1512=LINE('',#11357,#2286);
#1513=LINE('',#11360,#2287);
#1514=LINE('',#11364,#2288);
#1515=LINE('',#11365,#2289);
#1516=LINE('',#11368,#2290);
#1517=LINE('',#11372,#2291);
#1518=LINE('',#11373,#2292);
#1519=LINE('',#11376,#2293);
#1520=LINE('',#11380,#2294);
#1521=LINE('',#11381,#2295);
#1522=LINE('',#11384,#2296);
#1523=LINE('',#11388,#2297);
#1524=LINE('',#11389,#2298);
#1525=LINE('',#11392,#2299);
#1526=LINE('',#11396,#2300);
#1527=LINE('',#11397,#2301);
#1528=LINE('',#11400,#2302);
#1529=LINE('',#11403,#2303);
#1530=LINE('',#11406,#2304);
#1531=LINE('',#11408,#2305);
#1532=LINE('',#11409,#2306);
#1533=LINE('',#11412,#2307);
#1534=LINE('',#11416,#2308);
#1535=LINE('',#11417,#2309);
#1536=LINE('',#11420,#2310);
#1537=LINE('',#11424,#2311);
#1538=LINE('',#11425,#2312);
#1539=LINE('',#11428,#2313);
#1540=LINE('',#11432,#2314);
#1541=LINE('',#11433,#2315);
#1542=LINE('',#11436,#2316);
#1543=LINE('',#11440,#2317);
#1544=LINE('',#11441,#2318);
#1545=LINE('',#11444,#2319);
#1546=LINE('',#11448,#2320);
#1547=LINE('',#11449,#2321);
#1548=LINE('',#11452,#2322);
#1549=LINE('',#11457,#2323);
#1550=LINE('',#11461,#2324);
#1551=LINE('',#11465,#2325);
#1552=LINE('',#11469,#2326);
#1553=LINE('',#11473,#2327);
#1554=LINE('',#11477,#2328);
#1555=LINE('',#11481,#2329);
#1556=LINE('',#11485,#2330);
#1557=LINE('',#11489,#2331);
#1558=LINE('',#11493,#2332);
#1559=LINE('',#11497,#2333);
#1560=LINE('',#11501,#2334);
#1561=LINE('',#11505,#2335);
#1562=LINE('',#11515,#2336);
#1563=LINE('',#11518,#2337);
#1564=LINE('',#11523,#2338);
#1565=LINE('',#11526,#2339);
#1566=LINE('',#11530,#2340);
#1567=LINE('',#11532,#2341);
#1568=LINE('',#11534,#2342);
#1569=LINE('',#11537,#2343);
#1570=LINE('',#11539,#2344);
#1571=LINE('',#11540,#2345);
#1572=LINE('',#11544,#2346);
#1573=LINE('',#11547,#2347);
#1574=LINE('',#11548,#2348);
#1575=LINE('',#11551,#2349);
#1576=LINE('',#11553,#2350);
#1577=LINE('',#11555,#2351);
#1578=LINE('',#11557,#2352);
#1579=LINE('',#11559,#2353);
#1580=LINE('',#11561,#2354);
#1581=LINE('',#11563,#2355);
#1582=LINE('',#11565,#2356);
#1583=LINE('',#11567,#2357);
#1584=LINE('',#11569,#2358);
#1585=LINE('',#11571,#2359);
#1586=LINE('',#11573,#2360);
#1587=LINE('',#11575,#2361);
#1588=LINE('',#11578,#2362);
#1589=LINE('',#11579,#2363);
#1590=LINE('',#11582,#2364);
#1591=LINE('',#11586,#2365);
#1592=LINE('',#11587,#2366);
#1593=LINE('',#11590,#2367);
#1594=LINE('',#11594,#2368);
#1595=LINE('',#11595,#2369);
#1596=LINE('',#11599,#2370);
#1597=LINE('',#11602,#2371);
#1598=LINE('',#11603,#2372);
#1599=LINE('',#11607,#2373);
#1600=LINE('',#11609,#2374);
#1601=LINE('',#11611,#2375);
#1602=LINE('',#11613,#2376);
#1603=LINE('',#11615,#2377);
#1604=LINE('',#11616,#2378);
#1605=LINE('',#11618,#2379);
#1606=LINE('',#11621,#2380);
#1607=LINE('',#11624,#2381);
#1608=LINE('',#11627,#2382);
#1609=LINE('',#11628,#2383);
#1610=LINE('',#11631,#2384);
#1611=LINE('',#11632,#2385);
#1612=LINE('',#11634,#2386);
#1613=LINE('',#11637,#2387);
#1614=LINE('',#11640,#2388);
#1615=LINE('',#11641,#2389);
#1616=LINE('',#11643,#2390);
#1617=LINE('',#11646,#2391);
#1618=LINE('',#11649,#2392);
#1619=LINE('',#11651,#2393);
#1620=LINE('',#11653,#2394);
#1621=LINE('',#11655,#2395);
#1622=LINE('',#11662,#2396);
#1623=LINE('',#11664,#2397);
#1624=LINE('',#11666,#2398);
#1625=LINE('',#11667,#2399);
#1626=LINE('',#11672,#2400);
#1627=LINE('',#11678,#2401);
#1628=LINE('',#11684,#2402);
#1629=LINE('',#11688,#2403);
#1630=LINE('',#11690,#2404);
#1631=LINE('',#11691,#2405);
#1632=LINE('',#11701,#2406);
#1633=LINE('',#11705,#2407);
#1634=LINE('',#11713,#2408);
#1635=LINE('',#11715,#2409);
#1636=LINE('',#11716,#2410);
#1637=LINE('',#11719,#2411);
#1638=LINE('',#11723,#2412);
#1639=LINE('',#11724,#2413);
#1640=LINE('',#11729,#2414);
#1641=LINE('',#11733,#2415);
#1642=LINE('',#11744,#2416);
#1643=LINE('',#11747,#2417);
#1644=LINE('',#11756,#2418);
#1645=LINE('',#11759,#2419);
#1646=LINE('',#11765,#2420);
#1647=LINE('',#11768,#2421);
#1648=LINE('',#11771,#2422);
#1649=LINE('',#11772,#2423);
#1650=LINE('',#11775,#2424);
#1651=LINE('',#11778,#2425);
#1652=LINE('',#11781,#2426);
#1653=LINE('',#11782,#2427);
#1654=LINE('',#11788,#2428);
#1655=LINE('',#11796,#2429);
#1656=LINE('',#11799,#2430);
#1657=LINE('',#11803,#2431);
#1658=LINE('',#11806,#2432);
#1659=LINE('',#11809,#2433);
#1660=LINE('',#11812,#2434);
#1661=LINE('',#11813,#2435);
#1662=LINE('',#11817,#2436);
#1663=LINE('',#11821,#2437);
#1664=LINE('',#11827,#2438);
#1665=LINE('',#11831,#2439);
#1666=LINE('',#11833,#2440);
#1667=LINE('',#11834,#2441);
#1668=LINE('',#11839,#2442);
#1669=LINE('',#11844,#2443);
#1670=LINE('',#11849,#2444);
#1671=LINE('',#11851,#2445);
#1672=LINE('',#11852,#2446);
#1673=LINE('',#11856,#2447);
#1674=LINE('',#11863,#2448);
#1675=LINE('',#11867,#2449);
#1676=LINE('',#11869,#2450);
#1677=LINE('',#11870,#2451);
#1678=LINE('',#11875,#2452);
#1679=LINE('',#11880,#2453);
#1680=LINE('',#11884,#2454);
#1681=LINE('',#11885,#2455);
#1682=LINE('',#11888,#2456);
#1683=LINE('',#11891,#2457);
#1684=LINE('',#11894,#2458);
#1685=LINE('',#11895,#2459);
#1686=LINE('',#11898,#2460);
#1687=LINE('',#11902,#2461);
#1688=LINE('',#11906,#2462);
#1689=LINE('',#11907,#2463);
#1690=LINE('',#11910,#2464);
#1691=LINE('',#11917,#2465);
#1692=LINE('',#11922,#2466);
#1693=LINE('',#11926,#2467);
#1694=LINE('',#11930,#2468);
#1695=LINE('',#11934,#2469);
#1696=LINE('',#11939,#2470);
#1697=LINE('',#11943,#2471);
#1698=LINE('',#11949,#2472);
#1699=LINE('',#11955,#2473);
#1700=LINE('',#11961,#2474);
#1701=LINE('',#11969,#2475);
#1702=LINE('',#11971,#2476);
#1703=LINE('',#11973,#2477);
#1704=LINE('',#11974,#2478);
#1705=LINE('',#11976,#2479);
#1706=LINE('',#11978,#2480);
#1707=LINE('',#11980,#2481);
#1708=LINE('',#11982,#2482);
#1709=LINE('',#11985,#2483);
#1710=LINE('',#11989,#2484);
#1711=LINE('',#11990,#2485);
#1712=LINE('',#11993,#2486);
#1713=LINE('',#11998,#2487);
#1714=LINE('',#12001,#2488);
#1715=LINE('',#12002,#2489);
#1716=LINE('',#12005,#2490);
#1717=LINE('',#12008,#2491);
#1718=LINE('',#12010,#2492);
#1719=LINE('',#12013,#2493);
#1720=LINE('',#12016,#2494);
#1721=LINE('',#12018,#2495);
#1722=LINE('',#12020,#2496);
#1723=LINE('',#12023,#2497);
#1724=LINE('',#12029,#2498);
#1725=LINE('',#12031,#2499);
#1726=LINE('',#12033,#2500);
#1727=LINE('',#12034,#2501);
#1728=LINE('',#12038,#2502);
#1729=LINE('',#12040,#2503);
#1730=LINE('',#12042,#2504);
#1731=LINE('',#12043,#2505);
#1732=LINE('',#12048,#2506);
#1733=LINE('',#12052,#2507);
#1734=LINE('',#12054,#2508);
#1735=LINE('',#12055,#2509);
#1736=LINE('',#12060,#2510);
#1737=LINE('',#12064,#2511);
#1738=LINE('',#12066,#2512);
#1739=LINE('',#12067,#2513);
#1740=LINE('',#12073,#2514);
#1741=LINE('',#12076,#2515);
#1742=LINE('',#12079,#2516);
#1743=LINE('',#12080,#2517);
#1744=LINE('',#12082,#2518);
#1745=LINE('',#12084,#2519);
#1746=LINE('',#12085,#2520);
#1747=LINE('',#12088,#2521);
#1748=LINE('',#12090,#2522);
#1749=LINE('',#12092,#2523);
#1750=LINE('',#12094,#2524);
#1751=LINE('',#12096,#2525);
#1752=LINE('',#12098,#2526);
#1753=LINE('',#12100,#2527);
#1754=LINE('',#12102,#2528);
#1755=LINE('',#12104,#2529);
#1756=LINE('',#12106,#2530);
#1757=LINE('',#12108,#2531);
#1758=LINE('',#12110,#2532);
#1759=LINE('',#12112,#2533);
#1760=LINE('',#12114,#2534);
#1761=LINE('',#12116,#2535);
#1762=LINE('',#12118,#2536);
#1763=LINE('',#12120,#2537);
#1764=LINE('',#12122,#2538);
#1765=LINE('',#12126,#2539);
#1766=LINE('',#12128,#2540);
#1767=LINE('',#12130,#2541);
#1768=LINE('',#12132,#2542);
#1769=LINE('',#12134,#2543);
#1770=LINE('',#12136,#2544);
#1771=LINE('',#12138,#2545);
#1772=LINE('',#12140,#2546);
#1773=LINE('',#12142,#2547);
#1774=LINE('',#12144,#2548);
#1775=LINE('',#12146,#2549);
#1776=LINE('',#12148,#2550);
#1777=LINE('',#12150,#2551);
#1778=LINE('',#12152,#2552);
#1779=LINE('',#12154,#2553);
#1780=LINE('',#12156,#2554);
#1781=LINE('',#12158,#2555);
#1782=LINE('',#12160,#2556);
#1783=LINE('',#12162,#2557);
#1784=LINE('',#12164,#2558);
#1785=LINE('',#12166,#2559);
#1786=LINE('',#12169,#2560);
#1787=LINE('',#12175,#2561);
#1788=LINE('',#12177,#2562);
#1789=LINE('',#12179,#2563);
#1790=LINE('',#12181,#2564);
#1791=LINE('',#12182,#2565);
#1792=LINE('',#12184,#2566);
#1793=LINE('',#12186,#2567);
#1794=LINE('',#12188,#2568);
#1795=LINE('',#12189,#2569);
#1796=LINE('',#12191,#2570);
#1797=LINE('',#12193,#2571);
#1798=LINE('',#12194,#2572);
#1799=LINE('',#12196,#2573);
#1800=LINE('',#12198,#2574);
#1801=LINE('',#12199,#2575);
#1802=LINE('',#12201,#2576);
#1803=LINE('',#12203,#2577);
#1804=LINE('',#12204,#2578);
#1805=LINE('',#12206,#2579);
#1806=LINE('',#12208,#2580);
#1807=LINE('',#12210,#2581);
#1808=LINE('',#12212,#2582);
#1809=LINE('',#12214,#2583);
#1810=LINE('',#12216,#2584);
#1811=LINE('',#12218,#2585);
#1812=LINE('',#12220,#2586);
#1813=LINE('',#12222,#2587);
#1814=LINE('',#12224,#2588);
#1815=LINE('',#12226,#2589);
#1816=LINE('',#12228,#2590);
#1817=LINE('',#12230,#2591);
#1818=LINE('',#12232,#2592);
#1819=LINE('',#12234,#2593);
#1820=LINE('',#12236,#2594);
#1821=LINE('',#12238,#2595);
#1822=LINE('',#12239,#2596);
#1823=LINE('',#12241,#2597);
#1824=LINE('',#12243,#2598);
#1825=LINE('',#12244,#2599);
#1826=LINE('',#12246,#2600);
#1827=LINE('',#12248,#2601);
#1828=LINE('',#12249,#2602);
#1829=LINE('',#12251,#2603);
#1830=LINE('',#12253,#2604);
#1831=LINE('',#12255,#2605);
#1832=LINE('',#12257,#2606);
#1833=LINE('',#12259,#2607);
#1834=LINE('',#12261,#2608);
#1835=LINE('',#12263,#2609);
#1836=LINE('',#12265,#2610);
#1837=LINE('',#12267,#2611);
#1838=LINE('',#12269,#2612);
#1839=LINE('',#12271,#2613);
#1840=LINE('',#12273,#2614);
#1841=LINE('',#12275,#2615);
#1842=LINE('',#12277,#2616);
#1843=LINE('',#12279,#2617);
#1844=LINE('',#12281,#2618);
#1845=LINE('',#12283,#2619);
#1846=LINE('',#12285,#2620);
#1847=LINE('',#12286,#2621);
#1848=LINE('',#12288,#2622);
#1849=LINE('',#12290,#2623);
#1850=LINE('',#12291,#2624);
#1851=LINE('',#12293,#2625);
#1852=LINE('',#12295,#2626);
#1853=LINE('',#12296,#2627);
#1854=LINE('',#12298,#2628);
#1855=LINE('',#12300,#2629);
#1856=LINE('',#12301,#2630);
#1857=LINE('',#12303,#2631);
#1858=LINE('',#12305,#2632);
#1859=LINE('',#12306,#2633);
#1860=LINE('',#12310,#2634);
#1861=LINE('',#12314,#2635);
#1862=LINE('',#12318,#2636);
#1863=LINE('',#12322,#2637);
#1864=LINE('',#12326,#2638);
#1865=LINE('',#12330,#2639);
#1866=LINE('',#12334,#2640);
#1867=LINE('',#12338,#2641);
#1868=LINE('',#12342,#2642);
#1869=LINE('',#12346,#2643);
#1870=LINE('',#12350,#2644);
#1871=LINE('',#12354,#2645);
#1872=LINE('',#12358,#2646);
#1873=LINE('',#12362,#2647);
#1874=LINE('',#12372,#2648);
#1875=LINE('',#12375,#2649);
#1876=LINE('',#12380,#2650);
#1877=LINE('',#12383,#2651);
#1878=LINE('',#12390,#2652);
#1879=LINE('',#12394,#2653);
#1880=LINE('',#12398,#2654);
#1881=LINE('',#12399,#2655);
#1882=LINE('',#12401,#2656);
#1883=LINE('',#12403,#2657);
#1884=LINE('',#12404,#2658);
#1885=LINE('',#12406,#2659);
#1886=LINE('',#12408,#2660);
#1887=LINE('',#12409,#2661);
#1888=LINE('',#12411,#2662);
#1889=LINE('',#12413,#2663);
#1890=LINE('',#12414,#2664);
#1891=LINE('',#12416,#2665);
#1892=LINE('',#12418,#2666);
#1893=LINE('',#12419,#2667);
#1894=LINE('',#12422,#2668);
#1895=LINE('',#12424,#2669);
#1896=LINE('',#12425,#2670);
#1897=LINE('',#12427,#2671);
#1898=LINE('',#12429,#2672);
#1899=LINE('',#12430,#2673);
#1900=LINE('',#12432,#2674);
#1901=LINE('',#12434,#2675);
#1902=LINE('',#12435,#2676);
#1903=LINE('',#12437,#2677);
#1904=LINE('',#12439,#2678);
#1905=LINE('',#12440,#2679);
#1906=LINE('',#12442,#2680);
#1907=LINE('',#12443,#2681);
#1908=LINE('',#12445,#2682);
#1909=LINE('',#12448,#2683);
#1910=LINE('',#12453,#2684);
#1911=LINE('',#12454,#2685);
#1912=LINE('',#12455,#2686);
#1913=LINE('',#12459,#2687);
#1914=LINE('',#12460,#2688);
#1915=LINE('',#12461,#2689);
#1916=LINE('',#12466,#2690);
#1917=LINE('',#12469,#2691);
#1918=LINE('',#12470,#2692);
#1919=LINE('',#12475,#2693);
#1920=LINE('',#12478,#2694);
#1921=LINE('',#12479,#2695);
#1922=LINE('',#12484,#2696);
#1923=LINE('',#12487,#2697);
#1924=LINE('',#12493,#2698);
#1925=LINE('',#12495,#2699);
#1926=LINE('',#12497,#2700);
#1927=LINE('',#12500,#2701);
#1928=LINE('',#12505,#2702);
#1929=LINE('',#12506,#2703);
#1930=LINE('',#12507,#2704);
#1931=LINE('',#12511,#2705);
#1932=LINE('',#12512,#2706);
#1933=LINE('',#12513,#2707);
#1934=LINE('',#12518,#2708);
#1935=LINE('',#12521,#2709);
#1936=LINE('',#12522,#2710);
#1937=LINE('',#12527,#2711);
#1938=LINE('',#12530,#2712);
#1939=LINE('',#12531,#2713);
#1940=LINE('',#12536,#2714);
#1941=LINE('',#12539,#2715);
#1942=LINE('',#12544,#2716);
#1943=LINE('',#12547,#2717);
#1944=LINE('',#12549,#2718);
#1945=LINE('',#12552,#2719);
#1946=LINE('',#12557,#2720);
#1947=LINE('',#12558,#2721);
#1948=LINE('',#12559,#2722);
#1949=LINE('',#12563,#2723);
#1950=LINE('',#12564,#2724);
#1951=LINE('',#12565,#2725);
#1952=LINE('',#12570,#2726);
#1953=LINE('',#12573,#2727);
#1954=LINE('',#12574,#2728);
#1955=LINE('',#12579,#2729);
#1956=LINE('',#12582,#2730);
#1957=LINE('',#12583,#2731);
#1958=LINE('',#12589,#2732);
#1959=LINE('',#12591,#2733);
#1960=LINE('',#12596,#2734);
#1961=LINE('',#12599,#2735);
#1962=LINE('',#12601,#2736);
#1963=LINE('',#12604,#2737);
#1964=LINE('',#12609,#2738);
#1965=LINE('',#12610,#2739);
#1966=LINE('',#12611,#2740);
#1967=LINE('',#12615,#2741);
#1968=LINE('',#12616,#2742);
#1969=LINE('',#12617,#2743);
#1970=LINE('',#12622,#2744);
#1971=LINE('',#12625,#2745);
#1972=LINE('',#12626,#2746);
#1973=LINE('',#12631,#2747);
#1974=LINE('',#12634,#2748);
#1975=LINE('',#12635,#2749);
#1976=LINE('',#12640,#2750);
#1977=LINE('',#12643,#2751);
#1978=LINE('',#12648,#2752);
#1979=LINE('',#12651,#2753);
#1980=LINE('',#12653,#2754);
#1981=LINE('',#12656,#2755);
#1982=LINE('',#12663,#2756);
#1983=LINE('',#12667,#2757);
#1984=LINE('',#12672,#2758);
#1985=LINE('',#12673,#2759);
#1986=LINE('',#12674,#2760);
#1987=LINE('',#12678,#2761);
#1988=LINE('',#12682,#2762);
#1989=LINE('',#12683,#2763);
#1990=LINE('',#12686,#2764);
#1991=LINE('',#12688,#2765);
#1992=LINE('',#12689,#2766);
#1993=LINE('',#12692,#2767);
#1994=LINE('',#12699,#2768);
#1995=LINE('',#12703,#2769);
#1996=LINE('',#12707,#2770);
#1997=LINE('',#12711,#2771);
#1998=LINE('',#12715,#2772);
#1999=LINE('',#12719,#2773);
#2000=LINE('',#12723,#2774);
#2001=LINE('',#12727,#2775);
#2002=LINE('',#12731,#2776);
#2003=LINE('',#12735,#2777);
#2004=LINE('',#12739,#2778);
#2005=LINE('',#12742,#2779);
#2006=LINE('',#12747,#2780);
#2007=LINE('',#12750,#2781);
#2008=LINE('',#12753,#2782);
#2009=LINE('',#12757,#2783);
#2010=LINE('',#12769,#2784);
#2011=LINE('',#12773,#2785);
#2012=LINE('',#12777,#2786);
#2013=LINE('',#12779,#2787);
#2014=LINE('',#12783,#2788);
#2015=LINE('',#12784,#2789);
#2016=LINE('',#12787,#2790);
#2017=LINE('',#12790,#2791);
#2018=LINE('',#12793,#2792);
#2019=LINE('',#12795,#2793);
#2020=LINE('',#12796,#2794);
#2021=LINE('',#12799,#2795);
#2022=LINE('',#12803,#2796);
#2023=LINE('',#12805,#2797);
#2024=LINE('',#12809,#2798);
#2025=LINE('',#12810,#2799);
#2026=LINE('',#12814,#2800);
#2027=LINE('',#12817,#2801);
#2028=LINE('',#12818,#2802);
#2029=LINE('',#12822,#2803);
#2030=LINE('',#12825,#2804);
#2031=LINE('',#12826,#2805);
#2032=LINE('',#12829,#2806);
#2033=LINE('',#12833,#2807);
#2034=LINE('',#12834,#2808);
#2035=LINE('',#12837,#2809);
#2036=LINE('',#12841,#2810);
#2037=LINE('',#12842,#2811);
#2038=LINE('',#12845,#2812);
#2039=LINE('',#12849,#2813);
#2040=LINE('',#12850,#2814);
#2041=LINE('',#12853,#2815);
#2042=LINE('',#12857,#2816);
#2043=LINE('',#12858,#2817);
#2044=LINE('',#12861,#2818);
#2045=LINE('',#12865,#2819);
#2046=LINE('',#12866,#2820);
#2047=LINE('',#12869,#2821);
#2048=LINE('',#12873,#2822);
#2049=LINE('',#12874,#2823);
#2050=LINE('',#12877,#2824);
#2051=LINE('',#12881,#2825);
#2052=LINE('',#12882,#2826);
#2053=LINE('',#12885,#2827);
#2054=LINE('',#12889,#2828);
#2055=LINE('',#12890,#2829);
#2056=LINE('',#12893,#2830);
#2057=LINE('',#12896,#2831);
#2058=LINE('',#12899,#2832);
#2059=LINE('',#12901,#2833);
#2060=LINE('',#12902,#2834);
#2061=LINE('',#12905,#2835);
#2062=LINE('',#12909,#2836);
#2063=LINE('',#12910,#2837);
#2064=LINE('',#12913,#2838);
#2065=LINE('',#12917,#2839);
#2066=LINE('',#12918,#2840);
#2067=LINE('',#12921,#2841);
#2068=LINE('',#12925,#2842);
#2069=LINE('',#12926,#2843);
#2070=LINE('',#12929,#2844);
#2071=LINE('',#12933,#2845);
#2072=LINE('',#12934,#2846);
#2073=LINE('',#12937,#2847);
#2074=LINE('',#12941,#2848);
#2075=LINE('',#12942,#2849);
#2076=LINE('',#12945,#2850);
#2077=LINE('',#12949,#2851);
#2078=LINE('',#12951,#2852);
#2079=LINE('',#12952,#2853);
#2080=LINE('',#12955,#2854);
#2081=LINE('',#12959,#2855);
#2082=LINE('',#12960,#2856);
#2083=LINE('',#12965,#2857);
#2084=LINE('',#12968,#2858);
#2085=LINE('',#12971,#2859);
#2086=LINE('',#12972,#2860);
#2087=LINE('',#12975,#2861);
#2088=LINE('',#12977,#2862);
#2089=LINE('',#12978,#2863);
#2090=LINE('',#12981,#2864);
#2091=LINE('',#12985,#2865);
#2092=LINE('',#12986,#2866);
#2093=LINE('',#12991,#2867);
#2094=LINE('',#12994,#2868);
#2095=LINE('',#12997,#2869);
#2096=LINE('',#12998,#2870);
#2097=LINE('',#13002,#2871);
#2098=LINE('',#13006,#2872);
#2099=LINE('',#13010,#2873);
#2100=LINE('',#13014,#2874);
#2101=LINE('',#13018,#2875);
#2102=LINE('',#13022,#2876);
#2103=LINE('',#13026,#2877);
#2104=LINE('',#13030,#2878);
#2105=LINE('',#13033,#2879);
#2106=LINE('',#13035,#2880);
#2107=LINE('',#13036,#2881);
#2108=LINE('',#13039,#2882);
#2109=LINE('',#13043,#2883);
#2110=LINE('',#13044,#2884);
#2111=LINE('',#13049,#2885);
#2112=LINE('',#13052,#2886);
#2113=LINE('',#13055,#2887);
#2114=LINE('',#13056,#2888);
#2115=LINE('',#13059,#2889);
#2116=LINE('',#13061,#2890);
#2117=LINE('',#13062,#2891);
#2118=LINE('',#13065,#2892);
#2119=LINE('',#13069,#2893);
#2120=LINE('',#13070,#2894);
#2121=LINE('',#13075,#2895);
#2122=LINE('',#13078,#2896);
#2123=LINE('',#13081,#2897);
#2124=LINE('',#13082,#2898);
#2125=LINE('',#13084,#2899);
#2126=LINE('',#13085,#2900);
#2127=LINE('',#13088,#2901);
#2128=LINE('',#13092,#2902);
#2129=LINE('',#13093,#2903);
#2130=LINE('',#13096,#2904);
#2131=LINE('',#13100,#2905);
#2132=LINE('',#13101,#2906);
#2133=LINE('',#13104,#2907);
#2134=LINE('',#13108,#2908);
#2135=LINE('',#13109,#2909);
#2136=LINE('',#13112,#2910);
#2137=LINE('',#13116,#2911);
#2138=LINE('',#13117,#2912);
#2139=LINE('',#13120,#2913);
#2140=LINE('',#13124,#2914);
#2141=LINE('',#13125,#2915);
#2142=LINE('',#13128,#2916);
#2143=LINE('',#13131,#2917);
#2144=LINE('',#13132,#2918);
#2145=LINE('',#13134,#2919);
#2146=LINE('',#13136,#2920);
#2147=LINE('',#13138,#2921);
#2148=LINE('',#13140,#2922);
#2149=LINE('',#13142,#2923);
#2150=LINE('',#13144,#2924);
#2151=LINE('',#13146,#2925);
#2152=LINE('',#13148,#2926);
#2153=LINE('',#13150,#2927);
#2154=LINE('',#13152,#2928);
#2155=LINE('',#13155,#2929);
#2156=LINE('',#13157,#2930);
#2157=LINE('',#13159,#2931);
#2158=LINE('',#13161,#2932);
#2159=LINE('',#13165,#2933);
#2160=LINE('',#13167,#2934);
#2161=LINE('',#13171,#2935);
#2162=LINE('',#13173,#2936);
#2163=LINE('',#13178,#2937);
#2164=LINE('',#13180,#2938);
#2165=LINE('',#13184,#2939);
#2166=LINE('',#13186,#2940);
#2167=LINE('',#13189,#2941);
#2168=LINE('',#13192,#2942);
#2169=LINE('',#13194,#2943);
#2170=LINE('',#13196,#2944);
#2171=LINE('',#13198,#2945);
#2172=LINE('',#13200,#2946);
#2173=LINE('',#13202,#2947);
#2174=LINE('',#13203,#2948);
#2175=LINE('',#13206,#2949);
#2176=LINE('',#13207,#2950);
#2177=LINE('',#13209,#2951);
#2178=LINE('',#13213,#2952);
#2179=LINE('',#13215,#2953);
#2180=LINE('',#13217,#2954);
#2181=LINE('',#13219,#2955);
#2182=LINE('',#13220,#2956);
#2183=LINE('',#13223,#2957);
#2184=LINE('',#13224,#2958);
#2185=LINE('',#13227,#2959);
#2186=LINE('',#13229,#2960);
#2187=LINE('',#13231,#2961);
#2188=LINE('',#13232,#2962);
#2189=LINE('',#13235,#2963);
#2190=LINE('',#13244,#2964);
#2191=LINE('',#13272,#2965);
#2192=LINE('',#13289,#2966);
#2193=LINE('',#13296,#2967);
#2194=LINE('',#13298,#2968);
#2195=LINE('',#13300,#2969);
#2196=LINE('',#13302,#2970);
#2197=LINE('',#13304,#2971);
#2198=LINE('',#13305,#2972);
#2199=LINE('',#13307,#2973);
#2200=LINE('',#13308,#2974);
#2201=LINE('',#13310,#2975);
#2202=LINE('',#13312,#2976);
#2203=LINE('',#13314,#2977);
#2204=LINE('',#13316,#2978);
#2205=LINE('',#13323,#2979);
#2206=LINE('',#13351,#2980);
#2207=LINE('',#13368,#2981);
#2208=LINE('',#13375,#2982);
#2209=LINE('',#13377,#2983);
#2210=LINE('',#13379,#2984);
#2211=LINE('',#13381,#2985);
#2212=LINE('',#13383,#2986);
#2213=LINE('',#13384,#2987);
#2214=LINE('',#13386,#2988);
#2215=LINE('',#13387,#2989);
#2216=LINE('',#13389,#2990);
#2217=LINE('',#13391,#2991);
#2218=LINE('',#13393,#2992);
#2219=LINE('',#13395,#2993);
#2220=VECTOR('',#8772,6.075);
#2221=VECTOR('',#8779,14.);
#2222=VECTOR('',#8798,6.075);
#2223=VECTOR('',#8803,14.);
#2224=VECTOR('',#8816,6.275);
#2225=VECTOR('',#8823,10.);
#2226=VECTOR('',#8826,10.);
#2227=VECTOR('',#8829,10.);
#2228=VECTOR('',#8832,10.);
#2229=VECTOR('',#8835,10.);
#2230=VECTOR('',#8838,10.);
#2231=VECTOR('',#8841,10.);
#2232=VECTOR('',#8844,10.);
#2233=VECTOR('',#8847,10.);
#2234=VECTOR('',#8850,10.);
#2235=VECTOR('',#8853,10.);
#2236=VECTOR('',#8856,10.);
#2237=VECTOR('',#8861,10.);
#2238=VECTOR('',#8864,10.);
#2239=VECTOR('',#8867,10.);
#2240=VECTOR('',#8870,10.);
#2241=VECTOR('',#8879,6.075);
#2242=VECTOR('',#8882,6.27499999999999);
#2243=VECTOR('',#8889,6.075);
#2244=VECTOR('',#8892,6.275);
#2245=VECTOR('',#8899,6.075);
#2246=VECTOR('',#8902,6.27499999999999);
#2247=VECTOR('',#8909,6.075);
#2248=VECTOR('',#8912,10.);
#2249=VECTOR('',#8913,10.);
#2250=VECTOR('',#8914,10.);
#2251=VECTOR('',#8917,10.);
#2252=VECTOR('',#8922,10.);
#2253=VECTOR('',#8923,10.);
#2254=VECTOR('',#8930,10.);
#2255=VECTOR('',#8933,10.);
#2256=VECTOR('',#8936,10.);
#2257=VECTOR('',#8937,10.);
#2258=VECTOR('',#8940,10.);
#2259=VECTOR('',#8941,10.);
#2260=VECTOR('',#8942,10.);
#2261=VECTOR('',#8945,10.);
#2262=VECTOR('',#8950,10.);
#2263=VECTOR('',#8951,10.);
#2264=VECTOR('',#8958,10.);
#2265=VECTOR('',#8961,10.);
#2266=VECTOR('',#8964,10.);
#2267=VECTOR('',#8965,10.);
#2268=VECTOR('',#8968,10.);
#2269=VECTOR('',#8971,10.);
#2270=VECTOR('',#8974,10.);
#2271=VECTOR('',#8975,10.);
#2272=VECTOR('',#8978,10.);
#2273=VECTOR('',#8983,10.);
#2274=VECTOR('',#8984,10.);
#2275=VECTOR('',#8987,10.);
#2276=VECTOR('',#8992,10.);
#2277=VECTOR('',#8993,10.);
#2278=VECTOR('',#8996,10.);
#2279=VECTOR('',#9001,10.);
#2280=VECTOR('',#9002,10.);
#2281=VECTOR('',#9005,10.);
#2282=VECTOR('',#9010,10.);
#2283=VECTOR('',#9011,10.);
#2284=VECTOR('',#9014,10.);
#2285=VECTOR('',#9019,10.);
#2286=VECTOR('',#9020,10.);
#2287=VECTOR('',#9023,10.);
#2288=VECTOR('',#9028,10.);
#2289=VECTOR('',#9029,10.);
#2290=VECTOR('',#9032,10.);
#2291=VECTOR('',#9037,10.);
#2292=VECTOR('',#9038,10.);
#2293=VECTOR('',#9041,10.);
#2294=VECTOR('',#9046,10.);
#2295=VECTOR('',#9047,10.);
#2296=VECTOR('',#9050,10.);
#2297=VECTOR('',#9055,10.);
#2298=VECTOR('',#9056,10.);
#2299=VECTOR('',#9059,10.);
#2300=VECTOR('',#9064,10.);
#2301=VECTOR('',#9065,10.);
#2302=VECTOR('',#9068,10.);
#2303=VECTOR('',#9073,10.);
#2304=VECTOR('',#9076,10.);
#2305=VECTOR('',#9077,10.);
#2306=VECTOR('',#9078,10.);
#2307=VECTOR('',#9081,10.);
#2308=VECTOR('',#9086,10.);
#2309=VECTOR('',#9087,10.);
#2310=VECTOR('',#9090,10.);
#2311=VECTOR('',#9095,10.);
#2312=VECTOR('',#9096,10.);
#2313=VECTOR('',#9099,10.);
#2314=VECTOR('',#9104,10.);
#2315=VECTOR('',#9105,10.);
#2316=VECTOR('',#9108,10.);
#2317=VECTOR('',#9113,10.);
#2318=VECTOR('',#9114,10.);
#2319=VECTOR('',#9117,10.);
#2320=VECTOR('',#9122,10.);
#2321=VECTOR('',#9123,10.);
#2322=VECTOR('',#9126,10.);
#2323=VECTOR('',#9133,6.275);
#2324=VECTOR('',#9136,10.);
#2325=VECTOR('',#9139,10.);
#2326=VECTOR('',#9142,10.);
#2327=VECTOR('',#9145,10.);
#2328=VECTOR('',#9148,10.);
#2329=VECTOR('',#9151,10.);
#2330=VECTOR('',#9154,10.);
#2331=VECTOR('',#9157,10.);
#2332=VECTOR('',#9160,10.);
#2333=VECTOR('',#9163,10.);
#2334=VECTOR('',#9166,10.);
#2335=VECTOR('',#9169,10.);
#2336=VECTOR('',#9178,10.);
#2337=VECTOR('',#9181,10.);
#2338=VECTOR('',#9184,10.);
#2339=VECTOR('',#9187,10.);
#2340=VECTOR('',#9192,6.275);
#2341=VECTOR('',#9195,6.27499999999999);
#2342=VECTOR('',#9198,6.27499999999999);
#2343=VECTOR('',#9201,10.);
#2344=VECTOR('',#9202,10.);
#2345=VECTOR('',#9203,10.);
#2346=VECTOR('',#9208,10.);
#2347=VECTOR('',#9211,10.);
#2348=VECTOR('',#9212,10.);
#2349=VECTOR('',#9217,10.);
#2350=VECTOR('',#9220,10.);
#2351=VECTOR('',#9223,10.);
#2352=VECTOR('',#9226,10.);
#2353=VECTOR('',#9229,10.);
#2354=VECTOR('',#9232,10.);
#2355=VECTOR('',#9235,10.);
#2356=VECTOR('',#9238,10.);
#2357=VECTOR('',#9241,10.);
#2358=VECTOR('',#9244,10.);
#2359=VECTOR('',#9247,10.);
#2360=VECTOR('',#9250,10.);
#2361=VECTOR('',#9253,10.);
#2362=VECTOR('',#9256,10.);
#2363=VECTOR('',#9257,10.);
#2364=VECTOR('',#9260,10.);
#2365=VECTOR('',#9265,10.);
#2366=VECTOR('',#9266,10.);
#2367=VECTOR('',#9269,10.);
#2368=VECTOR('',#9274,10.);
#2369=VECTOR('',#9275,10.);
#2370=VECTOR('',#9280,10.);
#2371=VECTOR('',#9283,10.);
#2372=VECTOR('',#9284,10.);
#2373=VECTOR('',#9291,10.);
#2374=VECTOR('',#9294,10.);
#2375=VECTOR('',#9297,10.);
#2376=VECTOR('',#9300,10.);
#2377=VECTOR('',#9303,10.);
#2378=VECTOR('',#9304,10.);
#2379=VECTOR('',#9307,10.);
#2380=VECTOR('',#9310,10.);
#2381=VECTOR('',#9315,10.);
#2382=VECTOR('',#9318,10.);
#2383=VECTOR('',#9319,10.);
#2384=VECTOR('',#9324,10.);
#2385=VECTOR('',#9325,10.);
#2386=VECTOR('',#9328,10.);
#2387=VECTOR('',#9333,10.);
#2388=VECTOR('',#9338,10.);
#2389=VECTOR('',#9339,10.);
#2390=VECTOR('',#9342,10.);
#2391=VECTOR('',#9347,10.);
#2392=VECTOR('',#9352,10.);
#2393=VECTOR('',#9355,10.);
#2394=VECTOR('',#9358,10.);
#2395=VECTOR('',#9361,10.);
#2396=VECTOR('',#9370,10.);
#2397=VECTOR('',#9371,10.);
#2398=VECTOR('',#9372,10.);
#2399=VECTOR('',#9373,10.);
#2400=VECTOR('',#9378,10.);
#2401=VECTOR('',#9385,1.7);
#2402=VECTOR('',#9392,1.7);
#2403=VECTOR('',#9397,10.);
#2404=VECTOR('',#9398,10.);
#2405=VECTOR('',#9399,10.);
#2406=VECTOR('',#9414,10.);
#2407=VECTOR('',#9417,10.);
#2408=VECTOR('',#9426,10.);
#2409=VECTOR('',#9427,10.);
#2410=VECTOR('',#9428,10.);
#2411=VECTOR('',#9431,10.);
#2412=VECTOR('',#9436,10.);
#2413=VECTOR('',#9437,10.);
#2414=VECTOR('',#9444,1.7);
#2415=VECTOR('',#9449,1.7);
#2416=VECTOR('',#9464,10.);
#2417=VECTOR('',#9467,10.);
#2418=VECTOR('',#9478,10.);
#2419=VECTOR('',#9481,10.);
#2420=VECTOR('',#9490,10.);
#2421=VECTOR('',#9493,10.);
#2422=VECTOR('',#9496,10.);
#2423=VECTOR('',#9497,10.);
#2424=VECTOR('',#9500,10.);
#2425=VECTOR('',#9503,10.);
#2426=VECTOR('',#9506,10.);
#2427=VECTOR('',#9507,10.);
#2428=VECTOR('',#9514,10.);
#2429=VECTOR('',#9525,10.);
#2430=VECTOR('',#9528,10.);
#2431=VECTOR('',#9535,10.);
#2432=VECTOR('',#9538,10.);
#2433=VECTOR('',#9541,10.);
#2434=VECTOR('',#9544,10.);
#2435=VECTOR('',#9545,10.);
#2436=VECTOR('',#9548,10.);
#2437=VECTOR('',#9551,10.);
#2438=VECTOR('',#9558,10.);
#2439=VECTOR('',#9563,10.);
#2440=VECTOR('',#9564,10.);
#2441=VECTOR('',#9565,10.);
#2442=VECTOR('',#9570,10.);
#2443=VECTOR('',#9575,10.);
#2444=VECTOR('',#9582,10.);
#2445=VECTOR('',#9583,10.);
#2446=VECTOR('',#9584,10.);
#2447=VECTOR('',#9587,10.);
#2448=VECTOR('',#9596,10.);
#2449=VECTOR('',#9601,10.);
#2450=VECTOR('',#9602,10.);
#2451=VECTOR('',#9603,10.);
#2452=VECTOR('',#9608,10.);
#2453=VECTOR('',#9613,10.);
#2454=VECTOR('',#9620,10.);
#2455=VECTOR('',#9621,10.);
#2456=VECTOR('',#9624,10.);
#2457=VECTOR('',#9627,10.);
#2458=VECTOR('',#9630,10.);
#2459=VECTOR('',#9631,10.);
#2460=VECTOR('',#9634,10.);
#2461=VECTOR('',#9639,10.);
#2462=VECTOR('',#9644,10.);
#2463=VECTOR('',#9645,10.);
#2464=VECTOR('',#9648,10.);
#2465=VECTOR('',#9657,10.);
#2466=VECTOR('',#9662,6.275);
#2467=VECTOR('',#9667,6.075);
#2468=VECTOR('',#9672,6.275);
#2469=VECTOR('',#9677,6.075);
#2470=VECTOR('',#9684,6.275);
#2471=VECTOR('',#9687,10.);
#2472=VECTOR('',#9692,10.);
#2473=VECTOR('',#9697,10.);
#2474=VECTOR('',#9702,10.);
#2475=VECTOR('',#9711,10.);
#2476=VECTOR('',#9714,6.275);
#2477=VECTOR('',#9717,10.);
#2478=VECTOR('',#9718,10.);
#2479=VECTOR('',#9721,10.);
#2480=VECTOR('',#9724,10.);
#2481=VECTOR('',#9727,10.);
#2482=VECTOR('',#9730,10.);
#2483=VECTOR('',#9733,10.);
#2484=VECTOR('',#9738,10.);
#2485=VECTOR('',#9739,10.);
#2486=VECTOR('',#9742,10.);
#2487=VECTOR('',#9749,10.);
#2488=VECTOR('',#9752,10.);
#2489=VECTOR('',#9753,10.);
#2490=VECTOR('',#9758,10.);
#2491=VECTOR('',#9763,10.);
#2492=VECTOR('',#9766,10.);
#2493=VECTOR('',#9771,10.);
#2494=VECTOR('',#9776,10.);
#2495=VECTOR('',#9779,10.);
#2496=VECTOR('',#9782,10.);
#2497=VECTOR('',#9787,10.);
#2498=VECTOR('',#9794,10.);
#2499=VECTOR('',#9795,10.);
#2500=VECTOR('',#9796,10.);
#2501=VECTOR('',#9797,10.);
#2502=VECTOR('',#9800,10.);
#2503=VECTOR('',#9801,10.);
#2504=VECTOR('',#9802,10.);
#2505=VECTOR('',#9803,10.);
#2506=VECTOR('',#9808,10.);
#2507=VECTOR('',#9813,10.);
#2508=VECTOR('',#9814,10.);
#2509=VECTOR('',#9815,10.);
#2510=VECTOR('',#9820,10.);
#2511=VECTOR('',#9825,10.);
#2512=VECTOR('',#9826,10.);
#2513=VECTOR('',#9827,10.);
#2514=VECTOR('',#9832,10.);
#2515=VECTOR('',#9835,10.);
#2516=VECTOR('',#9838,10.);
#2517=VECTOR('',#9839,10.);
#2518=VECTOR('',#9840,10.);
#2519=VECTOR('',#9841,10.);
#2520=VECTOR('',#9842,10.);
#2521=VECTOR('',#9845,10.);
#2522=VECTOR('',#9846,10.);
#2523=VECTOR('',#9847,10.);
#2524=VECTOR('',#9848,10.);
#2525=VECTOR('',#9849,10.);
#2526=VECTOR('',#9850,10.);
#2527=VECTOR('',#9851,10.);
#2528=VECTOR('',#9852,10.);
#2529=VECTOR('',#9853,10.);
#2530=VECTOR('',#9854,10.);
#2531=VECTOR('',#9855,10.);
#2532=VECTOR('',#9856,10.);
#2533=VECTOR('',#9857,10.);
#2534=VECTOR('',#9858,10.);
#2535=VECTOR('',#9859,10.);
#2536=VECTOR('',#9860,10.);
#2537=VECTOR('',#9861,10.);
#2538=VECTOR('',#9862,10.);
#2539=VECTOR('',#9865,10.);
#2540=VECTOR('',#9866,10.);
#2541=VECTOR('',#9867,10.);
#2542=VECTOR('',#9868,10.);
#2543=VECTOR('',#9869,10.);
#2544=VECTOR('',#9870,10.);
#2545=VECTOR('',#9871,10.);
#2546=VECTOR('',#9872,10.);
#2547=VECTOR('',#9873,10.);
#2548=VECTOR('',#9874,10.);
#2549=VECTOR('',#9875,10.);
#2550=VECTOR('',#9876,10.);
#2551=VECTOR('',#9877,10.);
#2552=VECTOR('',#9878,10.);
#2553=VECTOR('',#9879,10.);
#2554=VECTOR('',#9880,10.);
#2555=VECTOR('',#9881,10.);
#2556=VECTOR('',#9882,10.);
#2557=VECTOR('',#9883,10.);
#2558=VECTOR('',#9884,10.);
#2559=VECTOR('',#9885,10.);
#2560=VECTOR('',#9888,10.);
#2561=VECTOR('',#9895,10.);
#2562=VECTOR('',#9898,10.);
#2563=VECTOR('',#9899,10.);
#2564=VECTOR('',#9900,10.);
#2565=VECTOR('',#9901,10.);
#2566=VECTOR('',#9904,10.);
#2567=VECTOR('',#9905,10.);
#2568=VECTOR('',#9906,10.);
#2569=VECTOR('',#9907,10.);
#2570=VECTOR('',#9908,10.);
#2571=VECTOR('',#9909,10.);
#2572=VECTOR('',#9910,10.);
#2573=VECTOR('',#9911,10.);
#2574=VECTOR('',#9912,10.);
#2575=VECTOR('',#9913,10.);
#2576=VECTOR('',#9914,10.);
#2577=VECTOR('',#9915,10.);
#2578=VECTOR('',#9916,10.);
#2579=VECTOR('',#9917,10.);
#2580=VECTOR('',#9918,10.);
#2581=VECTOR('',#9919,10.);
#2582=VECTOR('',#9920,10.);
#2583=VECTOR('',#9921,10.);
#2584=VECTOR('',#9922,10.);
#2585=VECTOR('',#9923,10.);
#2586=VECTOR('',#9924,10.);
#2587=VECTOR('',#9925,10.);
#2588=VECTOR('',#9926,10.);
#2589=VECTOR('',#9927,10.);
#2590=VECTOR('',#9928,10.);
#2591=VECTOR('',#9929,10.);
#2592=VECTOR('',#9930,10.);
#2593=VECTOR('',#9931,10.);
#2594=VECTOR('',#9932,10.);
#2595=VECTOR('',#9933,10.);
#2596=VECTOR('',#9934,10.);
#2597=VECTOR('',#9935,10.);
#2598=VECTOR('',#9936,10.);
#2599=VECTOR('',#9937,10.);
#2600=VECTOR('',#9940,10.);
#2601=VECTOR('',#9941,10.);
#2602=VECTOR('',#9942,10.);
#2603=VECTOR('',#9943,10.);
#2604=VECTOR('',#9944,10.);
#2605=VECTOR('',#9945,10.);
#2606=VECTOR('',#9946,10.);
#2607=VECTOR('',#9947,10.);
#2608=VECTOR('',#9948,10.);
#2609=VECTOR('',#9949,10.);
#2610=VECTOR('',#9950,10.);
#2611=VECTOR('',#9951,10.);
#2612=VECTOR('',#9952,10.);
#2613=VECTOR('',#9953,10.);
#2614=VECTOR('',#9954,10.);
#2615=VECTOR('',#9955,10.);
#2616=VECTOR('',#9956,10.);
#2617=VECTOR('',#9957,10.);
#2618=VECTOR('',#9958,10.);
#2619=VECTOR('',#9959,10.);
#2620=VECTOR('',#9960,10.);
#2621=VECTOR('',#9961,10.);
#2622=VECTOR('',#9962,10.);
#2623=VECTOR('',#9963,10.);
#2624=VECTOR('',#9964,10.);
#2625=VECTOR('',#9965,10.);
#2626=VECTOR('',#9966,10.);
#2627=VECTOR('',#9967,10.);
#2628=VECTOR('',#9968,10.);
#2629=VECTOR('',#9969,10.);
#2630=VECTOR('',#9970,10.);
#2631=VECTOR('',#9971,10.);
#2632=VECTOR('',#9972,10.);
#2633=VECTOR('',#9973,10.);
#2634=VECTOR('',#9976,10.);
#2635=VECTOR('',#9979,10.);
#2636=VECTOR('',#9982,10.);
#2637=VECTOR('',#9985,10.);
#2638=VECTOR('',#9988,10.);
#2639=VECTOR('',#9991,10.);
#2640=VECTOR('',#9994,10.);
#2641=VECTOR('',#9997,10.);
#2642=VECTOR('',#10000,10.);
#2643=VECTOR('',#10003,10.);
#2644=VECTOR('',#10006,10.);
#2645=VECTOR('',#10009,10.);
#2646=VECTOR('',#10012,10.);
#2647=VECTOR('',#10015,10.);
#2648=VECTOR('',#10024,10.);
#2649=VECTOR('',#10027,10.);
#2650=VECTOR('',#10030,10.);
#2651=VECTOR('',#10033,10.);
#2652=VECTOR('',#10038,10.);
#2653=VECTOR('',#10041,10.);
#2654=VECTOR('',#10046,10.);
#2655=VECTOR('',#10047,10.);
#2656=VECTOR('',#10048,10.);
#2657=VECTOR('',#10049,10.);
#2658=VECTOR('',#10050,10.);
#2659=VECTOR('',#10051,10.);
#2660=VECTOR('',#10052,10.);
#2661=VECTOR('',#10053,10.);
#2662=VECTOR('',#10054,10.);
#2663=VECTOR('',#10055,10.);
#2664=VECTOR('',#10056,10.);
#2665=VECTOR('',#10057,10.);
#2666=VECTOR('',#10058,10.);
#2667=VECTOR('',#10059,10.);
#2668=VECTOR('',#10062,10.);
#2669=VECTOR('',#10063,10.);
#2670=VECTOR('',#10064,10.);
#2671=VECTOR('',#10065,10.);
#2672=VECTOR('',#10066,10.);
#2673=VECTOR('',#10067,10.);
#2674=VECTOR('',#10068,10.);
#2675=VECTOR('',#10069,10.);
#2676=VECTOR('',#10070,10.);
#2677=VECTOR('',#10071,10.);
#2678=VECTOR('',#10072,10.);
#2679=VECTOR('',#10073,10.);
#2680=VECTOR('',#10074,10.);
#2681=VECTOR('',#10075,10.);
#2682=VECTOR('',#10078,10.);
#2683=VECTOR('',#10083,10.);
#2684=VECTOR('',#10088,10.);
#2685=VECTOR('',#10089,10.);
#2686=VECTOR('',#10090,10.);
#2687=VECTOR('',#10093,10.);
#2688=VECTOR('',#10094,10.);
#2689=VECTOR('',#10095,10.);
#2690=VECTOR('',#10100,10.);
#2691=VECTOR('',#10105,10.);
#2692=VECTOR('',#10106,10.);
#2693=VECTOR('',#10111,10.);
#2694=VECTOR('',#10116,10.);
#2695=VECTOR('',#10117,10.);
#2696=VECTOR('',#10122,10.);
#2697=VECTOR('',#10127,10.);
#2698=VECTOR('',#10134,10.);
#2699=VECTOR('',#10137,10.);
#2700=VECTOR('',#10140,10.);
#2701=VECTOR('',#10145,10.);
#2702=VECTOR('',#10150,10.);
#2703=VECTOR('',#10151,10.);
#2704=VECTOR('',#10152,10.);
#2705=VECTOR('',#10155,10.);
#2706=VECTOR('',#10156,10.);
#2707=VECTOR('',#10157,10.);
#2708=VECTOR('',#10162,10.);
#2709=VECTOR('',#10167,10.);
#2710=VECTOR('',#10168,10.);
#2711=VECTOR('',#10173,10.);
#2712=VECTOR('',#10178,10.);
#2713=VECTOR('',#10179,10.);
#2714=VECTOR('',#10184,10.);
#2715=VECTOR('',#10189,10.);
#2716=VECTOR('',#10194,10.);
#2717=VECTOR('',#10199,10.);
#2718=VECTOR('',#10202,10.);
#2719=VECTOR('',#10207,10.);
#2720=VECTOR('',#10212,10.);
#2721=VECTOR('',#10213,10.);
#2722=VECTOR('',#10214,10.);
#2723=VECTOR('',#10217,10.);
#2724=VECTOR('',#10218,10.);
#2725=VECTOR('',#10219,10.);
#2726=VECTOR('',#10224,10.);
#2727=VECTOR('',#10229,10.);
#2728=VECTOR('',#10230,10.);
#2729=VECTOR('',#10235,10.);
#2730=VECTOR('',#10240,10.);
#2731=VECTOR('',#10241,10.);
#2732=VECTOR('',#10248,10.);
#2733=VECTOR('',#10251,10.);
#2734=VECTOR('',#10256,10.);
#2735=VECTOR('',#10261,10.);
#2736=VECTOR('',#10264,10.);
#2737=VECTOR('',#10269,10.);
#2738=VECTOR('',#10274,10.);
#2739=VECTOR('',#10275,10.);
#2740=VECTOR('',#10276,10.);
#2741=VECTOR('',#10279,10.);
#2742=VECTOR('',#10280,10.);
#2743=VECTOR('',#10281,10.);
#2744=VECTOR('',#10286,10.);
#2745=VECTOR('',#10291,10.);
#2746=VECTOR('',#10292,10.);
#2747=VECTOR('',#10297,10.);
#2748=VECTOR('',#10302,10.);
#2749=VECTOR('',#10303,10.);
#2750=VECTOR('',#10308,10.);
#2751=VECTOR('',#10313,10.);
#2752=VECTOR('',#10318,10.);
#2753=VECTOR('',#10323,10.);
#2754=VECTOR('',#10326,10.);
#2755=VECTOR('',#10331,10.);
#2756=VECTOR('',#10340,10.);
#2757=VECTOR('',#10343,10.);
#2758=VECTOR('',#10348,10.);
#2759=VECTOR('',#10349,10.);
#2760=VECTOR('',#10350,10.);
#2761=VECTOR('',#10353,10.);
#2762=VECTOR('',#10360,10.);
#2763=VECTOR('',#10361,10.);
#2764=VECTOR('',#10364,10.);
#2765=VECTOR('',#10365,10.);
#2766=VECTOR('',#10366,10.);
#2767=VECTOR('',#10369,10.);
#2768=VECTOR('',#10376,10.);
#2769=VECTOR('',#10379,10.);
#2770=VECTOR('',#10382,10.);
#2771=VECTOR('',#10385,10.);
#2772=VECTOR('',#10388,10.);
#2773=VECTOR('',#10391,10.);
#2774=VECTOR('',#10394,10.);
#2775=VECTOR('',#10397,10.);
#2776=VECTOR('',#10400,10.);
#2777=VECTOR('',#10403,10.);
#2778=VECTOR('',#10406,10.);
#2779=VECTOR('',#10409,10.);
#2780=VECTOR('',#10412,10.);
#2781=VECTOR('',#10415,10.);
#2782=VECTOR('',#10416,10.);
#2783=VECTOR('',#10419,10.);
#2784=VECTOR('',#10430,10.);
#2785=VECTOR('',#10433,10.);
#2786=VECTOR('',#10438,10.);
#2787=VECTOR('',#10439,10.);
#2788=VECTOR('',#10444,10.);
#2789=VECTOR('',#10445,10.);
#2790=VECTOR('',#10448,10.);
#2791=VECTOR('',#10453,10.);
#2792=VECTOR('',#10456,10.);
#2793=VECTOR('',#10457,10.);
#2794=VECTOR('',#10458,10.);
#2795=VECTOR('',#10461,10.);
#2796=VECTOR('',#10466,10.);
#2797=VECTOR('',#10467,10.);
#2798=VECTOR('',#10472,10.);
#2799=VECTOR('',#10473,10.);
#2800=VECTOR('',#10478,10.);
#2801=VECTOR('',#10481,10.);
#2802=VECTOR('',#10482,10.);
#2803=VECTOR('',#10487,10.);
#2804=VECTOR('',#10490,10.);
#2805=VECTOR('',#10491,10.);
#2806=VECTOR('',#10494,10.);
#2807=VECTOR('',#10499,10.);
#2808=VECTOR('',#10500,10.);
#2809=VECTOR('',#10503,10.);
#2810=VECTOR('',#10508,10.);
#2811=VECTOR('',#10509,10.);
#2812=VECTOR('',#10512,10.);
#2813=VECTOR('',#10517,10.);
#2814=VECTOR('',#10518,10.);
#2815=VECTOR('',#10521,10.);
#2816=VECTOR('',#10526,10.);
#2817=VECTOR('',#10527,10.);
#2818=VECTOR('',#10530,10.);
#2819=VECTOR('',#10535,10.);
#2820=VECTOR('',#10536,10.);
#2821=VECTOR('',#10539,10.);
#2822=VECTOR('',#10544,10.);
#2823=VECTOR('',#10545,10.);
#2824=VECTOR('',#10548,10.);
#2825=VECTOR('',#10553,10.);
#2826=VECTOR('',#10554,10.);
#2827=VECTOR('',#10557,10.);
#2828=VECTOR('',#10562,10.);
#2829=VECTOR('',#10563,10.);
#2830=VECTOR('',#10566,10.);
#2831=VECTOR('',#10571,10.);
#2832=VECTOR('',#10574,10.);
#2833=VECTOR('',#10575,10.);
#2834=VECTOR('',#10576,10.);
#2835=VECTOR('',#10579,10.);
#2836=VECTOR('',#10584,10.);
#2837=VECTOR('',#10585,10.);
#2838=VECTOR('',#10588,10.);
#2839=VECTOR('',#10593,10.);
#2840=VECTOR('',#10594,10.);
#2841=VECTOR('',#10597,10.);
#2842=VECTOR('',#10602,10.);
#2843=VECTOR('',#10603,10.);
#2844=VECTOR('',#10606,10.);
#2845=VECTOR('',#10611,10.);
#2846=VECTOR('',#10612,10.);
#2847=VECTOR('',#10615,10.);
#2848=VECTOR('',#10620,10.);
#2849=VECTOR('',#10621,10.);
#2850=VECTOR('',#10624,10.);
#2851=VECTOR('',#10629,10.);
#2852=VECTOR('',#10630,10.);
#2853=VECTOR('',#10631,10.);
#2854=VECTOR('',#10634,10.);
#2855=VECTOR('',#10639,10.);
#2856=VECTOR('',#10640,10.);
#2857=VECTOR('',#10647,10.);
#2858=VECTOR('',#10650,10.);
#2859=VECTOR('',#10653,10.);
#2860=VECTOR('',#10654,10.);
#2861=VECTOR('',#10657,10.);
#2862=VECTOR('',#10658,10.);
#2863=VECTOR('',#10659,10.);
#2864=VECTOR('',#10662,10.);
#2865=VECTOR('',#10667,10.);
#2866=VECTOR('',#10668,10.);
#2867=VECTOR('',#10675,10.);
#2868=VECTOR('',#10678,10.);
#2869=VECTOR('',#10681,10.);
#2870=VECTOR('',#10682,10.);
#2871=VECTOR('',#10687,6.275);
#2872=VECTOR('',#10692,6.075);
#2873=VECTOR('',#10697,6.275);
#2874=VECTOR('',#10702,6.075);
#2875=VECTOR('',#10707,6.275);
#2876=VECTOR('',#10712,6.075);
#2877=VECTOR('',#10717,6.275);
#2878=VECTOR('',#10722,6.075);
#2879=VECTOR('',#10725,10.);
#2880=VECTOR('',#10726,10.);
#2881=VECTOR('',#10727,10.);
#2882=VECTOR('',#10730,10.);
#2883=VECTOR('',#10735,10.);
#2884=VECTOR('',#10736,10.);
#2885=VECTOR('',#10743,10.);
#2886=VECTOR('',#10746,10.);
#2887=VECTOR('',#10749,10.);
#2888=VECTOR('',#10750,10.);
#2889=VECTOR('',#10753,10.);
#2890=VECTOR('',#10754,10.);
#2891=VECTOR('',#10755,10.);
#2892=VECTOR('',#10758,10.);
#2893=VECTOR('',#10763,10.);
#2894=VECTOR('',#10764,10.);
#2895=VECTOR('',#10771,10.);
#2896=VECTOR('',#10774,10.);
#2897=VECTOR('',#10777,10.);
#2898=VECTOR('',#10778,10.);
#2899=VECTOR('',#10781,10.);
#2900=VECTOR('',#10782,10.);
#2901=VECTOR('',#10785,10.);
#2902=VECTOR('',#10790,10.);
#2903=VECTOR('',#10791,10.);
#2904=VECTOR('',#10794,10.);
#2905=VECTOR('',#10799,10.);
#2906=VECTOR('',#10800,10.);
#2907=VECTOR('',#10803,10.);
#2908=VECTOR('',#10808,10.);
#2909=VECTOR('',#10809,10.);
#2910=VECTOR('',#10812,10.);
#2911=VECTOR('',#10817,10.);
#2912=VECTOR('',#10818,10.);
#2913=VECTOR('',#10821,10.);
#2914=VECTOR('',#10826,10.);
#2915=VECTOR('',#10827,10.);
#2916=VECTOR('',#10830,10.);
#2917=VECTOR('',#10835,10.);
#2918=VECTOR('',#10836,10.);
#2919=VECTOR('',#10839,10.);
#2920=VECTOR('',#10842,10.);
#2921=VECTOR('',#10845,10.);
#2922=VECTOR('',#10848,10.);
#2923=VECTOR('',#10851,10.);
#2924=VECTOR('',#10854,10.);
#2925=VECTOR('',#10857,10.);
#2926=VECTOR('',#10860,10.);
#2927=VECTOR('',#10863,10.);
#2928=VECTOR('',#10866,10.);
#2929=VECTOR('',#10871,6.275);
#2930=VECTOR('',#10874,6.275);
#2931=VECTOR('',#10877,6.275);
#2932=VECTOR('',#10880,6.275);
#2933=VECTOR('',#10885,10.);
#2934=VECTOR('',#10888,10.);
#2935=VECTOR('',#10893,10.);
#2936=VECTOR('',#10896,10.);
#2937=VECTOR('',#10903,10.);
#2938=VECTOR('',#10906,10.);
#2939=VECTOR('',#10911,10.);
#2940=VECTOR('',#10914,10.);
#2941=VECTOR('',#10919,10.);
#2942=VECTOR('',#10922,10.);
#2943=VECTOR('',#10925,10.);
#2944=VECTOR('',#10928,10.);
#2945=VECTOR('',#10931,10.);
#2946=VECTOR('',#10934,10.);
#2947=VECTOR('',#10937,10.);
#2948=VECTOR('',#10938,10.);
#2949=VECTOR('',#10941,10.);
#2950=VECTOR('',#10942,10.);
#2951=VECTOR('',#10945,10.);
#2952=VECTOR('',#10952,10.);
#2953=VECTOR('',#10955,10.);
#2954=VECTOR('',#10958,10.);
#2955=VECTOR('',#10961,10.);
#2956=VECTOR('',#10962,10.);
#2957=VECTOR('',#10967,10.);
#2958=VECTOR('',#10968,10.);
#2959=VECTOR('',#10973,10.);
#2960=VECTOR('',#10976,10.);
#2961=VECTOR('',#10979,10.);
#2962=VECTOR('',#10980,10.);
#2963=VECTOR('',#10985,10.);
#2964=VECTOR('',#10998,1.5);
#2965=VECTOR('',#11007,1.63614639414505);
#2966=VECTOR('',#11012,2.75);
#2967=VECTOR('',#11021,1000.);
#2968=VECTOR('',#11022,1000.);
#2969=VECTOR('',#11023,1000.);
#2970=VECTOR('',#11024,1000.);
#2971=VECTOR('',#11025,1000.);
#2972=VECTOR('',#11026,1000.);
#2973=VECTOR('',#11029,1000.);
#2974=VECTOR('',#11030,1000.);
#2975=VECTOR('',#11033,1000.);
#2976=VECTOR('',#11036,1000.);
#2977=VECTOR('',#11039,1000.);
#2978=VECTOR('',#11042,1000.);
#2979=VECTOR('',#11051,1.5);
#2980=VECTOR('',#11060,1.63614639414505);
#2981=VECTOR('',#11065,2.75);
#2982=VECTOR('',#11074,1000.);
#2983=VECTOR('',#11075,1000.);
#2984=VECTOR('',#11076,1000.);
#2985=VECTOR('',#11077,1000.);
#2986=VECTOR('',#11078,1000.);
#2987=VECTOR('',#11079,1000.);
#2988=VECTOR('',#11082,1000.);
#2989=VECTOR('',#11083,1000.);
#2990=VECTOR('',#11086,1000.);
#2991=VECTOR('',#11089,1000.);
#2992=VECTOR('',#11092,1000.);
#2993=VECTOR('',#11095,1000.);
#2994=CIRCLE('',#7976,6.075);
#2995=CIRCLE('',#7977,6.075);
#2996=CIRCLE('',#7979,14.);
#2997=CIRCLE('',#7980,14.);
#2998=CIRCLE('',#7985,14.);
#2999=CIRCLE('',#7986,6.075);
#3000=CIRCLE('',#7988,6.075);
#3001=CIRCLE('',#7990,14.);
#3002=CIRCLE('',#7996,6.47499999999999);
#3003=CIRCLE('',#7997,6.075);
#3004=CIRCLE('',#7999,17.1);
#3005=CIRCLE('',#8000,17.9);
#3006=CIRCLE('',#8001,17.9);
#3007=CIRCLE('',#8002,17.1);
#3008=CIRCLE('',#8003,17.1);
#3009=CIRCLE('',#8004,17.1);
#3010=CIRCLE('',#8005,17.1);
#3011=CIRCLE('',#8006,17.9);
#3012=CIRCLE('',#8007,17.9);
#3013=CIRCLE('',#8008,17.1);
#3014=CIRCLE('',#8009,17.1);
#3015=CIRCLE('',#8010,17.1);
#3016=CIRCLE('',#8011,6.47499999999999);
#3017=CIRCLE('',#8012,6.47499999999999);
#3018=CIRCLE('',#8013,3.59999999999999);
#3019=CIRCLE('',#8014,3.59999999999999);
#3020=CIRCLE('',#8015,3.59999999999999);
#3021=CIRCLE('',#8016,3.59999999999999);
#3022=CIRCLE('',#8017,6.47499999999999);
#3023=CIRCLE('',#8019,6.075);
#3024=CIRCLE('',#8021,6.075);
#3025=CIRCLE('',#8023,6.075);
#3026=CIRCLE('',#8025,6.075);
#3027=CIRCLE('',#8027,6.075);
#3028=CIRCLE('',#8029,6.075);
#3029=CIRCLE('',#8031,6.075);
#3030=CIRCLE('',#8034,3.2);
#3031=CIRCLE('',#8037,3.2);
#3032=CIRCLE('',#8039,3.2);
#3033=CIRCLE('',#8043,3.2);
#3034=CIRCLE('',#8046,3.2);
#3035=CIRCLE('',#8048,3.2);
#3036=CIRCLE('',#8051,17.5);
#3037=CIRCLE('',#8054,17.5);
#3038=CIRCLE('',#8057,17.5);
#3039=CIRCLE('',#8060,17.5);
#3040=CIRCLE('',#8063,17.5);
#3041=CIRCLE('',#8066,17.5);
#3042=CIRCLE('',#8069,17.5);
#3043=CIRCLE('',#8072,17.5);
#3044=CIRCLE('',#8075,17.5);
#3045=CIRCLE('',#8078,17.5);
#3046=CIRCLE('',#8081,17.5);
#3047=CIRCLE('',#8084,17.5);
#3048=CIRCLE('',#8088,17.5);
#3049=CIRCLE('',#8091,17.5);
#3050=CIRCLE('',#8094,17.5);
#3051=CIRCLE('',#8097,17.5);
#3052=CIRCLE('',#8100,17.5);
#3053=CIRCLE('',#8103,17.5);
#3054=CIRCLE('',#8105,6.47499999999999);
#3055=CIRCLE('',#8107,17.9);
#3056=CIRCLE('',#8108,17.1);
#3057=CIRCLE('',#8109,17.1);
#3058=CIRCLE('',#8110,17.1);
#3059=CIRCLE('',#8111,17.1);
#3060=CIRCLE('',#8112,17.9);
#3061=CIRCLE('',#8113,17.9);
#3062=CIRCLE('',#8114,17.1);
#3063=CIRCLE('',#8115,17.1);
#3064=CIRCLE('',#8116,17.1);
#3065=CIRCLE('',#8117,17.1);
#3066=CIRCLE('',#8118,17.9);
#3067=CIRCLE('',#8119,6.47499999999999);
#3068=CIRCLE('',#8120,6.47499999999999);
#3069=CIRCLE('',#8121,5.2);
#3070=CIRCLE('',#8122,5.2);
#3071=CIRCLE('',#8123,5.2);
#3072=CIRCLE('',#8124,5.2);
#3073=CIRCLE('',#8125,6.47499999999999);
#3074=CIRCLE('',#8131,17.5);
#3075=CIRCLE('',#8134,17.5);
#3076=CIRCLE('',#8149,17.5);
#3077=CIRCLE('',#8152,17.5);
#3078=CIRCLE('',#8155,17.5);
#3079=CIRCLE('',#8158,17.5);
#3080=CIRCLE('',#8166,3.2);
#3081=CIRCLE('',#8169,3.2);
#3082=CIRCLE('',#8189,7.5);
#3083=CIRCLE('',#8190,7.5);
#3084=CIRCLE('',#8192,1.7);
#3085=CIRCLE('',#8193,1.7);
#3086=CIRCLE('',#8195,1.7);
#3087=CIRCLE('',#8196,1.7);
#3088=CIRCLE('',#8199,7.5);
#3089=CIRCLE('',#8200,7.5);
#3090=CIRCLE('',#8205,7.5);
#3091=CIRCLE('',#8206,7.5);
#3092=CIRCLE('',#8207,1.7);
#3093=CIRCLE('',#8208,1.7);
#3094=CIRCLE('',#8211,7.5);
#3095=CIRCLE('',#8214,7.5);
#3096=CIRCLE('',#8216,1.7);
#3097=CIRCLE('',#8218,1.7);
#3098=CIRCLE('',#8224,7.00000000000003);
#3099=CIRCLE('',#8225,7.00000000000003);
#3100=CIRCLE('',#8227,10.);
#3101=CIRCLE('',#8228,7.00000000000003);
#3102=CIRCLE('',#8229,12.0502525316942);
#3103=CIRCLE('',#8231,7.00000000000003);
#3104=CIRCLE('',#8233,10.);
#3105=CIRCLE('',#8234,12.0502525316942);
#3106=CIRCLE('',#8236,10.);
#3107=CIRCLE('',#8239,15.);
#3108=CIRCLE('',#8242,7.00000000000002);
#3109=CIRCLE('',#8243,7.00000000000003);
#3110=CIRCLE('',#8245,10.);
#3111=CIRCLE('',#8246,7.00000000000003);
#3112=CIRCLE('',#8247,12.0502525316942);
#3113=CIRCLE('',#8249,7.00000000000003);
#3114=CIRCLE('',#8251,12.0502525316942);
#3115=CIRCLE('',#8254,15.);
#3116=CIRCLE('',#8257,14.);
#3117=CIRCLE('',#8258,14.4);
#3118=CIRCLE('',#8260,13.6);
#3119=CIRCLE('',#8261,14.);
#3120=CIRCLE('',#8264,13.6);
#3121=CIRCLE('',#8265,14.);
#3122=CIRCLE('',#8267,14.);
#3123=CIRCLE('',#8268,14.4);
#3124=CIRCLE('',#8271,14.);
#3125=CIRCLE('',#8272,14.4);
#3126=CIRCLE('',#8274,24.6);
#3127=CIRCLE('',#8275,25.);
#3128=CIRCLE('',#8278,24.6);
#3129=CIRCLE('',#8279,25.);
#3130=CIRCLE('',#8281,14.);
#3131=CIRCLE('',#8282,14.4);
#3132=CIRCLE('',#8285,25.);
#3133=CIRCLE('',#8288,25.);
#3134=CIRCLE('',#8290,14.);
#3135=CIRCLE('',#8293,14.);
#3136=CIRCLE('',#8295,6.47499999999999);
#3137=CIRCLE('',#8296,15.);
#3138=CIRCLE('',#8297,6.47499999999999);
#3139=CIRCLE('',#8299,6.075);
#3140=CIRCLE('',#8301,6.075);
#3141=CIRCLE('',#8303,6.075);
#3142=CIRCLE('',#8305,6.075);
#3143=CIRCLE('',#8307,6.47499999999999);
#3144=CIRCLE('',#8309,24.6);
#3145=CIRCLE('',#8310,14.4);
#3146=CIRCLE('',#8311,14.4);
#3147=CIRCLE('',#8312,13.6);
#3148=CIRCLE('',#8313,13.6);
#3149=CIRCLE('',#8314,14.4);
#3150=CIRCLE('',#8315,14.4);
#3151=CIRCLE('',#8316,24.6);
#3152=CIRCLE('',#8317,6.47499999999999);
#3153=CIRCLE('',#8318,15.);
#3154=CIRCLE('',#8326,14.);
#3155=CIRCLE('',#8329,14.);
#3156=CIRCLE('',#8331,14.);
#3157=CIRCLE('',#8334,14.);
#3158=CIRCLE('',#8351,1.);
#3159=CIRCLE('',#8352,1.);
#3160=CIRCLE('',#8355,1.);
#3161=CIRCLE('',#8356,1.);
#3162=CIRCLE('',#8359,3.);
#3163=CIRCLE('',#8360,3.);
#3164=CIRCLE('',#8363,4.);
#3165=CIRCLE('',#8364,3.99999999999999);
#3166=CIRCLE('',#8366,3.);
#3167=CIRCLE('',#8367,3.);
#3168=CIRCLE('',#8372,17.9);
#3169=CIRCLE('',#8373,17.9);
#3170=CIRCLE('',#8374,17.1);
#3171=CIRCLE('',#8375,17.1);
#3172=CIRCLE('',#8376,17.1);
#3173=CIRCLE('',#8377,17.1);
#3174=CIRCLE('',#8378,17.9);
#3175=CIRCLE('',#8379,17.9);
#3176=CIRCLE('',#8380,17.1);
#3177=CIRCLE('',#8381,17.1);
#3178=CIRCLE('',#8382,17.1);
#3179=CIRCLE('',#8383,17.1);
#3180=CIRCLE('',#8384,2.);
#3181=CIRCLE('',#8385,1.99999999999999);
#3182=CIRCLE('',#8386,6.47499999999999);
#3183=CIRCLE('',#8387,6.47499999999999);
#3184=CIRCLE('',#8388,5.2);
#3185=CIRCLE('',#8389,5.2);
#3186=CIRCLE('',#8390,5.2);
#3187=CIRCLE('',#8391,5.2);
#3188=CIRCLE('',#8392,6.47499999999999);
#3189=CIRCLE('',#8393,6.47499999999999);
#3190=CIRCLE('',#8394,2.);
#3191=CIRCLE('',#8395,2.);
#3192=CIRCLE('',#8396,3.99999999999999);
#3193=CIRCLE('',#8397,4.);
#3194=CIRCLE('',#8405,1.);
#3195=CIRCLE('',#8406,1.);
#3196=CIRCLE('',#8409,1.);
#3197=CIRCLE('',#8410,1.);
#3198=CIRCLE('',#8413,3.);
#3199=CIRCLE('',#8414,3.);
#3200=CIRCLE('',#8417,3.);
#3201=CIRCLE('',#8418,3.);
#3202=CIRCLE('',#8427,1.);
#3203=CIRCLE('',#8428,1.);
#3204=CIRCLE('',#8431,1.);
#3205=CIRCLE('',#8432,1.);
#3206=CIRCLE('',#8435,3.);
#3207=CIRCLE('',#8436,3.);
#3208=CIRCLE('',#8439,3.);
#3209=CIRCLE('',#8440,3.);
#3210=CIRCLE('',#8449,1.);
#3211=CIRCLE('',#8450,1.);
#3212=CIRCLE('',#8453,1.);
#3213=CIRCLE('',#8454,1.);
#3214=CIRCLE('',#8457,3.);
#3215=CIRCLE('',#8458,3.);
#3216=CIRCLE('',#8461,3.);
#3217=CIRCLE('',#8462,3.);
#3218=CIRCLE('',#8471,1.);
#3219=CIRCLE('',#8472,1.);
#3220=CIRCLE('',#8475,1.);
#3221=CIRCLE('',#8476,1.);
#3222=CIRCLE('',#8479,3.);
#3223=CIRCLE('',#8480,3.);
#3224=CIRCLE('',#8483,3.);
#3225=CIRCLE('',#8484,3.);
#3226=CIRCLE('',#8493,3.50000000000001);
#3227=CIRCLE('',#8494,3.10000000000001);
#3228=CIRCLE('',#8497,3.50000000000228);
#3229=CIRCLE('',#8498,3.10000000000228);
#3230=CIRCLE('',#8502,3.10000000000001);
#3231=CIRCLE('',#8504,17.1);
#3232=CIRCLE('',#8505,17.1);
#3233=CIRCLE('',#8506,17.1);
#3234=CIRCLE('',#8507,17.1);
#3235=CIRCLE('',#8508,17.9);
#3236=CIRCLE('',#8509,17.9);
#3237=CIRCLE('',#8510,17.1);
#3238=CIRCLE('',#8511,17.1);
#3239=CIRCLE('',#8512,17.1);
#3240=CIRCLE('',#8513,17.1);
#3241=CIRCLE('',#8514,17.9);
#3242=CIRCLE('',#8515,17.9);
#3243=CIRCLE('',#8516,3.5);
#3244=CIRCLE('',#8517,3.50000000000227);
#3245=CIRCLE('',#8518,3.59999999999999);
#3246=CIRCLE('',#8519,3.59999999999999);
#3247=CIRCLE('',#8520,6.47499999999999);
#3248=CIRCLE('',#8521,6.47499999999999);
#3249=CIRCLE('',#8522,6.47499999999999);
#3250=CIRCLE('',#8523,6.47499999999999);
#3251=CIRCLE('',#8524,3.59999999999999);
#3252=CIRCLE('',#8525,3.59999999999999);
#3253=CIRCLE('',#8527,3.10000000000001);
#3254=CIRCLE('',#8530,3.10000000000228);
#3255=CIRCLE('',#8534,3.10000000000001);
#3256=CIRCLE('',#8536,17.5);
#3257=CIRCLE('',#8539,17.5);
#3258=CIRCLE('',#8542,17.5);
#3259=CIRCLE('',#8545,17.5);
#3260=CIRCLE('',#8548,17.5);
#3261=CIRCLE('',#8551,17.5);
#3262=CIRCLE('',#8554,17.5);
#3263=CIRCLE('',#8557,17.5);
#3264=CIRCLE('',#8560,17.5);
#3265=CIRCLE('',#8563,17.5);
#3266=CIRCLE('',#8566,17.5);
#3267=CIRCLE('',#8569,17.5);
#3268=CIRCLE('',#8573,17.5);
#3269=CIRCLE('',#8576,17.5);
#3270=CIRCLE('',#8579,17.5);
#3271=CIRCLE('',#8582,17.5);
#3272=CIRCLE('',#8585,17.5);
#3273=CIRCLE('',#8588,17.5);
#3274=CIRCLE('',#8591,3.2);
#3275=CIRCLE('',#8594,3.2);
#3276=CIRCLE('',#8596,3.2);
#3277=CIRCLE('',#8600,3.2);
#3278=CIRCLE('',#8603,3.2);
#3279=CIRCLE('',#8605,3.2);
#3280=CIRCLE('',#8608,6.075);
#3281=CIRCLE('',#8610,6.075);
#3282=CIRCLE('',#8612,6.075);
#3283=CIRCLE('',#8614,6.075);
#3284=CIRCLE('',#8616,6.075);
#3285=CIRCLE('',#8618,6.075);
#3286=CIRCLE('',#8620,6.075);
#3287=CIRCLE('',#8622,6.075);
#3288=CIRCLE('',#8625,1.6);
#3289=CIRCLE('',#8628,1.6);
#3290=CIRCLE('',#8630,1.6);
#3291=CIRCLE('',#8634,1.6);
#3292=CIRCLE('',#8637,1.6);
#3293=CIRCLE('',#8639,1.6);
#3294=CIRCLE('',#8643,17.5);
#3295=CIRCLE('',#8646,17.5);
#3296=CIRCLE('',#8649,17.5);
#3297=CIRCLE('',#8652,17.5);
#3298=CIRCLE('',#8655,17.5);
#3299=CIRCLE('',#8658,17.5);
#3300=CIRCLE('',#8676,3.10000000000228);
#3301=CIRCLE('',#8679,1.6);
#3302=CIRCLE('',#8683,3.10000000000228);
#3303=CIRCLE('',#8686,1.6);
#3304=CIRCLE('',#8690,3.2);
#3305=CIRCLE('',#8698,3.2);
#3306=CIRCLE('',#8717,1.5);
#3307=CIRCLE('',#8718,1.5);
#3308=CIRCLE('',#8720,2.75);
#3309=CIRCLE('',#8722,1.61614639414505);
#3310=CIRCLE('',#8724,2.75);
#3311=CIRCLE('',#8736,1.5);
#3312=CIRCLE('',#8737,1.5);
#3313=CIRCLE('',#8739,2.75);
#3314=CIRCLE('',#8741,1.61614639414505);
#3315=CIRCLE('',#8743,2.75);
#3316=VERTEX_POINT('',#11120);
#3317=VERTEX_POINT('',#11122);
#3318=VERTEX_POINT('',#11126);
#3319=VERTEX_POINT('',#11128);
#3320=VERTEX_POINT('',#11135);
#3321=VERTEX_POINT('',#11137);
#3322=VERTEX_POINT('',#11140);
#3323=VERTEX_POINT('',#11144);
#3324=VERTEX_POINT('',#11152);
#3325=VERTEX_POINT('',#11154);
#3326=VERTEX_POINT('',#11158);
#3327=VERTEX_POINT('',#11159);
#3328=VERTEX_POINT('',#11161);
#3329=VERTEX_POINT('',#11163);
#3330=VERTEX_POINT('',#11165);
#3331=VERTEX_POINT('',#11167);
#3332=VERTEX_POINT('',#11169);
#3333=VERTEX_POINT('',#11171);
#3334=VERTEX_POINT('',#11173);
#3335=VERTEX_POINT('',#11175);
#3336=VERTEX_POINT('',#11177);
#3337=VERTEX_POINT('',#11179);
#3338=VERTEX_POINT('',#11181);
#3339=VERTEX_POINT('',#11183);
#3340=VERTEX_POINT('',#11185);
#3341=VERTEX_POINT('',#11187);
#3342=VERTEX_POINT('',#11189);
#3343=VERTEX_POINT('',#11191);
#3344=VERTEX_POINT('',#11193);
#3345=VERTEX_POINT('',#11195);
#3346=VERTEX_POINT('',#11197);
#3347=VERTEX_POINT('',#11199);
#3348=VERTEX_POINT('',#11201);
#3349=VERTEX_POINT('',#11203);
#3350=VERTEX_POINT('',#11206);
#3351=VERTEX_POINT('',#11208);
#3352=VERTEX_POINT('',#11210);
#3353=VERTEX_POINT('',#11211);
#3354=VERTEX_POINT('',#11213);
#3355=VERTEX_POINT('',#11215);
#3356=VERTEX_POINT('',#11218);
#3357=VERTEX_POINT('',#11219);
#3358=VERTEX_POINT('',#11221);
#3359=VERTEX_POINT('',#11223);
#3360=VERTEX_POINT('',#11226);
#3361=VERTEX_POINT('',#11229);
#3362=VERTEX_POINT('',#11233);
#3363=VERTEX_POINT('',#11237);
#3364=VERTEX_POINT('',#11241);
#3365=VERTEX_POINT('',#11245);
#3366=VERTEX_POINT('',#11249);
#3367=VERTEX_POINT('',#11253);
#3368=VERTEX_POINT('',#11257);
#3369=VERTEX_POINT('',#11259);
#3370=VERTEX_POINT('',#11263);
#3371=VERTEX_POINT('',#11267);
#3372=VERTEX_POINT('',#11273);
#3373=VERTEX_POINT('',#11275);
#3374=VERTEX_POINT('',#11279);
#3375=VERTEX_POINT('',#11283);
#3376=VERTEX_POINT('',#11285);
#3377=VERTEX_POINT('',#11289);
#3378=VERTEX_POINT('',#11293);
#3379=VERTEX_POINT('',#11299);
#3380=VERTEX_POINT('',#11301);
#3381=VERTEX_POINT('',#11305);
#3382=VERTEX_POINT('',#11309);
#3383=VERTEX_POINT('',#11311);
#3384=VERTEX_POINT('',#11315);
#3385=VERTEX_POINT('',#11319);
#3386=VERTEX_POINT('',#11323);
#3387=VERTEX_POINT('',#11327);
#3388=VERTEX_POINT('',#11331);
#3389=VERTEX_POINT('',#11335);
#3390=VERTEX_POINT('',#11339);
#3391=VERTEX_POINT('',#11343);
#3392=VERTEX_POINT('',#11347);
#3393=VERTEX_POINT('',#11351);
#3394=VERTEX_POINT('',#11355);
#3395=VERTEX_POINT('',#11359);
#3396=VERTEX_POINT('',#11363);
#3397=VERTEX_POINT('',#11367);
#3398=VERTEX_POINT('',#11371);
#3399=VERTEX_POINT('',#11375);
#3400=VERTEX_POINT('',#11379);
#3401=VERTEX_POINT('',#11383);
#3402=VERTEX_POINT('',#11387);
#3403=VERTEX_POINT('',#11391);
#3404=VERTEX_POINT('',#11395);
#3405=VERTEX_POINT('',#11399);
#3406=VERTEX_POINT('',#11405);
#3407=VERTEX_POINT('',#11407);
#3408=VERTEX_POINT('',#11411);
#3409=VERTEX_POINT('',#11415);
#3410=VERTEX_POINT('',#11419);
#3411=VERTEX_POINT('',#11423);
#3412=VERTEX_POINT('',#11427);
#3413=VERTEX_POINT('',#11431);
#3414=VERTEX_POINT('',#11435);
#3415=VERTEX_POINT('',#11439);
#3416=VERTEX_POINT('',#11443);
#3417=VERTEX_POINT('',#11447);
#3418=VERTEX_POINT('',#11451);
#3419=VERTEX_POINT('',#11455);
#3420=VERTEX_POINT('',#11459);
#3421=VERTEX_POINT('',#11460);
#3422=VERTEX_POINT('',#11462);
#3423=VERTEX_POINT('',#11464);
#3424=VERTEX_POINT('',#11466);
#3425=VERTEX_POINT('',#11468);
#3426=VERTEX_POINT('',#11470);
#3427=VERTEX_POINT('',#11472);
#3428=VERTEX_POINT('',#11474);
#3429=VERTEX_POINT('',#11476);
#3430=VERTEX_POINT('',#11478);
#3431=VERTEX_POINT('',#11480);
#3432=VERTEX_POINT('',#11482);
#3433=VERTEX_POINT('',#11484);
#3434=VERTEX_POINT('',#11486);
#3435=VERTEX_POINT('',#11488);
#3436=VERTEX_POINT('',#11490);
#3437=VERTEX_POINT('',#11492);
#3438=VERTEX_POINT('',#11494);
#3439=VERTEX_POINT('',#11496);
#3440=VERTEX_POINT('',#11498);
#3441=VERTEX_POINT('',#11500);
#3442=VERTEX_POINT('',#11502);
#3443=VERTEX_POINT('',#11504);
#3444=VERTEX_POINT('',#11507);
#3445=VERTEX_POINT('',#11509);
#3446=VERTEX_POINT('',#11511);
#3447=VERTEX_POINT('',#11512);
#3448=VERTEX_POINT('',#11514);
#3449=VERTEX_POINT('',#11516);
#3450=VERTEX_POINT('',#11519);
#3451=VERTEX_POINT('',#11520);
#3452=VERTEX_POINT('',#11522);
#3453=VERTEX_POINT('',#11524);
#3454=VERTEX_POINT('',#11527);
#3455=VERTEX_POINT('',#11536);
#3456=VERTEX_POINT('',#11538);
#3457=VERTEX_POINT('',#11542);
#3458=VERTEX_POINT('',#11546);
#3459=VERTEX_POINT('',#11577);
#3460=VERTEX_POINT('',#11581);
#3461=VERTEX_POINT('',#11585);
#3462=VERTEX_POINT('',#11589);
#3463=VERTEX_POINT('',#11593);
#3464=VERTEX_POINT('',#11597);
#3465=VERTEX_POINT('',#11601);
#3466=VERTEX_POINT('',#11620);
#3467=VERTEX_POINT('',#11626);
#3468=VERTEX_POINT('',#11660);
#3469=VERTEX_POINT('',#11661);
#3470=VERTEX_POINT('',#11663);
#3471=VERTEX_POINT('',#11665);
#3472=VERTEX_POINT('',#11669);
#3473=VERTEX_POINT('',#11671);
#3474=VERTEX_POINT('',#11675);
#3475=VERTEX_POINT('',#11677);
#3476=VERTEX_POINT('',#11681);
#3477=VERTEX_POINT('',#11683);
#3478=VERTEX_POINT('',#11687);
#3479=VERTEX_POINT('',#11689);
#3480=VERTEX_POINT('',#11699);
#3481=VERTEX_POINT('',#11700);
#3482=VERTEX_POINT('',#11702);
#3483=VERTEX_POINT('',#11704);
#3484=VERTEX_POINT('',#11707);
#3485=VERTEX_POINT('',#11709);
#3486=VERTEX_POINT('',#11712);
#3487=VERTEX_POINT('',#11714);
#3488=VERTEX_POINT('',#11718);
#3489=VERTEX_POINT('',#11722);
#3490=VERTEX_POINT('',#11728);
#3491=VERTEX_POINT('',#11732);
#3492=VERTEX_POINT('',#11740);
#3493=VERTEX_POINT('',#11741);
#3494=VERTEX_POINT('',#11743);
#3495=VERTEX_POINT('',#11745);
#3496=VERTEX_POINT('',#11749);
#3497=VERTEX_POINT('',#11751);
#3498=VERTEX_POINT('',#11755);
#3499=VERTEX_POINT('',#11757);
#3500=VERTEX_POINT('',#11764);
#3501=VERTEX_POINT('',#11766);
#3502=VERTEX_POINT('',#11770);
#3503=VERTEX_POINT('',#11774);
#3504=VERTEX_POINT('',#11776);
#3505=VERTEX_POINT('',#11780);
#3506=VERTEX_POINT('',#11784);
#3507=VERTEX_POINT('',#11786);
#3508=VERTEX_POINT('',#11790);
#3509=VERTEX_POINT('',#11792);
#3510=VERTEX_POINT('',#11797);
#3511=VERTEX_POINT('',#11805);
#3512=VERTEX_POINT('',#11807);
#3513=VERTEX_POINT('',#11811);
#3514=VERTEX_POINT('',#11815);
#3515=VERTEX_POINT('',#11816);
#3516=VERTEX_POINT('',#11818);
#3517=VERTEX_POINT('',#11820);
#3518=VERTEX_POINT('',#11824);
#3519=VERTEX_POINT('',#11826);
#3520=VERTEX_POINT('',#11830);
#3521=VERTEX_POINT('',#11832);
#3522=VERTEX_POINT('',#11836);
#3523=VERTEX_POINT('',#11838);
#3524=VERTEX_POINT('',#11842);
#3525=VERTEX_POINT('',#11843);
#3526=VERTEX_POINT('',#11848);
#3527=VERTEX_POINT('',#11850);
#3528=VERTEX_POINT('',#11854);
#3529=VERTEX_POINT('',#11855);
#3530=VERTEX_POINT('',#11860);
#3531=VERTEX_POINT('',#11862);
#3532=VERTEX_POINT('',#11866);
#3533=VERTEX_POINT('',#11868);
#3534=VERTEX_POINT('',#11872);
#3535=VERTEX_POINT('',#11874);
#3536=VERTEX_POINT('',#11878);
#3537=VERTEX_POINT('',#11879);
#3538=VERTEX_POINT('',#11887);
#3539=VERTEX_POINT('',#11889);
#3540=VERTEX_POINT('',#11893);
#3541=VERTEX_POINT('',#11897);
#3542=VERTEX_POINT('',#11901);
#3543=VERTEX_POINT('',#11905);
#3544=VERTEX_POINT('',#11909);
#3545=VERTEX_POINT('',#11913);
#3546=VERTEX_POINT('',#11915);
#3547=VERTEX_POINT('',#11918);
#3548=VERTEX_POINT('',#11921);
#3549=VERTEX_POINT('',#11925);
#3550=VERTEX_POINT('',#11929);
#3551=VERTEX_POINT('',#11933);
#3552=VERTEX_POINT('',#11937);
#3553=VERTEX_POINT('',#11941);
#3554=VERTEX_POINT('',#11942);
#3555=VERTEX_POINT('',#11944);
#3556=VERTEX_POINT('',#11946);
#3557=VERTEX_POINT('',#11948);
#3558=VERTEX_POINT('',#11950);
#3559=VERTEX_POINT('',#11952);
#3560=VERTEX_POINT('',#11954);
#3561=VERTEX_POINT('',#11956);
#3562=VERTEX_POINT('',#11958);
#3563=VERTEX_POINT('',#11960);
#3564=VERTEX_POINT('',#11962);
#3565=VERTEX_POINT('',#11965);
#3566=VERTEX_POINT('',#11967);
#3567=VERTEX_POINT('',#11984);
#3568=VERTEX_POINT('',#11988);
#3569=VERTEX_POINT('',#11992);
#3570=VERTEX_POINT('',#11996);
#3571=VERTEX_POINT('',#12000);
#3572=VERTEX_POINT('',#12027);
#3573=VERTEX_POINT('',#12028);
#3574=VERTEX_POINT('',#12030);
#3575=VERTEX_POINT('',#12032);
#3576=VERTEX_POINT('',#12036);
#3577=VERTEX_POINT('',#12037);
#3578=VERTEX_POINT('',#12039);
#3579=VERTEX_POINT('',#12041);
#3580=VERTEX_POINT('',#12045);
#3581=VERTEX_POINT('',#12047);
#3582=VERTEX_POINT('',#12051);
#3583=VERTEX_POINT('',#12053);
#3584=VERTEX_POINT('',#12057);
#3585=VERTEX_POINT('',#12059);
#3586=VERTEX_POINT('',#12063);
#3587=VERTEX_POINT('',#12065);
#3588=VERTEX_POINT('',#12069);
#3589=VERTEX_POINT('',#12070);
#3590=VERTEX_POINT('',#12072);
#3591=VERTEX_POINT('',#12074);
#3592=VERTEX_POINT('',#12078);
#3593=VERTEX_POINT('',#12081);
#3594=VERTEX_POINT('',#12083);
#3595=VERTEX_POINT('',#12087);
#3596=VERTEX_POINT('',#12089);
#3597=VERTEX_POINT('',#12091);
#3598=VERTEX_POINT('',#12093);
#3599=VERTEX_POINT('',#12095);
#3600=VERTEX_POINT('',#12097);
#3601=VERTEX_POINT('',#12099);
#3602=VERTEX_POINT('',#12101);
#3603=VERTEX_POINT('',#12103);
#3604=VERTEX_POINT('',#12105);
#3605=VERTEX_POINT('',#12107);
#3606=VERTEX_POINT('',#12109);
#3607=VERTEX_POINT('',#12111);
#3608=VERTEX_POINT('',#12113);
#3609=VERTEX_POINT('',#12115);
#3610=VERTEX_POINT('',#12117);
#3611=VERTEX_POINT('',#12119);
#3612=VERTEX_POINT('',#12121);
#3613=VERTEX_POINT('',#12123);
#3614=VERTEX_POINT('',#12125);
#3615=VERTEX_POINT('',#12127);
#3616=VERTEX_POINT('',#12129);
#3617=VERTEX_POINT('',#12131);
#3618=VERTEX_POINT('',#12133);
#3619=VERTEX_POINT('',#12135);
#3620=VERTEX_POINT('',#12137);
#3621=VERTEX_POINT('',#12139);
#3622=VERTEX_POINT('',#12141);
#3623=VERTEX_POINT('',#12143);
#3624=VERTEX_POINT('',#12145);
#3625=VERTEX_POINT('',#12147);
#3626=VERTEX_POINT('',#12149);
#3627=VERTEX_POINT('',#12151);
#3628=VERTEX_POINT('',#12153);
#3629=VERTEX_POINT('',#12155);
#3630=VERTEX_POINT('',#12157);
#3631=VERTEX_POINT('',#12159);
#3632=VERTEX_POINT('',#12161);
#3633=VERTEX_POINT('',#12163);
#3634=VERTEX_POINT('',#12165);
#3635=VERTEX_POINT('',#12167);
#3636=VERTEX_POINT('',#12171);
#3637=VERTEX_POINT('',#12173);
#3638=VERTEX_POINT('',#12178);
#3639=VERTEX_POINT('',#12180);
#3640=VERTEX_POINT('',#12185);
#3641=VERTEX_POINT('',#12187);
#3642=VERTEX_POINT('',#12190);
#3643=VERTEX_POINT('',#12192);
#3644=VERTEX_POINT('',#12195);
#3645=VERTEX_POINT('',#12197);
#3646=VERTEX_POINT('',#12200);
#3647=VERTEX_POINT('',#12202);
#3648=VERTEX_POINT('',#12205);
#3649=VERTEX_POINT('',#12207);
#3650=VERTEX_POINT('',#12209);
#3651=VERTEX_POINT('',#12211);
#3652=VERTEX_POINT('',#12213);
#3653=VERTEX_POINT('',#12215);
#3654=VERTEX_POINT('',#12217);
#3655=VERTEX_POINT('',#12219);
#3656=VERTEX_POINT('',#12221);
#3657=VERTEX_POINT('',#12223);
#3658=VERTEX_POINT('',#12225);
#3659=VERTEX_POINT('',#12227);
#3660=VERTEX_POINT('',#12229);
#3661=VERTEX_POINT('',#12231);
#3662=VERTEX_POINT('',#12233);
#3663=VERTEX_POINT('',#12235);
#3664=VERTEX_POINT('',#12237);
#3665=VERTEX_POINT('',#12240);
#3666=VERTEX_POINT('',#12242);
#3667=VERTEX_POINT('',#12247);
#3668=VERTEX_POINT('',#12250);
#3669=VERTEX_POINT('',#12252);
#3670=VERTEX_POINT('',#12254);
#3671=VERTEX_POINT('',#12256);
#3672=VERTEX_POINT('',#12258);
#3673=VERTEX_POINT('',#12260);
#3674=VERTEX_POINT('',#12262);
#3675=VERTEX_POINT('',#12264);
#3676=VERTEX_POINT('',#12266);
#3677=VERTEX_POINT('',#12268);
#3678=VERTEX_POINT('',#12270);
#3679=VERTEX_POINT('',#12272);
#3680=VERTEX_POINT('',#12274);
#3681=VERTEX_POINT('',#12276);
#3682=VERTEX_POINT('',#12278);
#3683=VERTEX_POINT('',#12280);
#3684=VERTEX_POINT('',#12282);
#3685=VERTEX_POINT('',#12284);
#3686=VERTEX_POINT('',#12287);
#3687=VERTEX_POINT('',#12289);
#3688=VERTEX_POINT('',#12292);
#3689=VERTEX_POINT('',#12294);
#3690=VERTEX_POINT('',#12297);
#3691=VERTEX_POINT('',#12299);
#3692=VERTEX_POINT('',#12302);
#3693=VERTEX_POINT('',#12304);
#3694=VERTEX_POINT('',#12308);
#3695=VERTEX_POINT('',#12309);
#3696=VERTEX_POINT('',#12311);
#3697=VERTEX_POINT('',#12313);
#3698=VERTEX_POINT('',#12315);
#3699=VERTEX_POINT('',#12317);
#3700=VERTEX_POINT('',#12319);
#3701=VERTEX_POINT('',#12321);
#3702=VERTEX_POINT('',#12323);
#3703=VERTEX_POINT('',#12325);
#3704=VERTEX_POINT('',#12327);
#3705=VERTEX_POINT('',#12329);
#3706=VERTEX_POINT('',#12331);
#3707=VERTEX_POINT('',#12333);
#3708=VERTEX_POINT('',#12335);
#3709=VERTEX_POINT('',#12337);
#3710=VERTEX_POINT('',#12339);
#3711=VERTEX_POINT('',#12341);
#3712=VERTEX_POINT('',#12343);
#3713=VERTEX_POINT('',#12345);
#3714=VERTEX_POINT('',#12347);
#3715=VERTEX_POINT('',#12349);
#3716=VERTEX_POINT('',#12351);
#3717=VERTEX_POINT('',#12353);
#3718=VERTEX_POINT('',#12356);
#3719=VERTEX_POINT('',#12357);
#3720=VERTEX_POINT('',#12359);
#3721=VERTEX_POINT('',#12361);
#3722=VERTEX_POINT('',#12364);
#3723=VERTEX_POINT('',#12366);
#3724=VERTEX_POINT('',#12368);
#3725=VERTEX_POINT('',#12369);
#3726=VERTEX_POINT('',#12371);
#3727=VERTEX_POINT('',#12373);
#3728=VERTEX_POINT('',#12376);
#3729=VERTEX_POINT('',#12377);
#3730=VERTEX_POINT('',#12379);
#3731=VERTEX_POINT('',#12381);
#3732=VERTEX_POINT('',#12384);
#3733=VERTEX_POINT('',#12386);
#3734=VERTEX_POINT('',#12388);
#3735=VERTEX_POINT('',#12389);
#3736=VERTEX_POINT('',#12391);
#3737=VERTEX_POINT('',#12393);
#3738=VERTEX_POINT('',#12397);
#3739=VERTEX_POINT('',#12400);
#3740=VERTEX_POINT('',#12402);
#3741=VERTEX_POINT('',#12405);
#3742=VERTEX_POINT('',#12407);
#3743=VERTEX_POINT('',#12410);
#3744=VERTEX_POINT('',#12412);
#3745=VERTEX_POINT('',#12415);
#3746=VERTEX_POINT('',#12417);
#3747=VERTEX_POINT('',#12421);
#3748=VERTEX_POINT('',#12423);
#3749=VERTEX_POINT('',#12426);
#3750=VERTEX_POINT('',#12428);
#3751=VERTEX_POINT('',#12431);
#3752=VERTEX_POINT('',#12433);
#3753=VERTEX_POINT('',#12436);
#3754=VERTEX_POINT('',#12438);
#3755=VERTEX_POINT('',#12441);
#3756=VERTEX_POINT('',#12451);
#3757=VERTEX_POINT('',#12452);
#3758=VERTEX_POINT('',#12457);
#3759=VERTEX_POINT('',#12458);
#3760=VERTEX_POINT('',#12463);
#3761=VERTEX_POINT('',#12465);
#3762=VERTEX_POINT('',#12472);
#3763=VERTEX_POINT('',#12474);
#3764=VERTEX_POINT('',#12481);
#3765=VERTEX_POINT('',#12483);
#3766=VERTEX_POINT('',#12489);
#3767=VERTEX_POINT('',#12491);
#3768=VERTEX_POINT('',#12503);
#3769=VERTEX_POINT('',#12504);
#3770=VERTEX_POINT('',#12509);
#3771=VERTEX_POINT('',#12510);
#3772=VERTEX_POINT('',#12515);
#3773=VERTEX_POINT('',#12517);
#3774=VERTEX_POINT('',#12524);
#3775=VERTEX_POINT('',#12526);
#3776=VERTEX_POINT('',#12533);
#3777=VERTEX_POINT('',#12535);
#3778=VERTEX_POINT('',#12541);
#3779=VERTEX_POINT('',#12543);
#3780=VERTEX_POINT('',#12555);
#3781=VERTEX_POINT('',#12556);
#3782=VERTEX_POINT('',#12561);
#3783=VERTEX_POINT('',#12562);
#3784=VERTEX_POINT('',#12567);
#3785=VERTEX_POINT('',#12569);
#3786=VERTEX_POINT('',#12576);
#3787=VERTEX_POINT('',#12578);
#3788=VERTEX_POINT('',#12585);
#3789=VERTEX_POINT('',#12587);
#3790=VERTEX_POINT('',#12593);
#3791=VERTEX_POINT('',#12595);
#3792=VERTEX_POINT('',#12607);
#3793=VERTEX_POINT('',#12608);
#3794=VERTEX_POINT('',#12613);
#3795=VERTEX_POINT('',#12614);
#3796=VERTEX_POINT('',#12619);
#3797=VERTEX_POINT('',#12621);
#3798=VERTEX_POINT('',#12628);
#3799=VERTEX_POINT('',#12630);
#3800=VERTEX_POINT('',#12637);
#3801=VERTEX_POINT('',#12639);
#3802=VERTEX_POINT('',#12645);
#3803=VERTEX_POINT('',#12647);
#3804=VERTEX_POINT('',#12661);
#3805=VERTEX_POINT('',#12662);
#3806=VERTEX_POINT('',#12664);
#3807=VERTEX_POINT('',#12666);
#3808=VERTEX_POINT('',#12670);
#3809=VERTEX_POINT('',#12671);
#3810=VERTEX_POINT('',#12676);
#3811=VERTEX_POINT('',#12677);
#3812=VERTEX_POINT('',#12685);
#3813=VERTEX_POINT('',#12687);
#3814=VERTEX_POINT('',#12691);
#3815=VERTEX_POINT('',#12695);
#3816=VERTEX_POINT('',#12696);
#3817=VERTEX_POINT('',#12698);
#3818=VERTEX_POINT('',#12700);
#3819=VERTEX_POINT('',#12702);
#3820=VERTEX_POINT('',#12704);
#3821=VERTEX_POINT('',#12706);
#3822=VERTEX_POINT('',#12708);
#3823=VERTEX_POINT('',#12710);
#3824=VERTEX_POINT('',#12712);
#3825=VERTEX_POINT('',#12714);
#3826=VERTEX_POINT('',#12716);
#3827=VERTEX_POINT('',#12718);
#3828=VERTEX_POINT('',#12720);
#3829=VERTEX_POINT('',#12722);
#3830=VERTEX_POINT('',#12724);
#3831=VERTEX_POINT('',#12726);
#3832=VERTEX_POINT('',#12728);
#3833=VERTEX_POINT('',#12730);
#3834=VERTEX_POINT('',#12732);
#3835=VERTEX_POINT('',#12734);
#3836=VERTEX_POINT('',#12736);
#3837=VERTEX_POINT('',#12738);
#3838=VERTEX_POINT('',#12740);
#3839=VERTEX_POINT('',#12743);
#3840=VERTEX_POINT('',#12744);
#3841=VERTEX_POINT('',#12746);
#3842=VERTEX_POINT('',#12748);
#3843=VERTEX_POINT('',#12751);
#3844=VERTEX_POINT('',#12752);
#3845=VERTEX_POINT('',#12754);
#3846=VERTEX_POINT('',#12756);
#3847=VERTEX_POINT('',#12759);
#3848=VERTEX_POINT('',#12761);
#3849=VERTEX_POINT('',#12763);
#3850=VERTEX_POINT('',#12765);
#3851=VERTEX_POINT('',#12767);
#3852=VERTEX_POINT('',#12768);
#3853=VERTEX_POINT('',#12770);
#3854=VERTEX_POINT('',#12772);
#3855=VERTEX_POINT('',#12776);
#3856=VERTEX_POINT('',#12778);
#3857=VERTEX_POINT('',#12782);
#3858=VERTEX_POINT('',#12786);
#3859=VERTEX_POINT('',#12792);
#3860=VERTEX_POINT('',#12794);
#3861=VERTEX_POINT('',#12798);
#3862=VERTEX_POINT('',#12802);
#3863=VERTEX_POINT('',#12804);
#3864=VERTEX_POINT('',#12808);
#3865=VERTEX_POINT('',#12812);
#3866=VERTEX_POINT('',#12816);
#3867=VERTEX_POINT('',#12820);
#3868=VERTEX_POINT('',#12824);
#3869=VERTEX_POINT('',#12828);
#3870=VERTEX_POINT('',#12832);
#3871=VERTEX_POINT('',#12836);
#3872=VERTEX_POINT('',#12840);
#3873=VERTEX_POINT('',#12844);
#3874=VERTEX_POINT('',#12848);
#3875=VERTEX_POINT('',#12852);
#3876=VERTEX_POINT('',#12856);
#3877=VERTEX_POINT('',#12860);
#3878=VERTEX_POINT('',#12864);
#3879=VERTEX_POINT('',#12868);
#3880=VERTEX_POINT('',#12872);
#3881=VERTEX_POINT('',#12876);
#3882=VERTEX_POINT('',#12880);
#3883=VERTEX_POINT('',#12884);
#3884=VERTEX_POINT('',#12888);
#3885=VERTEX_POINT('',#12892);
#3886=VERTEX_POINT('',#12898);
#3887=VERTEX_POINT('',#12900);
#3888=VERTEX_POINT('',#12904);
#3889=VERTEX_POINT('',#12908);
#3890=VERTEX_POINT('',#12912);
#3891=VERTEX_POINT('',#12916);
#3892=VERTEX_POINT('',#12920);
#3893=VERTEX_POINT('',#12924);
#3894=VERTEX_POINT('',#12928);
#3895=VERTEX_POINT('',#12932);
#3896=VERTEX_POINT('',#12936);
#3897=VERTEX_POINT('',#12940);
#3898=VERTEX_POINT('',#12944);
#3899=VERTEX_POINT('',#12948);
#3900=VERTEX_POINT('',#12950);
#3901=VERTEX_POINT('',#12954);
#3902=VERTEX_POINT('',#12958);
#3903=VERTEX_POINT('',#12964);
#3904=VERTEX_POINT('',#12966);
#3905=VERTEX_POINT('',#12970);
#3906=VERTEX_POINT('',#12974);
#3907=VERTEX_POINT('',#12976);
#3908=VERTEX_POINT('',#12980);
#3909=VERTEX_POINT('',#12984);
#3910=VERTEX_POINT('',#12990);
#3911=VERTEX_POINT('',#12992);
#3912=VERTEX_POINT('',#12996);
#3913=VERTEX_POINT('',#13000);
#3914=VERTEX_POINT('',#13004);
#3915=VERTEX_POINT('',#13008);
#3916=VERTEX_POINT('',#13012);
#3917=VERTEX_POINT('',#13016);
#3918=VERTEX_POINT('',#13020);
#3919=VERTEX_POINT('',#13024);
#3920=VERTEX_POINT('',#13028);
#3921=VERTEX_POINT('',#13032);
#3922=VERTEX_POINT('',#13034);
#3923=VERTEX_POINT('',#13038);
#3924=VERTEX_POINT('',#13042);
#3925=VERTEX_POINT('',#13048);
#3926=VERTEX_POINT('',#13050);
#3927=VERTEX_POINT('',#13054);
#3928=VERTEX_POINT('',#13058);
#3929=VERTEX_POINT('',#13060);
#3930=VERTEX_POINT('',#13064);
#3931=VERTEX_POINT('',#13068);
#3932=VERTEX_POINT('',#13074);
#3933=VERTEX_POINT('',#13076);
#3934=VERTEX_POINT('',#13080);
#3935=VERTEX_POINT('',#13087);
#3936=VERTEX_POINT('',#13091);
#3937=VERTEX_POINT('',#13095);
#3938=VERTEX_POINT('',#13099);
#3939=VERTEX_POINT('',#13103);
#3940=VERTEX_POINT('',#13107);
#3941=VERTEX_POINT('',#13111);
#3942=VERTEX_POINT('',#13115);
#3943=VERTEX_POINT('',#13119);
#3944=VERTEX_POINT('',#13123);
#3945=VERTEX_POINT('',#13127);
#3946=VERTEX_POINT('',#13163);
#3947=VERTEX_POINT('',#13169);
#3948=VERTEX_POINT('',#13176);
#3949=VERTEX_POINT('',#13182);
#3950=VERTEX_POINT('',#13190);
#3951=VERTEX_POINT('',#13205);
#3952=VERTEX_POINT('',#13241);
#3953=VERTEX_POINT('',#13243);
#3954=VERTEX_POINT('',#13247);
#3955=VERTEX_POINT('',#13250);
#3956=VERTEX_POINT('',#13251);
#3957=VERTEX_POINT('',#13256);
#3958=VERTEX_POINT('',#13261);
#3959=VERTEX_POINT('',#13266);
#3960=VERTEX_POINT('',#13271);
#3961=VERTEX_POINT('',#13274);
#3962=VERTEX_POINT('',#13278);
#3963=VERTEX_POINT('',#13288);
#3964=VERTEX_POINT('',#13294);
#3965=VERTEX_POINT('',#13295);
#3966=VERTEX_POINT('',#13297);
#3967=VERTEX_POINT('',#13299);
#3968=VERTEX_POINT('',#13301);
#3969=VERTEX_POINT('',#13303);
#3970=VERTEX_POINT('',#13320);
#3971=VERTEX_POINT('',#13322);
#3972=VERTEX_POINT('',#13326);
#3973=VERTEX_POINT('',#13329);
#3974=VERTEX_POINT('',#13330);
#3975=VERTEX_POINT('',#13335);
#3976=VERTEX_POINT('',#13340);
#3977=VERTEX_POINT('',#13345);
#3978=VERTEX_POINT('',#13350);
#3979=VERTEX_POINT('',#13353);
#3980=VERTEX_POINT('',#13357);
#3981=VERTEX_POINT('',#13367);
#3982=VERTEX_POINT('',#13373);
#3983=VERTEX_POINT('',#13374);
#3984=VERTEX_POINT('',#13376);
#3985=VERTEX_POINT('',#13378);
#3986=VERTEX_POINT('',#13380);
#3987=VERTEX_POINT('',#13382);
#3988=EDGE_CURVE('',#3316,#3316,#2994,.T.);
#3989=EDGE_CURVE('',#3316,#3317,#1446,.T.);
#3990=EDGE_CURVE('',#3317,#3317,#2995,.T.);
#3991=EDGE_CURVE('',#3318,#3318,#2996,.T.);
#3992=EDGE_CURVE('',#3318,#3319,#1447,.T.);
#3993=EDGE_CURVE('',#3319,#3319,#2997,.T.);
#3994=EDGE_CURVE('',#3320,#3320,#2998,.T.);
#3995=EDGE_CURVE('',#3321,#3321,#2999,.T.);
#3996=EDGE_CURVE('',#3322,#3322,#3000,.T.);
#3997=EDGE_CURVE('',#3322,#3321,#1448,.T.);
#3998=EDGE_CURVE('',#3323,#3323,#3001,.T.);
#3999=EDGE_CURVE('',#3323,#3320,#1449,.T.);
#4000=EDGE_CURVE('',#3324,#3324,#3002,.T.);
#4001=EDGE_CURVE('',#3324,#3325,#1450,.T.);
#4002=EDGE_CURVE('',#3325,#3325,#3003,.T.);
#4003=EDGE_CURVE('',#3326,#3327,#3004,.T.);
#4004=EDGE_CURVE('',#3328,#3326,#1451,.T.);
#4005=EDGE_CURVE('',#3329,#3328,#3005,.T.);
#4006=EDGE_CURVE('',#3330,#3329,#1452,.T.);
#4007=EDGE_CURVE('',#3331,#3330,#3006,.T.);
#4008=EDGE_CURVE('',#3332,#3331,#1453,.T.);
#4009=EDGE_CURVE('',#3333,#3332,#3007,.T.);
#4010=EDGE_CURVE('',#3334,#3333,#1454,.T.);
#4011=EDGE_CURVE('',#3335,#3334,#3008,.T.);
#4012=EDGE_CURVE('',#3336,#3335,#1455,.T.);
#4013=EDGE_CURVE('',#3337,#3336,#3009,.T.);
#4014=EDGE_CURVE('',#3338,#3337,#1456,.T.);
#4015=EDGE_CURVE('',#3339,#3338,#3010,.T.);
#4016=EDGE_CURVE('',#3340,#3339,#1457,.T.);
#4017=EDGE_CURVE('',#3341,#3340,#3011,.T.);
#4018=EDGE_CURVE('',#3342,#3341,#1458,.T.);
#4019=EDGE_CURVE('',#3343,#3342,#3012,.T.);
#4020=EDGE_CURVE('',#3344,#3343,#1459,.T.);
#4021=EDGE_CURVE('',#3345,#3344,#3013,.T.);
#4022=EDGE_CURVE('',#3346,#3345,#1460,.T.);
#4023=EDGE_CURVE('',#3347,#3346,#3014,.T.);
#4024=EDGE_CURVE('',#3348,#3347,#1461,.T.);
#4025=EDGE_CURVE('',#3349,#3348,#3015,.T.);
#4026=EDGE_CURVE('',#3327,#3349,#1462,.T.);
#4027=EDGE_CURVE('',#3350,#3350,#3016,.T.);
#4028=EDGE_CURVE('',#3351,#3351,#3017,.T.);
#4029=EDGE_CURVE('',#3352,#3353,#1463,.T.);
#4030=EDGE_CURVE('',#3354,#3352,#3018,.T.);
#4031=EDGE_CURVE('',#3355,#3354,#1464,.T.);
#4032=EDGE_CURVE('',#3353,#3355,#3019,.T.);
#4033=EDGE_CURVE('',#3356,#3357,#1465,.T.);
#4034=EDGE_CURVE('',#3358,#3356,#3020,.T.);
#4035=EDGE_CURVE('',#3359,#3358,#1466,.T.);
#4036=EDGE_CURVE('',#3357,#3359,#3021,.T.);
#4037=EDGE_CURVE('',#3360,#3360,#3022,.T.);
#4038=EDGE_CURVE('',#3361,#3361,#3023,.T.);
#4039=EDGE_CURVE('',#3361,#3325,#1467,.T.);
#4040=EDGE_CURVE('',#3350,#3362,#1468,.T.);
#4041=EDGE_CURVE('',#3362,#3362,#3024,.T.);
#4042=EDGE_CURVE('',#3363,#3363,#3025,.T.);
#4043=EDGE_CURVE('',#3363,#3362,#1469,.T.);
#4044=EDGE_CURVE('',#3360,#3364,#1470,.T.);
#4045=EDGE_CURVE('',#3364,#3364,#3026,.T.);
#4046=EDGE_CURVE('',#3365,#3365,#3027,.T.);
#4047=EDGE_CURVE('',#3365,#3364,#1471,.T.);
#4048=EDGE_CURVE('',#3351,#3366,#1472,.T.);
#4049=EDGE_CURVE('',#3366,#3366,#3028,.T.);
#4050=EDGE_CURVE('',#3367,#3367,#3029,.T.);
#4051=EDGE_CURVE('',#3367,#3366,#1473,.T.);
#4052=EDGE_CURVE('',#3368,#3356,#1474,.T.);
#4053=EDGE_CURVE('',#3357,#3369,#1475,.T.);
#4054=EDGE_CURVE('',#3369,#3368,#1476,.T.);
#4055=EDGE_CURVE('',#3370,#3358,#1477,.T.);
#4056=EDGE_CURVE('',#3368,#3370,#3030,.T.);
#4057=EDGE_CURVE('',#3371,#3359,#1478,.T.);
#4058=EDGE_CURVE('',#3370,#3371,#1479,.T.);
#4059=EDGE_CURVE('',#3371,#3369,#3031,.T.);
#4060=EDGE_CURVE('',#3368,#3372,#1480,.T.);
#4061=EDGE_CURVE('',#3373,#3372,#3032,.T.);
#4062=EDGE_CURVE('',#3370,#3373,#1481,.T.);
#4063=EDGE_CURVE('',#3369,#3374,#1482,.T.);
#4064=EDGE_CURVE('',#3372,#3374,#1483,.T.);
#4065=EDGE_CURVE('',#3375,#3352,#1484,.T.);
#4066=EDGE_CURVE('',#3353,#3376,#1485,.T.);
#4067=EDGE_CURVE('',#3376,#3375,#1486,.T.);
#4068=EDGE_CURVE('',#3377,#3354,#1487,.T.);
#4069=EDGE_CURVE('',#3375,#3377,#3033,.T.);
#4070=EDGE_CURVE('',#3378,#3355,#1488,.T.);
#4071=EDGE_CURVE('',#3377,#3378,#1489,.T.);
#4072=EDGE_CURVE('',#3378,#3376,#3034,.T.);
#4073=EDGE_CURVE('',#3375,#3379,#1490,.T.);
#4074=EDGE_CURVE('',#3380,#3379,#3035,.T.);
#4075=EDGE_CURVE('',#3377,#3380,#1491,.T.);
#4076=EDGE_CURVE('',#3376,#3381,#1492,.T.);
#4077=EDGE_CURVE('',#3379,#3381,#1493,.T.);
#4078=EDGE_CURVE('',#3327,#3382,#1494,.T.);
#4079=EDGE_CURVE('',#3382,#3383,#3036,.T.);
#4080=EDGE_CURVE('',#3383,#3326,#1495,.T.);
#4081=EDGE_CURVE('',#3349,#3384,#1496,.T.);
#4082=EDGE_CURVE('',#3384,#3382,#1497,.T.);
#4083=EDGE_CURVE('',#3348,#3385,#1498,.T.);
#4084=EDGE_CURVE('',#3385,#3384,#3037,.T.);
#4085=EDGE_CURVE('',#3347,#3386,#1499,.T.);
#4086=EDGE_CURVE('',#3386,#3385,#1500,.T.);
#4087=EDGE_CURVE('',#3346,#3387,#1501,.T.);
#4088=EDGE_CURVE('',#3387,#3386,#3038,.T.);
#4089=EDGE_CURVE('',#3345,#3388,#1502,.T.);
#4090=EDGE_CURVE('',#3388,#3387,#1503,.T.);
#4091=EDGE_CURVE('',#3344,#3389,#1504,.T.);
#4092=EDGE_CURVE('',#3389,#3388,#3039,.T.);
#4093=EDGE_CURVE('',#3343,#3390,#1505,.T.);
#4094=EDGE_CURVE('',#3390,#3389,#1506,.T.);
#4095=EDGE_CURVE('',#3342,#3391,#1507,.T.);
#4096=EDGE_CURVE('',#3391,#3390,#3040,.T.);
#4097=EDGE_CURVE('',#3341,#3392,#1508,.T.);
#4098=EDGE_CURVE('',#3392,#3391,#1509,.T.);
#4099=EDGE_CURVE('',#3340,#3393,#1510,.T.);
#4100=EDGE_CURVE('',#3393,#3392,#3041,.T.);
#4101=EDGE_CURVE('',#3339,#3394,#1511,.T.);
#4102=EDGE_CURVE('',#3394,#3393,#1512,.T.);
#4103=EDGE_CURVE('',#3338,#3395,#1513,.T.);
#4104=EDGE_CURVE('',#3395,#3394,#3042,.T.);
#4105=EDGE_CURVE('',#3337,#3396,#1514,.T.);
#4106=EDGE_CURVE('',#3396,#3395,#1515,.T.);
#4107=EDGE_CURVE('',#3336,#3397,#1516,.T.);
#4108=EDGE_CURVE('',#3397,#3396,#3043,.T.);
#4109=EDGE_CURVE('',#3335,#3398,#1517,.T.);
#4110=EDGE_CURVE('',#3398,#3397,#1518,.T.);
#4111=EDGE_CURVE('',#3334,#3399,#1519,.T.);
#4112=EDGE_CURVE('',#3399,#3398,#3044,.T.);
#4113=EDGE_CURVE('',#3333,#3400,#1520,.T.);
#4114=EDGE_CURVE('',#3400,#3399,#1521,.T.);
#4115=EDGE_CURVE('',#3332,#3401,#1522,.T.);
#4116=EDGE_CURVE('',#3401,#3400,#3045,.T.);
#4117=EDGE_CURVE('',#3331,#3402,#1523,.T.);
#4118=EDGE_CURVE('',#3402,#3401,#1524,.T.);
#4119=EDGE_CURVE('',#3330,#3403,#1525,.T.);
#4120=EDGE_CURVE('',#3403,#3402,#3046,.T.);
#4121=EDGE_CURVE('',#3329,#3404,#1526,.T.);
#4122=EDGE_CURVE('',#3404,#3403,#1527,.T.);
#4123=EDGE_CURVE('',#3328,#3405,#1528,.T.);
#4124=EDGE_CURVE('',#3405,#3404,#3047,.T.);
#4125=EDGE_CURVE('',#3383,#3405,#1529,.T.);
#4126=EDGE_CURVE('',#3406,#3396,#1530,.T.);
#4127=EDGE_CURVE('',#3407,#3406,#1531,.T.);
#4128=EDGE_CURVE('',#3395,#3407,#1532,.T.);
#4129=EDGE_CURVE('',#3397,#3408,#1533,.T.);
#4130=EDGE_CURVE('',#3406,#3408,#3048,.T.);
#4131=EDGE_CURVE('',#3409,#3398,#1534,.T.);
#4132=EDGE_CURVE('',#3408,#3409,#1535,.T.);
#4133=EDGE_CURVE('',#3399,#3410,#1536,.T.);
#4134=EDGE_CURVE('',#3409,#3410,#3049,.T.);
#4135=EDGE_CURVE('',#3411,#3400,#1537,.T.);
#4136=EDGE_CURVE('',#3410,#3411,#1538,.T.);
#4137=EDGE_CURVE('',#3401,#3412,#1539,.T.);
#4138=EDGE_CURVE('',#3411,#3412,#3050,.T.);
#4139=EDGE_CURVE('',#3413,#3402,#1540,.T.);
#4140=EDGE_CURVE('',#3412,#3413,#1541,.T.);
#4141=EDGE_CURVE('',#3403,#3414,#1542,.T.);
#4142=EDGE_CURVE('',#3413,#3414,#3051,.T.);
#4143=EDGE_CURVE('',#3415,#3404,#1543,.T.);
#4144=EDGE_CURVE('',#3414,#3415,#1544,.T.);
#4145=EDGE_CURVE('',#3405,#3416,#1545,.T.);
#4146=EDGE_CURVE('',#3415,#3416,#3052,.T.);
#4147=EDGE_CURVE('',#3417,#3383,#1546,.T.);
#4148=EDGE_CURVE('',#3416,#3417,#1547,.T.);
#4149=EDGE_CURVE('',#3382,#3418,#1548,.T.);
#4150=EDGE_CURVE('',#3417,#3418,#3053,.T.);
#4151=EDGE_CURVE('',#3419,#3419,#3054,.T.);
#4152=EDGE_CURVE('',#3419,#3365,#1549,.T.);
#4153=EDGE_CURVE('',#3420,#3421,#1550,.T.);
#4154=EDGE_CURVE('',#3422,#3420,#3055,.T.);
#4155=EDGE_CURVE('',#3423,#3422,#1551,.T.);
#4156=EDGE_CURVE('',#3424,#3423,#3056,.T.);
#4157=EDGE_CURVE('',#3425,#3424,#1552,.T.);
#4158=EDGE_CURVE('',#3426,#3425,#3057,.T.);
#4159=EDGE_CURVE('',#3427,#3426,#1553,.T.);
#4160=EDGE_CURVE('',#3428,#3427,#3058,.T.);
#4161=EDGE_CURVE('',#3429,#3428,#1554,.T.);
#4162=EDGE_CURVE('',#3430,#3429,#3059,.T.);
#4163=EDGE_CURVE('',#3431,#3430,#1555,.T.);
#4164=EDGE_CURVE('',#3432,#3431,#3060,.T.);
#4165=EDGE_CURVE('',#3433,#3432,#1556,.T.);
#4166=EDGE_CURVE('',#3434,#3433,#3061,.T.);
#4167=EDGE_CURVE('',#3435,#3434,#1557,.T.);
#4168=EDGE_CURVE('',#3436,#3435,#3062,.T.);
#4169=EDGE_CURVE('',#3437,#3436,#1558,.T.);
#4170=EDGE_CURVE('',#3438,#3437,#3063,.T.);
#4171=EDGE_CURVE('',#3439,#3438,#1559,.T.);
#4172=EDGE_CURVE('',#3440,#3439,#3064,.T.);
#4173=EDGE_CURVE('',#3441,#3440,#1560,.T.);
#4174=EDGE_CURVE('',#3442,#3441,#3065,.T.);
#4175=EDGE_CURVE('',#3443,#3442,#1561,.T.);
#4176=EDGE_CURVE('',#3421,#3443,#3066,.T.);
#4177=EDGE_CURVE('',#3444,#3444,#3067,.T.);
#4178=EDGE_CURVE('',#3445,#3445,#3068,.T.);
#4179=EDGE_CURVE('',#3446,#3447,#3069,.T.);
#4180=EDGE_CURVE('',#3448,#3446,#1562,.T.);
#4181=EDGE_CURVE('',#3449,#3448,#3070,.T.);
#4182=EDGE_CURVE('',#3447,#3449,#1563,.T.);
#4183=EDGE_CURVE('',#3450,#3451,#3071,.T.);
#4184=EDGE_CURVE('',#3452,#3450,#1564,.T.);
#4185=EDGE_CURVE('',#3453,#3452,#3072,.T.);
#4186=EDGE_CURVE('',#3451,#3453,#1565,.T.);
#4187=EDGE_CURVE('',#3454,#3454,#3073,.T.);
#4188=EDGE_CURVE('',#3444,#3361,#1566,.T.);
#4189=EDGE_CURVE('',#3454,#3367,#1567,.T.);
#4190=EDGE_CURVE('',#3445,#3363,#1568,.T.);
#4191=EDGE_CURVE('',#3455,#3420,#1569,.T.);
#4192=EDGE_CURVE('',#3421,#3456,#1570,.T.);
#4193=EDGE_CURVE('',#3456,#3455,#1571,.T.);
#4194=EDGE_CURVE('',#3455,#3457,#3074,.T.);
#4195=EDGE_CURVE('',#3457,#3422,#1572,.T.);
#4196=EDGE_CURVE('',#3458,#3423,#1573,.T.);
#4197=EDGE_CURVE('',#3457,#3458,#1574,.T.);
#4198=EDGE_CURVE('',#3458,#3407,#3075,.T.);
#4199=EDGE_CURVE('',#3407,#3424,#1575,.T.);
#4200=EDGE_CURVE('',#3406,#3425,#1576,.T.);
#4201=EDGE_CURVE('',#3408,#3426,#1577,.T.);
#4202=EDGE_CURVE('',#3409,#3427,#1578,.T.);
#4203=EDGE_CURVE('',#3410,#3428,#1579,.T.);
#4204=EDGE_CURVE('',#3411,#3429,#1580,.T.);
#4205=EDGE_CURVE('',#3412,#3430,#1581,.T.);
#4206=EDGE_CURVE('',#3413,#3431,#1582,.T.);
#4207=EDGE_CURVE('',#3414,#3432,#1583,.T.);
#4208=EDGE_CURVE('',#3415,#3433,#1584,.T.);
#4209=EDGE_CURVE('',#3416,#3434,#1585,.T.);
#4210=EDGE_CURVE('',#3417,#3435,#1586,.T.);
#4211=EDGE_CURVE('',#3418,#3436,#1587,.T.);
#4212=EDGE_CURVE('',#3459,#3437,#1588,.T.);
#4213=EDGE_CURVE('',#3418,#3459,#1589,.T.);
#4214=EDGE_CURVE('',#3460,#3438,#1590,.T.);
#4215=EDGE_CURVE('',#3459,#3460,#3076,.T.);
#4216=EDGE_CURVE('',#3461,#3439,#1591,.T.);
#4217=EDGE_CURVE('',#3460,#3461,#1592,.T.);
#4218=EDGE_CURVE('',#3462,#3440,#1593,.T.);
#4219=EDGE_CURVE('',#3461,#3462,#3077,.T.);
#4220=EDGE_CURVE('',#3463,#3441,#1594,.T.);
#4221=EDGE_CURVE('',#3462,#3463,#1595,.T.);
#4222=EDGE_CURVE('',#3463,#3464,#3078,.T.);
#4223=EDGE_CURVE('',#3464,#3442,#1596,.T.);
#4224=EDGE_CURVE('',#3465,#3443,#1597,.T.);
#4225=EDGE_CURVE('',#3464,#3465,#1598,.T.);
#4226=EDGE_CURVE('',#3465,#3456,#3079,.T.);
#4227=EDGE_CURVE('',#3458,#3394,#1599,.T.);
#4228=EDGE_CURVE('',#3393,#3457,#1600,.T.);
#4229=EDGE_CURVE('',#3455,#3392,#1601,.T.);
#4230=EDGE_CURVE('',#3391,#3456,#1602,.T.);
#4231=EDGE_CURVE('',#3379,#3446,#1603,.T.);
#4232=EDGE_CURVE('',#3447,#3380,#1604,.T.);
#4233=EDGE_CURVE('',#3381,#3448,#1605,.T.);
#4234=EDGE_CURVE('',#3466,#3449,#1606,.T.);
#4235=EDGE_CURVE('',#3381,#3466,#3080,.T.);
#4236=EDGE_CURVE('',#3466,#3380,#1607,.T.);
#4237=EDGE_CURVE('',#3467,#3450,#1608,.T.);
#4238=EDGE_CURVE('',#3451,#3374,#1609,.T.);
#4239=EDGE_CURVE('',#3374,#3467,#3081,.T.);
#4240=EDGE_CURVE('',#3373,#3452,#1610,.T.);
#4241=EDGE_CURVE('',#3467,#3373,#1611,.T.);
#4242=EDGE_CURVE('',#3372,#3453,#1612,.T.);
#4243=EDGE_CURVE('',#3371,#3467,#1613,.T.);
#4244=EDGE_CURVE('',#3389,#3464,#1614,.T.);
#4245=EDGE_CURVE('',#3463,#3388,#1615,.T.);
#4246=EDGE_CURVE('',#3465,#3390,#1616,.T.);
#4247=EDGE_CURVE('',#3378,#3466,#1617,.T.);
#4248=EDGE_CURVE('',#3387,#3462,#1618,.T.);
#4249=EDGE_CURVE('',#3386,#3461,#1619,.T.);
#4250=EDGE_CURVE('',#3385,#3460,#1620,.T.);
#4251=EDGE_CURVE('',#3384,#3459,#1621,.T.);
#4252=EDGE_CURVE('',#3468,#3469,#1622,.T.);
#4253=EDGE_CURVE('',#3470,#3468,#1623,.T.);
#4254=EDGE_CURVE('',#3471,#3470,#1624,.T.);
#4255=EDGE_CURVE('',#3471,#3469,#1625,.T.);
#4256=EDGE_CURVE('',#3472,#3468,#3082,.T.);
#4257=EDGE_CURVE('',#3473,#3472,#1626,.T.);
#4258=EDGE_CURVE('',#3470,#3473,#3083,.T.);
#4259=EDGE_CURVE('',#3474,#3474,#3084,.T.);
#4260=EDGE_CURVE('',#3474,#3475,#1627,.T.);
#4261=EDGE_CURVE('',#3475,#3475,#3085,.T.);
#4262=EDGE_CURVE('',#3476,#3476,#3086,.T.);
#4263=EDGE_CURVE('',#3476,#3477,#1628,.T.);
#4264=EDGE_CURVE('',#3477,#3477,#3087,.T.);
#4265=EDGE_CURVE('',#3478,#3472,#1629,.T.);
#4266=EDGE_CURVE('',#3479,#3478,#1630,.T.);
#4267=EDGE_CURVE('',#3473,#3479,#1631,.T.);
#4268=EDGE_CURVE('',#3469,#3478,#3088,.T.);
#4269=EDGE_CURVE('',#3479,#3471,#3089,.T.);
#4270=EDGE_CURVE('',#3480,#3481,#1632,.T.);
#4271=EDGE_CURVE('',#3482,#3480,#3090,.T.);
#4272=EDGE_CURVE('',#3483,#3482,#1633,.T.);
#4273=EDGE_CURVE('',#3481,#3483,#3091,.T.);
#4274=EDGE_CURVE('',#3484,#3484,#3092,.T.);
#4275=EDGE_CURVE('',#3485,#3485,#3093,.T.);
#4276=EDGE_CURVE('',#3486,#3482,#1634,.T.);
#4277=EDGE_CURVE('',#3487,#3486,#1635,.T.);
#4278=EDGE_CURVE('',#3487,#3483,#1636,.T.);
#4279=EDGE_CURVE('',#3488,#3480,#1637,.T.);
#4280=EDGE_CURVE('',#3486,#3488,#3094,.T.);
#4281=EDGE_CURVE('',#3489,#3481,#1638,.T.);
#4282=EDGE_CURVE('',#3488,#3489,#1639,.T.);
#4283=EDGE_CURVE('',#3489,#3487,#3095,.T.);
#4284=EDGE_CURVE('',#3485,#3490,#1640,.T.);
#4285=EDGE_CURVE('',#3490,#3490,#3096,.T.);
#4286=EDGE_CURVE('',#3484,#3491,#1641,.T.);
#4287=EDGE_CURVE('',#3491,#3491,#3097,.T.);
#4288=EDGE_CURVE('',#3492,#3493,#3098,.T.);
#4289=EDGE_CURVE('',#3493,#3494,#1642,.T.);
#4290=EDGE_CURVE('',#3494,#3495,#3099,.T.);
#4291=EDGE_CURVE('',#3495,#3492,#1643,.T.);
#4292=EDGE_CURVE('',#3494,#3496,#3100,.T.);
#4293=EDGE_CURVE('',#3496,#3497,#3101,.T.);
#4294=EDGE_CURVE('',#3497,#3495,#3102,.T.);
#4295=EDGE_CURVE('',#3496,#3498,#1644,.T.);
#4296=EDGE_CURVE('',#3498,#3499,#3103,.T.);
#4297=EDGE_CURVE('',#3499,#3497,#1645,.T.);
#4298=EDGE_CURVE('',#3498,#3493,#3104,.T.);
#4299=EDGE_CURVE('',#3492,#3499,#3105,.T.);
#4300=EDGE_CURVE('',#3494,#3500,#1646,.T.);
#4301=EDGE_CURVE('',#3501,#3500,#3106,.T.);
#4302=EDGE_CURVE('',#3496,#3501,#1647,.T.);
#4303=EDGE_CURVE('',#3502,#3493,#1648,.T.);
#4304=EDGE_CURVE('',#3500,#3502,#1649,.T.);
#4305=EDGE_CURVE('',#3503,#3492,#1650,.T.);
#4306=EDGE_CURVE('',#3503,#3504,#3107,.T.);
#4307=EDGE_CURVE('',#3499,#3504,#1651,.T.);
#4308=EDGE_CURVE('',#3495,#3505,#1652,.T.);
#4309=EDGE_CURVE('',#3505,#3503,#1653,.T.);
#4310=EDGE_CURVE('',#3506,#3500,#3108,.T.);
#4311=EDGE_CURVE('',#3502,#3507,#3109,.T.);
#4312=EDGE_CURVE('',#3507,#3506,#1654,.T.);
#4313=EDGE_CURVE('',#3502,#3508,#3110,.T.);
#4314=EDGE_CURVE('',#3508,#3509,#3111,.T.);
#4315=EDGE_CURVE('',#3509,#3507,#3112,.T.);
#4316=EDGE_CURVE('',#3508,#3501,#1655,.T.);
#4317=EDGE_CURVE('',#3501,#3510,#3113,.T.);
#4318=EDGE_CURVE('',#3510,#3509,#1656,.T.);
#4319=EDGE_CURVE('',#3506,#3510,#3114,.T.);
#4320=EDGE_CURVE('',#3498,#3508,#1657,.T.);
#4321=EDGE_CURVE('',#3511,#3506,#1658,.T.);
#4322=EDGE_CURVE('',#3511,#3512,#3115,.T.);
#4323=EDGE_CURVE('',#3510,#3512,#1659,.T.);
#4324=EDGE_CURVE('',#3507,#3513,#1660,.T.);
#4325=EDGE_CURVE('',#3513,#3511,#1661,.T.);
#4326=EDGE_CURVE('',#3514,#3515,#1662,.T.);
#4327=EDGE_CURVE('',#3515,#3516,#3116,.T.);
#4328=EDGE_CURVE('',#3516,#3517,#1663,.T.);
#4329=EDGE_CURVE('',#3517,#3514,#3117,.T.);
#4330=EDGE_CURVE('',#3514,#3518,#3118,.T.);
#4331=EDGE_CURVE('',#3518,#3519,#1664,.T.);
#4332=EDGE_CURVE('',#3519,#3515,#3119,.T.);
#4333=EDGE_CURVE('',#3518,#3520,#1665,.T.);
#4334=EDGE_CURVE('',#3520,#3521,#1666,.T.);
#4335=EDGE_CURVE('',#3521,#3519,#1667,.T.);
#4336=EDGE_CURVE('',#3520,#3522,#3120,.T.);
#4337=EDGE_CURVE('',#3522,#3523,#1668,.T.);
#4338=EDGE_CURVE('',#3523,#3521,#3121,.T.);
#4339=EDGE_CURVE('',#3524,#3525,#1669,.T.);
#4340=EDGE_CURVE('',#3525,#3523,#3122,.T.);
#4341=EDGE_CURVE('',#3522,#3524,#3123,.T.);
#4342=EDGE_CURVE('',#3524,#3526,#1670,.T.);
#4343=EDGE_CURVE('',#3526,#3527,#1671,.T.);
#4344=EDGE_CURVE('',#3527,#3525,#1672,.T.);
#4345=EDGE_CURVE('',#3528,#3529,#1673,.T.);
#4346=EDGE_CURVE('',#3529,#3527,#3124,.T.);
#4347=EDGE_CURVE('',#3526,#3528,#3125,.T.);
#4348=EDGE_CURVE('',#3528,#3530,#3126,.T.);
#4349=EDGE_CURVE('',#3530,#3531,#1674,.T.);
#4350=EDGE_CURVE('',#3531,#3529,#3127,.T.);
#4351=EDGE_CURVE('',#3530,#3532,#1675,.T.);
#4352=EDGE_CURVE('',#3532,#3533,#1676,.T.);
#4353=EDGE_CURVE('',#3533,#3531,#1677,.T.);
#4354=EDGE_CURVE('',#3532,#3534,#3128,.T.);
#4355=EDGE_CURVE('',#3534,#3535,#1678,.T.);
#4356=EDGE_CURVE('',#3535,#3533,#3129,.T.);
#4357=EDGE_CURVE('',#3536,#3537,#1679,.T.);
#4358=EDGE_CURVE('',#3537,#3535,#3130,.T.);
#4359=EDGE_CURVE('',#3534,#3536,#3131,.T.);
#4360=EDGE_CURVE('',#3536,#3517,#1680,.T.);
#4361=EDGE_CURVE('',#3516,#3537,#1681,.T.);
#4362=EDGE_CURVE('',#3538,#3531,#1682,.T.);
#4363=EDGE_CURVE('',#3539,#3538,#3132,.T.);
#4364=EDGE_CURVE('',#3539,#3529,#1683,.T.);
#4365=EDGE_CURVE('',#3533,#3540,#1684,.T.);
#4366=EDGE_CURVE('',#3538,#3540,#1685,.T.);
#4367=EDGE_CURVE('',#3541,#3535,#1686,.T.);
#4368=EDGE_CURVE('',#3540,#3541,#3133,.T.);
#4369=EDGE_CURVE('',#3537,#3542,#1687,.T.);
#4370=EDGE_CURVE('',#3541,#3542,#3134,.T.);
#4371=EDGE_CURVE('',#3543,#3516,#1688,.T.);
#4372=EDGE_CURVE('',#3542,#3543,#1689,.T.);
#4373=EDGE_CURVE('',#3544,#3515,#1690,.T.);
#4374=EDGE_CURVE('',#3543,#3544,#3135,.T.);
#4375=EDGE_CURVE('',#3545,#3545,#3136,.T.);
#4376=EDGE_CURVE('',#3546,#3513,#3137,.T.);
#4377=EDGE_CURVE('',#3512,#3546,#1691,.T.);
#4378=EDGE_CURVE('',#3547,#3547,#3138,.T.);
#4379=EDGE_CURVE('',#3545,#3548,#1692,.T.);
#4380=EDGE_CURVE('',#3548,#3548,#3139,.T.);
#4381=EDGE_CURVE('',#3548,#3549,#1693,.T.);
#4382=EDGE_CURVE('',#3549,#3549,#3140,.T.);
#4383=EDGE_CURVE('',#3547,#3550,#1694,.T.);
#4384=EDGE_CURVE('',#3550,#3550,#3141,.T.);
#4385=EDGE_CURVE('',#3550,#3551,#1695,.T.);
#4386=EDGE_CURVE('',#3551,#3551,#3142,.T.);
#4387=EDGE_CURVE('',#3552,#3552,#3143,.T.);
#4388=EDGE_CURVE('',#3552,#3549,#1696,.T.);
#4389=EDGE_CURVE('',#3553,#3554,#1697,.T.);
#4390=EDGE_CURVE('',#3555,#3553,#3144,.T.);
#4391=EDGE_CURVE('',#3556,#3555,#3145,.T.);
#4392=EDGE_CURVE('',#3557,#3556,#1698,.T.);
#4393=EDGE_CURVE('',#3558,#3557,#3146,.T.);
#4394=EDGE_CURVE('',#3559,#3558,#3147,.T.);
#4395=EDGE_CURVE('',#3560,#3559,#1699,.T.);
#4396=EDGE_CURVE('',#3561,#3560,#3148,.T.);
#4397=EDGE_CURVE('',#3562,#3561,#3149,.T.);
#4398=EDGE_CURVE('',#3563,#3562,#1700,.T.);
#4399=EDGE_CURVE('',#3564,#3563,#3150,.T.);
#4400=EDGE_CURVE('',#3554,#3564,#3151,.T.);
#4401=EDGE_CURVE('',#3565,#3565,#3152,.T.);
#4402=EDGE_CURVE('',#3566,#3505,#3153,.T.);
#4403=EDGE_CURVE('',#3504,#3566,#1701,.T.);
#4404=EDGE_CURVE('',#3565,#3551,#1702,.T.);
#4405=EDGE_CURVE('',#3540,#3553,#1703,.T.);
#4406=EDGE_CURVE('',#3554,#3538,#1704,.T.);
#4407=EDGE_CURVE('',#3541,#3555,#1705,.T.);
#4408=EDGE_CURVE('',#3542,#3556,#1706,.T.);
#4409=EDGE_CURVE('',#3543,#3557,#1707,.T.);
#4410=EDGE_CURVE('',#3544,#3558,#1708,.T.);
#4411=EDGE_CURVE('',#3567,#3559,#1709,.T.);
#4412=EDGE_CURVE('',#3544,#3567,#3154,.T.);
#4413=EDGE_CURVE('',#3568,#3560,#1710,.T.);
#4414=EDGE_CURVE('',#3567,#3568,#1711,.T.);
#4415=EDGE_CURVE('',#3569,#3561,#1712,.T.);
#4416=EDGE_CURVE('',#3568,#3569,#3155,.T.);
#4417=EDGE_CURVE('',#3569,#3570,#3156,.T.);
#4418=EDGE_CURVE('',#3570,#3562,#1713,.T.);
#4419=EDGE_CURVE('',#3571,#3563,#1714,.T.);
#4420=EDGE_CURVE('',#3570,#3571,#1715,.T.);
#4421=EDGE_CURVE('',#3571,#3539,#3157,.T.);
#4422=EDGE_CURVE('',#3539,#3564,#1716,.T.);
#4423=EDGE_CURVE('',#3567,#3519,#1717,.T.);
#4424=EDGE_CURVE('',#3497,#3566,#1718,.T.);
#4425=EDGE_CURVE('',#3509,#3546,#1719,.T.);
#4426=EDGE_CURVE('',#3571,#3527,#1720,.T.);
#4427=EDGE_CURVE('',#3525,#3570,#1721,.T.);
#4428=EDGE_CURVE('',#3569,#3523,#1722,.T.);
#4429=EDGE_CURVE('',#3568,#3521,#1723,.T.);
#4430=EDGE_CURVE('',#3572,#3573,#1724,.T.);
#4431=EDGE_CURVE('',#3574,#3572,#1725,.T.);
#4432=EDGE_CURVE('',#3575,#3574,#1726,.T.);
#4433=EDGE_CURVE('',#3573,#3575,#1727,.T.);
#4434=EDGE_CURVE('',#3576,#3577,#1728,.T.);
#4435=EDGE_CURVE('',#3578,#3576,#1729,.T.);
#4436=EDGE_CURVE('',#3579,#3578,#1730,.T.);
#4437=EDGE_CURVE('',#3577,#3579,#1731,.T.);
#4438=EDGE_CURVE('',#3577,#3580,#3158,.F.);
#4439=EDGE_CURVE('',#3580,#3581,#1732,.T.);
#4440=EDGE_CURVE('',#3581,#3576,#3159,.F.);
#4441=EDGE_CURVE('',#3582,#3580,#1733,.T.);
#4442=EDGE_CURVE('',#3583,#3582,#1734,.T.);
#4443=EDGE_CURVE('',#3581,#3583,#1735,.T.);
#4444=EDGE_CURVE('',#3573,#3584,#3160,.F.);
#4445=EDGE_CURVE('',#3584,#3585,#1736,.T.);
#4446=EDGE_CURVE('',#3585,#3572,#3161,.F.);
#4447=EDGE_CURVE('',#3586,#3584,#1737,.T.);
#4448=EDGE_CURVE('',#3587,#3586,#1738,.T.);
#4449=EDGE_CURVE('',#3585,#3587,#1739,.T.);
#4450=EDGE_CURVE('',#3588,#3589,#3162,.T.);
#4451=EDGE_CURVE('',#3588,#3590,#1740,.T.);
#4452=EDGE_CURVE('',#3591,#3590,#3163,.T.);
#4453=EDGE_CURVE('',#3591,#3589,#1741,.T.);
#4454=EDGE_CURVE('',#3589,#3592,#1742,.T.);
#4455=EDGE_CURVE('',#3574,#3592,#1743,.T.);
#4456=EDGE_CURVE('',#3593,#3587,#1744,.T.);
#4457=EDGE_CURVE('',#3594,#3593,#1745,.T.);
#4458=EDGE_CURVE('',#3588,#3594,#1746,.T.);
#4459=EDGE_CURVE('',#3595,#3591,#1747,.T.);
#4460=EDGE_CURVE('',#3595,#3596,#1748,.T.);
#4461=EDGE_CURVE('',#3597,#3596,#1749,.T.);
#4462=EDGE_CURVE('',#3598,#3597,#1750,.T.);
#4463=EDGE_CURVE('',#3599,#3598,#1751,.T.);
#4464=EDGE_CURVE('',#3599,#3600,#1752,.T.);
#4465=EDGE_CURVE('',#3601,#3600,#1753,.T.);
#4466=EDGE_CURVE('',#3602,#3601,#1754,.T.);
#4467=EDGE_CURVE('',#3603,#3602,#1755,.T.);
#4468=EDGE_CURVE('',#3603,#3604,#1756,.T.);
#4469=EDGE_CURVE('',#3605,#3604,#1757,.T.);
#4470=EDGE_CURVE('',#3606,#3605,#1758,.T.);
#4471=EDGE_CURVE('',#3607,#3606,#1759,.T.);
#4472=EDGE_CURVE('',#3607,#3608,#1760,.T.);
#4473=EDGE_CURVE('',#3609,#3608,#1761,.T.);
#4474=EDGE_CURVE('',#3610,#3609,#1762,.T.);
#4475=EDGE_CURVE('',#3611,#3610,#1763,.T.);
#4476=EDGE_CURVE('',#3611,#3612,#1764,.T.);
#4477=EDGE_CURVE('',#3612,#3613,#3164,.T.);
#4478=EDGE_CURVE('',#3613,#3614,#1765,.T.);
#4479=EDGE_CURVE('',#3615,#3614,#1766,.T.);
#4480=EDGE_CURVE('',#3616,#3615,#1767,.T.);
#4481=EDGE_CURVE('',#3617,#3616,#1768,.T.);
#4482=EDGE_CURVE('',#3617,#3618,#1769,.T.);
#4483=EDGE_CURVE('',#3619,#3618,#1770,.T.);
#4484=EDGE_CURVE('',#3620,#3619,#1771,.T.);
#4485=EDGE_CURVE('',#3621,#3620,#1772,.T.);
#4486=EDGE_CURVE('',#3621,#3622,#1773,.T.);
#4487=EDGE_CURVE('',#3623,#3622,#1774,.T.);
#4488=EDGE_CURVE('',#3624,#3623,#1775,.T.);
#4489=EDGE_CURVE('',#3625,#3624,#1776,.T.);
#4490=EDGE_CURVE('',#3625,#3626,#1777,.T.);
#4491=EDGE_CURVE('',#3627,#3626,#1778,.T.);
#4492=EDGE_CURVE('',#3628,#3627,#1779,.T.);
#4493=EDGE_CURVE('',#3629,#3628,#1780,.T.);
#4494=EDGE_CURVE('',#3629,#3630,#1781,.T.);
#4495=EDGE_CURVE('',#3631,#3630,#1782,.T.);
#4496=EDGE_CURVE('',#3632,#3631,#1783,.T.);
#4497=EDGE_CURVE('',#3633,#3632,#1784,.T.);
#4498=EDGE_CURVE('',#3633,#3634,#1785,.T.);
#4499=EDGE_CURVE('',#3634,#3635,#3165,.T.);
#4500=EDGE_CURVE('',#3635,#3592,#1786,.T.);
#4501=EDGE_CURVE('',#3632,#3636,#3166,.T.);
#4502=EDGE_CURVE('',#3637,#3631,#3167,.T.);
#4503=EDGE_CURVE('',#3637,#3636,#1787,.T.);
#4504=EDGE_CURVE('',#3578,#3630,#1788,.T.);
#4505=EDGE_CURVE('',#3638,#3583,#1789,.T.);
#4506=EDGE_CURVE('',#3639,#3638,#1790,.T.);
#4507=EDGE_CURVE('',#3637,#3639,#1791,.T.);
#4508=EDGE_CURVE('',#3633,#3579,#1792,.T.);
#4509=EDGE_CURVE('',#3629,#3640,#1793,.T.);
#4510=EDGE_CURVE('',#3640,#3641,#1794,.T.);
#4511=EDGE_CURVE('',#3641,#3626,#1795,.T.);
#4512=EDGE_CURVE('',#3625,#3642,#1796,.T.);
#4513=EDGE_CURVE('',#3642,#3643,#1797,.T.);
#4514=EDGE_CURVE('',#3643,#3622,#1798,.T.);
#4515=EDGE_CURVE('',#3621,#3644,#1799,.T.);
#4516=EDGE_CURVE('',#3644,#3645,#1800,.T.);
#4517=EDGE_CURVE('',#3645,#3618,#1801,.T.);
#4518=EDGE_CURVE('',#3617,#3646,#1802,.T.);
#4519=EDGE_CURVE('',#3646,#3647,#1803,.T.);
#4520=EDGE_CURVE('',#3647,#3614,#1804,.T.);
#4521=EDGE_CURVE('',#3613,#3648,#1805,.T.);
#4522=EDGE_CURVE('',#3649,#3648,#1806,.T.);
#4523=EDGE_CURVE('',#3649,#3650,#1807,.T.);
#4524=EDGE_CURVE('',#3650,#3651,#1808,.T.);
#4525=EDGE_CURVE('',#3651,#3652,#1809,.T.);
#4526=EDGE_CURVE('',#3653,#3652,#1810,.T.);
#4527=EDGE_CURVE('',#3653,#3654,#1811,.T.);
#4528=EDGE_CURVE('',#3654,#3655,#1812,.T.);
#4529=EDGE_CURVE('',#3655,#3656,#1813,.T.);
#4530=EDGE_CURVE('',#3657,#3656,#1814,.T.);
#4531=EDGE_CURVE('',#3657,#3658,#1815,.T.);
#4532=EDGE_CURVE('',#3658,#3659,#1816,.T.);
#4533=EDGE_CURVE('',#3659,#3660,#1817,.T.);
#4534=EDGE_CURVE('',#3661,#3660,#1818,.T.);
#4535=EDGE_CURVE('',#3661,#3662,#1819,.T.);
#4536=EDGE_CURVE('',#3662,#3663,#1820,.T.);
#4537=EDGE_CURVE('',#3663,#3664,#1821,.T.);
#4538=EDGE_CURVE('',#3638,#3664,#1822,.T.);
#4539=EDGE_CURVE('',#3582,#3665,#1823,.T.);
#4540=EDGE_CURVE('',#3666,#3665,#1824,.T.);
#4541=EDGE_CURVE('',#3634,#3666,#1825,.T.);
#4542=EDGE_CURVE('',#3595,#3575,#1826,.T.);
#4543=EDGE_CURVE('',#3635,#3667,#1827,.T.);
#4544=EDGE_CURVE('',#3593,#3667,#1828,.T.);
#4545=EDGE_CURVE('',#3586,#3668,#1829,.T.);
#4546=EDGE_CURVE('',#3669,#3668,#1830,.T.);
#4547=EDGE_CURVE('',#3669,#3670,#1831,.T.);
#4548=EDGE_CURVE('',#3670,#3671,#1832,.T.);
#4549=EDGE_CURVE('',#3671,#3672,#1833,.T.);
#4550=EDGE_CURVE('',#3673,#3672,#1834,.T.);
#4551=EDGE_CURVE('',#3673,#3674,#1835,.T.);
#4552=EDGE_CURVE('',#3674,#3675,#1836,.T.);
#4553=EDGE_CURVE('',#3675,#3676,#1837,.T.);
#4554=EDGE_CURVE('',#3677,#3676,#1838,.T.);
#4555=EDGE_CURVE('',#3677,#3678,#1839,.T.);
#4556=EDGE_CURVE('',#3678,#3679,#1840,.T.);
#4557=EDGE_CURVE('',#3679,#3680,#1841,.T.);
#4558=EDGE_CURVE('',#3681,#3680,#1842,.T.);
#4559=EDGE_CURVE('',#3681,#3682,#1843,.T.);
#4560=EDGE_CURVE('',#3682,#3683,#1844,.T.);
#4561=EDGE_CURVE('',#3683,#3684,#1845,.T.);
#4562=EDGE_CURVE('',#3685,#3684,#1846,.T.);
#4563=EDGE_CURVE('',#3612,#3685,#1847,.T.);
#4564=EDGE_CURVE('',#3611,#3686,#1848,.T.);
#4565=EDGE_CURVE('',#3686,#3687,#1849,.T.);
#4566=EDGE_CURVE('',#3687,#3608,#1850,.T.);
#4567=EDGE_CURVE('',#3607,#3688,#1851,.T.);
#4568=EDGE_CURVE('',#3688,#3689,#1852,.T.);
#4569=EDGE_CURVE('',#3689,#3604,#1853,.T.);
#4570=EDGE_CURVE('',#3603,#3690,#1854,.T.);
#4571=EDGE_CURVE('',#3690,#3691,#1855,.T.);
#4572=EDGE_CURVE('',#3691,#3600,#1856,.T.);
#4573=EDGE_CURVE('',#3599,#3692,#1857,.T.);
#4574=EDGE_CURVE('',#3692,#3693,#1858,.T.);
#4575=EDGE_CURVE('',#3693,#3596,#1859,.T.);
#4576=EDGE_CURVE('',#3694,#3695,#1860,.T.);
#4577=EDGE_CURVE('',#3696,#3694,#3168,.T.);
#4578=EDGE_CURVE('',#3697,#3696,#1861,.T.);
#4579=EDGE_CURVE('',#3698,#3697,#3169,.T.);
#4580=EDGE_CURVE('',#3699,#3698,#1862,.T.);
#4581=EDGE_CURVE('',#3700,#3699,#3170,.T.);
#4582=EDGE_CURVE('',#3701,#3700,#1863,.T.);
#4583=EDGE_CURVE('',#3702,#3701,#3171,.T.);
#4584=EDGE_CURVE('',#3703,#3702,#1864,.T.);
#4585=EDGE_CURVE('',#3704,#3703,#3172,.T.);
#4586=EDGE_CURVE('',#3705,#3704,#1865,.T.);
#4587=EDGE_CURVE('',#3706,#3705,#3173,.T.);
#4588=EDGE_CURVE('',#3707,#3706,#1866,.T.);
#4589=EDGE_CURVE('',#3708,#3707,#3174,.T.);
#4590=EDGE_CURVE('',#3709,#3708,#1867,.T.);
#4591=EDGE_CURVE('',#3710,#3709,#3175,.T.);
#4592=EDGE_CURVE('',#3711,#3710,#1868,.T.);
#4593=EDGE_CURVE('',#3712,#3711,#3176,.T.);
#4594=EDGE_CURVE('',#3713,#3712,#1869,.T.);
#4595=EDGE_CURVE('',#3714,#3713,#3177,.T.);
#4596=EDGE_CURVE('',#3715,#3714,#1870,.T.);
#4597=EDGE_CURVE('',#3716,#3715,#3178,.T.);
#4598=EDGE_CURVE('',#3717,#3716,#1871,.T.);
#4599=EDGE_CURVE('',#3695,#3717,#3179,.T.);
#4600=EDGE_CURVE('',#3718,#3719,#1872,.T.);
#4601=EDGE_CURVE('',#3720,#3718,#3180,.T.);
#4602=EDGE_CURVE('',#3721,#3720,#1873,.T.);
#4603=EDGE_CURVE('',#3719,#3721,#3181,.T.);
#4604=EDGE_CURVE('',#3722,#3722,#3182,.T.);
#4605=EDGE_CURVE('',#3723,#3723,#3183,.T.);
#4606=EDGE_CURVE('',#3724,#3725,#3184,.T.);
#4607=EDGE_CURVE('',#3725,#3726,#1874,.T.);
#4608=EDGE_CURVE('',#3726,#3727,#3185,.T.);
#4609=EDGE_CURVE('',#3727,#3724,#1875,.T.);
#4610=EDGE_CURVE('',#3728,#3729,#3186,.T.);
#4611=EDGE_CURVE('',#3729,#3730,#1876,.T.);
#4612=EDGE_CURVE('',#3730,#3731,#3187,.T.);
#4613=EDGE_CURVE('',#3731,#3728,#1877,.T.);
#4614=EDGE_CURVE('',#3732,#3732,#3188,.T.);
#4615=EDGE_CURVE('',#3733,#3733,#3189,.T.);
#4616=EDGE_CURVE('',#3734,#3735,#1878,.T.);
#4617=EDGE_CURVE('',#3736,#3734,#3190,.T.);
#4618=EDGE_CURVE('',#3737,#3736,#1879,.T.);
#4619=EDGE_CURVE('',#3735,#3737,#3191,.T.);
#4620=EDGE_CURVE('',#3667,#3666,#3192,.T.);
#4621=EDGE_CURVE('',#3665,#3738,#1880,.T.);
#4622=EDGE_CURVE('',#3738,#3639,#1881,.T.);
#4623=EDGE_CURVE('',#3664,#3739,#1882,.T.);
#4624=EDGE_CURVE('',#3739,#3740,#1883,.T.);
#4625=EDGE_CURVE('',#3740,#3661,#1884,.T.);
#4626=EDGE_CURVE('',#3660,#3741,#1885,.T.);
#4627=EDGE_CURVE('',#3741,#3742,#1886,.T.);
#4628=EDGE_CURVE('',#3742,#3657,#1887,.T.);
#4629=EDGE_CURVE('',#3656,#3743,#1888,.T.);
#4630=EDGE_CURVE('',#3743,#3744,#1889,.T.);
#4631=EDGE_CURVE('',#3744,#3653,#1890,.T.);
#4632=EDGE_CURVE('',#3652,#3745,#1891,.T.);
#4633=EDGE_CURVE('',#3745,#3746,#1892,.T.);
#4634=EDGE_CURVE('',#3746,#3649,#1893,.T.);
#4635=EDGE_CURVE('',#3648,#3685,#3193,.T.);
#4636=EDGE_CURVE('',#3684,#3747,#1894,.T.);
#4637=EDGE_CURVE('',#3747,#3748,#1895,.T.);
#4638=EDGE_CURVE('',#3748,#3681,#1896,.T.);
#4639=EDGE_CURVE('',#3680,#3749,#1897,.T.);
#4640=EDGE_CURVE('',#3749,#3750,#1898,.T.);
#4641=EDGE_CURVE('',#3750,#3677,#1899,.T.);
#4642=EDGE_CURVE('',#3676,#3751,#1900,.T.);
#4643=EDGE_CURVE('',#3751,#3752,#1901,.T.);
#4644=EDGE_CURVE('',#3752,#3673,#1902,.T.);
#4645=EDGE_CURVE('',#3672,#3753,#1903,.T.);
#4646=EDGE_CURVE('',#3753,#3754,#1904,.T.);
#4647=EDGE_CURVE('',#3754,#3669,#1905,.T.);
#4648=EDGE_CURVE('',#3668,#3755,#1906,.T.);
#4649=EDGE_CURVE('',#3755,#3594,#1907,.T.);
#4650=EDGE_CURVE('',#3636,#3738,#1908,.T.);
#4651=EDGE_CURVE('',#3590,#3755,#1909,.T.);
#4652=EDGE_CURVE('',#3756,#3757,#1910,.T.);
#4653=EDGE_CURVE('',#3693,#3756,#1911,.T.);
#4654=EDGE_CURVE('',#3757,#3692,#1912,.T.);
#4655=EDGE_CURVE('',#3758,#3759,#1913,.T.);
#4656=EDGE_CURVE('',#3641,#3758,#1914,.T.);
#4657=EDGE_CURVE('',#3759,#3640,#1915,.T.);
#4658=EDGE_CURVE('',#3759,#3760,#3194,.F.);
#4659=EDGE_CURVE('',#3760,#3761,#1916,.T.);
#4660=EDGE_CURVE('',#3761,#3758,#3195,.F.);
#4661=EDGE_CURVE('',#3663,#3760,#1917,.T.);
#4662=EDGE_CURVE('',#3761,#3662,#1918,.T.);
#4663=EDGE_CURVE('',#3757,#3762,#3196,.F.);
#4664=EDGE_CURVE('',#3762,#3763,#1919,.T.);
#4665=EDGE_CURVE('',#3763,#3756,#3197,.F.);
#4666=EDGE_CURVE('',#3671,#3762,#1920,.T.);
#4667=EDGE_CURVE('',#3763,#3670,#1921,.T.);
#4668=EDGE_CURVE('',#3764,#3597,#3198,.T.);
#4669=EDGE_CURVE('',#3764,#3765,#1922,.T.);
#4670=EDGE_CURVE('',#3598,#3765,#3199,.T.);
#4671=EDGE_CURVE('',#3764,#3754,#1923,.T.);
#4672=EDGE_CURVE('',#3628,#3766,#3200,.T.);
#4673=EDGE_CURVE('',#3767,#3627,#3201,.T.);
#4674=EDGE_CURVE('',#3767,#3766,#1924,.T.);
#4675=EDGE_CURVE('',#3767,#3740,#1925,.T.);
#4676=EDGE_CURVE('',#3766,#3739,#1926,.T.);
#4677=EDGE_CURVE('',#3765,#3753,#1927,.T.);
#4678=EDGE_CURVE('',#3768,#3769,#1928,.T.);
#4679=EDGE_CURVE('',#3689,#3768,#1929,.T.);
#4680=EDGE_CURVE('',#3769,#3688,#1930,.T.);
#4681=EDGE_CURVE('',#3770,#3771,#1931,.T.);
#4682=EDGE_CURVE('',#3645,#3770,#1932,.T.);
#4683=EDGE_CURVE('',#3771,#3644,#1933,.T.);
#4684=EDGE_CURVE('',#3771,#3772,#3202,.F.);
#4685=EDGE_CURVE('',#3772,#3773,#1934,.T.);
#4686=EDGE_CURVE('',#3773,#3770,#3203,.F.);
#4687=EDGE_CURVE('',#3655,#3772,#1935,.T.);
#4688=EDGE_CURVE('',#3773,#3654,#1936,.T.);
#4689=EDGE_CURVE('',#3769,#3774,#3204,.F.);
#4690=EDGE_CURVE('',#3774,#3775,#1937,.T.);
#4691=EDGE_CURVE('',#3775,#3768,#3205,.F.);
#4692=EDGE_CURVE('',#3679,#3774,#1938,.T.);
#4693=EDGE_CURVE('',#3775,#3678,#1939,.T.);
#4694=EDGE_CURVE('',#3776,#3605,#3206,.T.);
#4695=EDGE_CURVE('',#3776,#3777,#1940,.T.);
#4696=EDGE_CURVE('',#3606,#3777,#3207,.T.);
#4697=EDGE_CURVE('',#3776,#3750,#1941,.T.);
#4698=EDGE_CURVE('',#3778,#3619,#3208,.T.);
#4699=EDGE_CURVE('',#3778,#3779,#1942,.T.);
#4700=EDGE_CURVE('',#3620,#3779,#3209,.T.);
#4701=EDGE_CURVE('',#3778,#3744,#1943,.T.);
#4702=EDGE_CURVE('',#3779,#3743,#1944,.T.);
#4703=EDGE_CURVE('',#3777,#3749,#1945,.T.);
#4704=EDGE_CURVE('',#3780,#3781,#1946,.T.);
#4705=EDGE_CURVE('',#3687,#3780,#1947,.T.);
#4706=EDGE_CURVE('',#3781,#3686,#1948,.T.);
#4707=EDGE_CURVE('',#3782,#3783,#1949,.T.);
#4708=EDGE_CURVE('',#3647,#3782,#1950,.T.);
#4709=EDGE_CURVE('',#3783,#3646,#1951,.T.);
#4710=EDGE_CURVE('',#3783,#3784,#3210,.F.);
#4711=EDGE_CURVE('',#3784,#3785,#1952,.T.);
#4712=EDGE_CURVE('',#3785,#3782,#3211,.F.);
#4713=EDGE_CURVE('',#3651,#3784,#1953,.T.);
#4714=EDGE_CURVE('',#3785,#3650,#1954,.T.);
#4715=EDGE_CURVE('',#3781,#3786,#3212,.F.);
#4716=EDGE_CURVE('',#3786,#3787,#1955,.T.);
#4717=EDGE_CURVE('',#3787,#3780,#3213,.F.);
#4718=EDGE_CURVE('',#3683,#3786,#1956,.T.);
#4719=EDGE_CURVE('',#3787,#3682,#1957,.T.);
#4720=EDGE_CURVE('',#3610,#3788,#3214,.T.);
#4721=EDGE_CURVE('',#3789,#3609,#3215,.T.);
#4722=EDGE_CURVE('',#3789,#3788,#1958,.T.);
#4723=EDGE_CURVE('',#3789,#3748,#1959,.T.);
#4724=EDGE_CURVE('',#3790,#3615,#3216,.T.);
#4725=EDGE_CURVE('',#3790,#3791,#1960,.T.);
#4726=EDGE_CURVE('',#3616,#3791,#3217,.T.);
#4727=EDGE_CURVE('',#3790,#3746,#1961,.T.);
#4728=EDGE_CURVE('',#3791,#3745,#1962,.T.);
#4729=EDGE_CURVE('',#3788,#3747,#1963,.T.);
#4730=EDGE_CURVE('',#3792,#3793,#1964,.T.);
#4731=EDGE_CURVE('',#3691,#3792,#1965,.T.);
#4732=EDGE_CURVE('',#3793,#3690,#1966,.T.);
#4733=EDGE_CURVE('',#3794,#3795,#1967,.T.);
#4734=EDGE_CURVE('',#3643,#3794,#1968,.T.);
#4735=EDGE_CURVE('',#3795,#3642,#1969,.T.);
#4736=EDGE_CURVE('',#3795,#3796,#3218,.F.);
#4737=EDGE_CURVE('',#3796,#3797,#1970,.T.);
#4738=EDGE_CURVE('',#3797,#3794,#3219,.F.);
#4739=EDGE_CURVE('',#3659,#3796,#1971,.T.);
#4740=EDGE_CURVE('',#3797,#3658,#1972,.T.);
#4741=EDGE_CURVE('',#3793,#3798,#3220,.F.);
#4742=EDGE_CURVE('',#3798,#3799,#1973,.T.);
#4743=EDGE_CURVE('',#3799,#3792,#3221,.F.);
#4744=EDGE_CURVE('',#3675,#3798,#1974,.T.);
#4745=EDGE_CURVE('',#3799,#3674,#1975,.T.);
#4746=EDGE_CURVE('',#3800,#3601,#3222,.T.);
#4747=EDGE_CURVE('',#3800,#3801,#1976,.T.);
#4748=EDGE_CURVE('',#3602,#3801,#3223,.T.);
#4749=EDGE_CURVE('',#3800,#3752,#1977,.T.);
#4750=EDGE_CURVE('',#3802,#3623,#3224,.T.);
#4751=EDGE_CURVE('',#3802,#3803,#1978,.T.);
#4752=EDGE_CURVE('',#3624,#3803,#3225,.T.);
#4753=EDGE_CURVE('',#3802,#3742,#1979,.T.);
#4754=EDGE_CURVE('',#3803,#3741,#1980,.T.);
#4755=EDGE_CURVE('',#3801,#3751,#1981,.T.);
#4756=EDGE_CURVE('',#3804,#3805,#1982,.T.);
#4757=EDGE_CURVE('',#3805,#3806,#3226,.T.);
#4758=EDGE_CURVE('',#3806,#3807,#1983,.T.);
#4759=EDGE_CURVE('',#3807,#3804,#3227,.T.);
#4760=EDGE_CURVE('',#3808,#3809,#1984,.T.);
#4761=EDGE_CURVE('',#3809,#3805,#1985,.T.);
#4762=EDGE_CURVE('',#3804,#3808,#1986,.T.);
#4763=EDGE_CURVE('',#3810,#3811,#1987,.T.);
#4764=EDGE_CURVE('',#3811,#3809,#3228,.T.);
#4765=EDGE_CURVE('',#3808,#3810,#3229,.T.);
#4766=EDGE_CURVE('',#3806,#3811,#1988,.T.);
#4767=EDGE_CURVE('',#3810,#3807,#1989,.T.);
#4768=EDGE_CURVE('',#3812,#3804,#1990,.T.);
#4769=EDGE_CURVE('',#3813,#3812,#1991,.T.);
#4770=EDGE_CURVE('',#3813,#3808,#1992,.T.);
#4771=EDGE_CURVE('',#3814,#3807,#1993,.T.);
#4772=EDGE_CURVE('',#3812,#3814,#3230,.T.);
#4773=EDGE_CURVE('',#3815,#3816,#3231,.T.);
#4774=EDGE_CURVE('',#3817,#3815,#1994,.T.);
#4775=EDGE_CURVE('',#3818,#3817,#3232,.T.);
#4776=EDGE_CURVE('',#3819,#3818,#1995,.T.);
#4777=EDGE_CURVE('',#3820,#3819,#3233,.T.);
#4778=EDGE_CURVE('',#3821,#3820,#1996,.T.);
#4779=EDGE_CURVE('',#3822,#3821,#3234,.T.);
#4780=EDGE_CURVE('',#3823,#3822,#1997,.T.);
#4781=EDGE_CURVE('',#3824,#3823,#3235,.T.);
#4782=EDGE_CURVE('',#3825,#3824,#1998,.T.);
#4783=EDGE_CURVE('',#3826,#3825,#3236,.T.);
#4784=EDGE_CURVE('',#3827,#3826,#1999,.T.);
#4785=EDGE_CURVE('',#3828,#3827,#3237,.T.);
#4786=EDGE_CURVE('',#3829,#3828,#2000,.T.);
#4787=EDGE_CURVE('',#3830,#3829,#3238,.T.);
#4788=EDGE_CURVE('',#3831,#3830,#2001,.T.);
#4789=EDGE_CURVE('',#3832,#3831,#3239,.T.);
#4790=EDGE_CURVE('',#3833,#3832,#2002,.T.);
#4791=EDGE_CURVE('',#3834,#3833,#3240,.T.);
#4792=EDGE_CURVE('',#3835,#3834,#2003,.T.);
#4793=EDGE_CURVE('',#3836,#3835,#3241,.T.);
#4794=EDGE_CURVE('',#3837,#3836,#2004,.T.);
#4795=EDGE_CURVE('',#3838,#3837,#3242,.T.);
#4796=EDGE_CURVE('',#3816,#3838,#2005,.T.);
#4797=EDGE_CURVE('',#3839,#3840,#3243,.T.);
#4798=EDGE_CURVE('',#3841,#3839,#2006,.T.);
#4799=EDGE_CURVE('',#3842,#3841,#3244,.T.);
#4800=EDGE_CURVE('',#3840,#3842,#2007,.T.);
#4801=EDGE_CURVE('',#3843,#3844,#2008,.T.);
#4802=EDGE_CURVE('',#3845,#3843,#3245,.T.);
#4803=EDGE_CURVE('',#3846,#3845,#2009,.T.);
#4804=EDGE_CURVE('',#3844,#3846,#3246,.T.);
#4805=EDGE_CURVE('',#3847,#3847,#3247,.T.);
#4806=EDGE_CURVE('',#3848,#3848,#3248,.T.);
#4807=EDGE_CURVE('',#3849,#3849,#3249,.T.);
#4808=EDGE_CURVE('',#3850,#3850,#3250,.T.);
#4809=EDGE_CURVE('',#3851,#3852,#2010,.T.);
#4810=EDGE_CURVE('',#3853,#3851,#3251,.T.);
#4811=EDGE_CURVE('',#3854,#3853,#2011,.T.);
#4812=EDGE_CURVE('',#3852,#3854,#3252,.T.);
#4813=EDGE_CURVE('',#3855,#3839,#2012,.T.);
#4814=EDGE_CURVE('',#3840,#3856,#2013,.T.);
#4815=EDGE_CURVE('',#3856,#3855,#3253,.T.);
#4816=EDGE_CURVE('',#3857,#3841,#2014,.T.);
#4817=EDGE_CURVE('',#3855,#3857,#2015,.T.);
#4818=EDGE_CURVE('',#3858,#3842,#2016,.T.);
#4819=EDGE_CURVE('',#3857,#3858,#3254,.T.);
#4820=EDGE_CURVE('',#3858,#3856,#2017,.T.);
#4821=EDGE_CURVE('',#3859,#3855,#2018,.T.);
#4822=EDGE_CURVE('',#3860,#3859,#2019,.T.);
#4823=EDGE_CURVE('',#3860,#3857,#2020,.T.);
#4824=EDGE_CURVE('',#3861,#3856,#2021,.T.);
#4825=EDGE_CURVE('',#3859,#3861,#3255,.T.);
#4826=EDGE_CURVE('',#3862,#3815,#2022,.T.);
#4827=EDGE_CURVE('',#3816,#3863,#2023,.T.);
#4828=EDGE_CURVE('',#3863,#3862,#3256,.T.);
#4829=EDGE_CURVE('',#3862,#3864,#2024,.T.);
#4830=EDGE_CURVE('',#3864,#3817,#2025,.T.);
#4831=EDGE_CURVE('',#3864,#3865,#3257,.T.);
#4832=EDGE_CURVE('',#3865,#3818,#2026,.T.);
#4833=EDGE_CURVE('',#3865,#3866,#2027,.T.);
#4834=EDGE_CURVE('',#3866,#3819,#2028,.T.);
#4835=EDGE_CURVE('',#3866,#3867,#3258,.T.);
#4836=EDGE_CURVE('',#3867,#3820,#2029,.T.);
#4837=EDGE_CURVE('',#3867,#3868,#2030,.T.);
#4838=EDGE_CURVE('',#3868,#3821,#2031,.T.);
#4839=EDGE_CURVE('',#3869,#3822,#2032,.T.);
#4840=EDGE_CURVE('',#3868,#3869,#3259,.T.);
#4841=EDGE_CURVE('',#3869,#3870,#2033,.T.);
#4842=EDGE_CURVE('',#3870,#3823,#2034,.T.);
#4843=EDGE_CURVE('',#3871,#3824,#2035,.T.);
#4844=EDGE_CURVE('',#3870,#3871,#3260,.T.);
#4845=EDGE_CURVE('',#3871,#3872,#2036,.T.);
#4846=EDGE_CURVE('',#3872,#3825,#2037,.T.);
#4847=EDGE_CURVE('',#3873,#3826,#2038,.T.);
#4848=EDGE_CURVE('',#3872,#3873,#3261,.T.);
#4849=EDGE_CURVE('',#3873,#3874,#2039,.T.);
#4850=EDGE_CURVE('',#3874,#3827,#2040,.T.);
#4851=EDGE_CURVE('',#3875,#3828,#2041,.T.);
#4852=EDGE_CURVE('',#3874,#3875,#3262,.T.);
#4853=EDGE_CURVE('',#3875,#3876,#2042,.T.);
#4854=EDGE_CURVE('',#3876,#3829,#2043,.T.);
#4855=EDGE_CURVE('',#3877,#3830,#2044,.T.);
#4856=EDGE_CURVE('',#3876,#3877,#3263,.T.);
#4857=EDGE_CURVE('',#3877,#3878,#2045,.T.);
#4858=EDGE_CURVE('',#3878,#3831,#2046,.T.);
#4859=EDGE_CURVE('',#3879,#3832,#2047,.T.);
#4860=EDGE_CURVE('',#3878,#3879,#3264,.T.);
#4861=EDGE_CURVE('',#3879,#3880,#2048,.T.);
#4862=EDGE_CURVE('',#3880,#3833,#2049,.T.);
#4863=EDGE_CURVE('',#3881,#3834,#2050,.T.);
#4864=EDGE_CURVE('',#3880,#3881,#3265,.T.);
#4865=EDGE_CURVE('',#3881,#3882,#2051,.T.);
#4866=EDGE_CURVE('',#3882,#3835,#2052,.T.);
#4867=EDGE_CURVE('',#3883,#3836,#2053,.T.);
#4868=EDGE_CURVE('',#3882,#3883,#3266,.T.);
#4869=EDGE_CURVE('',#3883,#3884,#2054,.T.);
#4870=EDGE_CURVE('',#3884,#3837,#2055,.T.);
#4871=EDGE_CURVE('',#3885,#3838,#2056,.T.);
#4872=EDGE_CURVE('',#3884,#3885,#3267,.T.);
#4873=EDGE_CURVE('',#3885,#3863,#2057,.T.);
#4874=EDGE_CURVE('',#3873,#3886,#2058,.T.);
#4875=EDGE_CURVE('',#3887,#3886,#2059,.T.);
#4876=EDGE_CURVE('',#3887,#3874,#2060,.T.);
#4877=EDGE_CURVE('',#3888,#3872,#2061,.T.);
#4878=EDGE_CURVE('',#3886,#3888,#3268,.T.);
#4879=EDGE_CURVE('',#3871,#3889,#2062,.T.);
#4880=EDGE_CURVE('',#3888,#3889,#2063,.T.);
#4881=EDGE_CURVE('',#3890,#3870,#2064,.T.);
#4882=EDGE_CURVE('',#3889,#3890,#3269,.T.);
#4883=EDGE_CURVE('',#3869,#3891,#2065,.T.);
#4884=EDGE_CURVE('',#3890,#3891,#2066,.T.);
#4885=EDGE_CURVE('',#3892,#3868,#2067,.T.);
#4886=EDGE_CURVE('',#3891,#3892,#3270,.T.);
#4887=EDGE_CURVE('',#3867,#3893,#2068,.T.);
#4888=EDGE_CURVE('',#3892,#3893,#2069,.T.);
#4889=EDGE_CURVE('',#3866,#3894,#2070,.T.);
#4890=EDGE_CURVE('',#3893,#3894,#3271,.T.);
#4891=EDGE_CURVE('',#3865,#3895,#2071,.T.);
#4892=EDGE_CURVE('',#3894,#3895,#2072,.T.);
#4893=EDGE_CURVE('',#3864,#3896,#2073,.T.);
#4894=EDGE_CURVE('',#3895,#3896,#3272,.T.);
#4895=EDGE_CURVE('',#3862,#3897,#2074,.T.);
#4896=EDGE_CURVE('',#3896,#3897,#2075,.T.);
#4897=EDGE_CURVE('',#3898,#3863,#2076,.T.);
#4898=EDGE_CURVE('',#3897,#3898,#3273,.T.);
#4899=EDGE_CURVE('',#3844,#3899,#2077,.T.);
#4900=EDGE_CURVE('',#3899,#3900,#2078,.T.);
#4901=EDGE_CURVE('',#3900,#3843,#2079,.T.);
#4902=EDGE_CURVE('',#3846,#3901,#2080,.T.);
#4903=EDGE_CURVE('',#3901,#3899,#3274,.T.);
#4904=EDGE_CURVE('',#3845,#3902,#2081,.T.);
#4905=EDGE_CURVE('',#3902,#3901,#2082,.T.);
#4906=EDGE_CURVE('',#3900,#3902,#3275,.T.);
#4907=EDGE_CURVE('',#3900,#3903,#2083,.T.);
#4908=EDGE_CURVE('',#3903,#3904,#3276,.T.);
#4909=EDGE_CURVE('',#3902,#3904,#2084,.T.);
#4910=EDGE_CURVE('',#3899,#3905,#2085,.T.);
#4911=EDGE_CURVE('',#3905,#3903,#2086,.T.);
#4912=EDGE_CURVE('',#3852,#3906,#2087,.T.);
#4913=EDGE_CURVE('',#3906,#3907,#2088,.T.);
#4914=EDGE_CURVE('',#3907,#3851,#2089,.T.);
#4915=EDGE_CURVE('',#3854,#3908,#2090,.T.);
#4916=EDGE_CURVE('',#3908,#3906,#3277,.T.);
#4917=EDGE_CURVE('',#3853,#3909,#2091,.T.);
#4918=EDGE_CURVE('',#3909,#3908,#2092,.T.);
#4919=EDGE_CURVE('',#3907,#3909,#3278,.T.);
#4920=EDGE_CURVE('',#3907,#3910,#2093,.T.);
#4921=EDGE_CURVE('',#3910,#3911,#3279,.T.);
#4922=EDGE_CURVE('',#3909,#3911,#2094,.T.);
#4923=EDGE_CURVE('',#3906,#3912,#2095,.T.);
#4924=EDGE_CURVE('',#3912,#3910,#2096,.T.);
#4925=EDGE_CURVE('',#3913,#3913,#3280,.T.);
#4926=EDGE_CURVE('',#3913,#3847,#2097,.T.);
#4927=EDGE_CURVE('',#3914,#3914,#3281,.T.);
#4928=EDGE_CURVE('',#3914,#3913,#2098,.T.);
#4929=EDGE_CURVE('',#3915,#3915,#3282,.T.);
#4930=EDGE_CURVE('',#3915,#3850,#2099,.T.);
#4931=EDGE_CURVE('',#3916,#3916,#3283,.T.);
#4932=EDGE_CURVE('',#3916,#3915,#2100,.T.);
#4933=EDGE_CURVE('',#3917,#3917,#3284,.T.);
#4934=EDGE_CURVE('',#3917,#3848,#2101,.T.);
#4935=EDGE_CURVE('',#3918,#3918,#3285,.T.);
#4936=EDGE_CURVE('',#3918,#3917,#2102,.T.);
#4937=EDGE_CURVE('',#3919,#3919,#3286,.T.);
#4938=EDGE_CURVE('',#3919,#3849,#2103,.T.);
#4939=EDGE_CURVE('',#3920,#3920,#3287,.T.);
#4940=EDGE_CURVE('',#3920,#3919,#2104,.T.);
#4941=EDGE_CURVE('',#3921,#3718,#2105,.T.);
#4942=EDGE_CURVE('',#3719,#3922,#2106,.T.);
#4943=EDGE_CURVE('',#3922,#3921,#2107,.T.);
#4944=EDGE_CURVE('',#3923,#3720,#2108,.T.);
#4945=EDGE_CURVE('',#3921,#3923,#3288,.T.);
#4946=EDGE_CURVE('',#3924,#3721,#2109,.T.);
#4947=EDGE_CURVE('',#3923,#3924,#2110,.T.);
#4948=EDGE_CURVE('',#3924,#3922,#3289,.T.);
#4949=EDGE_CURVE('',#3921,#3925,#2111,.T.);
#4950=EDGE_CURVE('',#3925,#3926,#3290,.T.);
#4951=EDGE_CURVE('',#3923,#3926,#2112,.T.);
#4952=EDGE_CURVE('',#3922,#3927,#2113,.T.);
#4953=EDGE_CURVE('',#3927,#3925,#2114,.T.);
#4954=EDGE_CURVE('',#3928,#3734,#2115,.T.);
#4955=EDGE_CURVE('',#3735,#3929,#2116,.T.);
#4956=EDGE_CURVE('',#3929,#3928,#2117,.T.);
#4957=EDGE_CURVE('',#3930,#3736,#2118,.T.);
#4958=EDGE_CURVE('',#3928,#3930,#3291,.T.);
#4959=EDGE_CURVE('',#3931,#3737,#2119,.T.);
#4960=EDGE_CURVE('',#3930,#3931,#2120,.T.);
#4961=EDGE_CURVE('',#3931,#3929,#3292,.T.);
#4962=EDGE_CURVE('',#3928,#3932,#2121,.T.);
#4963=EDGE_CURVE('',#3932,#3933,#3293,.T.);
#4964=EDGE_CURVE('',#3930,#3933,#2122,.T.);
#4965=EDGE_CURVE('',#3929,#3934,#2123,.T.);
#4966=EDGE_CURVE('',#3934,#3932,#2124,.T.);
#4967=EDGE_CURVE('',#3695,#3887,#2125,.T.);
#4968=EDGE_CURVE('',#3886,#3694,#2126,.T.);
#4969=EDGE_CURVE('',#3717,#3935,#2127,.T.);
#4970=EDGE_CURVE('',#3935,#3887,#3294,.T.);
#4971=EDGE_CURVE('',#3716,#3936,#2128,.T.);
#4972=EDGE_CURVE('',#3936,#3935,#2129,.T.);
#4973=EDGE_CURVE('',#3715,#3937,#2130,.T.);
#4974=EDGE_CURVE('',#3937,#3936,#3295,.T.);
#4975=EDGE_CURVE('',#3714,#3938,#2131,.T.);
#4976=EDGE_CURVE('',#3938,#3937,#2132,.T.);
#4977=EDGE_CURVE('',#3713,#3939,#2133,.T.);
#4978=EDGE_CURVE('',#3939,#3938,#3296,.T.);
#4979=EDGE_CURVE('',#3712,#3940,#2134,.T.);
#4980=EDGE_CURVE('',#3940,#3939,#2135,.T.);
#4981=EDGE_CURVE('',#3711,#3941,#2136,.T.);
#4982=EDGE_CURVE('',#3941,#3940,#3297,.T.);
#4983=EDGE_CURVE('',#3710,#3942,#2137,.T.);
#4984=EDGE_CURVE('',#3942,#3941,#2138,.T.);
#4985=EDGE_CURVE('',#3709,#3943,#2139,.T.);
#4986=EDGE_CURVE('',#3943,#3942,#3298,.T.);
#4987=EDGE_CURVE('',#3708,#3944,#2140,.T.);
#4988=EDGE_CURVE('',#3944,#3943,#2141,.T.);
#4989=EDGE_CURVE('',#3707,#3945,#2142,.T.);
#4990=EDGE_CURVE('',#3945,#3944,#3299,.T.);
#4991=EDGE_CURVE('',#3706,#3898,#2143,.T.);
#4992=EDGE_CURVE('',#3898,#3945,#2144,.T.);
#4993=EDGE_CURVE('',#3705,#3897,#2145,.T.);
#4994=EDGE_CURVE('',#3704,#3896,#2146,.T.);
#4995=EDGE_CURVE('',#3703,#3895,#2147,.T.);
#4996=EDGE_CURVE('',#3702,#3894,#2148,.T.);
#4997=EDGE_CURVE('',#3701,#3893,#2149,.T.);
#4998=EDGE_CURVE('',#3700,#3892,#2150,.T.);
#4999=EDGE_CURVE('',#3699,#3891,#2151,.T.);
#5000=EDGE_CURVE('',#3698,#3890,#2152,.T.);
#5001=EDGE_CURVE('',#3697,#3889,#2153,.T.);
#5002=EDGE_CURVE('',#3696,#3888,#2154,.T.);
#5003=EDGE_CURVE('',#3914,#3733,#2155,.T.);
#5004=EDGE_CURVE('',#3918,#3722,#2156,.T.);
#5005=EDGE_CURVE('',#3916,#3732,#2157,.T.);
#5006=EDGE_CURVE('',#3920,#3723,#2158,.T.);
#5007=EDGE_CURVE('',#3946,#3813,#3300,.T.);
#5008=EDGE_CURVE('',#3946,#3810,#2159,.T.);
#5009=EDGE_CURVE('',#3814,#3946,#2160,.T.);
#5010=EDGE_CURVE('',#3947,#3934,#3301,.T.);
#5011=EDGE_CURVE('',#3933,#3947,#2161,.T.);
#5012=EDGE_CURVE('',#3931,#3947,#2162,.T.);
#5013=EDGE_CURVE('',#3948,#3860,#3302,.T.);
#5014=EDGE_CURVE('',#3948,#3858,#2163,.T.);
#5015=EDGE_CURVE('',#3861,#3948,#2164,.T.);
#5016=EDGE_CURVE('',#3949,#3927,#3303,.T.);
#5017=EDGE_CURVE('',#3926,#3949,#2165,.T.);
#5018=EDGE_CURVE('',#3924,#3949,#2166,.T.);
#5019=EDGE_CURVE('',#3905,#3724,#2167,.T.);
#5020=EDGE_CURVE('',#3950,#3905,#3304,.T.);
#5021=EDGE_CURVE('',#3725,#3950,#2168,.T.);
#5022=EDGE_CURVE('',#3903,#3727,#2169,.T.);
#5023=EDGE_CURVE('',#3904,#3726,#2170,.T.);
#5024=EDGE_CURVE('',#3904,#3950,#2171,.T.);
#5025=EDGE_CURVE('',#3901,#3950,#2172,.T.);
#5026=EDGE_CURVE('',#3911,#3728,#2173,.T.);
#5027=EDGE_CURVE('',#3729,#3910,#2174,.T.);
#5028=EDGE_CURVE('',#3951,#3731,#2175,.T.);
#5029=EDGE_CURVE('',#3911,#3951,#2176,.T.);
#5030=EDGE_CURVE('',#3912,#3730,#2177,.T.);
#5031=EDGE_CURVE('',#3951,#3912,#3305,.T.);
#5032=EDGE_CURVE('',#3908,#3951,#2178,.T.);
#5033=EDGE_CURVE('',#3885,#3945,#2179,.T.);
#5034=EDGE_CURVE('',#3944,#3884,#2180,.T.);
#5035=EDGE_CURVE('',#3942,#3882,#2181,.T.);
#5036=EDGE_CURVE('',#3883,#3943,#2182,.T.);
#5037=EDGE_CURVE('',#3940,#3880,#2183,.T.);
#5038=EDGE_CURVE('',#3881,#3941,#2184,.T.);
#5039=EDGE_CURVE('',#3875,#3935,#2185,.T.);
#5040=EDGE_CURVE('',#3936,#3876,#2186,.T.);
#5041=EDGE_CURVE('',#3938,#3878,#2187,.T.);
#5042=EDGE_CURVE('',#3879,#3939,#2188,.T.);
#5043=EDGE_CURVE('',#3877,#3937,#2189,.T.);
#5044=EDGE_CURVE('',#3952,#3952,#3306,.T.);
#5045=EDGE_CURVE('',#3952,#3953,#2190,.T.);
#5046=EDGE_CURVE('',#3953,#3953,#3307,.T.);
#5047=EDGE_CURVE('',#3954,#3954,#3308,.T.);
#5048=EDGE_CURVE('',#3955,#3956,#11,.F.);
#5049=EDGE_CURVE('',#3957,#3955,#12,.F.);
#5050=EDGE_CURVE('',#3958,#3957,#13,.F.);
#5051=EDGE_CURVE('',#3959,#3958,#14,.F.);
#5052=EDGE_CURVE('',#3959,#3960,#2191,.T.);
#5053=EDGE_CURVE('',#3960,#3960,#3309,.F.);
#5054=EDGE_CURVE('',#3961,#3959,#15,.F.);
#5055=EDGE_CURVE('',#3962,#3961,#16,.F.);
#5056=EDGE_CURVE('',#3956,#3962,#17,.F.);
#5057=EDGE_CURVE('',#3954,#3963,#2192,.T.);
#5058=EDGE_CURVE('',#3963,#3963,#3310,.T.);
#5059=EDGE_CURVE('',#3964,#3965,#2193,.T.);
#5060=EDGE_CURVE('',#3965,#3966,#2194,.T.);
#5061=EDGE_CURVE('',#3966,#3967,#2195,.T.);
#5062=EDGE_CURVE('',#3967,#3968,#2196,.T.);
#5063=EDGE_CURVE('',#3968,#3969,#2197,.T.);
#5064=EDGE_CURVE('',#3969,#3964,#2198,.T.);
#5065=EDGE_CURVE('',#3965,#3961,#2199,.T.);
#5066=EDGE_CURVE('',#3966,#3958,#2200,.T.);
#5067=EDGE_CURVE('',#3967,#3957,#2201,.T.);
#5068=EDGE_CURVE('',#3968,#3955,#2202,.T.);
#5069=EDGE_CURVE('',#3969,#3956,#2203,.T.);
#5070=EDGE_CURVE('',#3964,#3962,#2204,.T.);
#5071=EDGE_CURVE('',#3970,#3970,#3311,.T.);
#5072=EDGE_CURVE('',#3970,#3971,#2205,.T.);
#5073=EDGE_CURVE('',#3971,#3971,#3312,.T.);
#5074=EDGE_CURVE('',#3972,#3972,#3313,.T.);
#5075=EDGE_CURVE('',#3973,#3974,#18,.F.);
#5076=EDGE_CURVE('',#3975,#3973,#19,.F.);
#5077=EDGE_CURVE('',#3976,#3975,#20,.F.);
#5078=EDGE_CURVE('',#3977,#3976,#21,.F.);
#5079=EDGE_CURVE('',#3977,#3978,#2206,.T.);
#5080=EDGE_CURVE('',#3978,#3978,#3314,.F.);
#5081=EDGE_CURVE('',#3979,#3977,#22,.F.);
#5082=EDGE_CURVE('',#3980,#3979,#23,.F.);
#5083=EDGE_CURVE('',#3974,#3980,#24,.F.);
#5084=EDGE_CURVE('',#3972,#3981,#2207,.T.);
#5085=EDGE_CURVE('',#3981,#3981,#3315,.T.);
#5086=EDGE_CURVE('',#3982,#3983,#2208,.T.);
#5087=EDGE_CURVE('',#3983,#3984,#2209,.T.);
#5088=EDGE_CURVE('',#3984,#3985,#2210,.T.);
#5089=EDGE_CURVE('',#3985,#3986,#2211,.T.);
#5090=EDGE_CURVE('',#3986,#3987,#2212,.T.);
#5091=EDGE_CURVE('',#3987,#3982,#2213,.T.);
#5092=EDGE_CURVE('',#3983,#3979,#2214,.T.);
#5093=EDGE_CURVE('',#3984,#3976,#2215,.T.);
#5094=EDGE_CURVE('',#3985,#3975,#2216,.T.);
#5095=EDGE_CURVE('',#3986,#3973,#2217,.T.);
#5096=EDGE_CURVE('',#3987,#3974,#2218,.T.);
#5097=EDGE_CURVE('',#3982,#3980,#2219,.T.);
#5098=ORIENTED_EDGE('',*,*,#3988,.F.);
#5099=ORIENTED_EDGE('',*,*,#3989,.T.);
#5100=ORIENTED_EDGE('',*,*,#3990,.F.);
#5101=ORIENTED_EDGE('',*,*,#3989,.F.);
#5102=ORIENTED_EDGE('',*,*,#3991,.F.);
#5103=ORIENTED_EDGE('',*,*,#3992,.T.);
#5104=ORIENTED_EDGE('',*,*,#3993,.F.);
#5105=ORIENTED_EDGE('',*,*,#3992,.F.);
#5106=ORIENTED_EDGE('',*,*,#3993,.T.);
#5107=ORIENTED_EDGE('',*,*,#3990,.T.);
#5108=ORIENTED_EDGE('',*,*,#3991,.T.);
#5109=ORIENTED_EDGE('',*,*,#3988,.T.);
#5110=ORIENTED_EDGE('',*,*,#3994,.F.);
#5111=ORIENTED_EDGE('',*,*,#3995,.F.);
#5112=ORIENTED_EDGE('',*,*,#3996,.F.);
#5113=ORIENTED_EDGE('',*,*,#3997,.T.);
#5114=ORIENTED_EDGE('',*,*,#3995,.T.);
#5115=ORIENTED_EDGE('',*,*,#3997,.F.);
#5116=ORIENTED_EDGE('',*,*,#3998,.F.);
#5117=ORIENTED_EDGE('',*,*,#3999,.T.);
#5118=ORIENTED_EDGE('',*,*,#3994,.T.);
#5119=ORIENTED_EDGE('',*,*,#3999,.F.);
#5120=ORIENTED_EDGE('',*,*,#3998,.T.);
#5121=ORIENTED_EDGE('',*,*,#3996,.T.);
#5122=ORIENTED_EDGE('',*,*,#4000,.T.);
#5123=ORIENTED_EDGE('',*,*,#4001,.T.);
#5124=ORIENTED_EDGE('',*,*,#4002,.T.);
#5125=ORIENTED_EDGE('',*,*,#4001,.F.);
#5126=ORIENTED_EDGE('',*,*,#4003,.F.);
#5127=ORIENTED_EDGE('',*,*,#4004,.F.);
#5128=ORIENTED_EDGE('',*,*,#4005,.F.);
#5129=ORIENTED_EDGE('',*,*,#4006,.F.);
#5130=ORIENTED_EDGE('',*,*,#4007,.F.);
#5131=ORIENTED_EDGE('',*,*,#4008,.F.);
#5132=ORIENTED_EDGE('',*,*,#4009,.F.);
#5133=ORIENTED_EDGE('',*,*,#4010,.F.);
#5134=ORIENTED_EDGE('',*,*,#4011,.F.);
#5135=ORIENTED_EDGE('',*,*,#4012,.F.);
#5136=ORIENTED_EDGE('',*,*,#4013,.F.);
#5137=ORIENTED_EDGE('',*,*,#4014,.F.);
#5138=ORIENTED_EDGE('',*,*,#4015,.F.);
#5139=ORIENTED_EDGE('',*,*,#4016,.F.);
#5140=ORIENTED_EDGE('',*,*,#4017,.F.);
#5141=ORIENTED_EDGE('',*,*,#4018,.F.);
#5142=ORIENTED_EDGE('',*,*,#4019,.F.);
#5143=ORIENTED_EDGE('',*,*,#4020,.F.);
#5144=ORIENTED_EDGE('',*,*,#4021,.F.);
#5145=ORIENTED_EDGE('',*,*,#4022,.F.);
#5146=ORIENTED_EDGE('',*,*,#4023,.F.);
#5147=ORIENTED_EDGE('',*,*,#4024,.F.);
#5148=ORIENTED_EDGE('',*,*,#4025,.F.);
#5149=ORIENTED_EDGE('',*,*,#4026,.F.);
#5150=ORIENTED_EDGE('',*,*,#4027,.F.);
#5151=ORIENTED_EDGE('',*,*,#4028,.F.);
#5152=ORIENTED_EDGE('',*,*,#4029,.F.);
#5153=ORIENTED_EDGE('',*,*,#4030,.F.);
#5154=ORIENTED_EDGE('',*,*,#4031,.F.);
#5155=ORIENTED_EDGE('',*,*,#4032,.F.);
#5156=ORIENTED_EDGE('',*,*,#4033,.F.);
#5157=ORIENTED_EDGE('',*,*,#4034,.F.);
#5158=ORIENTED_EDGE('',*,*,#4035,.F.);
#5159=ORIENTED_EDGE('',*,*,#4036,.F.);
#5160=ORIENTED_EDGE('',*,*,#4037,.F.);
#5161=ORIENTED_EDGE('',*,*,#4000,.F.);
#5162=ORIENTED_EDGE('',*,*,#4038,.F.);
#5163=ORIENTED_EDGE('',*,*,#4039,.T.);
#5164=ORIENTED_EDGE('',*,*,#4002,.F.);
#5165=ORIENTED_EDGE('',*,*,#4039,.F.);
#5166=ORIENTED_EDGE('',*,*,#4027,.T.);
#5167=ORIENTED_EDGE('',*,*,#4040,.T.);
#5168=ORIENTED_EDGE('',*,*,#4041,.T.);
#5169=ORIENTED_EDGE('',*,*,#4040,.F.);
#5170=ORIENTED_EDGE('',*,*,#4042,.F.);
#5171=ORIENTED_EDGE('',*,*,#4043,.T.);
#5172=ORIENTED_EDGE('',*,*,#4041,.F.);
#5173=ORIENTED_EDGE('',*,*,#4043,.F.);
#5174=ORIENTED_EDGE('',*,*,#4037,.T.);
#5175=ORIENTED_EDGE('',*,*,#4044,.T.);
#5176=ORIENTED_EDGE('',*,*,#4045,.T.);
#5177=ORIENTED_EDGE('',*,*,#4044,.F.);
#5178=ORIENTED_EDGE('',*,*,#4046,.F.);
#5179=ORIENTED_EDGE('',*,*,#4047,.T.);
#5180=ORIENTED_EDGE('',*,*,#4045,.F.);
#5181=ORIENTED_EDGE('',*,*,#4047,.F.);
#5182=ORIENTED_EDGE('',*,*,#4028,.T.);
#5183=ORIENTED_EDGE('',*,*,#4048,.T.);
#5184=ORIENTED_EDGE('',*,*,#4049,.T.);
#5185=ORIENTED_EDGE('',*,*,#4048,.F.);
#5186=ORIENTED_EDGE('',*,*,#4050,.F.);
#5187=ORIENTED_EDGE('',*,*,#4051,.T.);
#5188=ORIENTED_EDGE('',*,*,#4049,.F.);
#5189=ORIENTED_EDGE('',*,*,#4051,.F.);
#5190=ORIENTED_EDGE('',*,*,#4052,.T.);
#5191=ORIENTED_EDGE('',*,*,#4033,.T.);
#5192=ORIENTED_EDGE('',*,*,#4053,.T.);
#5193=ORIENTED_EDGE('',*,*,#4054,.T.);
#5194=ORIENTED_EDGE('',*,*,#4055,.T.);
#5195=ORIENTED_EDGE('',*,*,#4034,.T.);
#5196=ORIENTED_EDGE('',*,*,#4052,.F.);
#5197=ORIENTED_EDGE('',*,*,#4056,.T.);
#5198=ORIENTED_EDGE('',*,*,#4057,.T.);
#5199=ORIENTED_EDGE('',*,*,#4035,.T.);
#5200=ORIENTED_EDGE('',*,*,#4055,.F.);
#5201=ORIENTED_EDGE('',*,*,#4058,.T.);
#5202=ORIENTED_EDGE('',*,*,#4053,.F.);
#5203=ORIENTED_EDGE('',*,*,#4036,.T.);
#5204=ORIENTED_EDGE('',*,*,#4057,.F.);
#5205=ORIENTED_EDGE('',*,*,#4059,.T.);
#5206=ORIENTED_EDGE('',*,*,#4056,.F.);
#5207=ORIENTED_EDGE('',*,*,#4060,.T.);
#5208=ORIENTED_EDGE('',*,*,#4061,.F.);
#5209=ORIENTED_EDGE('',*,*,#4062,.F.);
#5210=ORIENTED_EDGE('',*,*,#4054,.F.);
#5211=ORIENTED_EDGE('',*,*,#4063,.T.);
#5212=ORIENTED_EDGE('',*,*,#4064,.F.);
#5213=ORIENTED_EDGE('',*,*,#4060,.F.);
#5214=ORIENTED_EDGE('',*,*,#4065,.T.);
#5215=ORIENTED_EDGE('',*,*,#4029,.T.);
#5216=ORIENTED_EDGE('',*,*,#4066,.T.);
#5217=ORIENTED_EDGE('',*,*,#4067,.T.);
#5218=ORIENTED_EDGE('',*,*,#4068,.T.);
#5219=ORIENTED_EDGE('',*,*,#4030,.T.);
#5220=ORIENTED_EDGE('',*,*,#4065,.F.);
#5221=ORIENTED_EDGE('',*,*,#4069,.T.);
#5222=ORIENTED_EDGE('',*,*,#4070,.T.);
#5223=ORIENTED_EDGE('',*,*,#4031,.T.);
#5224=ORIENTED_EDGE('',*,*,#4068,.F.);
#5225=ORIENTED_EDGE('',*,*,#4071,.T.);
#5226=ORIENTED_EDGE('',*,*,#4066,.F.);
#5227=ORIENTED_EDGE('',*,*,#4032,.T.);
#5228=ORIENTED_EDGE('',*,*,#4070,.F.);
#5229=ORIENTED_EDGE('',*,*,#4072,.T.);
#5230=ORIENTED_EDGE('',*,*,#4069,.F.);
#5231=ORIENTED_EDGE('',*,*,#4073,.T.);
#5232=ORIENTED_EDGE('',*,*,#4074,.F.);
#5233=ORIENTED_EDGE('',*,*,#4075,.F.);
#5234=ORIENTED_EDGE('',*,*,#4067,.F.);
#5235=ORIENTED_EDGE('',*,*,#4076,.T.);
#5236=ORIENTED_EDGE('',*,*,#4077,.F.);
#5237=ORIENTED_EDGE('',*,*,#4073,.F.);
#5238=ORIENTED_EDGE('',*,*,#4078,.T.);
#5239=ORIENTED_EDGE('',*,*,#4079,.T.);
#5240=ORIENTED_EDGE('',*,*,#4080,.T.);
#5241=ORIENTED_EDGE('',*,*,#4003,.T.);
#5242=ORIENTED_EDGE('',*,*,#4078,.F.);
#5243=ORIENTED_EDGE('',*,*,#4026,.T.);
#5244=ORIENTED_EDGE('',*,*,#4081,.T.);
#5245=ORIENTED_EDGE('',*,*,#4082,.T.);
#5246=ORIENTED_EDGE('',*,*,#4081,.F.);
#5247=ORIENTED_EDGE('',*,*,#4025,.T.);
#5248=ORIENTED_EDGE('',*,*,#4083,.T.);
#5249=ORIENTED_EDGE('',*,*,#4084,.T.);
#5250=ORIENTED_EDGE('',*,*,#4083,.F.);
#5251=ORIENTED_EDGE('',*,*,#4024,.T.);
#5252=ORIENTED_EDGE('',*,*,#4085,.T.);
#5253=ORIENTED_EDGE('',*,*,#4086,.T.);
#5254=ORIENTED_EDGE('',*,*,#4085,.F.);
#5255=ORIENTED_EDGE('',*,*,#4023,.T.);
#5256=ORIENTED_EDGE('',*,*,#4087,.T.);
#5257=ORIENTED_EDGE('',*,*,#4088,.T.);
#5258=ORIENTED_EDGE('',*,*,#4087,.F.);
#5259=ORIENTED_EDGE('',*,*,#4022,.T.);
#5260=ORIENTED_EDGE('',*,*,#4089,.T.);
#5261=ORIENTED_EDGE('',*,*,#4090,.T.);
#5262=ORIENTED_EDGE('',*,*,#4091,.T.);
#5263=ORIENTED_EDGE('',*,*,#4092,.T.);
#5264=ORIENTED_EDGE('',*,*,#4089,.F.);
#5265=ORIENTED_EDGE('',*,*,#4021,.T.);
#5266=ORIENTED_EDGE('',*,*,#4091,.F.);
#5267=ORIENTED_EDGE('',*,*,#4020,.T.);
#5268=ORIENTED_EDGE('',*,*,#4093,.T.);
#5269=ORIENTED_EDGE('',*,*,#4094,.T.);
#5270=ORIENTED_EDGE('',*,*,#4095,.T.);
#5271=ORIENTED_EDGE('',*,*,#4096,.T.);
#5272=ORIENTED_EDGE('',*,*,#4093,.F.);
#5273=ORIENTED_EDGE('',*,*,#4019,.T.);
#5274=ORIENTED_EDGE('',*,*,#4095,.F.);
#5275=ORIENTED_EDGE('',*,*,#4018,.T.);
#5276=ORIENTED_EDGE('',*,*,#4097,.T.);
#5277=ORIENTED_EDGE('',*,*,#4098,.T.);
#5278=ORIENTED_EDGE('',*,*,#4099,.T.);
#5279=ORIENTED_EDGE('',*,*,#4100,.T.);
#5280=ORIENTED_EDGE('',*,*,#4097,.F.);
#5281=ORIENTED_EDGE('',*,*,#4017,.T.);
#5282=ORIENTED_EDGE('',*,*,#4099,.F.);
#5283=ORIENTED_EDGE('',*,*,#4016,.T.);
#5284=ORIENTED_EDGE('',*,*,#4101,.T.);
#5285=ORIENTED_EDGE('',*,*,#4102,.T.);
#5286=ORIENTED_EDGE('',*,*,#4103,.T.);
#5287=ORIENTED_EDGE('',*,*,#4104,.T.);
#5288=ORIENTED_EDGE('',*,*,#4101,.F.);
#5289=ORIENTED_EDGE('',*,*,#4015,.T.);
#5290=ORIENTED_EDGE('',*,*,#4103,.F.);
#5291=ORIENTED_EDGE('',*,*,#4014,.T.);
#5292=ORIENTED_EDGE('',*,*,#4105,.T.);
#5293=ORIENTED_EDGE('',*,*,#4106,.T.);
#5294=ORIENTED_EDGE('',*,*,#4107,.T.);
#5295=ORIENTED_EDGE('',*,*,#4108,.T.);
#5296=ORIENTED_EDGE('',*,*,#4105,.F.);
#5297=ORIENTED_EDGE('',*,*,#4013,.T.);
#5298=ORIENTED_EDGE('',*,*,#4107,.F.);
#5299=ORIENTED_EDGE('',*,*,#4012,.T.);
#5300=ORIENTED_EDGE('',*,*,#4109,.T.);
#5301=ORIENTED_EDGE('',*,*,#4110,.T.);
#5302=ORIENTED_EDGE('',*,*,#4111,.T.);
#5303=ORIENTED_EDGE('',*,*,#4112,.T.);
#5304=ORIENTED_EDGE('',*,*,#4109,.F.);
#5305=ORIENTED_EDGE('',*,*,#4011,.T.);
#5306=ORIENTED_EDGE('',*,*,#4111,.F.);
#5307=ORIENTED_EDGE('',*,*,#4010,.T.);
#5308=ORIENTED_EDGE('',*,*,#4113,.T.);
#5309=ORIENTED_EDGE('',*,*,#4114,.T.);
#5310=ORIENTED_EDGE('',*,*,#4115,.T.);
#5311=ORIENTED_EDGE('',*,*,#4116,.T.);
#5312=ORIENTED_EDGE('',*,*,#4113,.F.);
#5313=ORIENTED_EDGE('',*,*,#4009,.T.);
#5314=ORIENTED_EDGE('',*,*,#4115,.F.);
#5315=ORIENTED_EDGE('',*,*,#4008,.T.);
#5316=ORIENTED_EDGE('',*,*,#4117,.T.);
#5317=ORIENTED_EDGE('',*,*,#4118,.T.);
#5318=ORIENTED_EDGE('',*,*,#4119,.T.);
#5319=ORIENTED_EDGE('',*,*,#4120,.T.);
#5320=ORIENTED_EDGE('',*,*,#4117,.F.);
#5321=ORIENTED_EDGE('',*,*,#4007,.T.);
#5322=ORIENTED_EDGE('',*,*,#4119,.F.);
#5323=ORIENTED_EDGE('',*,*,#4006,.T.);
#5324=ORIENTED_EDGE('',*,*,#4121,.T.);
#5325=ORIENTED_EDGE('',*,*,#4122,.T.);
#5326=ORIENTED_EDGE('',*,*,#4123,.T.);
#5327=ORIENTED_EDGE('',*,*,#4124,.T.);
#5328=ORIENTED_EDGE('',*,*,#4121,.F.);
#5329=ORIENTED_EDGE('',*,*,#4005,.T.);
#5330=ORIENTED_EDGE('',*,*,#4123,.F.);
#5331=ORIENTED_EDGE('',*,*,#4004,.T.);
#5332=ORIENTED_EDGE('',*,*,#4080,.F.);
#5333=ORIENTED_EDGE('',*,*,#4125,.T.);
#5334=ORIENTED_EDGE('',*,*,#4106,.F.);
#5335=ORIENTED_EDGE('',*,*,#4126,.F.);
#5336=ORIENTED_EDGE('',*,*,#4127,.F.);
#5337=ORIENTED_EDGE('',*,*,#4128,.F.);
#5338=ORIENTED_EDGE('',*,*,#4108,.F.);
#5339=ORIENTED_EDGE('',*,*,#4129,.T.);
#5340=ORIENTED_EDGE('',*,*,#4130,.F.);
#5341=ORIENTED_EDGE('',*,*,#4126,.T.);
#5342=ORIENTED_EDGE('',*,*,#4110,.F.);
#5343=ORIENTED_EDGE('',*,*,#4131,.F.);
#5344=ORIENTED_EDGE('',*,*,#4132,.F.);
#5345=ORIENTED_EDGE('',*,*,#4129,.F.);
#5346=ORIENTED_EDGE('',*,*,#4112,.F.);
#5347=ORIENTED_EDGE('',*,*,#4133,.T.);
#5348=ORIENTED_EDGE('',*,*,#4134,.F.);
#5349=ORIENTED_EDGE('',*,*,#4131,.T.);
#5350=ORIENTED_EDGE('',*,*,#4114,.F.);
#5351=ORIENTED_EDGE('',*,*,#4135,.F.);
#5352=ORIENTED_EDGE('',*,*,#4136,.F.);
#5353=ORIENTED_EDGE('',*,*,#4133,.F.);
#5354=ORIENTED_EDGE('',*,*,#4116,.F.);
#5355=ORIENTED_EDGE('',*,*,#4137,.T.);
#5356=ORIENTED_EDGE('',*,*,#4138,.F.);
#5357=ORIENTED_EDGE('',*,*,#4135,.T.);
#5358=ORIENTED_EDGE('',*,*,#4118,.F.);
#5359=ORIENTED_EDGE('',*,*,#4139,.F.);
#5360=ORIENTED_EDGE('',*,*,#4140,.F.);
#5361=ORIENTED_EDGE('',*,*,#4137,.F.);
#5362=ORIENTED_EDGE('',*,*,#4120,.F.);
#5363=ORIENTED_EDGE('',*,*,#4141,.T.);
#5364=ORIENTED_EDGE('',*,*,#4142,.F.);
#5365=ORIENTED_EDGE('',*,*,#4139,.T.);
#5366=ORIENTED_EDGE('',*,*,#4122,.F.);
#5367=ORIENTED_EDGE('',*,*,#4143,.F.);
#5368=ORIENTED_EDGE('',*,*,#4144,.F.);
#5369=ORIENTED_EDGE('',*,*,#4141,.F.);
#5370=ORIENTED_EDGE('',*,*,#4124,.F.);
#5371=ORIENTED_EDGE('',*,*,#4145,.T.);
#5372=ORIENTED_EDGE('',*,*,#4146,.F.);
#5373=ORIENTED_EDGE('',*,*,#4143,.T.);
#5374=ORIENTED_EDGE('',*,*,#4125,.F.);
#5375=ORIENTED_EDGE('',*,*,#4147,.F.);
#5376=ORIENTED_EDGE('',*,*,#4148,.F.);
#5377=ORIENTED_EDGE('',*,*,#4145,.F.);
#5378=ORIENTED_EDGE('',*,*,#4079,.F.);
#5379=ORIENTED_EDGE('',*,*,#4149,.T.);
#5380=ORIENTED_EDGE('',*,*,#4150,.F.);
#5381=ORIENTED_EDGE('',*,*,#4147,.T.);
#5382=ORIENTED_EDGE('',*,*,#4151,.T.);
#5383=ORIENTED_EDGE('',*,*,#4152,.T.);
#5384=ORIENTED_EDGE('',*,*,#4046,.T.);
#5385=ORIENTED_EDGE('',*,*,#4152,.F.);
#5386=ORIENTED_EDGE('',*,*,#4153,.F.);
#5387=ORIENTED_EDGE('',*,*,#4154,.F.);
#5388=ORIENTED_EDGE('',*,*,#4155,.F.);
#5389=ORIENTED_EDGE('',*,*,#4156,.F.);
#5390=ORIENTED_EDGE('',*,*,#4157,.F.);
#5391=ORIENTED_EDGE('',*,*,#4158,.F.);
#5392=ORIENTED_EDGE('',*,*,#4159,.F.);
#5393=ORIENTED_EDGE('',*,*,#4160,.F.);
#5394=ORIENTED_EDGE('',*,*,#4161,.F.);
#5395=ORIENTED_EDGE('',*,*,#4162,.F.);
#5396=ORIENTED_EDGE('',*,*,#4163,.F.);
#5397=ORIENTED_EDGE('',*,*,#4164,.F.);
#5398=ORIENTED_EDGE('',*,*,#4165,.F.);
#5399=ORIENTED_EDGE('',*,*,#4166,.F.);
#5400=ORIENTED_EDGE('',*,*,#4167,.F.);
#5401=ORIENTED_EDGE('',*,*,#4168,.F.);
#5402=ORIENTED_EDGE('',*,*,#4169,.F.);
#5403=ORIENTED_EDGE('',*,*,#4170,.F.);
#5404=ORIENTED_EDGE('',*,*,#4171,.F.);
#5405=ORIENTED_EDGE('',*,*,#4172,.F.);
#5406=ORIENTED_EDGE('',*,*,#4173,.F.);
#5407=ORIENTED_EDGE('',*,*,#4174,.F.);
#5408=ORIENTED_EDGE('',*,*,#4175,.F.);
#5409=ORIENTED_EDGE('',*,*,#4176,.F.);
#5410=ORIENTED_EDGE('',*,*,#4177,.F.);
#5411=ORIENTED_EDGE('',*,*,#4178,.F.);
#5412=ORIENTED_EDGE('',*,*,#4179,.F.);
#5413=ORIENTED_EDGE('',*,*,#4180,.F.);
#5414=ORIENTED_EDGE('',*,*,#4181,.F.);
#5415=ORIENTED_EDGE('',*,*,#4182,.F.);
#5416=ORIENTED_EDGE('',*,*,#4183,.F.);
#5417=ORIENTED_EDGE('',*,*,#4184,.F.);
#5418=ORIENTED_EDGE('',*,*,#4185,.F.);
#5419=ORIENTED_EDGE('',*,*,#4186,.F.);
#5420=ORIENTED_EDGE('',*,*,#4187,.F.);
#5421=ORIENTED_EDGE('',*,*,#4151,.F.);
#5422=ORIENTED_EDGE('',*,*,#4177,.T.);
#5423=ORIENTED_EDGE('',*,*,#4188,.T.);
#5424=ORIENTED_EDGE('',*,*,#4038,.T.);
#5425=ORIENTED_EDGE('',*,*,#4188,.F.);
#5426=ORIENTED_EDGE('',*,*,#4187,.T.);
#5427=ORIENTED_EDGE('',*,*,#4189,.T.);
#5428=ORIENTED_EDGE('',*,*,#4050,.T.);
#5429=ORIENTED_EDGE('',*,*,#4189,.F.);
#5430=ORIENTED_EDGE('',*,*,#4178,.T.);
#5431=ORIENTED_EDGE('',*,*,#4190,.T.);
#5432=ORIENTED_EDGE('',*,*,#4042,.T.);
#5433=ORIENTED_EDGE('',*,*,#4190,.F.);
#5434=ORIENTED_EDGE('',*,*,#4191,.T.);
#5435=ORIENTED_EDGE('',*,*,#4153,.T.);
#5436=ORIENTED_EDGE('',*,*,#4192,.T.);
#5437=ORIENTED_EDGE('',*,*,#4193,.T.);
#5438=ORIENTED_EDGE('',*,*,#4191,.F.);
#5439=ORIENTED_EDGE('',*,*,#4194,.T.);
#5440=ORIENTED_EDGE('',*,*,#4195,.T.);
#5441=ORIENTED_EDGE('',*,*,#4154,.T.);
#5442=ORIENTED_EDGE('',*,*,#4196,.T.);
#5443=ORIENTED_EDGE('',*,*,#4155,.T.);
#5444=ORIENTED_EDGE('',*,*,#4195,.F.);
#5445=ORIENTED_EDGE('',*,*,#4197,.T.);
#5446=ORIENTED_EDGE('',*,*,#4196,.F.);
#5447=ORIENTED_EDGE('',*,*,#4198,.T.);
#5448=ORIENTED_EDGE('',*,*,#4199,.T.);
#5449=ORIENTED_EDGE('',*,*,#4156,.T.);
#5450=ORIENTED_EDGE('',*,*,#4200,.T.);
#5451=ORIENTED_EDGE('',*,*,#4157,.T.);
#5452=ORIENTED_EDGE('',*,*,#4199,.F.);
#5453=ORIENTED_EDGE('',*,*,#4127,.T.);
#5454=ORIENTED_EDGE('',*,*,#4200,.F.);
#5455=ORIENTED_EDGE('',*,*,#4130,.T.);
#5456=ORIENTED_EDGE('',*,*,#4201,.T.);
#5457=ORIENTED_EDGE('',*,*,#4158,.T.);
#5458=ORIENTED_EDGE('',*,*,#4202,.T.);
#5459=ORIENTED_EDGE('',*,*,#4159,.T.);
#5460=ORIENTED_EDGE('',*,*,#4201,.F.);
#5461=ORIENTED_EDGE('',*,*,#4132,.T.);
#5462=ORIENTED_EDGE('',*,*,#4202,.F.);
#5463=ORIENTED_EDGE('',*,*,#4134,.T.);
#5464=ORIENTED_EDGE('',*,*,#4203,.T.);
#5465=ORIENTED_EDGE('',*,*,#4160,.T.);
#5466=ORIENTED_EDGE('',*,*,#4204,.T.);
#5467=ORIENTED_EDGE('',*,*,#4161,.T.);
#5468=ORIENTED_EDGE('',*,*,#4203,.F.);
#5469=ORIENTED_EDGE('',*,*,#4136,.T.);
#5470=ORIENTED_EDGE('',*,*,#4204,.F.);
#5471=ORIENTED_EDGE('',*,*,#4138,.T.);
#5472=ORIENTED_EDGE('',*,*,#4205,.T.);
#5473=ORIENTED_EDGE('',*,*,#4162,.T.);
#5474=ORIENTED_EDGE('',*,*,#4206,.T.);
#5475=ORIENTED_EDGE('',*,*,#4163,.T.);
#5476=ORIENTED_EDGE('',*,*,#4205,.F.);
#5477=ORIENTED_EDGE('',*,*,#4140,.T.);
#5478=ORIENTED_EDGE('',*,*,#4206,.F.);
#5479=ORIENTED_EDGE('',*,*,#4142,.T.);
#5480=ORIENTED_EDGE('',*,*,#4207,.T.);
#5481=ORIENTED_EDGE('',*,*,#4164,.T.);
#5482=ORIENTED_EDGE('',*,*,#4208,.T.);
#5483=ORIENTED_EDGE('',*,*,#4165,.T.);
#5484=ORIENTED_EDGE('',*,*,#4207,.F.);
#5485=ORIENTED_EDGE('',*,*,#4144,.T.);
#5486=ORIENTED_EDGE('',*,*,#4208,.F.);
#5487=ORIENTED_EDGE('',*,*,#4146,.T.);
#5488=ORIENTED_EDGE('',*,*,#4209,.T.);
#5489=ORIENTED_EDGE('',*,*,#4166,.T.);
#5490=ORIENTED_EDGE('',*,*,#4210,.T.);
#5491=ORIENTED_EDGE('',*,*,#4167,.T.);
#5492=ORIENTED_EDGE('',*,*,#4209,.F.);
#5493=ORIENTED_EDGE('',*,*,#4148,.T.);
#5494=ORIENTED_EDGE('',*,*,#4210,.F.);
#5495=ORIENTED_EDGE('',*,*,#4150,.T.);
#5496=ORIENTED_EDGE('',*,*,#4211,.T.);
#5497=ORIENTED_EDGE('',*,*,#4168,.T.);
#5498=ORIENTED_EDGE('',*,*,#4212,.T.);
#5499=ORIENTED_EDGE('',*,*,#4169,.T.);
#5500=ORIENTED_EDGE('',*,*,#4211,.F.);
#5501=ORIENTED_EDGE('',*,*,#4213,.T.);
#5502=ORIENTED_EDGE('',*,*,#4214,.T.);
#5503=ORIENTED_EDGE('',*,*,#4170,.T.);
#5504=ORIENTED_EDGE('',*,*,#4212,.F.);
#5505=ORIENTED_EDGE('',*,*,#4215,.T.);
#5506=ORIENTED_EDGE('',*,*,#4216,.T.);
#5507=ORIENTED_EDGE('',*,*,#4171,.T.);
#5508=ORIENTED_EDGE('',*,*,#4214,.F.);
#5509=ORIENTED_EDGE('',*,*,#4217,.T.);
#5510=ORIENTED_EDGE('',*,*,#4218,.T.);
#5511=ORIENTED_EDGE('',*,*,#4172,.T.);
#5512=ORIENTED_EDGE('',*,*,#4216,.F.);
#5513=ORIENTED_EDGE('',*,*,#4219,.T.);
#5514=ORIENTED_EDGE('',*,*,#4220,.T.);
#5515=ORIENTED_EDGE('',*,*,#4173,.T.);
#5516=ORIENTED_EDGE('',*,*,#4218,.F.);
#5517=ORIENTED_EDGE('',*,*,#4221,.T.);
#5518=ORIENTED_EDGE('',*,*,#4220,.F.);
#5519=ORIENTED_EDGE('',*,*,#4222,.T.);
#5520=ORIENTED_EDGE('',*,*,#4223,.T.);
#5521=ORIENTED_EDGE('',*,*,#4174,.T.);
#5522=ORIENTED_EDGE('',*,*,#4224,.T.);
#5523=ORIENTED_EDGE('',*,*,#4175,.T.);
#5524=ORIENTED_EDGE('',*,*,#4223,.F.);
#5525=ORIENTED_EDGE('',*,*,#4225,.T.);
#5526=ORIENTED_EDGE('',*,*,#4224,.F.);
#5527=ORIENTED_EDGE('',*,*,#4226,.T.);
#5528=ORIENTED_EDGE('',*,*,#4192,.F.);
#5529=ORIENTED_EDGE('',*,*,#4176,.T.);
#5530=ORIENTED_EDGE('',*,*,#4104,.F.);
#5531=ORIENTED_EDGE('',*,*,#4128,.T.);
#5532=ORIENTED_EDGE('',*,*,#4198,.F.);
#5533=ORIENTED_EDGE('',*,*,#4227,.T.);
#5534=ORIENTED_EDGE('',*,*,#4102,.F.);
#5535=ORIENTED_EDGE('',*,*,#4227,.F.);
#5536=ORIENTED_EDGE('',*,*,#4197,.F.);
#5537=ORIENTED_EDGE('',*,*,#4228,.F.);
#5538=ORIENTED_EDGE('',*,*,#4100,.F.);
#5539=ORIENTED_EDGE('',*,*,#4228,.T.);
#5540=ORIENTED_EDGE('',*,*,#4194,.F.);
#5541=ORIENTED_EDGE('',*,*,#4229,.T.);
#5542=ORIENTED_EDGE('',*,*,#4098,.F.);
#5543=ORIENTED_EDGE('',*,*,#4229,.F.);
#5544=ORIENTED_EDGE('',*,*,#4193,.F.);
#5545=ORIENTED_EDGE('',*,*,#4230,.F.);
#5546=ORIENTED_EDGE('',*,*,#4231,.T.);
#5547=ORIENTED_EDGE('',*,*,#4179,.T.);
#5548=ORIENTED_EDGE('',*,*,#4232,.T.);
#5549=ORIENTED_EDGE('',*,*,#4074,.T.);
#5550=ORIENTED_EDGE('',*,*,#4233,.T.);
#5551=ORIENTED_EDGE('',*,*,#4180,.T.);
#5552=ORIENTED_EDGE('',*,*,#4231,.F.);
#5553=ORIENTED_EDGE('',*,*,#4077,.T.);
#5554=ORIENTED_EDGE('',*,*,#4234,.T.);
#5555=ORIENTED_EDGE('',*,*,#4181,.T.);
#5556=ORIENTED_EDGE('',*,*,#4233,.F.);
#5557=ORIENTED_EDGE('',*,*,#4235,.T.);
#5558=ORIENTED_EDGE('',*,*,#4232,.F.);
#5559=ORIENTED_EDGE('',*,*,#4182,.T.);
#5560=ORIENTED_EDGE('',*,*,#4234,.F.);
#5561=ORIENTED_EDGE('',*,*,#4236,.T.);
#5562=ORIENTED_EDGE('',*,*,#4237,.T.);
#5563=ORIENTED_EDGE('',*,*,#4183,.T.);
#5564=ORIENTED_EDGE('',*,*,#4238,.T.);
#5565=ORIENTED_EDGE('',*,*,#4239,.T.);
#5566=ORIENTED_EDGE('',*,*,#4240,.T.);
#5567=ORIENTED_EDGE('',*,*,#4184,.T.);
#5568=ORIENTED_EDGE('',*,*,#4237,.F.);
#5569=ORIENTED_EDGE('',*,*,#4241,.T.);
#5570=ORIENTED_EDGE('',*,*,#4242,.T.);
#5571=ORIENTED_EDGE('',*,*,#4185,.T.);
#5572=ORIENTED_EDGE('',*,*,#4240,.F.);
#5573=ORIENTED_EDGE('',*,*,#4061,.T.);
#5574=ORIENTED_EDGE('',*,*,#4238,.F.);
#5575=ORIENTED_EDGE('',*,*,#4186,.T.);
#5576=ORIENTED_EDGE('',*,*,#4242,.F.);
#5577=ORIENTED_EDGE('',*,*,#4064,.T.);
#5578=ORIENTED_EDGE('',*,*,#4058,.F.);
#5579=ORIENTED_EDGE('',*,*,#4062,.T.);
#5580=ORIENTED_EDGE('',*,*,#4241,.F.);
#5581=ORIENTED_EDGE('',*,*,#4243,.F.);
#5582=ORIENTED_EDGE('',*,*,#4059,.F.);
#5583=ORIENTED_EDGE('',*,*,#4243,.T.);
#5584=ORIENTED_EDGE('',*,*,#4239,.F.);
#5585=ORIENTED_EDGE('',*,*,#4063,.F.);
#5586=ORIENTED_EDGE('',*,*,#4092,.F.);
#5587=ORIENTED_EDGE('',*,*,#4244,.T.);
#5588=ORIENTED_EDGE('',*,*,#4222,.F.);
#5589=ORIENTED_EDGE('',*,*,#4245,.T.);
#5590=ORIENTED_EDGE('',*,*,#4094,.F.);
#5591=ORIENTED_EDGE('',*,*,#4246,.F.);
#5592=ORIENTED_EDGE('',*,*,#4225,.F.);
#5593=ORIENTED_EDGE('',*,*,#4244,.F.);
#5594=ORIENTED_EDGE('',*,*,#4096,.F.);
#5595=ORIENTED_EDGE('',*,*,#4230,.T.);
#5596=ORIENTED_EDGE('',*,*,#4226,.F.);
#5597=ORIENTED_EDGE('',*,*,#4246,.T.);
#5598=ORIENTED_EDGE('',*,*,#4071,.F.);
#5599=ORIENTED_EDGE('',*,*,#4075,.T.);
#5600=ORIENTED_EDGE('',*,*,#4236,.F.);
#5601=ORIENTED_EDGE('',*,*,#4247,.F.);
#5602=ORIENTED_EDGE('',*,*,#4072,.F.);
#5603=ORIENTED_EDGE('',*,*,#4247,.T.);
#5604=ORIENTED_EDGE('',*,*,#4235,.F.);
#5605=ORIENTED_EDGE('',*,*,#4076,.F.);
#5606=ORIENTED_EDGE('',*,*,#4090,.F.);
#5607=ORIENTED_EDGE('',*,*,#4245,.F.);
#5608=ORIENTED_EDGE('',*,*,#4221,.F.);
#5609=ORIENTED_EDGE('',*,*,#4248,.F.);
#5610=ORIENTED_EDGE('',*,*,#4088,.F.);
#5611=ORIENTED_EDGE('',*,*,#4248,.T.);
#5612=ORIENTED_EDGE('',*,*,#4219,.F.);
#5613=ORIENTED_EDGE('',*,*,#4249,.F.);
#5614=ORIENTED_EDGE('',*,*,#4086,.F.);
#5615=ORIENTED_EDGE('',*,*,#4249,.T.);
#5616=ORIENTED_EDGE('',*,*,#4217,.F.);
#5617=ORIENTED_EDGE('',*,*,#4250,.F.);
#5618=ORIENTED_EDGE('',*,*,#4084,.F.);
#5619=ORIENTED_EDGE('',*,*,#4250,.T.);
#5620=ORIENTED_EDGE('',*,*,#4215,.F.);
#5621=ORIENTED_EDGE('',*,*,#4251,.F.);
#5622=ORIENTED_EDGE('',*,*,#4082,.F.);
#5623=ORIENTED_EDGE('',*,*,#4251,.T.);
#5624=ORIENTED_EDGE('',*,*,#4213,.F.);
#5625=ORIENTED_EDGE('',*,*,#4149,.F.);
#5626=ORIENTED_EDGE('',*,*,#4252,.F.);
#5627=ORIENTED_EDGE('',*,*,#4253,.F.);
#5628=ORIENTED_EDGE('',*,*,#4254,.F.);
#5629=ORIENTED_EDGE('',*,*,#4255,.T.);
#5630=ORIENTED_EDGE('',*,*,#4256,.F.);
#5631=ORIENTED_EDGE('',*,*,#4257,.F.);
#5632=ORIENTED_EDGE('',*,*,#4258,.F.);
#5633=ORIENTED_EDGE('',*,*,#4253,.T.);
#5634=ORIENTED_EDGE('',*,*,#4259,.F.);
#5635=ORIENTED_EDGE('',*,*,#4260,.T.);
#5636=ORIENTED_EDGE('',*,*,#4261,.F.);
#5637=ORIENTED_EDGE('',*,*,#4260,.F.);
#5638=ORIENTED_EDGE('',*,*,#4262,.F.);
#5639=ORIENTED_EDGE('',*,*,#4263,.T.);
#5640=ORIENTED_EDGE('',*,*,#4264,.F.);
#5641=ORIENTED_EDGE('',*,*,#4263,.F.);
#5642=ORIENTED_EDGE('',*,*,#4265,.F.);
#5643=ORIENTED_EDGE('',*,*,#4266,.F.);
#5644=ORIENTED_EDGE('',*,*,#4267,.F.);
#5645=ORIENTED_EDGE('',*,*,#4257,.T.);
#5646=ORIENTED_EDGE('',*,*,#4268,.F.);
#5647=ORIENTED_EDGE('',*,*,#4255,.F.);
#5648=ORIENTED_EDGE('',*,*,#4269,.F.);
#5649=ORIENTED_EDGE('',*,*,#4266,.T.);
#5650=ORIENTED_EDGE('',*,*,#4254,.T.);
#5651=ORIENTED_EDGE('',*,*,#4258,.T.);
#5652=ORIENTED_EDGE('',*,*,#4267,.T.);
#5653=ORIENTED_EDGE('',*,*,#4269,.T.);
#5654=ORIENTED_EDGE('',*,*,#4264,.T.);
#5655=ORIENTED_EDGE('',*,*,#4261,.T.);
#5656=ORIENTED_EDGE('',*,*,#4256,.T.);
#5657=ORIENTED_EDGE('',*,*,#4252,.T.);
#5658=ORIENTED_EDGE('',*,*,#4268,.T.);
#5659=ORIENTED_EDGE('',*,*,#4265,.T.);
#5660=ORIENTED_EDGE('',*,*,#4262,.T.);
#5661=ORIENTED_EDGE('',*,*,#4259,.T.);
#5662=ORIENTED_EDGE('',*,*,#4270,.F.);
#5663=ORIENTED_EDGE('',*,*,#4271,.F.);
#5664=ORIENTED_EDGE('',*,*,#4272,.F.);
#5665=ORIENTED_EDGE('',*,*,#4273,.F.);
#5666=ORIENTED_EDGE('',*,*,#4274,.F.);
#5667=ORIENTED_EDGE('',*,*,#4275,.F.);
#5668=ORIENTED_EDGE('',*,*,#4272,.T.);
#5669=ORIENTED_EDGE('',*,*,#4276,.F.);
#5670=ORIENTED_EDGE('',*,*,#4277,.F.);
#5671=ORIENTED_EDGE('',*,*,#4278,.T.);
#5672=ORIENTED_EDGE('',*,*,#4271,.T.);
#5673=ORIENTED_EDGE('',*,*,#4279,.F.);
#5674=ORIENTED_EDGE('',*,*,#4280,.F.);
#5675=ORIENTED_EDGE('',*,*,#4276,.T.);
#5676=ORIENTED_EDGE('',*,*,#4270,.T.);
#5677=ORIENTED_EDGE('',*,*,#4281,.F.);
#5678=ORIENTED_EDGE('',*,*,#4282,.F.);
#5679=ORIENTED_EDGE('',*,*,#4279,.T.);
#5680=ORIENTED_EDGE('',*,*,#4273,.T.);
#5681=ORIENTED_EDGE('',*,*,#4278,.F.);
#5682=ORIENTED_EDGE('',*,*,#4283,.F.);
#5683=ORIENTED_EDGE('',*,*,#4281,.T.);
#5684=ORIENTED_EDGE('',*,*,#4275,.T.);
#5685=ORIENTED_EDGE('',*,*,#4284,.T.);
#5686=ORIENTED_EDGE('',*,*,#4285,.F.);
#5687=ORIENTED_EDGE('',*,*,#4284,.F.);
#5688=ORIENTED_EDGE('',*,*,#4274,.T.);
#5689=ORIENTED_EDGE('',*,*,#4286,.T.);
#5690=ORIENTED_EDGE('',*,*,#4287,.F.);
#5691=ORIENTED_EDGE('',*,*,#4286,.F.);
#5692=ORIENTED_EDGE('',*,*,#4282,.T.);
#5693=ORIENTED_EDGE('',*,*,#4283,.T.);
#5694=ORIENTED_EDGE('',*,*,#4277,.T.);
#5695=ORIENTED_EDGE('',*,*,#4280,.T.);
#5696=ORIENTED_EDGE('',*,*,#4287,.T.);
#5697=ORIENTED_EDGE('',*,*,#4285,.T.);
#5698=ORIENTED_EDGE('',*,*,#4288,.T.);
#5699=ORIENTED_EDGE('',*,*,#4289,.T.);
#5700=ORIENTED_EDGE('',*,*,#4290,.T.);
#5701=ORIENTED_EDGE('',*,*,#4291,.T.);
#5702=ORIENTED_EDGE('',*,*,#4290,.F.);
#5703=ORIENTED_EDGE('',*,*,#4292,.T.);
#5704=ORIENTED_EDGE('',*,*,#4293,.T.);
#5705=ORIENTED_EDGE('',*,*,#4294,.T.);
#5706=ORIENTED_EDGE('',*,*,#4293,.F.);
#5707=ORIENTED_EDGE('',*,*,#4295,.T.);
#5708=ORIENTED_EDGE('',*,*,#4296,.T.);
#5709=ORIENTED_EDGE('',*,*,#4297,.T.);
#5710=ORIENTED_EDGE('',*,*,#4296,.F.);
#5711=ORIENTED_EDGE('',*,*,#4298,.T.);
#5712=ORIENTED_EDGE('',*,*,#4288,.F.);
#5713=ORIENTED_EDGE('',*,*,#4299,.T.);
#5714=ORIENTED_EDGE('',*,*,#4292,.F.);
#5715=ORIENTED_EDGE('',*,*,#4300,.T.);
#5716=ORIENTED_EDGE('',*,*,#4301,.F.);
#5717=ORIENTED_EDGE('',*,*,#4302,.F.);
#5718=ORIENTED_EDGE('',*,*,#4289,.F.);
#5719=ORIENTED_EDGE('',*,*,#4303,.F.);
#5720=ORIENTED_EDGE('',*,*,#4304,.F.);
#5721=ORIENTED_EDGE('',*,*,#4300,.F.);
#5722=ORIENTED_EDGE('',*,*,#4299,.F.);
#5723=ORIENTED_EDGE('',*,*,#4305,.F.);
#5724=ORIENTED_EDGE('',*,*,#4306,.T.);
#5725=ORIENTED_EDGE('',*,*,#4307,.F.);
#5726=ORIENTED_EDGE('',*,*,#4291,.F.);
#5727=ORIENTED_EDGE('',*,*,#4308,.T.);
#5728=ORIENTED_EDGE('',*,*,#4309,.T.);
#5729=ORIENTED_EDGE('',*,*,#4305,.T.);
#5730=ORIENTED_EDGE('',*,*,#4310,.T.);
#5731=ORIENTED_EDGE('',*,*,#4304,.T.);
#5732=ORIENTED_EDGE('',*,*,#4311,.T.);
#5733=ORIENTED_EDGE('',*,*,#4312,.T.);
#5734=ORIENTED_EDGE('',*,*,#4311,.F.);
#5735=ORIENTED_EDGE('',*,*,#4313,.T.);
#5736=ORIENTED_EDGE('',*,*,#4314,.T.);
#5737=ORIENTED_EDGE('',*,*,#4315,.T.);
#5738=ORIENTED_EDGE('',*,*,#4314,.F.);
#5739=ORIENTED_EDGE('',*,*,#4316,.T.);
#5740=ORIENTED_EDGE('',*,*,#4317,.T.);
#5741=ORIENTED_EDGE('',*,*,#4318,.T.);
#5742=ORIENTED_EDGE('',*,*,#4317,.F.);
#5743=ORIENTED_EDGE('',*,*,#4301,.T.);
#5744=ORIENTED_EDGE('',*,*,#4310,.F.);
#5745=ORIENTED_EDGE('',*,*,#4319,.T.);
#5746=ORIENTED_EDGE('',*,*,#4298,.F.);
#5747=ORIENTED_EDGE('',*,*,#4320,.T.);
#5748=ORIENTED_EDGE('',*,*,#4313,.F.);
#5749=ORIENTED_EDGE('',*,*,#4303,.T.);
#5750=ORIENTED_EDGE('',*,*,#4319,.F.);
#5751=ORIENTED_EDGE('',*,*,#4321,.F.);
#5752=ORIENTED_EDGE('',*,*,#4322,.T.);
#5753=ORIENTED_EDGE('',*,*,#4323,.F.);
#5754=ORIENTED_EDGE('',*,*,#4312,.F.);
#5755=ORIENTED_EDGE('',*,*,#4324,.T.);
#5756=ORIENTED_EDGE('',*,*,#4325,.T.);
#5757=ORIENTED_EDGE('',*,*,#4321,.T.);
#5758=ORIENTED_EDGE('',*,*,#4326,.T.);
#5759=ORIENTED_EDGE('',*,*,#4327,.T.);
#5760=ORIENTED_EDGE('',*,*,#4328,.T.);
#5761=ORIENTED_EDGE('',*,*,#4329,.T.);
#5762=ORIENTED_EDGE('',*,*,#4326,.F.);
#5763=ORIENTED_EDGE('',*,*,#4330,.T.);
#5764=ORIENTED_EDGE('',*,*,#4331,.T.);
#5765=ORIENTED_EDGE('',*,*,#4332,.T.);
#5766=ORIENTED_EDGE('',*,*,#4331,.F.);
#5767=ORIENTED_EDGE('',*,*,#4333,.T.);
#5768=ORIENTED_EDGE('',*,*,#4334,.T.);
#5769=ORIENTED_EDGE('',*,*,#4335,.T.);
#5770=ORIENTED_EDGE('',*,*,#4334,.F.);
#5771=ORIENTED_EDGE('',*,*,#4336,.T.);
#5772=ORIENTED_EDGE('',*,*,#4337,.T.);
#5773=ORIENTED_EDGE('',*,*,#4338,.T.);
#5774=ORIENTED_EDGE('',*,*,#4339,.T.);
#5775=ORIENTED_EDGE('',*,*,#4340,.T.);
#5776=ORIENTED_EDGE('',*,*,#4337,.F.);
#5777=ORIENTED_EDGE('',*,*,#4341,.T.);
#5778=ORIENTED_EDGE('',*,*,#4339,.F.);
#5779=ORIENTED_EDGE('',*,*,#4342,.T.);
#5780=ORIENTED_EDGE('',*,*,#4343,.T.);
#5781=ORIENTED_EDGE('',*,*,#4344,.T.);
#5782=ORIENTED_EDGE('',*,*,#4345,.T.);
#5783=ORIENTED_EDGE('',*,*,#4346,.T.);
#5784=ORIENTED_EDGE('',*,*,#4343,.F.);
#5785=ORIENTED_EDGE('',*,*,#4347,.T.);
#5786=ORIENTED_EDGE('',*,*,#4345,.F.);
#5787=ORIENTED_EDGE('',*,*,#4348,.T.);
#5788=ORIENTED_EDGE('',*,*,#4349,.T.);
#5789=ORIENTED_EDGE('',*,*,#4350,.T.);
#5790=ORIENTED_EDGE('',*,*,#4349,.F.);
#5791=ORIENTED_EDGE('',*,*,#4351,.T.);
#5792=ORIENTED_EDGE('',*,*,#4352,.T.);
#5793=ORIENTED_EDGE('',*,*,#4353,.T.);
#5794=ORIENTED_EDGE('',*,*,#4352,.F.);
#5795=ORIENTED_EDGE('',*,*,#4354,.T.);
#5796=ORIENTED_EDGE('',*,*,#4355,.T.);
#5797=ORIENTED_EDGE('',*,*,#4356,.T.);
#5798=ORIENTED_EDGE('',*,*,#4357,.T.);
#5799=ORIENTED_EDGE('',*,*,#4358,.T.);
#5800=ORIENTED_EDGE('',*,*,#4355,.F.);
#5801=ORIENTED_EDGE('',*,*,#4359,.T.);
#5802=ORIENTED_EDGE('',*,*,#4357,.F.);
#5803=ORIENTED_EDGE('',*,*,#4360,.T.);
#5804=ORIENTED_EDGE('',*,*,#4328,.F.);
#5805=ORIENTED_EDGE('',*,*,#4361,.T.);
#5806=ORIENTED_EDGE('',*,*,#4350,.F.);
#5807=ORIENTED_EDGE('',*,*,#4362,.F.);
#5808=ORIENTED_EDGE('',*,*,#4363,.F.);
#5809=ORIENTED_EDGE('',*,*,#4364,.T.);
#5810=ORIENTED_EDGE('',*,*,#4353,.F.);
#5811=ORIENTED_EDGE('',*,*,#4365,.T.);
#5812=ORIENTED_EDGE('',*,*,#4366,.F.);
#5813=ORIENTED_EDGE('',*,*,#4362,.T.);
#5814=ORIENTED_EDGE('',*,*,#4356,.F.);
#5815=ORIENTED_EDGE('',*,*,#4367,.F.);
#5816=ORIENTED_EDGE('',*,*,#4368,.F.);
#5817=ORIENTED_EDGE('',*,*,#4365,.F.);
#5818=ORIENTED_EDGE('',*,*,#4358,.F.);
#5819=ORIENTED_EDGE('',*,*,#4369,.T.);
#5820=ORIENTED_EDGE('',*,*,#4370,.F.);
#5821=ORIENTED_EDGE('',*,*,#4367,.T.);
#5822=ORIENTED_EDGE('',*,*,#4361,.F.);
#5823=ORIENTED_EDGE('',*,*,#4371,.F.);
#5824=ORIENTED_EDGE('',*,*,#4372,.F.);
#5825=ORIENTED_EDGE('',*,*,#4369,.F.);
#5826=ORIENTED_EDGE('',*,*,#4327,.F.);
#5827=ORIENTED_EDGE('',*,*,#4373,.F.);
#5828=ORIENTED_EDGE('',*,*,#4374,.F.);
#5829=ORIENTED_EDGE('',*,*,#4371,.T.);
#5830=ORIENTED_EDGE('',*,*,#4329,.F.);
#5831=ORIENTED_EDGE('',*,*,#4360,.F.);
#5832=ORIENTED_EDGE('',*,*,#4359,.F.);
#5833=ORIENTED_EDGE('',*,*,#4354,.F.);
#5834=ORIENTED_EDGE('',*,*,#4351,.F.);
#5835=ORIENTED_EDGE('',*,*,#4348,.F.);
#5836=ORIENTED_EDGE('',*,*,#4347,.F.);
#5837=ORIENTED_EDGE('',*,*,#4342,.F.);
#5838=ORIENTED_EDGE('',*,*,#4341,.F.);
#5839=ORIENTED_EDGE('',*,*,#4336,.F.);
#5840=ORIENTED_EDGE('',*,*,#4333,.F.);
#5841=ORIENTED_EDGE('',*,*,#4330,.F.);
#5842=ORIENTED_EDGE('',*,*,#4375,.F.);
#5843=ORIENTED_EDGE('',*,*,#4325,.F.);
#5844=ORIENTED_EDGE('',*,*,#4376,.F.);
#5845=ORIENTED_EDGE('',*,*,#4377,.F.);
#5846=ORIENTED_EDGE('',*,*,#4322,.F.);
#5847=ORIENTED_EDGE('',*,*,#4378,.F.);
#5848=ORIENTED_EDGE('',*,*,#4375,.T.);
#5849=ORIENTED_EDGE('',*,*,#4379,.T.);
#5850=ORIENTED_EDGE('',*,*,#4380,.T.);
#5851=ORIENTED_EDGE('',*,*,#4379,.F.);
#5852=ORIENTED_EDGE('',*,*,#4380,.F.);
#5853=ORIENTED_EDGE('',*,*,#4381,.T.);
#5854=ORIENTED_EDGE('',*,*,#4382,.F.);
#5855=ORIENTED_EDGE('',*,*,#4381,.F.);
#5856=ORIENTED_EDGE('',*,*,#4378,.T.);
#5857=ORIENTED_EDGE('',*,*,#4383,.T.);
#5858=ORIENTED_EDGE('',*,*,#4384,.T.);
#5859=ORIENTED_EDGE('',*,*,#4383,.F.);
#5860=ORIENTED_EDGE('',*,*,#4384,.F.);
#5861=ORIENTED_EDGE('',*,*,#4385,.T.);
#5862=ORIENTED_EDGE('',*,*,#4386,.F.);
#5863=ORIENTED_EDGE('',*,*,#4385,.F.);
#5864=ORIENTED_EDGE('',*,*,#4387,.T.);
#5865=ORIENTED_EDGE('',*,*,#4388,.T.);
#5866=ORIENTED_EDGE('',*,*,#4382,.T.);
#5867=ORIENTED_EDGE('',*,*,#4388,.F.);
#5868=ORIENTED_EDGE('',*,*,#4389,.F.);
#5869=ORIENTED_EDGE('',*,*,#4390,.F.);
#5870=ORIENTED_EDGE('',*,*,#4391,.F.);
#5871=ORIENTED_EDGE('',*,*,#4392,.F.);
#5872=ORIENTED_EDGE('',*,*,#4393,.F.);
#5873=ORIENTED_EDGE('',*,*,#4394,.F.);
#5874=ORIENTED_EDGE('',*,*,#4395,.F.);
#5875=ORIENTED_EDGE('',*,*,#4396,.F.);
#5876=ORIENTED_EDGE('',*,*,#4397,.F.);
#5877=ORIENTED_EDGE('',*,*,#4398,.F.);
#5878=ORIENTED_EDGE('',*,*,#4399,.F.);
#5879=ORIENTED_EDGE('',*,*,#4400,.F.);
#5880=ORIENTED_EDGE('',*,*,#4401,.F.);
#5881=ORIENTED_EDGE('',*,*,#4309,.F.);
#5882=ORIENTED_EDGE('',*,*,#4402,.F.);
#5883=ORIENTED_EDGE('',*,*,#4403,.F.);
#5884=ORIENTED_EDGE('',*,*,#4306,.F.);
#5885=ORIENTED_EDGE('',*,*,#4387,.F.);
#5886=ORIENTED_EDGE('',*,*,#4401,.T.);
#5887=ORIENTED_EDGE('',*,*,#4404,.T.);
#5888=ORIENTED_EDGE('',*,*,#4386,.T.);
#5889=ORIENTED_EDGE('',*,*,#4404,.F.);
#5890=ORIENTED_EDGE('',*,*,#4405,.T.);
#5891=ORIENTED_EDGE('',*,*,#4389,.T.);
#5892=ORIENTED_EDGE('',*,*,#4406,.T.);
#5893=ORIENTED_EDGE('',*,*,#4366,.T.);
#5894=ORIENTED_EDGE('',*,*,#4407,.T.);
#5895=ORIENTED_EDGE('',*,*,#4390,.T.);
#5896=ORIENTED_EDGE('',*,*,#4405,.F.);
#5897=ORIENTED_EDGE('',*,*,#4368,.T.);
#5898=ORIENTED_EDGE('',*,*,#4407,.F.);
#5899=ORIENTED_EDGE('',*,*,#4370,.T.);
#5900=ORIENTED_EDGE('',*,*,#4408,.T.);
#5901=ORIENTED_EDGE('',*,*,#4391,.T.);
#5902=ORIENTED_EDGE('',*,*,#4409,.T.);
#5903=ORIENTED_EDGE('',*,*,#4392,.T.);
#5904=ORIENTED_EDGE('',*,*,#4408,.F.);
#5905=ORIENTED_EDGE('',*,*,#4372,.T.);
#5906=ORIENTED_EDGE('',*,*,#4409,.F.);
#5907=ORIENTED_EDGE('',*,*,#4374,.T.);
#5908=ORIENTED_EDGE('',*,*,#4410,.T.);
#5909=ORIENTED_EDGE('',*,*,#4393,.T.);
#5910=ORIENTED_EDGE('',*,*,#4411,.T.);
#5911=ORIENTED_EDGE('',*,*,#4394,.T.);
#5912=ORIENTED_EDGE('',*,*,#4410,.F.);
#5913=ORIENTED_EDGE('',*,*,#4412,.T.);
#5914=ORIENTED_EDGE('',*,*,#4413,.T.);
#5915=ORIENTED_EDGE('',*,*,#4395,.T.);
#5916=ORIENTED_EDGE('',*,*,#4411,.F.);
#5917=ORIENTED_EDGE('',*,*,#4414,.T.);
#5918=ORIENTED_EDGE('',*,*,#4415,.T.);
#5919=ORIENTED_EDGE('',*,*,#4396,.T.);
#5920=ORIENTED_EDGE('',*,*,#4413,.F.);
#5921=ORIENTED_EDGE('',*,*,#4416,.T.);
#5922=ORIENTED_EDGE('',*,*,#4415,.F.);
#5923=ORIENTED_EDGE('',*,*,#4417,.T.);
#5924=ORIENTED_EDGE('',*,*,#4418,.T.);
#5925=ORIENTED_EDGE('',*,*,#4397,.T.);
#5926=ORIENTED_EDGE('',*,*,#4419,.T.);
#5927=ORIENTED_EDGE('',*,*,#4398,.T.);
#5928=ORIENTED_EDGE('',*,*,#4418,.F.);
#5929=ORIENTED_EDGE('',*,*,#4420,.T.);
#5930=ORIENTED_EDGE('',*,*,#4419,.F.);
#5931=ORIENTED_EDGE('',*,*,#4421,.T.);
#5932=ORIENTED_EDGE('',*,*,#4422,.T.);
#5933=ORIENTED_EDGE('',*,*,#4399,.T.);
#5934=ORIENTED_EDGE('',*,*,#4406,.F.);
#5935=ORIENTED_EDGE('',*,*,#4400,.T.);
#5936=ORIENTED_EDGE('',*,*,#4422,.F.);
#5937=ORIENTED_EDGE('',*,*,#4363,.T.);
#5938=ORIENTED_EDGE('',*,*,#4332,.F.);
#5939=ORIENTED_EDGE('',*,*,#4423,.F.);
#5940=ORIENTED_EDGE('',*,*,#4412,.F.);
#5941=ORIENTED_EDGE('',*,*,#4373,.T.);
#5942=ORIENTED_EDGE('',*,*,#4294,.F.);
#5943=ORIENTED_EDGE('',*,*,#4424,.T.);
#5944=ORIENTED_EDGE('',*,*,#4402,.T.);
#5945=ORIENTED_EDGE('',*,*,#4308,.F.);
#5946=ORIENTED_EDGE('',*,*,#4297,.F.);
#5947=ORIENTED_EDGE('',*,*,#4307,.T.);
#5948=ORIENTED_EDGE('',*,*,#4403,.T.);
#5949=ORIENTED_EDGE('',*,*,#4424,.F.);
#5950=ORIENTED_EDGE('',*,*,#4315,.F.);
#5951=ORIENTED_EDGE('',*,*,#4425,.T.);
#5952=ORIENTED_EDGE('',*,*,#4376,.T.);
#5953=ORIENTED_EDGE('',*,*,#4324,.F.);
#5954=ORIENTED_EDGE('',*,*,#4318,.F.);
#5955=ORIENTED_EDGE('',*,*,#4323,.T.);
#5956=ORIENTED_EDGE('',*,*,#4377,.T.);
#5957=ORIENTED_EDGE('',*,*,#4425,.F.);
#5958=ORIENTED_EDGE('',*,*,#4346,.F.);
#5959=ORIENTED_EDGE('',*,*,#4364,.F.);
#5960=ORIENTED_EDGE('',*,*,#4421,.F.);
#5961=ORIENTED_EDGE('',*,*,#4426,.T.);
#5962=ORIENTED_EDGE('',*,*,#4344,.F.);
#5963=ORIENTED_EDGE('',*,*,#4426,.F.);
#5964=ORIENTED_EDGE('',*,*,#4420,.F.);
#5965=ORIENTED_EDGE('',*,*,#4427,.F.);
#5966=ORIENTED_EDGE('',*,*,#4340,.F.);
#5967=ORIENTED_EDGE('',*,*,#4427,.T.);
#5968=ORIENTED_EDGE('',*,*,#4417,.F.);
#5969=ORIENTED_EDGE('',*,*,#4428,.T.);
#5970=ORIENTED_EDGE('',*,*,#4295,.F.);
#5971=ORIENTED_EDGE('',*,*,#4302,.T.);
#5972=ORIENTED_EDGE('',*,*,#4316,.F.);
#5973=ORIENTED_EDGE('',*,*,#4320,.F.);
#5974=ORIENTED_EDGE('',*,*,#4335,.F.);
#5975=ORIENTED_EDGE('',*,*,#4429,.F.);
#5976=ORIENTED_EDGE('',*,*,#4414,.F.);
#5977=ORIENTED_EDGE('',*,*,#4423,.T.);
#5978=ORIENTED_EDGE('',*,*,#4338,.F.);
#5979=ORIENTED_EDGE('',*,*,#4428,.F.);
#5980=ORIENTED_EDGE('',*,*,#4416,.F.);
#5981=ORIENTED_EDGE('',*,*,#4429,.T.);
#5982=ORIENTED_EDGE('',*,*,#4430,.F.);
#5983=ORIENTED_EDGE('',*,*,#4431,.F.);
#5984=ORIENTED_EDGE('',*,*,#4432,.F.);
#5985=ORIENTED_EDGE('',*,*,#4433,.F.);
#5986=ORIENTED_EDGE('',*,*,#4434,.F.);
#5987=ORIENTED_EDGE('',*,*,#4435,.F.);
#5988=ORIENTED_EDGE('',*,*,#4436,.F.);
#5989=ORIENTED_EDGE('',*,*,#4437,.F.);
#5990=ORIENTED_EDGE('',*,*,#4438,.T.);
#5991=ORIENTED_EDGE('',*,*,#4439,.T.);
#5992=ORIENTED_EDGE('',*,*,#4440,.T.);
#5993=ORIENTED_EDGE('',*,*,#4434,.T.);
#5994=ORIENTED_EDGE('',*,*,#4439,.F.);
#5995=ORIENTED_EDGE('',*,*,#4441,.F.);
#5996=ORIENTED_EDGE('',*,*,#4442,.F.);
#5997=ORIENTED_EDGE('',*,*,#4443,.F.);
#5998=ORIENTED_EDGE('',*,*,#4444,.T.);
#5999=ORIENTED_EDGE('',*,*,#4445,.T.);
#6000=ORIENTED_EDGE('',*,*,#4446,.T.);
#6001=ORIENTED_EDGE('',*,*,#4430,.T.);
#6002=ORIENTED_EDGE('',*,*,#4445,.F.);
#6003=ORIENTED_EDGE('',*,*,#4447,.F.);
#6004=ORIENTED_EDGE('',*,*,#4448,.F.);
#6005=ORIENTED_EDGE('',*,*,#4449,.F.);
#6006=ORIENTED_EDGE('',*,*,#4450,.F.);
#6007=ORIENTED_EDGE('',*,*,#4451,.T.);
#6008=ORIENTED_EDGE('',*,*,#4452,.F.);
#6009=ORIENTED_EDGE('',*,*,#4453,.T.);
#6010=ORIENTED_EDGE('',*,*,#4450,.T.);
#6011=ORIENTED_EDGE('',*,*,#4454,.T.);
#6012=ORIENTED_EDGE('',*,*,#4455,.F.);
#6013=ORIENTED_EDGE('',*,*,#4431,.T.);
#6014=ORIENTED_EDGE('',*,*,#4446,.F.);
#6015=ORIENTED_EDGE('',*,*,#4449,.T.);
#6016=ORIENTED_EDGE('',*,*,#4456,.F.);
#6017=ORIENTED_EDGE('',*,*,#4457,.F.);
#6018=ORIENTED_EDGE('',*,*,#4458,.F.);
#6019=ORIENTED_EDGE('',*,*,#4453,.F.);
#6020=ORIENTED_EDGE('',*,*,#4459,.F.);
#6021=ORIENTED_EDGE('',*,*,#4460,.T.);
#6022=ORIENTED_EDGE('',*,*,#4461,.F.);
#6023=ORIENTED_EDGE('',*,*,#4462,.F.);
#6024=ORIENTED_EDGE('',*,*,#4463,.F.);
#6025=ORIENTED_EDGE('',*,*,#4464,.T.);
#6026=ORIENTED_EDGE('',*,*,#4465,.F.);
#6027=ORIENTED_EDGE('',*,*,#4466,.F.);
#6028=ORIENTED_EDGE('',*,*,#4467,.F.);
#6029=ORIENTED_EDGE('',*,*,#4468,.T.);
#6030=ORIENTED_EDGE('',*,*,#4469,.F.);
#6031=ORIENTED_EDGE('',*,*,#4470,.F.);
#6032=ORIENTED_EDGE('',*,*,#4471,.F.);
#6033=ORIENTED_EDGE('',*,*,#4472,.T.);
#6034=ORIENTED_EDGE('',*,*,#4473,.F.);
#6035=ORIENTED_EDGE('',*,*,#4474,.F.);
#6036=ORIENTED_EDGE('',*,*,#4475,.F.);
#6037=ORIENTED_EDGE('',*,*,#4476,.T.);
#6038=ORIENTED_EDGE('',*,*,#4477,.T.);
#6039=ORIENTED_EDGE('',*,*,#4478,.T.);
#6040=ORIENTED_EDGE('',*,*,#4479,.F.);
#6041=ORIENTED_EDGE('',*,*,#4480,.F.);
#6042=ORIENTED_EDGE('',*,*,#4481,.F.);
#6043=ORIENTED_EDGE('',*,*,#4482,.T.);
#6044=ORIENTED_EDGE('',*,*,#4483,.F.);
#6045=ORIENTED_EDGE('',*,*,#4484,.F.);
#6046=ORIENTED_EDGE('',*,*,#4485,.F.);
#6047=ORIENTED_EDGE('',*,*,#4486,.T.);
#6048=ORIENTED_EDGE('',*,*,#4487,.F.);
#6049=ORIENTED_EDGE('',*,*,#4488,.F.);
#6050=ORIENTED_EDGE('',*,*,#4489,.F.);
#6051=ORIENTED_EDGE('',*,*,#4490,.T.);
#6052=ORIENTED_EDGE('',*,*,#4491,.F.);
#6053=ORIENTED_EDGE('',*,*,#4492,.F.);
#6054=ORIENTED_EDGE('',*,*,#4493,.F.);
#6055=ORIENTED_EDGE('',*,*,#4494,.T.);
#6056=ORIENTED_EDGE('',*,*,#4495,.F.);
#6057=ORIENTED_EDGE('',*,*,#4496,.F.);
#6058=ORIENTED_EDGE('',*,*,#4497,.F.);
#6059=ORIENTED_EDGE('',*,*,#4498,.T.);
#6060=ORIENTED_EDGE('',*,*,#4499,.T.);
#6061=ORIENTED_EDGE('',*,*,#4500,.T.);
#6062=ORIENTED_EDGE('',*,*,#4454,.F.);
#6063=ORIENTED_EDGE('',*,*,#4501,.F.);
#6064=ORIENTED_EDGE('',*,*,#4496,.T.);
#6065=ORIENTED_EDGE('',*,*,#4502,.F.);
#6066=ORIENTED_EDGE('',*,*,#4503,.T.);
#6067=ORIENTED_EDGE('',*,*,#4502,.T.);
#6068=ORIENTED_EDGE('',*,*,#4495,.T.);
#6069=ORIENTED_EDGE('',*,*,#4504,.F.);
#6070=ORIENTED_EDGE('',*,*,#4435,.T.);
#6071=ORIENTED_EDGE('',*,*,#4440,.F.);
#6072=ORIENTED_EDGE('',*,*,#4443,.T.);
#6073=ORIENTED_EDGE('',*,*,#4505,.F.);
#6074=ORIENTED_EDGE('',*,*,#4506,.F.);
#6075=ORIENTED_EDGE('',*,*,#4507,.F.);
#6076=ORIENTED_EDGE('',*,*,#4508,.T.);
#6077=ORIENTED_EDGE('',*,*,#4436,.T.);
#6078=ORIENTED_EDGE('',*,*,#4504,.T.);
#6079=ORIENTED_EDGE('',*,*,#4494,.F.);
#6080=ORIENTED_EDGE('',*,*,#4509,.T.);
#6081=ORIENTED_EDGE('',*,*,#4510,.T.);
#6082=ORIENTED_EDGE('',*,*,#4511,.T.);
#6083=ORIENTED_EDGE('',*,*,#4490,.F.);
#6084=ORIENTED_EDGE('',*,*,#4512,.T.);
#6085=ORIENTED_EDGE('',*,*,#4513,.T.);
#6086=ORIENTED_EDGE('',*,*,#4514,.T.);
#6087=ORIENTED_EDGE('',*,*,#4486,.F.);
#6088=ORIENTED_EDGE('',*,*,#4515,.T.);
#6089=ORIENTED_EDGE('',*,*,#4516,.T.);
#6090=ORIENTED_EDGE('',*,*,#4517,.T.);
#6091=ORIENTED_EDGE('',*,*,#4482,.F.);
#6092=ORIENTED_EDGE('',*,*,#4518,.T.);
#6093=ORIENTED_EDGE('',*,*,#4519,.T.);
#6094=ORIENTED_EDGE('',*,*,#4520,.T.);
#6095=ORIENTED_EDGE('',*,*,#4478,.F.);
#6096=ORIENTED_EDGE('',*,*,#4521,.T.);
#6097=ORIENTED_EDGE('',*,*,#4522,.F.);
#6098=ORIENTED_EDGE('',*,*,#4523,.T.);
#6099=ORIENTED_EDGE('',*,*,#4524,.T.);
#6100=ORIENTED_EDGE('',*,*,#4525,.T.);
#6101=ORIENTED_EDGE('',*,*,#4526,.F.);
#6102=ORIENTED_EDGE('',*,*,#4527,.T.);
#6103=ORIENTED_EDGE('',*,*,#4528,.T.);
#6104=ORIENTED_EDGE('',*,*,#4529,.T.);
#6105=ORIENTED_EDGE('',*,*,#4530,.F.);
#6106=ORIENTED_EDGE('',*,*,#4531,.T.);
#6107=ORIENTED_EDGE('',*,*,#4532,.T.);
#6108=ORIENTED_EDGE('',*,*,#4533,.T.);
#6109=ORIENTED_EDGE('',*,*,#4534,.F.);
#6110=ORIENTED_EDGE('',*,*,#4535,.T.);
#6111=ORIENTED_EDGE('',*,*,#4536,.T.);
#6112=ORIENTED_EDGE('',*,*,#4537,.T.);
#6113=ORIENTED_EDGE('',*,*,#4538,.F.);
#6114=ORIENTED_EDGE('',*,*,#4505,.T.);
#6115=ORIENTED_EDGE('',*,*,#4442,.T.);
#6116=ORIENTED_EDGE('',*,*,#4539,.T.);
#6117=ORIENTED_EDGE('',*,*,#4540,.F.);
#6118=ORIENTED_EDGE('',*,*,#4541,.F.);
#6119=ORIENTED_EDGE('',*,*,#4498,.F.);
#6120=ORIENTED_EDGE('',*,*,#4542,.T.);
#6121=ORIENTED_EDGE('',*,*,#4432,.T.);
#6122=ORIENTED_EDGE('',*,*,#4455,.T.);
#6123=ORIENTED_EDGE('',*,*,#4500,.F.);
#6124=ORIENTED_EDGE('',*,*,#4543,.T.);
#6125=ORIENTED_EDGE('',*,*,#4544,.F.);
#6126=ORIENTED_EDGE('',*,*,#4456,.T.);
#6127=ORIENTED_EDGE('',*,*,#4448,.T.);
#6128=ORIENTED_EDGE('',*,*,#4545,.T.);
#6129=ORIENTED_EDGE('',*,*,#4546,.F.);
#6130=ORIENTED_EDGE('',*,*,#4547,.T.);
#6131=ORIENTED_EDGE('',*,*,#4548,.T.);
#6132=ORIENTED_EDGE('',*,*,#4549,.T.);
#6133=ORIENTED_EDGE('',*,*,#4550,.F.);
#6134=ORIENTED_EDGE('',*,*,#4551,.T.);
#6135=ORIENTED_EDGE('',*,*,#4552,.T.);
#6136=ORIENTED_EDGE('',*,*,#4553,.T.);
#6137=ORIENTED_EDGE('',*,*,#4554,.F.);
#6138=ORIENTED_EDGE('',*,*,#4555,.T.);
#6139=ORIENTED_EDGE('',*,*,#4556,.T.);
#6140=ORIENTED_EDGE('',*,*,#4557,.T.);
#6141=ORIENTED_EDGE('',*,*,#4558,.F.);
#6142=ORIENTED_EDGE('',*,*,#4559,.T.);
#6143=ORIENTED_EDGE('',*,*,#4560,.T.);
#6144=ORIENTED_EDGE('',*,*,#4561,.T.);
#6145=ORIENTED_EDGE('',*,*,#4562,.F.);
#6146=ORIENTED_EDGE('',*,*,#4563,.F.);
#6147=ORIENTED_EDGE('',*,*,#4476,.F.);
#6148=ORIENTED_EDGE('',*,*,#4564,.T.);
#6149=ORIENTED_EDGE('',*,*,#4565,.T.);
#6150=ORIENTED_EDGE('',*,*,#4566,.T.);
#6151=ORIENTED_EDGE('',*,*,#4472,.F.);
#6152=ORIENTED_EDGE('',*,*,#4567,.T.);
#6153=ORIENTED_EDGE('',*,*,#4568,.T.);
#6154=ORIENTED_EDGE('',*,*,#4569,.T.);
#6155=ORIENTED_EDGE('',*,*,#4468,.F.);
#6156=ORIENTED_EDGE('',*,*,#4570,.T.);
#6157=ORIENTED_EDGE('',*,*,#4571,.T.);
#6158=ORIENTED_EDGE('',*,*,#4572,.T.);
#6159=ORIENTED_EDGE('',*,*,#4464,.F.);
#6160=ORIENTED_EDGE('',*,*,#4573,.T.);
#6161=ORIENTED_EDGE('',*,*,#4574,.T.);
#6162=ORIENTED_EDGE('',*,*,#4575,.T.);
#6163=ORIENTED_EDGE('',*,*,#4460,.F.);
#6164=ORIENTED_EDGE('',*,*,#4576,.F.);
#6165=ORIENTED_EDGE('',*,*,#4577,.F.);
#6166=ORIENTED_EDGE('',*,*,#4578,.F.);
#6167=ORIENTED_EDGE('',*,*,#4579,.F.);
#6168=ORIENTED_EDGE('',*,*,#4580,.F.);
#6169=ORIENTED_EDGE('',*,*,#4581,.F.);
#6170=ORIENTED_EDGE('',*,*,#4582,.F.);
#6171=ORIENTED_EDGE('',*,*,#4583,.F.);
#6172=ORIENTED_EDGE('',*,*,#4584,.F.);
#6173=ORIENTED_EDGE('',*,*,#4585,.F.);
#6174=ORIENTED_EDGE('',*,*,#4586,.F.);
#6175=ORIENTED_EDGE('',*,*,#4587,.F.);
#6176=ORIENTED_EDGE('',*,*,#4588,.F.);
#6177=ORIENTED_EDGE('',*,*,#4589,.F.);
#6178=ORIENTED_EDGE('',*,*,#4590,.F.);
#6179=ORIENTED_EDGE('',*,*,#4591,.F.);
#6180=ORIENTED_EDGE('',*,*,#4592,.F.);
#6181=ORIENTED_EDGE('',*,*,#4593,.F.);
#6182=ORIENTED_EDGE('',*,*,#4594,.F.);
#6183=ORIENTED_EDGE('',*,*,#4595,.F.);
#6184=ORIENTED_EDGE('',*,*,#4596,.F.);
#6185=ORIENTED_EDGE('',*,*,#4597,.F.);
#6186=ORIENTED_EDGE('',*,*,#4598,.F.);
#6187=ORIENTED_EDGE('',*,*,#4599,.F.);
#6188=ORIENTED_EDGE('',*,*,#4600,.F.);
#6189=ORIENTED_EDGE('',*,*,#4601,.F.);
#6190=ORIENTED_EDGE('',*,*,#4602,.F.);
#6191=ORIENTED_EDGE('',*,*,#4603,.F.);
#6192=ORIENTED_EDGE('',*,*,#4604,.F.);
#6193=ORIENTED_EDGE('',*,*,#4605,.F.);
#6194=ORIENTED_EDGE('',*,*,#4606,.T.);
#6195=ORIENTED_EDGE('',*,*,#4607,.T.);
#6196=ORIENTED_EDGE('',*,*,#4608,.T.);
#6197=ORIENTED_EDGE('',*,*,#4609,.T.);
#6198=ORIENTED_EDGE('',*,*,#4610,.T.);
#6199=ORIENTED_EDGE('',*,*,#4611,.T.);
#6200=ORIENTED_EDGE('',*,*,#4612,.T.);
#6201=ORIENTED_EDGE('',*,*,#4613,.T.);
#6202=ORIENTED_EDGE('',*,*,#4614,.F.);
#6203=ORIENTED_EDGE('',*,*,#4615,.F.);
#6204=ORIENTED_EDGE('',*,*,#4616,.F.);
#6205=ORIENTED_EDGE('',*,*,#4617,.F.);
#6206=ORIENTED_EDGE('',*,*,#4618,.F.);
#6207=ORIENTED_EDGE('',*,*,#4619,.F.);
#6208=ORIENTED_EDGE('',*,*,#4457,.T.);
#6209=ORIENTED_EDGE('',*,*,#4544,.T.);
#6210=ORIENTED_EDGE('',*,*,#4620,.T.);
#6211=ORIENTED_EDGE('',*,*,#4540,.T.);
#6212=ORIENTED_EDGE('',*,*,#4621,.T.);
#6213=ORIENTED_EDGE('',*,*,#4622,.T.);
#6214=ORIENTED_EDGE('',*,*,#4506,.T.);
#6215=ORIENTED_EDGE('',*,*,#4538,.T.);
#6216=ORIENTED_EDGE('',*,*,#4623,.T.);
#6217=ORIENTED_EDGE('',*,*,#4624,.T.);
#6218=ORIENTED_EDGE('',*,*,#4625,.T.);
#6219=ORIENTED_EDGE('',*,*,#4534,.T.);
#6220=ORIENTED_EDGE('',*,*,#4626,.T.);
#6221=ORIENTED_EDGE('',*,*,#4627,.T.);
#6222=ORIENTED_EDGE('',*,*,#4628,.T.);
#6223=ORIENTED_EDGE('',*,*,#4530,.T.);
#6224=ORIENTED_EDGE('',*,*,#4629,.T.);
#6225=ORIENTED_EDGE('',*,*,#4630,.T.);
#6226=ORIENTED_EDGE('',*,*,#4631,.T.);
#6227=ORIENTED_EDGE('',*,*,#4526,.T.);
#6228=ORIENTED_EDGE('',*,*,#4632,.T.);
#6229=ORIENTED_EDGE('',*,*,#4633,.T.);
#6230=ORIENTED_EDGE('',*,*,#4634,.T.);
#6231=ORIENTED_EDGE('',*,*,#4522,.T.);
#6232=ORIENTED_EDGE('',*,*,#4635,.T.);
#6233=ORIENTED_EDGE('',*,*,#4562,.T.);
#6234=ORIENTED_EDGE('',*,*,#4636,.T.);
#6235=ORIENTED_EDGE('',*,*,#4637,.T.);
#6236=ORIENTED_EDGE('',*,*,#4638,.T.);
#6237=ORIENTED_EDGE('',*,*,#4558,.T.);
#6238=ORIENTED_EDGE('',*,*,#4639,.T.);
#6239=ORIENTED_EDGE('',*,*,#4640,.T.);
#6240=ORIENTED_EDGE('',*,*,#4641,.T.);
#6241=ORIENTED_EDGE('',*,*,#4554,.T.);
#6242=ORIENTED_EDGE('',*,*,#4642,.T.);
#6243=ORIENTED_EDGE('',*,*,#4643,.T.);
#6244=ORIENTED_EDGE('',*,*,#4644,.T.);
#6245=ORIENTED_EDGE('',*,*,#4550,.T.);
#6246=ORIENTED_EDGE('',*,*,#4645,.T.);
#6247=ORIENTED_EDGE('',*,*,#4646,.T.);
#6248=ORIENTED_EDGE('',*,*,#4647,.T.);
#6249=ORIENTED_EDGE('',*,*,#4546,.T.);
#6250=ORIENTED_EDGE('',*,*,#4648,.T.);
#6251=ORIENTED_EDGE('',*,*,#4649,.T.);
#6252=ORIENTED_EDGE('',*,*,#4501,.T.);
#6253=ORIENTED_EDGE('',*,*,#4650,.T.);
#6254=ORIENTED_EDGE('',*,*,#4621,.F.);
#6255=ORIENTED_EDGE('',*,*,#4539,.F.);
#6256=ORIENTED_EDGE('',*,*,#4441,.T.);
#6257=ORIENTED_EDGE('',*,*,#4438,.F.);
#6258=ORIENTED_EDGE('',*,*,#4437,.T.);
#6259=ORIENTED_EDGE('',*,*,#4508,.F.);
#6260=ORIENTED_EDGE('',*,*,#4497,.T.);
#6261=ORIENTED_EDGE('',*,*,#4503,.F.);
#6262=ORIENTED_EDGE('',*,*,#4507,.T.);
#6263=ORIENTED_EDGE('',*,*,#4622,.F.);
#6264=ORIENTED_EDGE('',*,*,#4650,.F.);
#6265=ORIENTED_EDGE('',*,*,#4452,.T.);
#6266=ORIENTED_EDGE('',*,*,#4651,.T.);
#6267=ORIENTED_EDGE('',*,*,#4648,.F.);
#6268=ORIENTED_EDGE('',*,*,#4545,.F.);
#6269=ORIENTED_EDGE('',*,*,#4447,.T.);
#6270=ORIENTED_EDGE('',*,*,#4444,.F.);
#6271=ORIENTED_EDGE('',*,*,#4433,.T.);
#6272=ORIENTED_EDGE('',*,*,#4542,.F.);
#6273=ORIENTED_EDGE('',*,*,#4459,.T.);
#6274=ORIENTED_EDGE('',*,*,#4451,.F.);
#6275=ORIENTED_EDGE('',*,*,#4458,.T.);
#6276=ORIENTED_EDGE('',*,*,#4649,.F.);
#6277=ORIENTED_EDGE('',*,*,#4651,.F.);
#6278=ORIENTED_EDGE('',*,*,#4652,.F.);
#6279=ORIENTED_EDGE('',*,*,#4653,.F.);
#6280=ORIENTED_EDGE('',*,*,#4574,.F.);
#6281=ORIENTED_EDGE('',*,*,#4654,.F.);
#6282=ORIENTED_EDGE('',*,*,#4655,.F.);
#6283=ORIENTED_EDGE('',*,*,#4656,.F.);
#6284=ORIENTED_EDGE('',*,*,#4510,.F.);
#6285=ORIENTED_EDGE('',*,*,#4657,.F.);
#6286=ORIENTED_EDGE('',*,*,#4658,.T.);
#6287=ORIENTED_EDGE('',*,*,#4659,.T.);
#6288=ORIENTED_EDGE('',*,*,#4660,.T.);
#6289=ORIENTED_EDGE('',*,*,#4655,.T.);
#6290=ORIENTED_EDGE('',*,*,#4659,.F.);
#6291=ORIENTED_EDGE('',*,*,#4661,.F.);
#6292=ORIENTED_EDGE('',*,*,#4536,.F.);
#6293=ORIENTED_EDGE('',*,*,#4662,.F.);
#6294=ORIENTED_EDGE('',*,*,#4663,.T.);
#6295=ORIENTED_EDGE('',*,*,#4664,.T.);
#6296=ORIENTED_EDGE('',*,*,#4665,.T.);
#6297=ORIENTED_EDGE('',*,*,#4652,.T.);
#6298=ORIENTED_EDGE('',*,*,#4664,.F.);
#6299=ORIENTED_EDGE('',*,*,#4666,.F.);
#6300=ORIENTED_EDGE('',*,*,#4548,.F.);
#6301=ORIENTED_EDGE('',*,*,#4667,.F.);
#6302=ORIENTED_EDGE('',*,*,#4668,.F.);
#6303=ORIENTED_EDGE('',*,*,#4669,.T.);
#6304=ORIENTED_EDGE('',*,*,#4670,.F.);
#6305=ORIENTED_EDGE('',*,*,#4462,.T.);
#6306=ORIENTED_EDGE('',*,*,#4668,.T.);
#6307=ORIENTED_EDGE('',*,*,#4461,.T.);
#6308=ORIENTED_EDGE('',*,*,#4575,.F.);
#6309=ORIENTED_EDGE('',*,*,#4653,.T.);
#6310=ORIENTED_EDGE('',*,*,#4665,.F.);
#6311=ORIENTED_EDGE('',*,*,#4667,.T.);
#6312=ORIENTED_EDGE('',*,*,#4547,.F.);
#6313=ORIENTED_EDGE('',*,*,#4647,.F.);
#6314=ORIENTED_EDGE('',*,*,#4671,.F.);
#6315=ORIENTED_EDGE('',*,*,#4672,.F.);
#6316=ORIENTED_EDGE('',*,*,#4492,.T.);
#6317=ORIENTED_EDGE('',*,*,#4673,.F.);
#6318=ORIENTED_EDGE('',*,*,#4674,.T.);
#6319=ORIENTED_EDGE('',*,*,#4673,.T.);
#6320=ORIENTED_EDGE('',*,*,#4491,.T.);
#6321=ORIENTED_EDGE('',*,*,#4511,.F.);
#6322=ORIENTED_EDGE('',*,*,#4656,.T.);
#6323=ORIENTED_EDGE('',*,*,#4660,.F.);
#6324=ORIENTED_EDGE('',*,*,#4662,.T.);
#6325=ORIENTED_EDGE('',*,*,#4535,.F.);
#6326=ORIENTED_EDGE('',*,*,#4625,.F.);
#6327=ORIENTED_EDGE('',*,*,#4675,.F.);
#6328=ORIENTED_EDGE('',*,*,#4672,.T.);
#6329=ORIENTED_EDGE('',*,*,#4676,.T.);
#6330=ORIENTED_EDGE('',*,*,#4623,.F.);
#6331=ORIENTED_EDGE('',*,*,#4537,.F.);
#6332=ORIENTED_EDGE('',*,*,#4661,.T.);
#6333=ORIENTED_EDGE('',*,*,#4658,.F.);
#6334=ORIENTED_EDGE('',*,*,#4657,.T.);
#6335=ORIENTED_EDGE('',*,*,#4509,.F.);
#6336=ORIENTED_EDGE('',*,*,#4493,.T.);
#6337=ORIENTED_EDGE('',*,*,#4674,.F.);
#6338=ORIENTED_EDGE('',*,*,#4675,.T.);
#6339=ORIENTED_EDGE('',*,*,#4624,.F.);
#6340=ORIENTED_EDGE('',*,*,#4676,.F.);
#6341=ORIENTED_EDGE('',*,*,#4670,.T.);
#6342=ORIENTED_EDGE('',*,*,#4677,.T.);
#6343=ORIENTED_EDGE('',*,*,#4645,.F.);
#6344=ORIENTED_EDGE('',*,*,#4549,.F.);
#6345=ORIENTED_EDGE('',*,*,#4666,.T.);
#6346=ORIENTED_EDGE('',*,*,#4663,.F.);
#6347=ORIENTED_EDGE('',*,*,#4654,.T.);
#6348=ORIENTED_EDGE('',*,*,#4573,.F.);
#6349=ORIENTED_EDGE('',*,*,#4463,.T.);
#6350=ORIENTED_EDGE('',*,*,#4669,.F.);
#6351=ORIENTED_EDGE('',*,*,#4671,.T.);
#6352=ORIENTED_EDGE('',*,*,#4646,.F.);
#6353=ORIENTED_EDGE('',*,*,#4677,.F.);
#6354=ORIENTED_EDGE('',*,*,#4678,.F.);
#6355=ORIENTED_EDGE('',*,*,#4679,.F.);
#6356=ORIENTED_EDGE('',*,*,#4568,.F.);
#6357=ORIENTED_EDGE('',*,*,#4680,.F.);
#6358=ORIENTED_EDGE('',*,*,#4681,.F.);
#6359=ORIENTED_EDGE('',*,*,#4682,.F.);
#6360=ORIENTED_EDGE('',*,*,#4516,.F.);
#6361=ORIENTED_EDGE('',*,*,#4683,.F.);
#6362=ORIENTED_EDGE('',*,*,#4684,.T.);
#6363=ORIENTED_EDGE('',*,*,#4685,.T.);
#6364=ORIENTED_EDGE('',*,*,#4686,.T.);
#6365=ORIENTED_EDGE('',*,*,#4681,.T.);
#6366=ORIENTED_EDGE('',*,*,#4685,.F.);
#6367=ORIENTED_EDGE('',*,*,#4687,.F.);
#6368=ORIENTED_EDGE('',*,*,#4528,.F.);
#6369=ORIENTED_EDGE('',*,*,#4688,.F.);
#6370=ORIENTED_EDGE('',*,*,#4689,.T.);
#6371=ORIENTED_EDGE('',*,*,#4690,.T.);
#6372=ORIENTED_EDGE('',*,*,#4691,.T.);
#6373=ORIENTED_EDGE('',*,*,#4678,.T.);
#6374=ORIENTED_EDGE('',*,*,#4690,.F.);
#6375=ORIENTED_EDGE('',*,*,#4692,.F.);
#6376=ORIENTED_EDGE('',*,*,#4556,.F.);
#6377=ORIENTED_EDGE('',*,*,#4693,.F.);
#6378=ORIENTED_EDGE('',*,*,#4694,.F.);
#6379=ORIENTED_EDGE('',*,*,#4695,.T.);
#6380=ORIENTED_EDGE('',*,*,#4696,.F.);
#6381=ORIENTED_EDGE('',*,*,#4470,.T.);
#6382=ORIENTED_EDGE('',*,*,#4694,.T.);
#6383=ORIENTED_EDGE('',*,*,#4469,.T.);
#6384=ORIENTED_EDGE('',*,*,#4569,.F.);
#6385=ORIENTED_EDGE('',*,*,#4679,.T.);
#6386=ORIENTED_EDGE('',*,*,#4691,.F.);
#6387=ORIENTED_EDGE('',*,*,#4693,.T.);
#6388=ORIENTED_EDGE('',*,*,#4555,.F.);
#6389=ORIENTED_EDGE('',*,*,#4641,.F.);
#6390=ORIENTED_EDGE('',*,*,#4697,.F.);
#6391=ORIENTED_EDGE('',*,*,#4698,.F.);
#6392=ORIENTED_EDGE('',*,*,#4699,.T.);
#6393=ORIENTED_EDGE('',*,*,#4700,.F.);
#6394=ORIENTED_EDGE('',*,*,#4484,.T.);
#6395=ORIENTED_EDGE('',*,*,#4698,.T.);
#6396=ORIENTED_EDGE('',*,*,#4483,.T.);
#6397=ORIENTED_EDGE('',*,*,#4517,.F.);
#6398=ORIENTED_EDGE('',*,*,#4682,.T.);
#6399=ORIENTED_EDGE('',*,*,#4686,.F.);
#6400=ORIENTED_EDGE('',*,*,#4688,.T.);
#6401=ORIENTED_EDGE('',*,*,#4527,.F.);
#6402=ORIENTED_EDGE('',*,*,#4631,.F.);
#6403=ORIENTED_EDGE('',*,*,#4701,.F.);
#6404=ORIENTED_EDGE('',*,*,#4700,.T.);
#6405=ORIENTED_EDGE('',*,*,#4702,.T.);
#6406=ORIENTED_EDGE('',*,*,#4629,.F.);
#6407=ORIENTED_EDGE('',*,*,#4529,.F.);
#6408=ORIENTED_EDGE('',*,*,#4687,.T.);
#6409=ORIENTED_EDGE('',*,*,#4684,.F.);
#6410=ORIENTED_EDGE('',*,*,#4683,.T.);
#6411=ORIENTED_EDGE('',*,*,#4515,.F.);
#6412=ORIENTED_EDGE('',*,*,#4485,.T.);
#6413=ORIENTED_EDGE('',*,*,#4699,.F.);
#6414=ORIENTED_EDGE('',*,*,#4701,.T.);
#6415=ORIENTED_EDGE('',*,*,#4630,.F.);
#6416=ORIENTED_EDGE('',*,*,#4702,.F.);
#6417=ORIENTED_EDGE('',*,*,#4696,.T.);
#6418=ORIENTED_EDGE('',*,*,#4703,.T.);
#6419=ORIENTED_EDGE('',*,*,#4639,.F.);
#6420=ORIENTED_EDGE('',*,*,#4557,.F.);
#6421=ORIENTED_EDGE('',*,*,#4692,.T.);
#6422=ORIENTED_EDGE('',*,*,#4689,.F.);
#6423=ORIENTED_EDGE('',*,*,#4680,.T.);
#6424=ORIENTED_EDGE('',*,*,#4567,.F.);
#6425=ORIENTED_EDGE('',*,*,#4471,.T.);
#6426=ORIENTED_EDGE('',*,*,#4695,.F.);
#6427=ORIENTED_EDGE('',*,*,#4697,.T.);
#6428=ORIENTED_EDGE('',*,*,#4640,.F.);
#6429=ORIENTED_EDGE('',*,*,#4703,.F.);
#6430=ORIENTED_EDGE('',*,*,#4704,.F.);
#6431=ORIENTED_EDGE('',*,*,#4705,.F.);
#6432=ORIENTED_EDGE('',*,*,#4565,.F.);
#6433=ORIENTED_EDGE('',*,*,#4706,.F.);
#6434=ORIENTED_EDGE('',*,*,#4707,.F.);
#6435=ORIENTED_EDGE('',*,*,#4708,.F.);
#6436=ORIENTED_EDGE('',*,*,#4519,.F.);
#6437=ORIENTED_EDGE('',*,*,#4709,.F.);
#6438=ORIENTED_EDGE('',*,*,#4710,.T.);
#6439=ORIENTED_EDGE('',*,*,#4711,.T.);
#6440=ORIENTED_EDGE('',*,*,#4712,.T.);
#6441=ORIENTED_EDGE('',*,*,#4707,.T.);
#6442=ORIENTED_EDGE('',*,*,#4711,.F.);
#6443=ORIENTED_EDGE('',*,*,#4713,.F.);
#6444=ORIENTED_EDGE('',*,*,#4524,.F.);
#6445=ORIENTED_EDGE('',*,*,#4714,.F.);
#6446=ORIENTED_EDGE('',*,*,#4715,.T.);
#6447=ORIENTED_EDGE('',*,*,#4716,.T.);
#6448=ORIENTED_EDGE('',*,*,#4717,.T.);
#6449=ORIENTED_EDGE('',*,*,#4704,.T.);
#6450=ORIENTED_EDGE('',*,*,#4716,.F.);
#6451=ORIENTED_EDGE('',*,*,#4718,.F.);
#6452=ORIENTED_EDGE('',*,*,#4560,.F.);
#6453=ORIENTED_EDGE('',*,*,#4719,.F.);
#6454=ORIENTED_EDGE('',*,*,#4720,.F.);
#6455=ORIENTED_EDGE('',*,*,#4474,.T.);
#6456=ORIENTED_EDGE('',*,*,#4721,.F.);
#6457=ORIENTED_EDGE('',*,*,#4722,.T.);
#6458=ORIENTED_EDGE('',*,*,#4721,.T.);
#6459=ORIENTED_EDGE('',*,*,#4473,.T.);
#6460=ORIENTED_EDGE('',*,*,#4566,.F.);
#6461=ORIENTED_EDGE('',*,*,#4705,.T.);
#6462=ORIENTED_EDGE('',*,*,#4717,.F.);
#6463=ORIENTED_EDGE('',*,*,#4719,.T.);
#6464=ORIENTED_EDGE('',*,*,#4559,.F.);
#6465=ORIENTED_EDGE('',*,*,#4638,.F.);
#6466=ORIENTED_EDGE('',*,*,#4723,.F.);
#6467=ORIENTED_EDGE('',*,*,#4724,.F.);
#6468=ORIENTED_EDGE('',*,*,#4725,.T.);
#6469=ORIENTED_EDGE('',*,*,#4726,.F.);
#6470=ORIENTED_EDGE('',*,*,#4480,.T.);
#6471=ORIENTED_EDGE('',*,*,#4724,.T.);
#6472=ORIENTED_EDGE('',*,*,#4479,.T.);
#6473=ORIENTED_EDGE('',*,*,#4520,.F.);
#6474=ORIENTED_EDGE('',*,*,#4708,.T.);
#6475=ORIENTED_EDGE('',*,*,#4712,.F.);
#6476=ORIENTED_EDGE('',*,*,#4714,.T.);
#6477=ORIENTED_EDGE('',*,*,#4523,.F.);
#6478=ORIENTED_EDGE('',*,*,#4634,.F.);
#6479=ORIENTED_EDGE('',*,*,#4727,.F.);
#6480=ORIENTED_EDGE('',*,*,#4726,.T.);
#6481=ORIENTED_EDGE('',*,*,#4728,.T.);
#6482=ORIENTED_EDGE('',*,*,#4632,.F.);
#6483=ORIENTED_EDGE('',*,*,#4525,.F.);
#6484=ORIENTED_EDGE('',*,*,#4713,.T.);
#6485=ORIENTED_EDGE('',*,*,#4710,.F.);
#6486=ORIENTED_EDGE('',*,*,#4709,.T.);
#6487=ORIENTED_EDGE('',*,*,#4518,.F.);
#6488=ORIENTED_EDGE('',*,*,#4481,.T.);
#6489=ORIENTED_EDGE('',*,*,#4725,.F.);
#6490=ORIENTED_EDGE('',*,*,#4727,.T.);
#6491=ORIENTED_EDGE('',*,*,#4633,.F.);
#6492=ORIENTED_EDGE('',*,*,#4728,.F.);
#6493=ORIENTED_EDGE('',*,*,#4720,.T.);
#6494=ORIENTED_EDGE('',*,*,#4729,.T.);
#6495=ORIENTED_EDGE('',*,*,#4636,.F.);
#6496=ORIENTED_EDGE('',*,*,#4561,.F.);
#6497=ORIENTED_EDGE('',*,*,#4718,.T.);
#6498=ORIENTED_EDGE('',*,*,#4715,.F.);
#6499=ORIENTED_EDGE('',*,*,#4706,.T.);
#6500=ORIENTED_EDGE('',*,*,#4564,.F.);
#6501=ORIENTED_EDGE('',*,*,#4475,.T.);
#6502=ORIENTED_EDGE('',*,*,#4722,.F.);
#6503=ORIENTED_EDGE('',*,*,#4723,.T.);
#6504=ORIENTED_EDGE('',*,*,#4637,.F.);
#6505=ORIENTED_EDGE('',*,*,#4729,.F.);
#6506=ORIENTED_EDGE('',*,*,#4730,.F.);
#6507=ORIENTED_EDGE('',*,*,#4731,.F.);
#6508=ORIENTED_EDGE('',*,*,#4571,.F.);
#6509=ORIENTED_EDGE('',*,*,#4732,.F.);
#6510=ORIENTED_EDGE('',*,*,#4733,.F.);
#6511=ORIENTED_EDGE('',*,*,#4734,.F.);
#6512=ORIENTED_EDGE('',*,*,#4513,.F.);
#6513=ORIENTED_EDGE('',*,*,#4735,.F.);
#6514=ORIENTED_EDGE('',*,*,#4736,.T.);
#6515=ORIENTED_EDGE('',*,*,#4737,.T.);
#6516=ORIENTED_EDGE('',*,*,#4738,.T.);
#6517=ORIENTED_EDGE('',*,*,#4733,.T.);
#6518=ORIENTED_EDGE('',*,*,#4737,.F.);
#6519=ORIENTED_EDGE('',*,*,#4739,.F.);
#6520=ORIENTED_EDGE('',*,*,#4532,.F.);
#6521=ORIENTED_EDGE('',*,*,#4740,.F.);
#6522=ORIENTED_EDGE('',*,*,#4741,.T.);
#6523=ORIENTED_EDGE('',*,*,#4742,.T.);
#6524=ORIENTED_EDGE('',*,*,#4743,.T.);
#6525=ORIENTED_EDGE('',*,*,#4730,.T.);
#6526=ORIENTED_EDGE('',*,*,#4742,.F.);
#6527=ORIENTED_EDGE('',*,*,#4744,.F.);
#6528=ORIENTED_EDGE('',*,*,#4552,.F.);
#6529=ORIENTED_EDGE('',*,*,#4745,.F.);
#6530=ORIENTED_EDGE('',*,*,#4746,.F.);
#6531=ORIENTED_EDGE('',*,*,#4747,.T.);
#6532=ORIENTED_EDGE('',*,*,#4748,.F.);
#6533=ORIENTED_EDGE('',*,*,#4466,.T.);
#6534=ORIENTED_EDGE('',*,*,#4746,.T.);
#6535=ORIENTED_EDGE('',*,*,#4465,.T.);
#6536=ORIENTED_EDGE('',*,*,#4572,.F.);
#6537=ORIENTED_EDGE('',*,*,#4731,.T.);
#6538=ORIENTED_EDGE('',*,*,#4743,.F.);
#6539=ORIENTED_EDGE('',*,*,#4745,.T.);
#6540=ORIENTED_EDGE('',*,*,#4551,.F.);
#6541=ORIENTED_EDGE('',*,*,#4644,.F.);
#6542=ORIENTED_EDGE('',*,*,#4749,.F.);
#6543=ORIENTED_EDGE('',*,*,#4750,.F.);
#6544=ORIENTED_EDGE('',*,*,#4751,.T.);
#6545=ORIENTED_EDGE('',*,*,#4752,.F.);
#6546=ORIENTED_EDGE('',*,*,#4488,.T.);
#6547=ORIENTED_EDGE('',*,*,#4750,.T.);
#6548=ORIENTED_EDGE('',*,*,#4487,.T.);
#6549=ORIENTED_EDGE('',*,*,#4514,.F.);
#6550=ORIENTED_EDGE('',*,*,#4734,.T.);
#6551=ORIENTED_EDGE('',*,*,#4738,.F.);
#6552=ORIENTED_EDGE('',*,*,#4740,.T.);
#6553=ORIENTED_EDGE('',*,*,#4531,.F.);
#6554=ORIENTED_EDGE('',*,*,#4628,.F.);
#6555=ORIENTED_EDGE('',*,*,#4753,.F.);
#6556=ORIENTED_EDGE('',*,*,#4752,.T.);
#6557=ORIENTED_EDGE('',*,*,#4754,.T.);
#6558=ORIENTED_EDGE('',*,*,#4626,.F.);
#6559=ORIENTED_EDGE('',*,*,#4533,.F.);
#6560=ORIENTED_EDGE('',*,*,#4739,.T.);
#6561=ORIENTED_EDGE('',*,*,#4736,.F.);
#6562=ORIENTED_EDGE('',*,*,#4735,.T.);
#6563=ORIENTED_EDGE('',*,*,#4512,.F.);
#6564=ORIENTED_EDGE('',*,*,#4489,.T.);
#6565=ORIENTED_EDGE('',*,*,#4751,.F.);
#6566=ORIENTED_EDGE('',*,*,#4753,.T.);
#6567=ORIENTED_EDGE('',*,*,#4627,.F.);
#6568=ORIENTED_EDGE('',*,*,#4754,.F.);
#6569=ORIENTED_EDGE('',*,*,#4748,.T.);
#6570=ORIENTED_EDGE('',*,*,#4755,.T.);
#6571=ORIENTED_EDGE('',*,*,#4642,.F.);
#6572=ORIENTED_EDGE('',*,*,#4553,.F.);
#6573=ORIENTED_EDGE('',*,*,#4744,.T.);
#6574=ORIENTED_EDGE('',*,*,#4741,.F.);
#6575=ORIENTED_EDGE('',*,*,#4732,.T.);
#6576=ORIENTED_EDGE('',*,*,#4570,.F.);
#6577=ORIENTED_EDGE('',*,*,#4467,.T.);
#6578=ORIENTED_EDGE('',*,*,#4747,.F.);
#6579=ORIENTED_EDGE('',*,*,#4749,.T.);
#6580=ORIENTED_EDGE('',*,*,#4643,.F.);
#6581=ORIENTED_EDGE('',*,*,#4755,.F.);
#6582=ORIENTED_EDGE('',*,*,#4635,.F.);
#6583=ORIENTED_EDGE('',*,*,#4521,.F.);
#6584=ORIENTED_EDGE('',*,*,#4477,.F.);
#6585=ORIENTED_EDGE('',*,*,#4563,.T.);
#6586=ORIENTED_EDGE('',*,*,#4620,.F.);
#6587=ORIENTED_EDGE('',*,*,#4543,.F.);
#6588=ORIENTED_EDGE('',*,*,#4499,.F.);
#6589=ORIENTED_EDGE('',*,*,#4541,.T.);
#6590=ORIENTED_EDGE('',*,*,#4756,.T.);
#6591=ORIENTED_EDGE('',*,*,#4757,.T.);
#6592=ORIENTED_EDGE('',*,*,#4758,.T.);
#6593=ORIENTED_EDGE('',*,*,#4759,.T.);
#6594=ORIENTED_EDGE('',*,*,#4760,.T.);
#6595=ORIENTED_EDGE('',*,*,#4761,.T.);
#6596=ORIENTED_EDGE('',*,*,#4756,.F.);
#6597=ORIENTED_EDGE('',*,*,#4762,.T.);
#6598=ORIENTED_EDGE('',*,*,#4763,.T.);
#6599=ORIENTED_EDGE('',*,*,#4764,.T.);
#6600=ORIENTED_EDGE('',*,*,#4760,.F.);
#6601=ORIENTED_EDGE('',*,*,#4765,.T.);
#6602=ORIENTED_EDGE('',*,*,#4758,.F.);
#6603=ORIENTED_EDGE('',*,*,#4766,.T.);
#6604=ORIENTED_EDGE('',*,*,#4763,.F.);
#6605=ORIENTED_EDGE('',*,*,#4767,.T.);
#6606=ORIENTED_EDGE('',*,*,#4762,.F.);
#6607=ORIENTED_EDGE('',*,*,#4768,.F.);
#6608=ORIENTED_EDGE('',*,*,#4769,.F.);
#6609=ORIENTED_EDGE('',*,*,#4770,.T.);
#6610=ORIENTED_EDGE('',*,*,#4759,.F.);
#6611=ORIENTED_EDGE('',*,*,#4771,.F.);
#6612=ORIENTED_EDGE('',*,*,#4772,.F.);
#6613=ORIENTED_EDGE('',*,*,#4768,.T.);
#6614=ORIENTED_EDGE('',*,*,#4773,.F.);
#6615=ORIENTED_EDGE('',*,*,#4774,.F.);
#6616=ORIENTED_EDGE('',*,*,#4775,.F.);
#6617=ORIENTED_EDGE('',*,*,#4776,.F.);
#6618=ORIENTED_EDGE('',*,*,#4777,.F.);
#6619=ORIENTED_EDGE('',*,*,#4778,.F.);
#6620=ORIENTED_EDGE('',*,*,#4779,.F.);
#6621=ORIENTED_EDGE('',*,*,#4780,.F.);
#6622=ORIENTED_EDGE('',*,*,#4781,.F.);
#6623=ORIENTED_EDGE('',*,*,#4782,.F.);
#6624=ORIENTED_EDGE('',*,*,#4783,.F.);
#6625=ORIENTED_EDGE('',*,*,#4784,.F.);
#6626=ORIENTED_EDGE('',*,*,#4785,.F.);
#6627=ORIENTED_EDGE('',*,*,#4786,.F.);
#6628=ORIENTED_EDGE('',*,*,#4787,.F.);
#6629=ORIENTED_EDGE('',*,*,#4788,.F.);
#6630=ORIENTED_EDGE('',*,*,#4789,.F.);
#6631=ORIENTED_EDGE('',*,*,#4790,.F.);
#6632=ORIENTED_EDGE('',*,*,#4791,.F.);
#6633=ORIENTED_EDGE('',*,*,#4792,.F.);
#6634=ORIENTED_EDGE('',*,*,#4793,.F.);
#6635=ORIENTED_EDGE('',*,*,#4794,.F.);
#6636=ORIENTED_EDGE('',*,*,#4795,.F.);
#6637=ORIENTED_EDGE('',*,*,#4796,.F.);
#6638=ORIENTED_EDGE('',*,*,#4797,.F.);
#6639=ORIENTED_EDGE('',*,*,#4798,.F.);
#6640=ORIENTED_EDGE('',*,*,#4799,.F.);
#6641=ORIENTED_EDGE('',*,*,#4800,.F.);
#6642=ORIENTED_EDGE('',*,*,#4801,.F.);
#6643=ORIENTED_EDGE('',*,*,#4802,.F.);
#6644=ORIENTED_EDGE('',*,*,#4803,.F.);
#6645=ORIENTED_EDGE('',*,*,#4804,.F.);
#6646=ORIENTED_EDGE('',*,*,#4805,.F.);
#6647=ORIENTED_EDGE('',*,*,#4806,.F.);
#6648=ORIENTED_EDGE('',*,*,#4807,.F.);
#6649=ORIENTED_EDGE('',*,*,#4808,.F.);
#6650=ORIENTED_EDGE('',*,*,#4809,.F.);
#6651=ORIENTED_EDGE('',*,*,#4810,.F.);
#6652=ORIENTED_EDGE('',*,*,#4811,.F.);
#6653=ORIENTED_EDGE('',*,*,#4812,.F.);
#6654=ORIENTED_EDGE('',*,*,#4757,.F.);
#6655=ORIENTED_EDGE('',*,*,#4761,.F.);
#6656=ORIENTED_EDGE('',*,*,#4764,.F.);
#6657=ORIENTED_EDGE('',*,*,#4766,.F.);
#6658=ORIENTED_EDGE('',*,*,#4813,.T.);
#6659=ORIENTED_EDGE('',*,*,#4797,.T.);
#6660=ORIENTED_EDGE('',*,*,#4814,.T.);
#6661=ORIENTED_EDGE('',*,*,#4815,.T.);
#6662=ORIENTED_EDGE('',*,*,#4816,.T.);
#6663=ORIENTED_EDGE('',*,*,#4798,.T.);
#6664=ORIENTED_EDGE('',*,*,#4813,.F.);
#6665=ORIENTED_EDGE('',*,*,#4817,.T.);
#6666=ORIENTED_EDGE('',*,*,#4818,.T.);
#6667=ORIENTED_EDGE('',*,*,#4799,.T.);
#6668=ORIENTED_EDGE('',*,*,#4816,.F.);
#6669=ORIENTED_EDGE('',*,*,#4819,.T.);
#6670=ORIENTED_EDGE('',*,*,#4814,.F.);
#6671=ORIENTED_EDGE('',*,*,#4800,.T.);
#6672=ORIENTED_EDGE('',*,*,#4818,.F.);
#6673=ORIENTED_EDGE('',*,*,#4820,.T.);
#6674=ORIENTED_EDGE('',*,*,#4817,.F.);
#6675=ORIENTED_EDGE('',*,*,#4821,.F.);
#6676=ORIENTED_EDGE('',*,*,#4822,.F.);
#6677=ORIENTED_EDGE('',*,*,#4823,.T.);
#6678=ORIENTED_EDGE('',*,*,#4815,.F.);
#6679=ORIENTED_EDGE('',*,*,#4824,.F.);
#6680=ORIENTED_EDGE('',*,*,#4825,.F.);
#6681=ORIENTED_EDGE('',*,*,#4821,.T.);
#6682=ORIENTED_EDGE('',*,*,#4826,.T.);
#6683=ORIENTED_EDGE('',*,*,#4773,.T.);
#6684=ORIENTED_EDGE('',*,*,#4827,.T.);
#6685=ORIENTED_EDGE('',*,*,#4828,.T.);
#6686=ORIENTED_EDGE('',*,*,#4826,.F.);
#6687=ORIENTED_EDGE('',*,*,#4829,.T.);
#6688=ORIENTED_EDGE('',*,*,#4830,.T.);
#6689=ORIENTED_EDGE('',*,*,#4774,.T.);
#6690=ORIENTED_EDGE('',*,*,#4830,.F.);
#6691=ORIENTED_EDGE('',*,*,#4831,.T.);
#6692=ORIENTED_EDGE('',*,*,#4832,.T.);
#6693=ORIENTED_EDGE('',*,*,#4775,.T.);
#6694=ORIENTED_EDGE('',*,*,#4832,.F.);
#6695=ORIENTED_EDGE('',*,*,#4833,.T.);
#6696=ORIENTED_EDGE('',*,*,#4834,.T.);
#6697=ORIENTED_EDGE('',*,*,#4776,.T.);
#6698=ORIENTED_EDGE('',*,*,#4834,.F.);
#6699=ORIENTED_EDGE('',*,*,#4835,.T.);
#6700=ORIENTED_EDGE('',*,*,#4836,.T.);
#6701=ORIENTED_EDGE('',*,*,#4777,.T.);
#6702=ORIENTED_EDGE('',*,*,#4836,.F.);
#6703=ORIENTED_EDGE('',*,*,#4837,.T.);
#6704=ORIENTED_EDGE('',*,*,#4838,.T.);
#6705=ORIENTED_EDGE('',*,*,#4778,.T.);
#6706=ORIENTED_EDGE('',*,*,#4839,.T.);
#6707=ORIENTED_EDGE('',*,*,#4779,.T.);
#6708=ORIENTED_EDGE('',*,*,#4838,.F.);
#6709=ORIENTED_EDGE('',*,*,#4840,.T.);
#6710=ORIENTED_EDGE('',*,*,#4839,.F.);
#6711=ORIENTED_EDGE('',*,*,#4841,.T.);
#6712=ORIENTED_EDGE('',*,*,#4842,.T.);
#6713=ORIENTED_EDGE('',*,*,#4780,.T.);
#6714=ORIENTED_EDGE('',*,*,#4843,.T.);
#6715=ORIENTED_EDGE('',*,*,#4781,.T.);
#6716=ORIENTED_EDGE('',*,*,#4842,.F.);
#6717=ORIENTED_EDGE('',*,*,#4844,.T.);
#6718=ORIENTED_EDGE('',*,*,#4843,.F.);
#6719=ORIENTED_EDGE('',*,*,#4845,.T.);
#6720=ORIENTED_EDGE('',*,*,#4846,.T.);
#6721=ORIENTED_EDGE('',*,*,#4782,.T.);
#6722=ORIENTED_EDGE('',*,*,#4847,.T.);
#6723=ORIENTED_EDGE('',*,*,#4783,.T.);
#6724=ORIENTED_EDGE('',*,*,#4846,.F.);
#6725=ORIENTED_EDGE('',*,*,#4848,.T.);
#6726=ORIENTED_EDGE('',*,*,#4847,.F.);
#6727=ORIENTED_EDGE('',*,*,#4849,.T.);
#6728=ORIENTED_EDGE('',*,*,#4850,.T.);
#6729=ORIENTED_EDGE('',*,*,#4784,.T.);
#6730=ORIENTED_EDGE('',*,*,#4851,.T.);
#6731=ORIENTED_EDGE('',*,*,#4785,.T.);
#6732=ORIENTED_EDGE('',*,*,#4850,.F.);
#6733=ORIENTED_EDGE('',*,*,#4852,.T.);
#6734=ORIENTED_EDGE('',*,*,#4851,.F.);
#6735=ORIENTED_EDGE('',*,*,#4853,.T.);
#6736=ORIENTED_EDGE('',*,*,#4854,.T.);
#6737=ORIENTED_EDGE('',*,*,#4786,.T.);
#6738=ORIENTED_EDGE('',*,*,#4855,.T.);
#6739=ORIENTED_EDGE('',*,*,#4787,.T.);
#6740=ORIENTED_EDGE('',*,*,#4854,.F.);
#6741=ORIENTED_EDGE('',*,*,#4856,.T.);
#6742=ORIENTED_EDGE('',*,*,#4855,.F.);
#6743=ORIENTED_EDGE('',*,*,#4857,.T.);
#6744=ORIENTED_EDGE('',*,*,#4858,.T.);
#6745=ORIENTED_EDGE('',*,*,#4788,.T.);
#6746=ORIENTED_EDGE('',*,*,#4859,.T.);
#6747=ORIENTED_EDGE('',*,*,#4789,.T.);
#6748=ORIENTED_EDGE('',*,*,#4858,.F.);
#6749=ORIENTED_EDGE('',*,*,#4860,.T.);
#6750=ORIENTED_EDGE('',*,*,#4859,.F.);
#6751=ORIENTED_EDGE('',*,*,#4861,.T.);
#6752=ORIENTED_EDGE('',*,*,#4862,.T.);
#6753=ORIENTED_EDGE('',*,*,#4790,.T.);
#6754=ORIENTED_EDGE('',*,*,#4863,.T.);
#6755=ORIENTED_EDGE('',*,*,#4791,.T.);
#6756=ORIENTED_EDGE('',*,*,#4862,.F.);
#6757=ORIENTED_EDGE('',*,*,#4864,.T.);
#6758=ORIENTED_EDGE('',*,*,#4863,.F.);
#6759=ORIENTED_EDGE('',*,*,#4865,.T.);
#6760=ORIENTED_EDGE('',*,*,#4866,.T.);
#6761=ORIENTED_EDGE('',*,*,#4792,.T.);
#6762=ORIENTED_EDGE('',*,*,#4867,.T.);
#6763=ORIENTED_EDGE('',*,*,#4793,.T.);
#6764=ORIENTED_EDGE('',*,*,#4866,.F.);
#6765=ORIENTED_EDGE('',*,*,#4868,.T.);
#6766=ORIENTED_EDGE('',*,*,#4867,.F.);
#6767=ORIENTED_EDGE('',*,*,#4869,.T.);
#6768=ORIENTED_EDGE('',*,*,#4870,.T.);
#6769=ORIENTED_EDGE('',*,*,#4794,.T.);
#6770=ORIENTED_EDGE('',*,*,#4871,.T.);
#6771=ORIENTED_EDGE('',*,*,#4795,.T.);
#6772=ORIENTED_EDGE('',*,*,#4870,.F.);
#6773=ORIENTED_EDGE('',*,*,#4872,.T.);
#6774=ORIENTED_EDGE('',*,*,#4871,.F.);
#6775=ORIENTED_EDGE('',*,*,#4873,.T.);
#6776=ORIENTED_EDGE('',*,*,#4827,.F.);
#6777=ORIENTED_EDGE('',*,*,#4796,.T.);
#6778=ORIENTED_EDGE('',*,*,#4849,.F.);
#6779=ORIENTED_EDGE('',*,*,#4874,.T.);
#6780=ORIENTED_EDGE('',*,*,#4875,.F.);
#6781=ORIENTED_EDGE('',*,*,#4876,.T.);
#6782=ORIENTED_EDGE('',*,*,#4848,.F.);
#6783=ORIENTED_EDGE('',*,*,#4877,.F.);
#6784=ORIENTED_EDGE('',*,*,#4878,.F.);
#6785=ORIENTED_EDGE('',*,*,#4874,.F.);
#6786=ORIENTED_EDGE('',*,*,#4845,.F.);
#6787=ORIENTED_EDGE('',*,*,#4879,.T.);
#6788=ORIENTED_EDGE('',*,*,#4880,.F.);
#6789=ORIENTED_EDGE('',*,*,#4877,.T.);
#6790=ORIENTED_EDGE('',*,*,#4844,.F.);
#6791=ORIENTED_EDGE('',*,*,#4881,.F.);
#6792=ORIENTED_EDGE('',*,*,#4882,.F.);
#6793=ORIENTED_EDGE('',*,*,#4879,.F.);
#6794=ORIENTED_EDGE('',*,*,#4841,.F.);
#6795=ORIENTED_EDGE('',*,*,#4883,.T.);
#6796=ORIENTED_EDGE('',*,*,#4884,.F.);
#6797=ORIENTED_EDGE('',*,*,#4881,.T.);
#6798=ORIENTED_EDGE('',*,*,#4840,.F.);
#6799=ORIENTED_EDGE('',*,*,#4885,.F.);
#6800=ORIENTED_EDGE('',*,*,#4886,.F.);
#6801=ORIENTED_EDGE('',*,*,#4883,.F.);
#6802=ORIENTED_EDGE('',*,*,#4837,.F.);
#6803=ORIENTED_EDGE('',*,*,#4887,.T.);
#6804=ORIENTED_EDGE('',*,*,#4888,.F.);
#6805=ORIENTED_EDGE('',*,*,#4885,.T.);
#6806=ORIENTED_EDGE('',*,*,#4835,.F.);
#6807=ORIENTED_EDGE('',*,*,#4889,.T.);
#6808=ORIENTED_EDGE('',*,*,#4890,.F.);
#6809=ORIENTED_EDGE('',*,*,#4887,.F.);
#6810=ORIENTED_EDGE('',*,*,#4833,.F.);
#6811=ORIENTED_EDGE('',*,*,#4891,.T.);
#6812=ORIENTED_EDGE('',*,*,#4892,.F.);
#6813=ORIENTED_EDGE('',*,*,#4889,.F.);
#6814=ORIENTED_EDGE('',*,*,#4831,.F.);
#6815=ORIENTED_EDGE('',*,*,#4893,.T.);
#6816=ORIENTED_EDGE('',*,*,#4894,.F.);
#6817=ORIENTED_EDGE('',*,*,#4891,.F.);
#6818=ORIENTED_EDGE('',*,*,#4829,.F.);
#6819=ORIENTED_EDGE('',*,*,#4895,.T.);
#6820=ORIENTED_EDGE('',*,*,#4896,.F.);
#6821=ORIENTED_EDGE('',*,*,#4893,.F.);
#6822=ORIENTED_EDGE('',*,*,#4828,.F.);
#6823=ORIENTED_EDGE('',*,*,#4897,.F.);
#6824=ORIENTED_EDGE('',*,*,#4898,.F.);
#6825=ORIENTED_EDGE('',*,*,#4895,.F.);
#6826=ORIENTED_EDGE('',*,*,#4899,.T.);
#6827=ORIENTED_EDGE('',*,*,#4900,.T.);
#6828=ORIENTED_EDGE('',*,*,#4901,.T.);
#6829=ORIENTED_EDGE('',*,*,#4801,.T.);
#6830=ORIENTED_EDGE('',*,*,#4902,.T.);
#6831=ORIENTED_EDGE('',*,*,#4903,.T.);
#6832=ORIENTED_EDGE('',*,*,#4899,.F.);
#6833=ORIENTED_EDGE('',*,*,#4804,.T.);
#6834=ORIENTED_EDGE('',*,*,#4904,.T.);
#6835=ORIENTED_EDGE('',*,*,#4905,.T.);
#6836=ORIENTED_EDGE('',*,*,#4902,.F.);
#6837=ORIENTED_EDGE('',*,*,#4803,.T.);
#6838=ORIENTED_EDGE('',*,*,#4901,.F.);
#6839=ORIENTED_EDGE('',*,*,#4906,.T.);
#6840=ORIENTED_EDGE('',*,*,#4904,.F.);
#6841=ORIENTED_EDGE('',*,*,#4802,.T.);
#6842=ORIENTED_EDGE('',*,*,#4906,.F.);
#6843=ORIENTED_EDGE('',*,*,#4907,.T.);
#6844=ORIENTED_EDGE('',*,*,#4908,.T.);
#6845=ORIENTED_EDGE('',*,*,#4909,.F.);
#6846=ORIENTED_EDGE('',*,*,#4900,.F.);
#6847=ORIENTED_EDGE('',*,*,#4910,.T.);
#6848=ORIENTED_EDGE('',*,*,#4911,.T.);
#6849=ORIENTED_EDGE('',*,*,#4907,.F.);
#6850=ORIENTED_EDGE('',*,*,#4912,.T.);
#6851=ORIENTED_EDGE('',*,*,#4913,.T.);
#6852=ORIENTED_EDGE('',*,*,#4914,.T.);
#6853=ORIENTED_EDGE('',*,*,#4809,.T.);
#6854=ORIENTED_EDGE('',*,*,#4915,.T.);
#6855=ORIENTED_EDGE('',*,*,#4916,.T.);
#6856=ORIENTED_EDGE('',*,*,#4912,.F.);
#6857=ORIENTED_EDGE('',*,*,#4812,.T.);
#6858=ORIENTED_EDGE('',*,*,#4917,.T.);
#6859=ORIENTED_EDGE('',*,*,#4918,.T.);
#6860=ORIENTED_EDGE('',*,*,#4915,.F.);
#6861=ORIENTED_EDGE('',*,*,#4811,.T.);
#6862=ORIENTED_EDGE('',*,*,#4914,.F.);
#6863=ORIENTED_EDGE('',*,*,#4919,.T.);
#6864=ORIENTED_EDGE('',*,*,#4917,.F.);
#6865=ORIENTED_EDGE('',*,*,#4810,.T.);
#6866=ORIENTED_EDGE('',*,*,#4919,.F.);
#6867=ORIENTED_EDGE('',*,*,#4920,.T.);
#6868=ORIENTED_EDGE('',*,*,#4921,.T.);
#6869=ORIENTED_EDGE('',*,*,#4922,.F.);
#6870=ORIENTED_EDGE('',*,*,#4913,.F.);
#6871=ORIENTED_EDGE('',*,*,#4923,.T.);
#6872=ORIENTED_EDGE('',*,*,#4924,.T.);
#6873=ORIENTED_EDGE('',*,*,#4920,.F.);
#6874=ORIENTED_EDGE('',*,*,#4925,.T.);
#6875=ORIENTED_EDGE('',*,*,#4926,.T.);
#6876=ORIENTED_EDGE('',*,*,#4805,.T.);
#6877=ORIENTED_EDGE('',*,*,#4926,.F.);
#6878=ORIENTED_EDGE('',*,*,#4927,.F.);
#6879=ORIENTED_EDGE('',*,*,#4928,.T.);
#6880=ORIENTED_EDGE('',*,*,#4925,.F.);
#6881=ORIENTED_EDGE('',*,*,#4928,.F.);
#6882=ORIENTED_EDGE('',*,*,#4929,.T.);
#6883=ORIENTED_EDGE('',*,*,#4930,.T.);
#6884=ORIENTED_EDGE('',*,*,#4808,.T.);
#6885=ORIENTED_EDGE('',*,*,#4930,.F.);
#6886=ORIENTED_EDGE('',*,*,#4931,.F.);
#6887=ORIENTED_EDGE('',*,*,#4932,.T.);
#6888=ORIENTED_EDGE('',*,*,#4929,.F.);
#6889=ORIENTED_EDGE('',*,*,#4932,.F.);
#6890=ORIENTED_EDGE('',*,*,#4933,.T.);
#6891=ORIENTED_EDGE('',*,*,#4934,.T.);
#6892=ORIENTED_EDGE('',*,*,#4806,.T.);
#6893=ORIENTED_EDGE('',*,*,#4934,.F.);
#6894=ORIENTED_EDGE('',*,*,#4935,.F.);
#6895=ORIENTED_EDGE('',*,*,#4936,.T.);
#6896=ORIENTED_EDGE('',*,*,#4933,.F.);
#6897=ORIENTED_EDGE('',*,*,#4936,.F.);
#6898=ORIENTED_EDGE('',*,*,#4937,.T.);
#6899=ORIENTED_EDGE('',*,*,#4938,.T.);
#6900=ORIENTED_EDGE('',*,*,#4807,.T.);
#6901=ORIENTED_EDGE('',*,*,#4938,.F.);
#6902=ORIENTED_EDGE('',*,*,#4939,.F.);
#6903=ORIENTED_EDGE('',*,*,#4940,.T.);
#6904=ORIENTED_EDGE('',*,*,#4937,.F.);
#6905=ORIENTED_EDGE('',*,*,#4940,.F.);
#6906=ORIENTED_EDGE('',*,*,#4941,.T.);
#6907=ORIENTED_EDGE('',*,*,#4600,.T.);
#6908=ORIENTED_EDGE('',*,*,#4942,.T.);
#6909=ORIENTED_EDGE('',*,*,#4943,.T.);
#6910=ORIENTED_EDGE('',*,*,#4944,.T.);
#6911=ORIENTED_EDGE('',*,*,#4601,.T.);
#6912=ORIENTED_EDGE('',*,*,#4941,.F.);
#6913=ORIENTED_EDGE('',*,*,#4945,.T.);
#6914=ORIENTED_EDGE('',*,*,#4946,.T.);
#6915=ORIENTED_EDGE('',*,*,#4602,.T.);
#6916=ORIENTED_EDGE('',*,*,#4944,.F.);
#6917=ORIENTED_EDGE('',*,*,#4947,.T.);
#6918=ORIENTED_EDGE('',*,*,#4942,.F.);
#6919=ORIENTED_EDGE('',*,*,#4603,.T.);
#6920=ORIENTED_EDGE('',*,*,#4946,.F.);
#6921=ORIENTED_EDGE('',*,*,#4948,.T.);
#6922=ORIENTED_EDGE('',*,*,#4945,.F.);
#6923=ORIENTED_EDGE('',*,*,#4949,.T.);
#6924=ORIENTED_EDGE('',*,*,#4950,.T.);
#6925=ORIENTED_EDGE('',*,*,#4951,.F.);
#6926=ORIENTED_EDGE('',*,*,#4943,.F.);
#6927=ORIENTED_EDGE('',*,*,#4952,.T.);
#6928=ORIENTED_EDGE('',*,*,#4953,.T.);
#6929=ORIENTED_EDGE('',*,*,#4949,.F.);
#6930=ORIENTED_EDGE('',*,*,#4954,.T.);
#6931=ORIENTED_EDGE('',*,*,#4616,.T.);
#6932=ORIENTED_EDGE('',*,*,#4955,.T.);
#6933=ORIENTED_EDGE('',*,*,#4956,.T.);
#6934=ORIENTED_EDGE('',*,*,#4957,.T.);
#6935=ORIENTED_EDGE('',*,*,#4617,.T.);
#6936=ORIENTED_EDGE('',*,*,#4954,.F.);
#6937=ORIENTED_EDGE('',*,*,#4958,.T.);
#6938=ORIENTED_EDGE('',*,*,#4959,.T.);
#6939=ORIENTED_EDGE('',*,*,#4618,.T.);
#6940=ORIENTED_EDGE('',*,*,#4957,.F.);
#6941=ORIENTED_EDGE('',*,*,#4960,.T.);
#6942=ORIENTED_EDGE('',*,*,#4955,.F.);
#6943=ORIENTED_EDGE('',*,*,#4619,.T.);
#6944=ORIENTED_EDGE('',*,*,#4959,.F.);
#6945=ORIENTED_EDGE('',*,*,#4961,.T.);
#6946=ORIENTED_EDGE('',*,*,#4958,.F.);
#6947=ORIENTED_EDGE('',*,*,#4962,.T.);
#6948=ORIENTED_EDGE('',*,*,#4963,.T.);
#6949=ORIENTED_EDGE('',*,*,#4964,.F.);
#6950=ORIENTED_EDGE('',*,*,#4956,.F.);
#6951=ORIENTED_EDGE('',*,*,#4965,.T.);
#6952=ORIENTED_EDGE('',*,*,#4966,.T.);
#6953=ORIENTED_EDGE('',*,*,#4962,.F.);
#6954=ORIENTED_EDGE('',*,*,#4967,.T.);
#6955=ORIENTED_EDGE('',*,*,#4875,.T.);
#6956=ORIENTED_EDGE('',*,*,#4968,.T.);
#6957=ORIENTED_EDGE('',*,*,#4576,.T.);
#6958=ORIENTED_EDGE('',*,*,#4967,.F.);
#6959=ORIENTED_EDGE('',*,*,#4599,.T.);
#6960=ORIENTED_EDGE('',*,*,#4969,.T.);
#6961=ORIENTED_EDGE('',*,*,#4970,.T.);
#6962=ORIENTED_EDGE('',*,*,#4971,.T.);
#6963=ORIENTED_EDGE('',*,*,#4972,.T.);
#6964=ORIENTED_EDGE('',*,*,#4969,.F.);
#6965=ORIENTED_EDGE('',*,*,#4598,.T.);
#6966=ORIENTED_EDGE('',*,*,#4971,.F.);
#6967=ORIENTED_EDGE('',*,*,#4597,.T.);
#6968=ORIENTED_EDGE('',*,*,#4973,.T.);
#6969=ORIENTED_EDGE('',*,*,#4974,.T.);
#6970=ORIENTED_EDGE('',*,*,#4975,.T.);
#6971=ORIENTED_EDGE('',*,*,#4976,.T.);
#6972=ORIENTED_EDGE('',*,*,#4973,.F.);
#6973=ORIENTED_EDGE('',*,*,#4596,.T.);
#6974=ORIENTED_EDGE('',*,*,#4975,.F.);
#6975=ORIENTED_EDGE('',*,*,#4595,.T.);
#6976=ORIENTED_EDGE('',*,*,#4977,.T.);
#6977=ORIENTED_EDGE('',*,*,#4978,.T.);
#6978=ORIENTED_EDGE('',*,*,#4979,.T.);
#6979=ORIENTED_EDGE('',*,*,#4980,.T.);
#6980=ORIENTED_EDGE('',*,*,#4977,.F.);
#6981=ORIENTED_EDGE('',*,*,#4594,.T.);
#6982=ORIENTED_EDGE('',*,*,#4979,.F.);
#6983=ORIENTED_EDGE('',*,*,#4593,.T.);
#6984=ORIENTED_EDGE('',*,*,#4981,.T.);
#6985=ORIENTED_EDGE('',*,*,#4982,.T.);
#6986=ORIENTED_EDGE('',*,*,#4983,.T.);
#6987=ORIENTED_EDGE('',*,*,#4984,.T.);
#6988=ORIENTED_EDGE('',*,*,#4981,.F.);
#6989=ORIENTED_EDGE('',*,*,#4592,.T.);
#6990=ORIENTED_EDGE('',*,*,#4983,.F.);
#6991=ORIENTED_EDGE('',*,*,#4591,.T.);
#6992=ORIENTED_EDGE('',*,*,#4985,.T.);
#6993=ORIENTED_EDGE('',*,*,#4986,.T.);
#6994=ORIENTED_EDGE('',*,*,#4987,.T.);
#6995=ORIENTED_EDGE('',*,*,#4988,.T.);
#6996=ORIENTED_EDGE('',*,*,#4985,.F.);
#6997=ORIENTED_EDGE('',*,*,#4590,.T.);
#6998=ORIENTED_EDGE('',*,*,#4987,.F.);
#6999=ORIENTED_EDGE('',*,*,#4589,.T.);
#7000=ORIENTED_EDGE('',*,*,#4989,.T.);
#7001=ORIENTED_EDGE('',*,*,#4990,.T.);
#7002=ORIENTED_EDGE('',*,*,#4991,.T.);
#7003=ORIENTED_EDGE('',*,*,#4992,.T.);
#7004=ORIENTED_EDGE('',*,*,#4989,.F.);
#7005=ORIENTED_EDGE('',*,*,#4588,.T.);
#7006=ORIENTED_EDGE('',*,*,#4991,.F.);
#7007=ORIENTED_EDGE('',*,*,#4587,.T.);
#7008=ORIENTED_EDGE('',*,*,#4993,.T.);
#7009=ORIENTED_EDGE('',*,*,#4898,.T.);
#7010=ORIENTED_EDGE('',*,*,#4994,.T.);
#7011=ORIENTED_EDGE('',*,*,#4896,.T.);
#7012=ORIENTED_EDGE('',*,*,#4993,.F.);
#7013=ORIENTED_EDGE('',*,*,#4586,.T.);
#7014=ORIENTED_EDGE('',*,*,#4995,.T.);
#7015=ORIENTED_EDGE('',*,*,#4894,.T.);
#7016=ORIENTED_EDGE('',*,*,#4994,.F.);
#7017=ORIENTED_EDGE('',*,*,#4585,.T.);
#7018=ORIENTED_EDGE('',*,*,#4996,.T.);
#7019=ORIENTED_EDGE('',*,*,#4892,.T.);
#7020=ORIENTED_EDGE('',*,*,#4995,.F.);
#7021=ORIENTED_EDGE('',*,*,#4584,.T.);
#7022=ORIENTED_EDGE('',*,*,#4997,.T.);
#7023=ORIENTED_EDGE('',*,*,#4890,.T.);
#7024=ORIENTED_EDGE('',*,*,#4996,.F.);
#7025=ORIENTED_EDGE('',*,*,#4583,.T.);
#7026=ORIENTED_EDGE('',*,*,#4998,.T.);
#7027=ORIENTED_EDGE('',*,*,#4888,.T.);
#7028=ORIENTED_EDGE('',*,*,#4997,.F.);
#7029=ORIENTED_EDGE('',*,*,#4582,.T.);
#7030=ORIENTED_EDGE('',*,*,#4998,.F.);
#7031=ORIENTED_EDGE('',*,*,#4581,.T.);
#7032=ORIENTED_EDGE('',*,*,#4999,.T.);
#7033=ORIENTED_EDGE('',*,*,#4886,.T.);
#7034=ORIENTED_EDGE('',*,*,#5000,.T.);
#7035=ORIENTED_EDGE('',*,*,#4884,.T.);
#7036=ORIENTED_EDGE('',*,*,#4999,.F.);
#7037=ORIENTED_EDGE('',*,*,#4580,.T.);
#7038=ORIENTED_EDGE('',*,*,#5000,.F.);
#7039=ORIENTED_EDGE('',*,*,#4579,.T.);
#7040=ORIENTED_EDGE('',*,*,#5001,.T.);
#7041=ORIENTED_EDGE('',*,*,#4882,.T.);
#7042=ORIENTED_EDGE('',*,*,#5002,.T.);
#7043=ORIENTED_EDGE('',*,*,#4880,.T.);
#7044=ORIENTED_EDGE('',*,*,#5001,.F.);
#7045=ORIENTED_EDGE('',*,*,#4578,.T.);
#7046=ORIENTED_EDGE('',*,*,#5002,.F.);
#7047=ORIENTED_EDGE('',*,*,#4577,.T.);
#7048=ORIENTED_EDGE('',*,*,#4968,.F.);
#7049=ORIENTED_EDGE('',*,*,#4878,.T.);
#7050=ORIENTED_EDGE('',*,*,#4927,.T.);
#7051=ORIENTED_EDGE('',*,*,#5003,.T.);
#7052=ORIENTED_EDGE('',*,*,#4615,.T.);
#7053=ORIENTED_EDGE('',*,*,#5003,.F.);
#7054=ORIENTED_EDGE('',*,*,#4935,.T.);
#7055=ORIENTED_EDGE('',*,*,#5004,.T.);
#7056=ORIENTED_EDGE('',*,*,#4604,.T.);
#7057=ORIENTED_EDGE('',*,*,#5004,.F.);
#7058=ORIENTED_EDGE('',*,*,#4931,.T.);
#7059=ORIENTED_EDGE('',*,*,#5005,.T.);
#7060=ORIENTED_EDGE('',*,*,#4614,.T.);
#7061=ORIENTED_EDGE('',*,*,#5005,.F.);
#7062=ORIENTED_EDGE('',*,*,#4939,.T.);
#7063=ORIENTED_EDGE('',*,*,#5006,.T.);
#7064=ORIENTED_EDGE('',*,*,#4605,.T.);
#7065=ORIENTED_EDGE('',*,*,#5006,.F.);
#7066=ORIENTED_EDGE('',*,*,#4765,.F.);
#7067=ORIENTED_EDGE('',*,*,#4770,.F.);
#7068=ORIENTED_EDGE('',*,*,#5007,.F.);
#7069=ORIENTED_EDGE('',*,*,#5008,.T.);
#7070=ORIENTED_EDGE('',*,*,#4767,.F.);
#7071=ORIENTED_EDGE('',*,*,#5008,.F.);
#7072=ORIENTED_EDGE('',*,*,#5009,.F.);
#7073=ORIENTED_EDGE('',*,*,#4771,.T.);
#7074=ORIENTED_EDGE('',*,*,#4769,.T.);
#7075=ORIENTED_EDGE('',*,*,#4772,.T.);
#7076=ORIENTED_EDGE('',*,*,#5009,.T.);
#7077=ORIENTED_EDGE('',*,*,#5007,.T.);
#7078=ORIENTED_EDGE('',*,*,#5010,.F.);
#7079=ORIENTED_EDGE('',*,*,#5011,.F.);
#7080=ORIENTED_EDGE('',*,*,#4963,.F.);
#7081=ORIENTED_EDGE('',*,*,#4966,.F.);
#7082=ORIENTED_EDGE('',*,*,#4960,.F.);
#7083=ORIENTED_EDGE('',*,*,#4964,.T.);
#7084=ORIENTED_EDGE('',*,*,#5011,.T.);
#7085=ORIENTED_EDGE('',*,*,#5012,.F.);
#7086=ORIENTED_EDGE('',*,*,#4961,.F.);
#7087=ORIENTED_EDGE('',*,*,#5012,.T.);
#7088=ORIENTED_EDGE('',*,*,#5010,.T.);
#7089=ORIENTED_EDGE('',*,*,#4965,.F.);
#7090=ORIENTED_EDGE('',*,*,#4819,.F.);
#7091=ORIENTED_EDGE('',*,*,#4823,.F.);
#7092=ORIENTED_EDGE('',*,*,#5013,.F.);
#7093=ORIENTED_EDGE('',*,*,#5014,.T.);
#7094=ORIENTED_EDGE('',*,*,#4820,.F.);
#7095=ORIENTED_EDGE('',*,*,#5014,.F.);
#7096=ORIENTED_EDGE('',*,*,#5015,.F.);
#7097=ORIENTED_EDGE('',*,*,#4824,.T.);
#7098=ORIENTED_EDGE('',*,*,#4822,.T.);
#7099=ORIENTED_EDGE('',*,*,#4825,.T.);
#7100=ORIENTED_EDGE('',*,*,#5015,.T.);
#7101=ORIENTED_EDGE('',*,*,#5013,.T.);
#7102=ORIENTED_EDGE('',*,*,#5016,.F.);
#7103=ORIENTED_EDGE('',*,*,#5017,.F.);
#7104=ORIENTED_EDGE('',*,*,#4950,.F.);
#7105=ORIENTED_EDGE('',*,*,#4953,.F.);
#7106=ORIENTED_EDGE('',*,*,#4947,.F.);
#7107=ORIENTED_EDGE('',*,*,#4951,.T.);
#7108=ORIENTED_EDGE('',*,*,#5017,.T.);
#7109=ORIENTED_EDGE('',*,*,#5018,.F.);
#7110=ORIENTED_EDGE('',*,*,#4948,.F.);
#7111=ORIENTED_EDGE('',*,*,#5018,.T.);
#7112=ORIENTED_EDGE('',*,*,#5016,.T.);
#7113=ORIENTED_EDGE('',*,*,#4952,.F.);
#7114=ORIENTED_EDGE('',*,*,#5019,.F.);
#7115=ORIENTED_EDGE('',*,*,#5020,.F.);
#7116=ORIENTED_EDGE('',*,*,#5021,.F.);
#7117=ORIENTED_EDGE('',*,*,#4606,.F.);
#7118=ORIENTED_EDGE('',*,*,#5022,.F.);
#7119=ORIENTED_EDGE('',*,*,#4911,.F.);
#7120=ORIENTED_EDGE('',*,*,#5019,.T.);
#7121=ORIENTED_EDGE('',*,*,#4609,.F.);
#7122=ORIENTED_EDGE('',*,*,#5023,.F.);
#7123=ORIENTED_EDGE('',*,*,#4908,.F.);
#7124=ORIENTED_EDGE('',*,*,#5022,.T.);
#7125=ORIENTED_EDGE('',*,*,#4608,.F.);
#7126=ORIENTED_EDGE('',*,*,#5021,.T.);
#7127=ORIENTED_EDGE('',*,*,#5024,.F.);
#7128=ORIENTED_EDGE('',*,*,#5023,.T.);
#7129=ORIENTED_EDGE('',*,*,#4607,.F.);
#7130=ORIENTED_EDGE('',*,*,#4903,.F.);
#7131=ORIENTED_EDGE('',*,*,#5025,.T.);
#7132=ORIENTED_EDGE('',*,*,#5020,.T.);
#7133=ORIENTED_EDGE('',*,*,#4910,.F.);
#7134=ORIENTED_EDGE('',*,*,#5026,.F.);
#7135=ORIENTED_EDGE('',*,*,#4921,.F.);
#7136=ORIENTED_EDGE('',*,*,#5027,.F.);
#7137=ORIENTED_EDGE('',*,*,#4610,.F.);
#7138=ORIENTED_EDGE('',*,*,#5028,.F.);
#7139=ORIENTED_EDGE('',*,*,#5029,.F.);
#7140=ORIENTED_EDGE('',*,*,#5026,.T.);
#7141=ORIENTED_EDGE('',*,*,#4613,.F.);
#7142=ORIENTED_EDGE('',*,*,#5030,.F.);
#7143=ORIENTED_EDGE('',*,*,#5031,.F.);
#7144=ORIENTED_EDGE('',*,*,#5028,.T.);
#7145=ORIENTED_EDGE('',*,*,#4612,.F.);
#7146=ORIENTED_EDGE('',*,*,#5027,.T.);
#7147=ORIENTED_EDGE('',*,*,#4924,.F.);
#7148=ORIENTED_EDGE('',*,*,#5030,.T.);
#7149=ORIENTED_EDGE('',*,*,#4611,.F.);
#7150=ORIENTED_EDGE('',*,*,#4918,.F.);
#7151=ORIENTED_EDGE('',*,*,#4922,.T.);
#7152=ORIENTED_EDGE('',*,*,#5029,.T.);
#7153=ORIENTED_EDGE('',*,*,#5032,.F.);
#7154=ORIENTED_EDGE('',*,*,#4873,.F.);
#7155=ORIENTED_EDGE('',*,*,#5033,.T.);
#7156=ORIENTED_EDGE('',*,*,#4992,.F.);
#7157=ORIENTED_EDGE('',*,*,#4897,.T.);
#7158=ORIENTED_EDGE('',*,*,#4872,.F.);
#7159=ORIENTED_EDGE('',*,*,#5034,.F.);
#7160=ORIENTED_EDGE('',*,*,#4990,.F.);
#7161=ORIENTED_EDGE('',*,*,#5033,.F.);
#7162=ORIENTED_EDGE('',*,*,#4868,.F.);
#7163=ORIENTED_EDGE('',*,*,#5035,.F.);
#7164=ORIENTED_EDGE('',*,*,#4986,.F.);
#7165=ORIENTED_EDGE('',*,*,#5036,.F.);
#7166=ORIENTED_EDGE('',*,*,#4869,.F.);
#7167=ORIENTED_EDGE('',*,*,#5036,.T.);
#7168=ORIENTED_EDGE('',*,*,#4988,.F.);
#7169=ORIENTED_EDGE('',*,*,#5034,.T.);
#7170=ORIENTED_EDGE('',*,*,#4864,.F.);
#7171=ORIENTED_EDGE('',*,*,#5037,.F.);
#7172=ORIENTED_EDGE('',*,*,#4982,.F.);
#7173=ORIENTED_EDGE('',*,*,#5038,.F.);
#7174=ORIENTED_EDGE('',*,*,#4865,.F.);
#7175=ORIENTED_EDGE('',*,*,#5038,.T.);
#7176=ORIENTED_EDGE('',*,*,#4984,.F.);
#7177=ORIENTED_EDGE('',*,*,#5035,.T.);
#7178=ORIENTED_EDGE('',*,*,#4852,.F.);
#7179=ORIENTED_EDGE('',*,*,#4876,.F.);
#7180=ORIENTED_EDGE('',*,*,#4970,.F.);
#7181=ORIENTED_EDGE('',*,*,#5039,.F.);
#7182=ORIENTED_EDGE('',*,*,#4853,.F.);
#7183=ORIENTED_EDGE('',*,*,#5039,.T.);
#7184=ORIENTED_EDGE('',*,*,#4972,.F.);
#7185=ORIENTED_EDGE('',*,*,#5040,.T.);
#7186=ORIENTED_EDGE('',*,*,#4860,.F.);
#7187=ORIENTED_EDGE('',*,*,#5041,.F.);
#7188=ORIENTED_EDGE('',*,*,#4978,.F.);
#7189=ORIENTED_EDGE('',*,*,#5042,.F.);
#7190=ORIENTED_EDGE('',*,*,#4861,.F.);
#7191=ORIENTED_EDGE('',*,*,#5042,.T.);
#7192=ORIENTED_EDGE('',*,*,#4980,.F.);
#7193=ORIENTED_EDGE('',*,*,#5037,.T.);
#7194=ORIENTED_EDGE('',*,*,#4856,.F.);
#7195=ORIENTED_EDGE('',*,*,#5040,.F.);
#7196=ORIENTED_EDGE('',*,*,#4974,.F.);
#7197=ORIENTED_EDGE('',*,*,#5043,.F.);
#7198=ORIENTED_EDGE('',*,*,#4916,.F.);
#7199=ORIENTED_EDGE('',*,*,#5032,.T.);
#7200=ORIENTED_EDGE('',*,*,#5031,.T.);
#7201=ORIENTED_EDGE('',*,*,#4923,.F.);
#7202=ORIENTED_EDGE('',*,*,#4905,.F.);
#7203=ORIENTED_EDGE('',*,*,#4909,.T.);
#7204=ORIENTED_EDGE('',*,*,#5024,.T.);
#7205=ORIENTED_EDGE('',*,*,#5025,.F.);
#7206=ORIENTED_EDGE('',*,*,#4857,.F.);
#7207=ORIENTED_EDGE('',*,*,#5043,.T.);
#7208=ORIENTED_EDGE('',*,*,#4976,.F.);
#7209=ORIENTED_EDGE('',*,*,#5041,.T.);
#7210=ORIENTED_EDGE('',*,*,#5044,.F.);
#7211=ORIENTED_EDGE('',*,*,#5045,.T.);
#7212=ORIENTED_EDGE('',*,*,#5046,.T.);
#7213=ORIENTED_EDGE('',*,*,#5045,.F.);
#7214=ORIENTED_EDGE('',*,*,#5047,.F.);
#7215=ORIENTED_EDGE('',*,*,#5046,.F.);
#7216=ORIENTED_EDGE('',*,*,#5048,.F.);
#7217=ORIENTED_EDGE('',*,*,#5049,.F.);
#7218=ORIENTED_EDGE('',*,*,#5050,.F.);
#7219=ORIENTED_EDGE('',*,*,#5051,.F.);
#7220=ORIENTED_EDGE('',*,*,#5052,.T.);
#7221=ORIENTED_EDGE('',*,*,#5053,.T.);
#7222=ORIENTED_EDGE('',*,*,#5052,.F.);
#7223=ORIENTED_EDGE('',*,*,#5054,.F.);
#7224=ORIENTED_EDGE('',*,*,#5055,.F.);
#7225=ORIENTED_EDGE('',*,*,#5056,.F.);
#7226=ORIENTED_EDGE('',*,*,#5047,.T.);
#7227=ORIENTED_EDGE('',*,*,#5057,.T.);
#7228=ORIENTED_EDGE('',*,*,#5058,.F.);
#7229=ORIENTED_EDGE('',*,*,#5057,.F.);
#7230=ORIENTED_EDGE('',*,*,#5044,.T.);
#7231=ORIENTED_EDGE('',*,*,#5058,.T.);
#7232=ORIENTED_EDGE('',*,*,#5053,.F.);
#7233=ORIENTED_EDGE('',*,*,#5059,.T.);
#7234=ORIENTED_EDGE('',*,*,#5060,.T.);
#7235=ORIENTED_EDGE('',*,*,#5061,.T.);
#7236=ORIENTED_EDGE('',*,*,#5062,.T.);
#7237=ORIENTED_EDGE('',*,*,#5063,.T.);
#7238=ORIENTED_EDGE('',*,*,#5064,.T.);
#7239=ORIENTED_EDGE('',*,*,#5065,.T.);
#7240=ORIENTED_EDGE('',*,*,#5054,.T.);
#7241=ORIENTED_EDGE('',*,*,#5051,.T.);
#7242=ORIENTED_EDGE('',*,*,#5066,.F.);
#7243=ORIENTED_EDGE('',*,*,#5060,.F.);
#7244=ORIENTED_EDGE('',*,*,#5066,.T.);
#7245=ORIENTED_EDGE('',*,*,#5050,.T.);
#7246=ORIENTED_EDGE('',*,*,#5067,.F.);
#7247=ORIENTED_EDGE('',*,*,#5061,.F.);
#7248=ORIENTED_EDGE('',*,*,#5067,.T.);
#7249=ORIENTED_EDGE('',*,*,#5049,.T.);
#7250=ORIENTED_EDGE('',*,*,#5068,.F.);
#7251=ORIENTED_EDGE('',*,*,#5062,.F.);
#7252=ORIENTED_EDGE('',*,*,#5068,.T.);
#7253=ORIENTED_EDGE('',*,*,#5048,.T.);
#7254=ORIENTED_EDGE('',*,*,#5069,.F.);
#7255=ORIENTED_EDGE('',*,*,#5063,.F.);
#7256=ORIENTED_EDGE('',*,*,#5069,.T.);
#7257=ORIENTED_EDGE('',*,*,#5056,.T.);
#7258=ORIENTED_EDGE('',*,*,#5070,.F.);
#7259=ORIENTED_EDGE('',*,*,#5064,.F.);
#7260=ORIENTED_EDGE('',*,*,#5070,.T.);
#7261=ORIENTED_EDGE('',*,*,#5055,.T.);
#7262=ORIENTED_EDGE('',*,*,#5065,.F.);
#7263=ORIENTED_EDGE('',*,*,#5059,.F.);
#7264=ORIENTED_EDGE('',*,*,#5071,.F.);
#7265=ORIENTED_EDGE('',*,*,#5072,.T.);
#7266=ORIENTED_EDGE('',*,*,#5073,.T.);
#7267=ORIENTED_EDGE('',*,*,#5072,.F.);
#7268=ORIENTED_EDGE('',*,*,#5074,.F.);
#7269=ORIENTED_EDGE('',*,*,#5073,.F.);
#7270=ORIENTED_EDGE('',*,*,#5075,.F.);
#7271=ORIENTED_EDGE('',*,*,#5076,.F.);
#7272=ORIENTED_EDGE('',*,*,#5077,.F.);
#7273=ORIENTED_EDGE('',*,*,#5078,.F.);
#7274=ORIENTED_EDGE('',*,*,#5079,.T.);
#7275=ORIENTED_EDGE('',*,*,#5080,.T.);
#7276=ORIENTED_EDGE('',*,*,#5079,.F.);
#7277=ORIENTED_EDGE('',*,*,#5081,.F.);
#7278=ORIENTED_EDGE('',*,*,#5082,.F.);
#7279=ORIENTED_EDGE('',*,*,#5083,.F.);
#7280=ORIENTED_EDGE('',*,*,#5074,.T.);
#7281=ORIENTED_EDGE('',*,*,#5084,.T.);
#7282=ORIENTED_EDGE('',*,*,#5085,.F.);
#7283=ORIENTED_EDGE('',*,*,#5084,.F.);
#7284=ORIENTED_EDGE('',*,*,#5071,.T.);
#7285=ORIENTED_EDGE('',*,*,#5085,.T.);
#7286=ORIENTED_EDGE('',*,*,#5080,.F.);
#7287=ORIENTED_EDGE('',*,*,#5086,.T.);
#7288=ORIENTED_EDGE('',*,*,#5087,.T.);
#7289=ORIENTED_EDGE('',*,*,#5088,.T.);
#7290=ORIENTED_EDGE('',*,*,#5089,.T.);
#7291=ORIENTED_EDGE('',*,*,#5090,.T.);
#7292=ORIENTED_EDGE('',*,*,#5091,.T.);
#7293=ORIENTED_EDGE('',*,*,#5092,.T.);
#7294=ORIENTED_EDGE('',*,*,#5081,.T.);
#7295=ORIENTED_EDGE('',*,*,#5078,.T.);
#7296=ORIENTED_EDGE('',*,*,#5093,.F.);
#7297=ORIENTED_EDGE('',*,*,#5087,.F.);
#7298=ORIENTED_EDGE('',*,*,#5093,.T.);
#7299=ORIENTED_EDGE('',*,*,#5077,.T.);
#7300=ORIENTED_EDGE('',*,*,#5094,.F.);
#7301=ORIENTED_EDGE('',*,*,#5088,.F.);
#7302=ORIENTED_EDGE('',*,*,#5094,.T.);
#7303=ORIENTED_EDGE('',*,*,#5076,.T.);
#7304=ORIENTED_EDGE('',*,*,#5095,.F.);
#7305=ORIENTED_EDGE('',*,*,#5089,.F.);
#7306=ORIENTED_EDGE('',*,*,#5095,.T.);
#7307=ORIENTED_EDGE('',*,*,#5075,.T.);
#7308=ORIENTED_EDGE('',*,*,#5096,.F.);
#7309=ORIENTED_EDGE('',*,*,#5090,.F.);
#7310=ORIENTED_EDGE('',*,*,#5096,.T.);
#7311=ORIENTED_EDGE('',*,*,#5083,.T.);
#7312=ORIENTED_EDGE('',*,*,#5097,.F.);
#7313=ORIENTED_EDGE('',*,*,#5091,.F.);
#7314=ORIENTED_EDGE('',*,*,#5097,.T.);
#7315=ORIENTED_EDGE('',*,*,#5082,.T.);
#7316=ORIENTED_EDGE('',*,*,#5092,.F.);
#7317=ORIENTED_EDGE('',*,*,#5086,.F.);
#7318=CYLINDRICAL_SURFACE('',#7975,6.075);
#7319=CYLINDRICAL_SURFACE('',#7978,14.);
#7320=CYLINDRICAL_SURFACE('',#7987,6.075);
#7321=CYLINDRICAL_SURFACE('',#7989,14.);
#7322=CYLINDRICAL_SURFACE('',#8018,6.075);
#7323=CYLINDRICAL_SURFACE('',#8022,6.075);
#7324=CYLINDRICAL_SURFACE('',#8026,6.075);
#7325=CYLINDRICAL_SURFACE('',#8030,6.075);
#7326=CYLINDRICAL_SURFACE('',#8038,3.2);
#7327=CYLINDRICAL_SURFACE('',#8047,3.2);
#7328=CYLINDRICAL_SURFACE('',#8087,17.5);
#7329=CYLINDRICAL_SURFACE('',#8090,17.5);
#7330=CYLINDRICAL_SURFACE('',#8093,17.5);
#7331=CYLINDRICAL_SURFACE('',#8096,17.5);
#7332=CYLINDRICAL_SURFACE('',#8099,17.5);
#7333=CYLINDRICAL_SURFACE('',#8102,17.5);
#7334=CYLINDRICAL_SURFACE('',#8159,17.5);
#7335=CYLINDRICAL_SURFACE('',#8161,17.5);
#7336=CYLINDRICAL_SURFACE('',#8174,3.2);
#7337=CYLINDRICAL_SURFACE('',#8175,17.5);
#7338=CYLINDRICAL_SURFACE('',#8177,17.5);
#7339=CYLINDRICAL_SURFACE('',#8179,3.2);
#7340=CYLINDRICAL_SURFACE('',#8181,17.5);
#7341=CYLINDRICAL_SURFACE('',#8183,17.5);
#7342=CYLINDRICAL_SURFACE('',#8188,7.5);
#7343=CYLINDRICAL_SURFACE('',#8191,1.7);
#7344=CYLINDRICAL_SURFACE('',#8194,1.7);
#7345=CYLINDRICAL_SURFACE('',#8198,7.5);
#7346=CYLINDRICAL_SURFACE('',#8210,7.5);
#7347=CYLINDRICAL_SURFACE('',#8213,7.5);
#7348=CYLINDRICAL_SURFACE('',#8215,1.7);
#7349=CYLINDRICAL_SURFACE('',#8217,1.7);
#7350=CYLINDRICAL_SURFACE('',#8223,7.);
#7351=CYLINDRICAL_SURFACE('',#8230,7.);
#7352=CYLINDRICAL_SURFACE('',#8235,10.);
#7353=CYLINDRICAL_SURFACE('',#8241,7.);
#7354=CYLINDRICAL_SURFACE('',#8248,7.);
#7355=CYLINDRICAL_SURFACE('',#8252,10.);
#7356=CYLINDRICAL_SURFACE('',#8284,25.);
#7357=CYLINDRICAL_SURFACE('',#8287,25.);
#7358=CYLINDRICAL_SURFACE('',#8289,14.);
#7359=CYLINDRICAL_SURFACE('',#8292,14.);
#7360=CYLINDRICAL_SURFACE('',#8300,6.075);
#7361=CYLINDRICAL_SURFACE('',#8304,6.075);
#7362=CYLINDRICAL_SURFACE('',#8336,14.);
#7363=CYLINDRICAL_SURFACE('',#8341,14.);
#7364=CYLINDRICAL_SURFACE('',#8343,14.);
#7365=CYLINDRICAL_SURFACE('',#8346,14.);
#7366=CYLINDRICAL_SURFACE('',#8350,1.);
#7367=CYLINDRICAL_SURFACE('',#8354,1.);
#7368=CYLINDRICAL_SURFACE('',#8358,3.);
#7369=CYLINDRICAL_SURFACE('',#8365,3.);
#7370=CYLINDRICAL_SURFACE('',#8404,1.);
#7371=CYLINDRICAL_SURFACE('',#8408,1.);
#7372=CYLINDRICAL_SURFACE('',#8412,3.);
#7373=CYLINDRICAL_SURFACE('',#8416,3.);
#7374=CYLINDRICAL_SURFACE('',#8426,1.);
#7375=CYLINDRICAL_SURFACE('',#8430,1.);
#7376=CYLINDRICAL_SURFACE('',#8434,3.);
#7377=CYLINDRICAL_SURFACE('',#8438,3.);
#7378=CYLINDRICAL_SURFACE('',#8448,1.);
#7379=CYLINDRICAL_SURFACE('',#8452,1.);
#7380=CYLINDRICAL_SURFACE('',#8456,3.);
#7381=CYLINDRICAL_SURFACE('',#8460,3.);
#7382=CYLINDRICAL_SURFACE('',#8470,1.);
#7383=CYLINDRICAL_SURFACE('',#8474,1.);
#7384=CYLINDRICAL_SURFACE('',#8478,3.);
#7385=CYLINDRICAL_SURFACE('',#8482,3.);
#7386=CYLINDRICAL_SURFACE('',#8490,4.);
#7387=CYLINDRICAL_SURFACE('',#8491,3.99999999999999);
#7388=CYLINDRICAL_SURFACE('',#8501,3.10000000000001);
#7389=CYLINDRICAL_SURFACE('',#8533,3.10000000000001);
#7390=CYLINDRICAL_SURFACE('',#8572,17.5);
#7391=CYLINDRICAL_SURFACE('',#8575,17.5);
#7392=CYLINDRICAL_SURFACE('',#8578,17.5);
#7393=CYLINDRICAL_SURFACE('',#8581,17.5);
#7394=CYLINDRICAL_SURFACE('',#8584,17.5);
#7395=CYLINDRICAL_SURFACE('',#8587,17.5);
#7396=CYLINDRICAL_SURFACE('',#8595,3.2);
#7397=CYLINDRICAL_SURFACE('',#8604,3.2);
#7398=CYLINDRICAL_SURFACE('',#8609,6.075);
#7399=CYLINDRICAL_SURFACE('',#8613,6.075);
#7400=CYLINDRICAL_SURFACE('',#8617,6.075);
#7401=CYLINDRICAL_SURFACE('',#8621,6.075);
#7402=CYLINDRICAL_SURFACE('',#8629,1.6);
#7403=CYLINDRICAL_SURFACE('',#8638,1.6);
#7404=CYLINDRICAL_SURFACE('',#8675,3.10000000000228);
#7405=CYLINDRICAL_SURFACE('',#8681,1.6);
#7406=CYLINDRICAL_SURFACE('',#8682,3.10000000000228);
#7407=CYLINDRICAL_SURFACE('',#8688,1.6);
#7408=CYLINDRICAL_SURFACE('',#8694,3.2);
#7409=CYLINDRICAL_SURFACE('',#8702,17.5);
#7410=CYLINDRICAL_SURFACE('',#8703,17.5);
#7411=CYLINDRICAL_SURFACE('',#8705,17.5);
#7412=CYLINDRICAL_SURFACE('',#8707,17.5);
#7413=CYLINDRICAL_SURFACE('',#8709,17.5);
#7414=CYLINDRICAL_SURFACE('',#8711,17.5);
#7415=CYLINDRICAL_SURFACE('',#8712,3.2);
#7416=CYLINDRICAL_SURFACE('',#8716,1.5);
#7417=CYLINDRICAL_SURFACE('',#8723,2.75);
#7418=CYLINDRICAL_SURFACE('',#8735,1.5);
#7419=CYLINDRICAL_SURFACE('',#8742,2.75);
#7420=ADVANCED_FACE('',(#507),#7318,.F.);
#7421=ADVANCED_FACE('',(#508),#7319,.T.);
#7422=ADVANCED_FACE('',(#509,#231),#284,.F.);
#7423=ADVANCED_FACE('',(#510,#232),#285,.F.);
#7424=ADVANCED_FACE('',(#511,#233),#286,.F.);
#7425=ADVANCED_FACE('',(#512),#7320,.F.);
#7426=ADVANCED_FACE('',(#513),#7321,.T.);
#7427=ADVANCED_FACE('',(#514,#234),#287,.F.);
#7428=ADVANCED_FACE('',(#515),#29,.F.);
#7429=ADVANCED_FACE('',(#516,#235,#236,#237,#238,#239,#240),#288,.F.);
#7430=ADVANCED_FACE('',(#517),#7322,.F.);
#7431=ADVANCED_FACE('',(#518),#30,.F.);
#7432=ADVANCED_FACE('',(#519),#7323,.F.);
#7433=ADVANCED_FACE('',(#520),#31,.F.);
#7434=ADVANCED_FACE('',(#521),#7324,.F.);
#7435=ADVANCED_FACE('',(#522),#32,.F.);
#7436=ADVANCED_FACE('',(#523),#7325,.F.);
#7437=ADVANCED_FACE('',(#524),#289,.T.);
#7438=ADVANCED_FACE('',(#525),#33,.F.);
#7439=ADVANCED_FACE('',(#526),#290,.T.);
#7440=ADVANCED_FACE('',(#527),#34,.F.);
#7441=ADVANCED_FACE('',(#528),#7326,.F.);
#7442=ADVANCED_FACE('',(#529),#291,.T.);
#7443=ADVANCED_FACE('',(#530),#292,.T.);
#7444=ADVANCED_FACE('',(#531),#35,.F.);
#7445=ADVANCED_FACE('',(#532),#293,.T.);
#7446=ADVANCED_FACE('',(#533),#36,.F.);
#7447=ADVANCED_FACE('',(#534),#7327,.F.);
#7448=ADVANCED_FACE('',(#535),#294,.T.);
#7449=ADVANCED_FACE('',(#536),#37,.T.);
#7450=ADVANCED_FACE('',(#537),#295,.T.);
#7451=ADVANCED_FACE('',(#538),#38,.T.);
#7452=ADVANCED_FACE('',(#539),#296,.T.);
#7453=ADVANCED_FACE('',(#540),#39,.T.);
#7454=ADVANCED_FACE('',(#541),#297,.T.);
#7455=ADVANCED_FACE('',(#542),#40,.T.);
#7456=ADVANCED_FACE('',(#543),#298,.T.);
#7457=ADVANCED_FACE('',(#544),#41,.F.);
#7458=ADVANCED_FACE('',(#545),#299,.T.);
#7459=ADVANCED_FACE('',(#546),#42,.F.);
#7460=ADVANCED_FACE('',(#547),#300,.T.);
#7461=ADVANCED_FACE('',(#548),#43,.T.);
#7462=ADVANCED_FACE('',(#549),#301,.T.);
#7463=ADVANCED_FACE('',(#550),#44,.T.);
#7464=ADVANCED_FACE('',(#551),#302,.T.);
#7465=ADVANCED_FACE('',(#552),#45,.T.);
#7466=ADVANCED_FACE('',(#553),#303,.T.);
#7467=ADVANCED_FACE('',(#554),#46,.T.);
#7468=ADVANCED_FACE('',(#555),#304,.T.);
#7469=ADVANCED_FACE('',(#556),#47,.F.);
#7470=ADVANCED_FACE('',(#557),#305,.T.);
#7471=ADVANCED_FACE('',(#558),#48,.F.);
#7472=ADVANCED_FACE('',(#559),#306,.T.);
#7473=ADVANCED_FACE('',(#560),#307,.T.);
#7474=ADVANCED_FACE('',(#561),#7328,.T.);
#7475=ADVANCED_FACE('',(#562),#308,.T.);
#7476=ADVANCED_FACE('',(#563),#7329,.T.);
#7477=ADVANCED_FACE('',(#564),#309,.T.);
#7478=ADVANCED_FACE('',(#565),#7330,.T.);
#7479=ADVANCED_FACE('',(#566),#310,.T.);
#7480=ADVANCED_FACE('',(#567),#7331,.F.);
#7481=ADVANCED_FACE('',(#568),#311,.T.);
#7482=ADVANCED_FACE('',(#569),#7332,.F.);
#7483=ADVANCED_FACE('',(#570),#312,.T.);
#7484=ADVANCED_FACE('',(#571),#7333,.T.);
#7485=ADVANCED_FACE('',(#572),#49,.F.);
#7486=ADVANCED_FACE('',(#573,#241,#242,#243,#244,#245,#246),#313,.T.);
#7487=ADVANCED_FACE('',(#574),#50,.F.);
#7488=ADVANCED_FACE('',(#575),#51,.F.);
#7489=ADVANCED_FACE('',(#576),#52,.F.);
#7490=ADVANCED_FACE('',(#577),#314,.T.);
#7491=ADVANCED_FACE('',(#578),#53,.F.);
#7492=ADVANCED_FACE('',(#579),#315,.T.);
#7493=ADVANCED_FACE('',(#580),#54,.T.);
#7494=ADVANCED_FACE('',(#581),#316,.T.);
#7495=ADVANCED_FACE('',(#582),#55,.T.);
#7496=ADVANCED_FACE('',(#583),#317,.T.);
#7497=ADVANCED_FACE('',(#584),#56,.T.);
#7498=ADVANCED_FACE('',(#585),#318,.T.);
#7499=ADVANCED_FACE('',(#586),#57,.T.);
#7500=ADVANCED_FACE('',(#587),#319,.T.);
#7501=ADVANCED_FACE('',(#588),#58,.F.);
#7502=ADVANCED_FACE('',(#589),#320,.T.);
#7503=ADVANCED_FACE('',(#590),#59,.F.);
#7504=ADVANCED_FACE('',(#591),#321,.T.);
#7505=ADVANCED_FACE('',(#592),#60,.T.);
#7506=ADVANCED_FACE('',(#593),#322,.T.);
#7507=ADVANCED_FACE('',(#594),#61,.T.);
#7508=ADVANCED_FACE('',(#595),#323,.T.);
#7509=ADVANCED_FACE('',(#596),#62,.T.);
#7510=ADVANCED_FACE('',(#597),#324,.T.);
#7511=ADVANCED_FACE('',(#598),#63,.T.);
#7512=ADVANCED_FACE('',(#599),#325,.T.);
#7513=ADVANCED_FACE('',(#600),#64,.F.);
#7514=ADVANCED_FACE('',(#601),#7334,.T.);
#7515=ADVANCED_FACE('',(#602),#326,.T.);
#7516=ADVANCED_FACE('',(#603),#7335,.F.);
#7517=ADVANCED_FACE('',(#604),#327,.T.);
#7518=ADVANCED_FACE('',(#605),#65,.F.);
#7519=ADVANCED_FACE('',(#606),#328,.T.);
#7520=ADVANCED_FACE('',(#607),#66,.F.);
#7521=ADVANCED_FACE('',(#608),#329,.T.);
#7522=ADVANCED_FACE('',(#609),#67,.F.);
#7523=ADVANCED_FACE('',(#610),#330,.T.);
#7524=ADVANCED_FACE('',(#611),#68,.F.);
#7525=ADVANCED_FACE('',(#612),#331,.T.);
#7526=ADVANCED_FACE('',(#613),#332,.T.);
#7527=ADVANCED_FACE('',(#614),#7336,.F.);
#7528=ADVANCED_FACE('',(#615),#7337,.T.);
#7529=ADVANCED_FACE('',(#616),#333,.T.);
#7530=ADVANCED_FACE('',(#617),#7338,.F.);
#7531=ADVANCED_FACE('',(#618),#334,.T.);
#7532=ADVANCED_FACE('',(#619),#7339,.F.);
#7533=ADVANCED_FACE('',(#620),#335,.T.);
#7534=ADVANCED_FACE('',(#621),#7340,.T.);
#7535=ADVANCED_FACE('',(#622),#336,.T.);
#7536=ADVANCED_FACE('',(#623),#7341,.T.);
#7537=ADVANCED_FACE('',(#624),#337,.T.);
#7538=ADVANCED_FACE('',(#625),#338,.T.);
#7539=ADVANCED_FACE('',(#626),#7342,.T.);
#7540=ADVANCED_FACE('',(#627),#7343,.F.);
#7541=ADVANCED_FACE('',(#628),#7344,.F.);
#7542=ADVANCED_FACE('',(#629),#339,.T.);
#7543=ADVANCED_FACE('',(#630),#7345,.T.);
#7544=ADVANCED_FACE('',(#631,#247,#248),#340,.F.);
#7545=ADVANCED_FACE('',(#632,#249,#250),#341,.F.);
#7546=ADVANCED_FACE('',(#633,#251,#252),#342,.F.);
#7547=ADVANCED_FACE('',(#634),#343,.T.);
#7548=ADVANCED_FACE('',(#635),#7346,.T.);
#7549=ADVANCED_FACE('',(#636),#344,.T.);
#7550=ADVANCED_FACE('',(#637),#7347,.T.);
#7551=ADVANCED_FACE('',(#638),#7348,.F.);
#7552=ADVANCED_FACE('',(#639),#7349,.F.);
#7553=ADVANCED_FACE('',(#640,#253,#254),#345,.F.);
#7554=ADVANCED_FACE('',(#641),#7350,.T.);
#7555=ADVANCED_FACE('',(#642),#25,.T.);
#7556=ADVANCED_FACE('',(#643),#7351,.T.);
#7557=ADVANCED_FACE('',(#644),#26,.T.);
#7558=ADVANCED_FACE('',(#645),#7352,.F.);
#7559=ADVANCED_FACE('',(#646),#346,.T.);
#7560=ADVANCED_FACE('',(#647),#69,.F.);
#7561=ADVANCED_FACE('',(#648),#347,.T.);
#7562=ADVANCED_FACE('',(#649),#7353,.T.);
#7563=ADVANCED_FACE('',(#650),#27,.T.);
#7564=ADVANCED_FACE('',(#651),#7354,.T.);
#7565=ADVANCED_FACE('',(#652),#28,.T.);
#7566=ADVANCED_FACE('',(#653),#7355,.F.);
#7567=ADVANCED_FACE('',(#654),#70,.F.);
#7568=ADVANCED_FACE('',(#655),#348,.T.);
#7569=ADVANCED_FACE('',(#656),#71,.F.);
#7570=ADVANCED_FACE('',(#657),#72,.T.);
#7571=ADVANCED_FACE('',(#658),#349,.T.);
#7572=ADVANCED_FACE('',(#659),#73,.T.);
#7573=ADVANCED_FACE('',(#660),#74,.F.);
#7574=ADVANCED_FACE('',(#661),#350,.T.);
#7575=ADVANCED_FACE('',(#662),#75,.F.);
#7576=ADVANCED_FACE('',(#663),#76,.T.);
#7577=ADVANCED_FACE('',(#664),#351,.T.);
#7578=ADVANCED_FACE('',(#665),#77,.T.);
#7579=ADVANCED_FACE('',(#666),#78,.F.);
#7580=ADVANCED_FACE('',(#667),#352,.T.);
#7581=ADVANCED_FACE('',(#668),#7356,.T.);
#7582=ADVANCED_FACE('',(#669),#353,.T.);
#7583=ADVANCED_FACE('',(#670),#7357,.T.);
#7584=ADVANCED_FACE('',(#671),#7358,.F.);
#7585=ADVANCED_FACE('',(#672),#354,.T.);
#7586=ADVANCED_FACE('',(#673),#7359,.F.);
#7587=ADVANCED_FACE('',(#674,#255,#256,#257),#355,.T.);
#7588=ADVANCED_FACE('',(#675),#79,.F.);
#7589=ADVANCED_FACE('',(#676),#7360,.F.);
#7590=ADVANCED_FACE('',(#677),#80,.F.);
#7591=ADVANCED_FACE('',(#678),#7361,.F.);
#7592=ADVANCED_FACE('',(#679),#81,.F.);
#7593=ADVANCED_FACE('',(#680,#258,#259,#260),#356,.F.);
#7594=ADVANCED_FACE('',(#681),#82,.F.);
#7595=ADVANCED_FACE('',(#682),#357,.T.);
#7596=ADVANCED_FACE('',(#683),#83,.T.);
#7597=ADVANCED_FACE('',(#684),#84,.F.);
#7598=ADVANCED_FACE('',(#685),#358,.T.);
#7599=ADVANCED_FACE('',(#686),#85,.F.);
#7600=ADVANCED_FACE('',(#687),#86,.T.);
#7601=ADVANCED_FACE('',(#688),#359,.T.);
#7602=ADVANCED_FACE('',(#689),#87,.T.);
#7603=ADVANCED_FACE('',(#690),#88,.F.);
#7604=ADVANCED_FACE('',(#691),#360,.T.);
#7605=ADVANCED_FACE('',(#692),#89,.F.);
#7606=ADVANCED_FACE('',(#693),#90,.T.);
#7607=ADVANCED_FACE('',(#694),#7362,.T.);
#7608=ADVANCED_FACE('',(#695),#91,.F.);
#7609=ADVANCED_FACE('',(#696),#361,.T.);
#7610=ADVANCED_FACE('',(#697),#92,.F.);
#7611=ADVANCED_FACE('',(#698),#362,.T.);
#7612=ADVANCED_FACE('',(#699),#7363,.F.);
#7613=ADVANCED_FACE('',(#700),#363,.T.);
#7614=ADVANCED_FACE('',(#701),#7364,.F.);
#7615=ADVANCED_FACE('',(#702),#364,.T.);
#7616=ADVANCED_FACE('',(#703),#365,.T.);
#7617=ADVANCED_FACE('',(#704),#7365,.T.);
#7618=ADVANCED_FACE('',(#705),#366,.F.);
#7619=ADVANCED_FACE('',(#706),#367,.F.);
#7620=ADVANCED_FACE('',(#707),#7366,.T.);
#7621=ADVANCED_FACE('',(#708),#368,.F.);
#7622=ADVANCED_FACE('',(#709),#7367,.T.);
#7623=ADVANCED_FACE('',(#710),#369,.F.);
#7624=ADVANCED_FACE('',(#711),#7368,.F.);
#7625=ADVANCED_FACE('',(#712),#370,.F.);
#7626=ADVANCED_FACE('',(#713),#371,.T.);
#7627=ADVANCED_FACE('',(#714),#7369,.F.);
#7628=ADVANCED_FACE('',(#715),#372,.F.);
#7629=ADVANCED_FACE('',(#716),#373,.F.);
#7630=ADVANCED_FACE('',(#717),#374,.F.);
#7631=ADVANCED_FACE('',(#718,#261,#262,#263,#264,#265,#266,#267,#268,#269),
#375,.F.);
#7632=ADVANCED_FACE('',(#719),#376,.F.);
#7633=ADVANCED_FACE('',(#720),#377,.F.);
#7634=ADVANCED_FACE('',(#721),#378,.F.);
#7635=ADVANCED_FACE('',(#722),#379,.F.);
#7636=ADVANCED_FACE('',(#723),#380,.F.);
#7637=ADVANCED_FACE('',(#724),#381,.F.);
#7638=ADVANCED_FACE('',(#725),#7370,.T.);
#7639=ADVANCED_FACE('',(#726),#382,.F.);
#7640=ADVANCED_FACE('',(#727),#7371,.T.);
#7641=ADVANCED_FACE('',(#728),#383,.F.);
#7642=ADVANCED_FACE('',(#729),#7372,.F.);
#7643=ADVANCED_FACE('',(#730),#384,.F.);
#7644=ADVANCED_FACE('',(#731),#7373,.F.);
#7645=ADVANCED_FACE('',(#732),#385,.F.);
#7646=ADVANCED_FACE('',(#733),#386,.F.);
#7647=ADVANCED_FACE('',(#734),#387,.F.);
#7648=ADVANCED_FACE('',(#735),#388,.F.);
#7649=ADVANCED_FACE('',(#736),#389,.F.);
#7650=ADVANCED_FACE('',(#737),#390,.F.);
#7651=ADVANCED_FACE('',(#738),#391,.F.);
#7652=ADVANCED_FACE('',(#739),#7374,.T.);
#7653=ADVANCED_FACE('',(#740),#392,.F.);
#7654=ADVANCED_FACE('',(#741),#7375,.T.);
#7655=ADVANCED_FACE('',(#742),#393,.F.);
#7656=ADVANCED_FACE('',(#743),#7376,.F.);
#7657=ADVANCED_FACE('',(#744),#394,.F.);
#7658=ADVANCED_FACE('',(#745),#7377,.F.);
#7659=ADVANCED_FACE('',(#746),#395,.F.);
#7660=ADVANCED_FACE('',(#747),#396,.F.);
#7661=ADVANCED_FACE('',(#748),#397,.F.);
#7662=ADVANCED_FACE('',(#749),#398,.F.);
#7663=ADVANCED_FACE('',(#750),#399,.F.);
#7664=ADVANCED_FACE('',(#751),#400,.F.);
#7665=ADVANCED_FACE('',(#752),#401,.F.);
#7666=ADVANCED_FACE('',(#753),#7378,.T.);
#7667=ADVANCED_FACE('',(#754),#402,.F.);
#7668=ADVANCED_FACE('',(#755),#7379,.T.);
#7669=ADVANCED_FACE('',(#756),#403,.F.);
#7670=ADVANCED_FACE('',(#757),#7380,.F.);
#7671=ADVANCED_FACE('',(#758),#404,.F.);
#7672=ADVANCED_FACE('',(#759),#7381,.F.);
#7673=ADVANCED_FACE('',(#760),#405,.F.);
#7674=ADVANCED_FACE('',(#761),#406,.F.);
#7675=ADVANCED_FACE('',(#762),#407,.F.);
#7676=ADVANCED_FACE('',(#763),#408,.F.);
#7677=ADVANCED_FACE('',(#764),#409,.F.);
#7678=ADVANCED_FACE('',(#765),#410,.F.);
#7679=ADVANCED_FACE('',(#766),#411,.F.);
#7680=ADVANCED_FACE('',(#767),#7382,.T.);
#7681=ADVANCED_FACE('',(#768),#412,.F.);
#7682=ADVANCED_FACE('',(#769),#7383,.T.);
#7683=ADVANCED_FACE('',(#770),#413,.F.);
#7684=ADVANCED_FACE('',(#771),#7384,.F.);
#7685=ADVANCED_FACE('',(#772),#414,.F.);
#7686=ADVANCED_FACE('',(#773),#7385,.F.);
#7687=ADVANCED_FACE('',(#774),#415,.F.);
#7688=ADVANCED_FACE('',(#775),#416,.F.);
#7689=ADVANCED_FACE('',(#776),#417,.F.);
#7690=ADVANCED_FACE('',(#777),#418,.F.);
#7691=ADVANCED_FACE('',(#778),#419,.F.);
#7692=ADVANCED_FACE('',(#779),#7386,.F.);
#7693=ADVANCED_FACE('',(#780),#7387,.F.);
#7694=ADVANCED_FACE('',(#781),#93,.F.);
#7695=ADVANCED_FACE('',(#782),#420,.T.);
#7696=ADVANCED_FACE('',(#783),#94,.F.);
#7697=ADVANCED_FACE('',(#784),#421,.T.);
#7698=ADVANCED_FACE('',(#785),#422,.F.);
#7699=ADVANCED_FACE('',(#786),#7388,.F.);
#7700=ADVANCED_FACE('',(#787,#270,#271,#272,#273,#274,#275,#276,#277),#423,
 .T.);
#7701=ADVANCED_FACE('',(#788),#95,.F.);
#7702=ADVANCED_FACE('',(#789),#424,.T.);
#7703=ADVANCED_FACE('',(#790),#96,.F.);
#7704=ADVANCED_FACE('',(#791),#425,.T.);
#7705=ADVANCED_FACE('',(#792),#426,.F.);
#7706=ADVANCED_FACE('',(#793),#7389,.F.);
#7707=ADVANCED_FACE('',(#794),#97,.T.);
#7708=ADVANCED_FACE('',(#795),#427,.T.);
#7709=ADVANCED_FACE('',(#796),#98,.T.);
#7710=ADVANCED_FACE('',(#797),#428,.T.);
#7711=ADVANCED_FACE('',(#798),#99,.T.);
#7712=ADVANCED_FACE('',(#799),#429,.T.);
#7713=ADVANCED_FACE('',(#800),#100,.T.);
#7714=ADVANCED_FACE('',(#801),#430,.T.);
#7715=ADVANCED_FACE('',(#802),#101,.F.);
#7716=ADVANCED_FACE('',(#803),#431,.T.);
#7717=ADVANCED_FACE('',(#804),#102,.F.);
#7718=ADVANCED_FACE('',(#805),#432,.T.);
#7719=ADVANCED_FACE('',(#806),#103,.T.);
#7720=ADVANCED_FACE('',(#807),#433,.T.);
#7721=ADVANCED_FACE('',(#808),#104,.T.);
#7722=ADVANCED_FACE('',(#809),#434,.T.);
#7723=ADVANCED_FACE('',(#810),#105,.T.);
#7724=ADVANCED_FACE('',(#811),#435,.T.);
#7725=ADVANCED_FACE('',(#812),#106,.T.);
#7726=ADVANCED_FACE('',(#813),#436,.T.);
#7727=ADVANCED_FACE('',(#814),#107,.F.);
#7728=ADVANCED_FACE('',(#815),#437,.T.);
#7729=ADVANCED_FACE('',(#816),#108,.F.);
#7730=ADVANCED_FACE('',(#817),#438,.T.);
#7731=ADVANCED_FACE('',(#818),#439,.F.);
#7732=ADVANCED_FACE('',(#819),#7390,.F.);
#7733=ADVANCED_FACE('',(#820),#440,.F.);
#7734=ADVANCED_FACE('',(#821),#7391,.F.);
#7735=ADVANCED_FACE('',(#822),#441,.F.);
#7736=ADVANCED_FACE('',(#823),#7392,.T.);
#7737=ADVANCED_FACE('',(#824),#442,.F.);
#7738=ADVANCED_FACE('',(#825),#7393,.T.);
#7739=ADVANCED_FACE('',(#826),#443,.F.);
#7740=ADVANCED_FACE('',(#827),#7394,.T.);
#7741=ADVANCED_FACE('',(#828),#444,.F.);
#7742=ADVANCED_FACE('',(#829),#7395,.T.);
#7743=ADVANCED_FACE('',(#830),#445,.T.);
#7744=ADVANCED_FACE('',(#831),#109,.F.);
#7745=ADVANCED_FACE('',(#832),#446,.T.);
#7746=ADVANCED_FACE('',(#833),#110,.F.);
#7747=ADVANCED_FACE('',(#834),#7396,.F.);
#7748=ADVANCED_FACE('',(#835),#447,.F.);
#7749=ADVANCED_FACE('',(#836),#448,.T.);
#7750=ADVANCED_FACE('',(#837),#111,.F.);
#7751=ADVANCED_FACE('',(#838),#449,.T.);
#7752=ADVANCED_FACE('',(#839),#112,.F.);
#7753=ADVANCED_FACE('',(#840),#7397,.F.);
#7754=ADVANCED_FACE('',(#841),#450,.F.);
#7755=ADVANCED_FACE('',(#842),#113,.F.);
#7756=ADVANCED_FACE('',(#843),#7398,.F.);
#7757=ADVANCED_FACE('',(#844),#114,.F.);
#7758=ADVANCED_FACE('',(#845),#7399,.F.);
#7759=ADVANCED_FACE('',(#846),#115,.F.);
#7760=ADVANCED_FACE('',(#847),#7400,.F.);
#7761=ADVANCED_FACE('',(#848),#116,.F.);
#7762=ADVANCED_FACE('',(#849),#7401,.F.);
#7763=ADVANCED_FACE('',(#850),#451,.T.);
#7764=ADVANCED_FACE('',(#851),#117,.F.);
#7765=ADVANCED_FACE('',(#852),#452,.T.);
#7766=ADVANCED_FACE('',(#853),#118,.F.);
#7767=ADVANCED_FACE('',(#854),#7402,.F.);
#7768=ADVANCED_FACE('',(#855),#453,.F.);
#7769=ADVANCED_FACE('',(#856),#454,.T.);
#7770=ADVANCED_FACE('',(#857),#119,.F.);
#7771=ADVANCED_FACE('',(#858),#455,.T.);
#7772=ADVANCED_FACE('',(#859),#120,.F.);
#7773=ADVANCED_FACE('',(#860),#7403,.F.);
#7774=ADVANCED_FACE('',(#861),#456,.F.);
#7775=ADVANCED_FACE('',(#862),#457,.T.);
#7776=ADVANCED_FACE('',(#863),#121,.T.);
#7777=ADVANCED_FACE('',(#864),#458,.T.);
#7778=ADVANCED_FACE('',(#865),#122,.T.);
#7779=ADVANCED_FACE('',(#866),#459,.T.);
#7780=ADVANCED_FACE('',(#867),#123,.T.);
#7781=ADVANCED_FACE('',(#868),#460,.T.);
#7782=ADVANCED_FACE('',(#869),#124,.T.);
#7783=ADVANCED_FACE('',(#870),#461,.T.);
#7784=ADVANCED_FACE('',(#871),#125,.F.);
#7785=ADVANCED_FACE('',(#872),#462,.T.);
#7786=ADVANCED_FACE('',(#873),#126,.F.);
#7787=ADVANCED_FACE('',(#874),#463,.T.);
#7788=ADVANCED_FACE('',(#875),#127,.T.);
#7789=ADVANCED_FACE('',(#876),#464,.T.);
#7790=ADVANCED_FACE('',(#877),#128,.T.);
#7791=ADVANCED_FACE('',(#878),#465,.T.);
#7792=ADVANCED_FACE('',(#879),#129,.T.);
#7793=ADVANCED_FACE('',(#880),#466,.T.);
#7794=ADVANCED_FACE('',(#881),#130,.T.);
#7795=ADVANCED_FACE('',(#882),#467,.T.);
#7796=ADVANCED_FACE('',(#883),#131,.F.);
#7797=ADVANCED_FACE('',(#884),#468,.T.);
#7798=ADVANCED_FACE('',(#885),#132,.F.);
#7799=ADVANCED_FACE('',(#886),#133,.F.);
#7800=ADVANCED_FACE('',(#887),#134,.F.);
#7801=ADVANCED_FACE('',(#888),#135,.F.);
#7802=ADVANCED_FACE('',(#889),#136,.F.);
#7803=ADVANCED_FACE('',(#890),#7404,.F.);
#7804=ADVANCED_FACE('',(#891),#469,.F.);
#7805=ADVANCED_FACE('',(#892,#278),#470,.F.);
#7806=ADVANCED_FACE('',(#893),#471,.F.);
#7807=ADVANCED_FACE('',(#894),#7405,.F.);
#7808=ADVANCED_FACE('',(#895),#7406,.F.);
#7809=ADVANCED_FACE('',(#896),#472,.F.);
#7810=ADVANCED_FACE('',(#897,#279),#473,.F.);
#7811=ADVANCED_FACE('',(#898),#474,.F.);
#7812=ADVANCED_FACE('',(#899),#7407,.F.);
#7813=ADVANCED_FACE('',(#900),#137,.F.);
#7814=ADVANCED_FACE('',(#901),#475,.F.);
#7815=ADVANCED_FACE('',(#902),#138,.F.);
#7816=ADVANCED_FACE('',(#903),#476,.F.);
#7817=ADVANCED_FACE('',(#904),#7408,.F.);
#7818=ADVANCED_FACE('',(#905),#139,.F.);
#7819=ADVANCED_FACE('',(#906),#477,.F.);
#7820=ADVANCED_FACE('',(#907),#140,.F.);
#7821=ADVANCED_FACE('',(#908),#478,.F.);
#7822=ADVANCED_FACE('',(#909),#479,.F.);
#7823=ADVANCED_FACE('',(#910),#480,.F.);
#7824=ADVANCED_FACE('',(#911),#7409,.F.);
#7825=ADVANCED_FACE('',(#912),#7410,.F.);
#7826=ADVANCED_FACE('',(#913),#481,.F.);
#7827=ADVANCED_FACE('',(#914),#7411,.T.);
#7828=ADVANCED_FACE('',(#915),#482,.F.);
#7829=ADVANCED_FACE('',(#916),#7412,.T.);
#7830=ADVANCED_FACE('',(#917),#483,.F.);
#7831=ADVANCED_FACE('',(#918),#7413,.T.);
#7832=ADVANCED_FACE('',(#919),#484,.F.);
#7833=ADVANCED_FACE('',(#920),#7414,.T.);
#7834=ADVANCED_FACE('',(#921),#7415,.F.);
#7835=ADVANCED_FACE('',(#922),#485,.F.);
#7836=ADVANCED_FACE('',(#923),#486,.F.);
#7837=ADVANCED_FACE('',(#924),#7416,.T.);
#7838=ADVANCED_FACE('',(#925,#280),#487,.T.);
#7839=ADVANCED_FACE('',(#926),#141,.F.);
#7840=ADVANCED_FACE('',(#927),#7417,.T.);
#7841=ADVANCED_FACE('',(#928),#488,.T.);
#7842=ADVANCED_FACE('',(#929,#281),#489,.T.);
#7843=ADVANCED_FACE('',(#930),#490,.T.);
#7844=ADVANCED_FACE('',(#931),#491,.F.);
#7845=ADVANCED_FACE('',(#932),#492,.F.);
#7846=ADVANCED_FACE('',(#933),#493,.F.);
#7847=ADVANCED_FACE('',(#934),#494,.F.);
#7848=ADVANCED_FACE('',(#935),#495,.F.);
#7849=ADVANCED_FACE('',(#936),#496,.F.);
#7850=ADVANCED_FACE('',(#937),#7418,.T.);
#7851=ADVANCED_FACE('',(#938,#282),#497,.T.);
#7852=ADVANCED_FACE('',(#939),#142,.F.);
#7853=ADVANCED_FACE('',(#940),#7419,.T.);
#7854=ADVANCED_FACE('',(#941),#498,.T.);
#7855=ADVANCED_FACE('',(#942,#283),#499,.T.);
#7856=ADVANCED_FACE('',(#943),#500,.T.);
#7857=ADVANCED_FACE('',(#944),#501,.F.);
#7858=ADVANCED_FACE('',(#945),#502,.F.);
#7859=ADVANCED_FACE('',(#946),#503,.F.);
#7860=ADVANCED_FACE('',(#947),#504,.F.);
#7861=ADVANCED_FACE('',(#948),#505,.F.);
#7862=ADVANCED_FACE('',(#949),#506,.F.);
#7863=CLOSED_SHELL('',(#7420,#7421,#7422,#7423));
#7864=CLOSED_SHELL('',(#7424,#7425,#7426,#7427));
#7865=CLOSED_SHELL('',(#7428,#7429,#7430,#7431,#7432,#7433,#7434,#7435,
#7436,#7437,#7438,#7439,#7440,#7441,#7442,#7443,#7444,#7445,#7446,#7447,
#7448,#7449,#7450,#7451,#7452,#7453,#7454,#7455,#7456,#7457,#7458,#7459,
#7460,#7461,#7462,#7463,#7464,#7465,#7466,#7467,#7468,#7469,#7470,#7471,
#7472,#7473,#7474,#7475,#7476,#7477,#7478,#7479,#7480,#7481,#7482,#7483,
#7484,#7485,#7486,#7487,#7488,#7489,#7490,#7491,#7492,#7493,#7494,#7495,
#7496,#7497,#7498,#7499,#7500,#7501,#7502,#7503,#7504,#7505,#7506,#7507,
#7508,#7509,#7510,#7511,#7512,#7513,#7514,#7515,#7516,#7517,#7518,#7519,
#7520,#7521,#7522,#7523,#7524,#7525,#7526,#7527,#7528,#7529,#7530,#7531,
#7532,#7533,#7534,#7535,#7536,#7537));
#7866=CLOSED_SHELL('',(#7538,#7539,#7540,#7541,#7542,#7543,#7544,#7545));
#7867=CLOSED_SHELL('',(#7546,#7547,#7548,#7549,#7550,#7551,#7552,#7553));
#7868=CLOSED_SHELL('',(#7554,#7555,#7556,#7557,#7558,#7559,#7560,#7561,
#7562,#7563,#7564,#7565,#7566,#7567,#7568,#7569,#7570,#7571,#7572,#7573,
#7574,#7575,#7576,#7577,#7578,#7579,#7580,#7581,#7582,#7583,#7584,#7585,
#7586,#7587,#7588,#7589,#7590,#7591,#7592,#7593,#7594,#7595,#7596,#7597,
#7598,#7599,#7600,#7601,#7602,#7603,#7604,#7605,#7606,#7607,#7608,#7609,
#7610,#7611,#7612,#7613,#7614,#7615,#7616,#7617));
#7869=CLOSED_SHELL('',(#7618,#7619,#7620,#7621,#7622,#7623,#7624,#7625,
#7626,#7627,#7628,#7629,#7630,#7631,#7632,#7633,#7634,#7635,#7636,#7637,
#7638,#7639,#7640,#7641,#7642,#7643,#7644,#7645,#7646,#7647,#7648,#7649,
#7650,#7651,#7652,#7653,#7654,#7655,#7656,#7657,#7658,#7659,#7660,#7661,
#7662,#7663,#7664,#7665,#7666,#7667,#7668,#7669,#7670,#7671,#7672,#7673,
#7674,#7675,#7676,#7677,#7678,#7679,#7680,#7681,#7682,#7683,#7684,#7685,
#7686,#7687,#7688,#7689,#7690,#7691,#7692,#7693,#7694,#7695,#7696,#7697,
#7698,#7699,#7700,#7701,#7702,#7703,#7704,#7705,#7706,#7707,#7708,#7709,
#7710,#7711,#7712,#7713,#7714,#7715,#7716,#7717,#7718,#7719,#7720,#7721,
#7722,#7723,#7724,#7725,#7726,#7727,#7728,#7729,#7730,#7731,#7732,#7733,
#7734,#7735,#7736,#7737,#7738,#7739,#7740,#7741,#7742,#7743,#7744,#7745,
#7746,#7747,#7748,#7749,#7750,#7751,#7752,#7753,#7754,#7755,#7756,#7757,
#7758,#7759,#7760,#7761,#7762,#7763,#7764,#7765,#7766,#7767,#7768,#7769,
#7770,#7771,#7772,#7773,#7774,#7775,#7776,#7777,#7778,#7779,#7780,#7781,
#7782,#7783,#7784,#7785,#7786,#7787,#7788,#7789,#7790,#7791,#7792,#7793,
#7794,#7795,#7796,#7797,#7798,#7799,#7800,#7801,#7802,#7803,#7804,#7805,
#7806,#7807,#7808,#7809,#7810,#7811,#7812,#7813,#7814,#7815,#7816,#7817,
#7818,#7819,#7820,#7821,#7822,#7823,#7824,#7825,#7826,#7827,#7828,#7829,
#7830,#7831,#7832,#7833,#7834,#7835,#7836));
#7870=CLOSED_SHELL('',(#7837,#7838,#7839,#7840,#7841,#7842,#7843,#7844,
#7845,#7846,#7847,#7848,#7849));
#7871=CLOSED_SHELL('',(#7850,#7851,#7852,#7853,#7854,#7855,#7856,#7857,
#7858,#7859,#7860,#7861,#7862));
#7872=DERIVED_UNIT_ELEMENT(#7890,1.);
#7873=DERIVED_UNIT_ELEMENT(#13433,-3.);
#7874=DERIVED_UNIT_ELEMENT(#7890,1.);
#7875=DERIVED_UNIT_ELEMENT(#13433,-3.);
#7876=DERIVED_UNIT_ELEMENT(#7890,1.);
#7877=DERIVED_UNIT_ELEMENT(#13433,-3.);
#7878=DERIVED_UNIT_ELEMENT(#7890,1.);
#7879=DERIVED_UNIT_ELEMENT(#13433,-3.);
#7880=DERIVED_UNIT_ELEMENT(#7890,1.);
#7881=DERIVED_UNIT_ELEMENT(#13433,-3.);
#7882=DERIVED_UNIT_ELEMENT(#7890,1.);
#7883=DERIVED_UNIT_ELEMENT(#13433,-3.);
#7884=DERIVED_UNIT_ELEMENT(#7890,1.);
#7885=DERIVED_UNIT_ELEMENT(#13433,-3.);
#7886=DERIVED_UNIT_ELEMENT(#7890,1.);
#7887=DERIVED_UNIT_ELEMENT(#13433,-3.);
#7888=DERIVED_UNIT_ELEMENT(#7890,1.);
#7889=DERIVED_UNIT_ELEMENT(#13433,-3.);
#7890=(
MASS_UNIT()
NAMED_UNIT(*)
SI_UNIT(.KILO.,.GRAM.)
);
#7891=DERIVED_UNIT((#7872,#7873));
#7892=DERIVED_UNIT((#7874,#7875));
#7893=DERIVED_UNIT((#7876,#7877));
#7894=DERIVED_UNIT((#7878,#7879));
#7895=DERIVED_UNIT((#7880,#7881));
#7896=DERIVED_UNIT((#7882,#7883));
#7897=DERIVED_UNIT((#7884,#7885));
#7898=DERIVED_UNIT((#7886,#7887));
#7899=DERIVED_UNIT((#7888,#7889));
#7900=MEASURE_REPRESENTATION_ITEM('density measure',
POSITIVE_RATIO_MEASURE(7850.),#7891);
#7901=MEASURE_REPRESENTATION_ITEM('density measure',
POSITIVE_RATIO_MEASURE(7850.),#7892);
#7902=MEASURE_REPRESENTATION_ITEM('density measure',
POSITIVE_RATIO_MEASURE(7850.),#7893);
#7903=MEASURE_REPRESENTATION_ITEM('density measure',
POSITIVE_RATIO_MEASURE(7850.),#7894);
#7904=MEASURE_REPRESENTATION_ITEM('density measure',
POSITIVE_RATIO_MEASURE(7850.),#7895);
#7905=MEASURE_REPRESENTATION_ITEM('density measure',
POSITIVE_RATIO_MEASURE(7850.),#7896);
#7906=MEASURE_REPRESENTATION_ITEM('density measure',
POSITIVE_RATIO_MEASURE(7850.),#7897);
#7907=MEASURE_REPRESENTATION_ITEM('density measure',
POSITIVE_RATIO_MEASURE(7850.),#7898);
#7908=MEASURE_REPRESENTATION_ITEM('density measure',
POSITIVE_RATIO_MEASURE(7850.),#7899);
#7909=PROPERTY_DEFINITION_REPRESENTATION(#7954,#7927);
#7910=PROPERTY_DEFINITION_REPRESENTATION(#7955,#7928);
#7911=PROPERTY_DEFINITION_REPRESENTATION(#7956,#7929);
#7912=PROPERTY_DEFINITION_REPRESENTATION(#7957,#7930);
#7913=PROPERTY_DEFINITION_REPRESENTATION(#7958,#7931);
#7914=PROPERTY_DEFINITION_REPRESENTATION(#7959,#7932);
#7915=PROPERTY_DEFINITION_REPRESENTATION(#7960,#7933);
#7916=PROPERTY_DEFINITION_REPRESENTATION(#7961,#7934);
#7917=PROPERTY_DEFINITION_REPRESENTATION(#7962,#7935);
#7918=PROPERTY_DEFINITION_REPRESENTATION(#7963,#7936);
#7919=PROPERTY_DEFINITION_REPRESENTATION(#7964,#7937);
#7920=PROPERTY_DEFINITION_REPRESENTATION(#7965,#7938);
#7921=PROPERTY_DEFINITION_REPRESENTATION(#7966,#7939);
#7922=PROPERTY_DEFINITION_REPRESENTATION(#7967,#7940);
#7923=PROPERTY_DEFINITION_REPRESENTATION(#7968,#7941);
#7924=PROPERTY_DEFINITION_REPRESENTATION(#7969,#7942);
#7925=PROPERTY_DEFINITION_REPRESENTATION(#7970,#7943);
#7926=PROPERTY_DEFINITION_REPRESENTATION(#7971,#7944);
#7927=REPRESENTATION('material name',(#7945),#13421);
#7928=REPRESENTATION('density',(#7900),#13421);
#7929=REPRESENTATION('material name',(#7946),#13422);
#7930=REPRESENTATION('density',(#7901),#13422);
#7931=REPRESENTATION('material name',(#7947),#13423);
#7932=REPRESENTATION('density',(#7902),#13423);
#7933=REPRESENTATION('material name',(#7948),#13425);
#7934=REPRESENTATION('density',(#7903),#13425);
#7935=REPRESENTATION('material name',(#7949),#13426);
#7936=REPRESENTATION('density',(#7904),#13426);
#7937=REPRESENTATION('material name',(#7950),#13427);
#7938=REPRESENTATION('density',(#7905),#13427);
#7939=REPRESENTATION('material name',(#7951),#13428);
#7940=REPRESENTATION('density',(#7906),#13428);
#7941=REPRESENTATION('material name',(#7952),#13429);
#7942=REPRESENTATION('density',(#7907),#13429);
#7943=REPRESENTATION('material name',(#7953),#13430);
#7944=REPRESENTATION('density',(#7908),#13430);
#7945=DESCRIPTIVE_REPRESENTATION_ITEM('Steel','Steel');
#7946=DESCRIPTIVE_REPRESENTATION_ITEM('Steel','Steel');
#7947=DESCRIPTIVE_REPRESENTATION_ITEM('Steel','Steel');
#7948=DESCRIPTIVE_REPRESENTATION_ITEM('Steel','Steel');
#7949=DESCRIPTIVE_REPRESENTATION_ITEM('Steel','Steel');
#7950=DESCRIPTIVE_REPRESENTATION_ITEM('Steel','Steel');
#7951=DESCRIPTIVE_REPRESENTATION_ITEM('Steel','Steel');
#7952=DESCRIPTIVE_REPRESENTATION_ITEM('Steel','Steel');
#7953=DESCRIPTIVE_REPRESENTATION_ITEM('Steel','Steel');
#7954=PROPERTY_DEFINITION('material property','material name',#13488);
#7955=PROPERTY_DEFINITION('material property','density of part',#13488);
#7956=PROPERTY_DEFINITION('material property','material name',#13489);
#7957=PROPERTY_DEFINITION('material property','density of part',#13489);
#7958=PROPERTY_DEFINITION('material property','material name',#13490);
#7959=PROPERTY_DEFINITION('material property','density of part',#13490);
#7960=PROPERTY_DEFINITION('material property','material name',#13492);
#7961=PROPERTY_DEFINITION('material property','density of part',#13492);
#7962=PROPERTY_DEFINITION('material property','material name',#13493);
#7963=PROPERTY_DEFINITION('material property','density of part',#13493);
#7964=PROPERTY_DEFINITION('material property','material name',#13494);
#7965=PROPERTY_DEFINITION('material property','density of part',#13494);
#7966=PROPERTY_DEFINITION('material property','material name',#13495);
#7967=PROPERTY_DEFINITION('material property','density of part',#13495);
#7968=PROPERTY_DEFINITION('material property','material name',#13496);
#7969=PROPERTY_DEFINITION('material property','density of part',#13496);
#7970=PROPERTY_DEFINITION('material property','material name',#13497);
#7971=PROPERTY_DEFINITION('material property','density of part',#13497);
#7972=AXIS2_PLACEMENT_3D('',#11116,#8762,#8763);
#7973=AXIS2_PLACEMENT_3D('',#11117,#8764,#8765);
#7974=AXIS2_PLACEMENT_3D('',#11118,#8766,#8767);
#7975=AXIS2_PLACEMENT_3D('',#11119,#8768,#8769);
#7976=AXIS2_PLACEMENT_3D('',#11121,#8770,#8771);
#7977=AXIS2_PLACEMENT_3D('',#11124,#8773,#8774);
#7978=AXIS2_PLACEMENT_3D('',#11125,#8775,#8776);
#7979=AXIS2_PLACEMENT_3D('',#11127,#8777,#8778);
#7980=AXIS2_PLACEMENT_3D('',#11130,#8780,#8781);
#7981=AXIS2_PLACEMENT_3D('',#11131,#8782,#8783);
#7982=AXIS2_PLACEMENT_3D('',#11132,#8784,#8785);
#7983=AXIS2_PLACEMENT_3D('',#11133,#8786,#8787);
#7984=AXIS2_PLACEMENT_3D('',#11134,#8788,#8789);
#7985=AXIS2_PLACEMENT_3D('',#11136,#8790,#8791);
#7986=AXIS2_PLACEMENT_3D('',#11138,#8792,#8793);
#7987=AXIS2_PLACEMENT_3D('',#11139,#8794,#8795);
#7988=AXIS2_PLACEMENT_3D('',#11141,#8796,#8797);
#7989=AXIS2_PLACEMENT_3D('',#11143,#8799,#8800);
#7990=AXIS2_PLACEMENT_3D('',#11145,#8801,#8802);
#7991=AXIS2_PLACEMENT_3D('',#11147,#8804,#8805);
#7992=AXIS2_PLACEMENT_3D('',#11148,#8806,#8807);
#7993=AXIS2_PLACEMENT_3D('',#11149,#8808,#8809);
#7994=AXIS2_PLACEMENT_3D('',#11150,#8810,#8811);
#7995=AXIS2_PLACEMENT_3D('',#11151,#8812,#8813);
#7996=AXIS2_PLACEMENT_3D('',#11153,#8814,#8815);
#7997=AXIS2_PLACEMENT_3D('',#11156,#8817,#8818);
#7998=AXIS2_PLACEMENT_3D('',#11157,#8819,#8820);
#7999=AXIS2_PLACEMENT_3D('',#11160,#8821,#8822);
#8000=AXIS2_PLACEMENT_3D('',#11164,#8824,#8825);
#8001=AXIS2_PLACEMENT_3D('',#11168,#8827,#8828);
#8002=AXIS2_PLACEMENT_3D('',#11172,#8830,#8831);
#8003=AXIS2_PLACEMENT_3D('',#11176,#8833,#8834);
#8004=AXIS2_PLACEMENT_3D('',#11180,#8836,#8837);
#8005=AXIS2_PLACEMENT_3D('',#11184,#8839,#8840);
#8006=AXIS2_PLACEMENT_3D('',#11188,#8842,#8843);
#8007=AXIS2_PLACEMENT_3D('',#11192,#8845,#8846);
#8008=AXIS2_PLACEMENT_3D('',#11196,#8848,#8849);
#8009=AXIS2_PLACEMENT_3D('',#11200,#8851,#8852);
#8010=AXIS2_PLACEMENT_3D('',#11204,#8854,#8855);
#8011=AXIS2_PLACEMENT_3D('',#11207,#8857,#8858);
#8012=AXIS2_PLACEMENT_3D('',#11209,#8859,#8860);
#8013=AXIS2_PLACEMENT_3D('',#11214,#8862,#8863);
#8014=AXIS2_PLACEMENT_3D('',#11217,#8865,#8866);
#8015=AXIS2_PLACEMENT_3D('',#11222,#8868,#8869);
#8016=AXIS2_PLACEMENT_3D('',#11225,#8871,#8872);
#8017=AXIS2_PLACEMENT_3D('',#11227,#8873,#8874);
#8018=AXIS2_PLACEMENT_3D('',#11228,#8875,#8876);
#8019=AXIS2_PLACEMENT_3D('',#11230,#8877,#8878);
#8020=AXIS2_PLACEMENT_3D('',#11232,#8880,#8881);
#8021=AXIS2_PLACEMENT_3D('',#11235,#8883,#8884);
#8022=AXIS2_PLACEMENT_3D('',#11236,#8885,#8886);
#8023=AXIS2_PLACEMENT_3D('',#11238,#8887,#8888);
#8024=AXIS2_PLACEMENT_3D('',#11240,#8890,#8891);
#8025=AXIS2_PLACEMENT_3D('',#11243,#8893,#8894);
#8026=AXIS2_PLACEMENT_3D('',#11244,#8895,#8896);
#8027=AXIS2_PLACEMENT_3D('',#11246,#8897,#8898);
#8028=AXIS2_PLACEMENT_3D('',#11248,#8900,#8901);
#8029=AXIS2_PLACEMENT_3D('',#11251,#8903,#8904);
#8030=AXIS2_PLACEMENT_3D('',#11252,#8905,#8906);
#8031=AXIS2_PLACEMENT_3D('',#11254,#8907,#8908);
#8032=AXIS2_PLACEMENT_3D('',#11256,#8910,#8911);
#8033=AXIS2_PLACEMENT_3D('',#11262,#8915,#8916);
#8034=AXIS2_PLACEMENT_3D('',#11265,#8918,#8919);
#8035=AXIS2_PLACEMENT_3D('',#11266,#8920,#8921);
#8036=AXIS2_PLACEMENT_3D('',#11270,#8924,#8925);
#8037=AXIS2_PLACEMENT_3D('',#11271,#8926,#8927);
#8038=AXIS2_PLACEMENT_3D('',#11272,#8928,#8929);
#8039=AXIS2_PLACEMENT_3D('',#11276,#8931,#8932);
#8040=AXIS2_PLACEMENT_3D('',#11278,#8934,#8935);
#8041=AXIS2_PLACEMENT_3D('',#11282,#8938,#8939);
#8042=AXIS2_PLACEMENT_3D('',#11288,#8943,#8944);
#8043=AXIS2_PLACEMENT_3D('',#11291,#8946,#8947);
#8044=AXIS2_PLACEMENT_3D('',#11292,#8948,#8949);
#8045=AXIS2_PLACEMENT_3D('',#11296,#8952,#8953);
#8046=AXIS2_PLACEMENT_3D('',#11297,#8954,#8955);
#8047=AXIS2_PLACEMENT_3D('',#11298,#8956,#8957);
#8048=AXIS2_PLACEMENT_3D('',#11302,#8959,#8960);
#8049=AXIS2_PLACEMENT_3D('',#11304,#8962,#8963);
#8050=AXIS2_PLACEMENT_3D('',#11308,#8966,#8967);
#8051=AXIS2_PLACEMENT_3D('',#11312,#8969,#8970);
#8052=AXIS2_PLACEMENT_3D('',#11314,#8972,#8973);
#8053=AXIS2_PLACEMENT_3D('',#11318,#8976,#8977);
#8054=AXIS2_PLACEMENT_3D('',#11321,#8979,#8980);
#8055=AXIS2_PLACEMENT_3D('',#11322,#8981,#8982);
#8056=AXIS2_PLACEMENT_3D('',#11326,#8985,#8986);
#8057=AXIS2_PLACEMENT_3D('',#11329,#8988,#8989);
#8058=AXIS2_PLACEMENT_3D('',#11330,#8990,#8991);
#8059=AXIS2_PLACEMENT_3D('',#11334,#8994,#8995);
#8060=AXIS2_PLACEMENT_3D('',#11337,#8997,#8998);
#8061=AXIS2_PLACEMENT_3D('',#11338,#8999,#9000);
#8062=AXIS2_PLACEMENT_3D('',#11342,#9003,#9004);
#8063=AXIS2_PLACEMENT_3D('',#11345,#9006,#9007);
#8064=AXIS2_PLACEMENT_3D('',#11346,#9008,#9009);
#8065=AXIS2_PLACEMENT_3D('',#11350,#9012,#9013);
#8066=AXIS2_PLACEMENT_3D('',#11353,#9015,#9016);
#8067=AXIS2_PLACEMENT_3D('',#11354,#9017,#9018);
#8068=AXIS2_PLACEMENT_3D('',#11358,#9021,#9022);
#8069=AXIS2_PLACEMENT_3D('',#11361,#9024,#9025);
#8070=AXIS2_PLACEMENT_3D('',#11362,#9026,#9027);
#8071=AXIS2_PLACEMENT_3D('',#11366,#9030,#9031);
#8072=AXIS2_PLACEMENT_3D('',#11369,#9033,#9034);
#8073=AXIS2_PLACEMENT_3D('',#11370,#9035,#9036);
#8074=AXIS2_PLACEMENT_3D('',#11374,#9039,#9040);
#8075=AXIS2_PLACEMENT_3D('',#11377,#9042,#9043);
#8076=AXIS2_PLACEMENT_3D('',#11378,#9044,#9045);
#8077=AXIS2_PLACEMENT_3D('',#11382,#9048,#9049);
#8078=AXIS2_PLACEMENT_3D('',#11385,#9051,#9052);
#8079=AXIS2_PLACEMENT_3D('',#11386,#9053,#9054);
#8080=AXIS2_PLACEMENT_3D('',#11390,#9057,#9058);
#8081=AXIS2_PLACEMENT_3D('',#11393,#9060,#9061);
#8082=AXIS2_PLACEMENT_3D('',#11394,#9062,#9063);
#8083=AXIS2_PLACEMENT_3D('',#11398,#9066,#9067);
#8084=AXIS2_PLACEMENT_3D('',#11401,#9069,#9070);
#8085=AXIS2_PLACEMENT_3D('',#11402,#9071,#9072);
#8086=AXIS2_PLACEMENT_3D('',#11404,#9074,#9075);
#8087=AXIS2_PLACEMENT_3D('',#11410,#9079,#9080);
#8088=AXIS2_PLACEMENT_3D('',#11413,#9082,#9083);
#8089=AXIS2_PLACEMENT_3D('',#11414,#9084,#9085);
#8090=AXIS2_PLACEMENT_3D('',#11418,#9088,#9089);
#8091=AXIS2_PLACEMENT_3D('',#11421,#9091,#9092);
#8092=AXIS2_PLACEMENT_3D('',#11422,#9093,#9094);
#8093=AXIS2_PLACEMENT_3D('',#11426,#9097,#9098);
#8094=AXIS2_PLACEMENT_3D('',#11429,#9100,#9101);
#8095=AXIS2_PLACEMENT_3D('',#11430,#9102,#9103);
#8096=AXIS2_PLACEMENT_3D('',#11434,#9106,#9107);
#8097=AXIS2_PLACEMENT_3D('',#11437,#9109,#9110);
#8098=AXIS2_PLACEMENT_3D('',#11438,#9111,#9112);
#8099=AXIS2_PLACEMENT_3D('',#11442,#9115,#9116);
#8100=AXIS2_PLACEMENT_3D('',#11445,#9118,#9119);
#8101=AXIS2_PLACEMENT_3D('',#11446,#9120,#9121);
#8102=AXIS2_PLACEMENT_3D('',#11450,#9124,#9125);
#8103=AXIS2_PLACEMENT_3D('',#11453,#9127,#9128);
#8104=AXIS2_PLACEMENT_3D('',#11454,#9129,#9130);
#8105=AXIS2_PLACEMENT_3D('',#11456,#9131,#9132);
#8106=AXIS2_PLACEMENT_3D('',#11458,#9134,#9135);
#8107=AXIS2_PLACEMENT_3D('',#11463,#9137,#9138);
#8108=AXIS2_PLACEMENT_3D('',#11467,#9140,#9141);
#8109=AXIS2_PLACEMENT_3D('',#11471,#9143,#9144);
#8110=AXIS2_PLACEMENT_3D('',#11475,#9146,#9147);
#8111=AXIS2_PLACEMENT_3D('',#11479,#9149,#9150);
#8112=AXIS2_PLACEMENT_3D('',#11483,#9152,#9153);
#8113=AXIS2_PLACEMENT_3D('',#11487,#9155,#9156);
#8114=AXIS2_PLACEMENT_3D('',#11491,#9158,#9159);
#8115=AXIS2_PLACEMENT_3D('',#11495,#9161,#9162);
#8116=AXIS2_PLACEMENT_3D('',#11499,#9164,#9165);
#8117=AXIS2_PLACEMENT_3D('',#11503,#9167,#9168);
#8118=AXIS2_PLACEMENT_3D('',#11506,#9170,#9171);
#8119=AXIS2_PLACEMENT_3D('',#11508,#9172,#9173);
#8120=AXIS2_PLACEMENT_3D('',#11510,#9174,#9175);
#8121=AXIS2_PLACEMENT_3D('',#11513,#9176,#9177);
#8122=AXIS2_PLACEMENT_3D('',#11517,#9179,#9180);
#8123=AXIS2_PLACEMENT_3D('',#11521,#9182,#9183);
#8124=AXIS2_PLACEMENT_3D('',#11525,#9185,#9186);
#8125=AXIS2_PLACEMENT_3D('',#11528,#9188,#9189);
#8126=AXIS2_PLACEMENT_3D('',#11529,#9190,#9191);
#8127=AXIS2_PLACEMENT_3D('',#11531,#9193,#9194);
#8128=AXIS2_PLACEMENT_3D('',#11533,#9196,#9197);
#8129=AXIS2_PLACEMENT_3D('',#11535,#9199,#9200);
#8130=AXIS2_PLACEMENT_3D('',#11541,#9204,#9205);
#8131=AXIS2_PLACEMENT_3D('',#11543,#9206,#9207);
#8132=AXIS2_PLACEMENT_3D('',#11545,#9209,#9210);
#8133=AXIS2_PLACEMENT_3D('',#11549,#9213,#9214);
#8134=AXIS2_PLACEMENT_3D('',#11550,#9215,#9216);
#8135=AXIS2_PLACEMENT_3D('',#11552,#9218,#9219);
#8136=AXIS2_PLACEMENT_3D('',#11554,#9221,#9222);
#8137=AXIS2_PLACEMENT_3D('',#11556,#9224,#9225);
#8138=AXIS2_PLACEMENT_3D('',#11558,#9227,#9228);
#8139=AXIS2_PLACEMENT_3D('',#11560,#9230,#9231);
#8140=AXIS2_PLACEMENT_3D('',#11562,#9233,#9234);
#8141=AXIS2_PLACEMENT_3D('',#11564,#9236,#9237);
#8142=AXIS2_PLACEMENT_3D('',#11566,#9239,#9240);
#8143=AXIS2_PLACEMENT_3D('',#11568,#9242,#9243);
#8144=AXIS2_PLACEMENT_3D('',#11570,#9245,#9246);
#8145=AXIS2_PLACEMENT_3D('',#11572,#9248,#9249);
#8146=AXIS2_PLACEMENT_3D('',#11574,#9251,#9252);
#8147=AXIS2_PLACEMENT_3D('',#11576,#9254,#9255);
#8148=AXIS2_PLACEMENT_3D('',#11580,#9258,#9259);
#8149=AXIS2_PLACEMENT_3D('',#11583,#9261,#9262);
#8150=AXIS2_PLACEMENT_3D('',#11584,#9263,#9264);
#8151=AXIS2_PLACEMENT_3D('',#11588,#9267,#9268);
#8152=AXIS2_PLACEMENT_3D('',#11591,#9270,#9271);
#8153=AXIS2_PLACEMENT_3D('',#11592,#9272,#9273);
#8154=AXIS2_PLACEMENT_3D('',#11596,#9276,#9277);
#8155=AXIS2_PLACEMENT_3D('',#11598,#9278,#9279);
#8156=AXIS2_PLACEMENT_3D('',#11600,#9281,#9282);
#8157=AXIS2_PLACEMENT_3D('',#11604,#9285,#9286);
#8158=AXIS2_PLACEMENT_3D('',#11605,#9287,#9288);
#8159=AXIS2_PLACEMENT_3D('',#11606,#9289,#9290);
#8160=AXIS2_PLACEMENT_3D('',#11608,#9292,#9293);
#8161=AXIS2_PLACEMENT_3D('',#11610,#9295,#9296);
#8162=AXIS2_PLACEMENT_3D('',#11612,#9298,#9299);
#8163=AXIS2_PLACEMENT_3D('',#11614,#9301,#9302);
#8164=AXIS2_PLACEMENT_3D('',#11617,#9305,#9306);
#8165=AXIS2_PLACEMENT_3D('',#11619,#9308,#9309);
#8166=AXIS2_PLACEMENT_3D('',#11622,#9311,#9312);
#8167=AXIS2_PLACEMENT_3D('',#11623,#9313,#9314);
#8168=AXIS2_PLACEMENT_3D('',#11625,#9316,#9317);
#8169=AXIS2_PLACEMENT_3D('',#11629,#9320,#9321);
#8170=AXIS2_PLACEMENT_3D('',#11630,#9322,#9323);
#8171=AXIS2_PLACEMENT_3D('',#11633,#9326,#9327);
#8172=AXIS2_PLACEMENT_3D('',#11635,#9329,#9330);
#8173=AXIS2_PLACEMENT_3D('',#11636,#9331,#9332);
#8174=AXIS2_PLACEMENT_3D('',#11638,#9334,#9335);
#8175=AXIS2_PLACEMENT_3D('',#11639,#9336,#9337);
#8176=AXIS2_PLACEMENT_3D('',#11642,#9340,#9341);
#8177=AXIS2_PLACEMENT_3D('',#11644,#9343,#9344);
#8178=AXIS2_PLACEMENT_3D('',#11645,#9345,#9346);
#8179=AXIS2_PLACEMENT_3D('',#11647,#9348,#9349);
#8180=AXIS2_PLACEMENT_3D('',#11648,#9350,#9351);
#8181=AXIS2_PLACEMENT_3D('',#11650,#9353,#9354);
#8182=AXIS2_PLACEMENT_3D('',#11652,#9356,#9357);
#8183=AXIS2_PLACEMENT_3D('',#11654,#9359,#9360);
#8184=AXIS2_PLACEMENT_3D('',#11656,#9362,#9363);
#8185=AXIS2_PLACEMENT_3D('',#11657,#9364,#9365);
#8186=AXIS2_PLACEMENT_3D('',#11658,#9366,#9367);
#8187=AXIS2_PLACEMENT_3D('',#11659,#9368,#9369);
#8188=AXIS2_PLACEMENT_3D('',#11668,#9374,#9375);
#8189=AXIS2_PLACEMENT_3D('',#11670,#9376,#9377);
#8190=AXIS2_PLACEMENT_3D('',#11673,#9379,#9380);
#8191=AXIS2_PLACEMENT_3D('',#11674,#9381,#9382);
#8192=AXIS2_PLACEMENT_3D('',#11676,#9383,#9384);
#8193=AXIS2_PLACEMENT_3D('',#11679,#9386,#9387);
#8194=AXIS2_PLACEMENT_3D('',#11680,#9388,#9389);
#8195=AXIS2_PLACEMENT_3D('',#11682,#9390,#9391);
#8196=AXIS2_PLACEMENT_3D('',#11685,#9393,#9394);
#8197=AXIS2_PLACEMENT_3D('',#11686,#9395,#9396);
#8198=AXIS2_PLACEMENT_3D('',#11692,#9400,#9401);
#8199=AXIS2_PLACEMENT_3D('',#11693,#9402,#9403);
#8200=AXIS2_PLACEMENT_3D('',#11694,#9404,#9405);
#8201=AXIS2_PLACEMENT_3D('',#11695,#9406,#9407);
#8202=AXIS2_PLACEMENT_3D('',#11696,#9408,#9409);
#8203=AXIS2_PLACEMENT_3D('',#11697,#9410,#9411);
#8204=AXIS2_PLACEMENT_3D('',#11698,#9412,#9413);
#8205=AXIS2_PLACEMENT_3D('',#11703,#9415,#9416);
#8206=AXIS2_PLACEMENT_3D('',#11706,#9418,#9419);
#8207=AXIS2_PLACEMENT_3D('',#11708,#9420,#9421);
#8208=AXIS2_PLACEMENT_3D('',#11710,#9422,#9423);
#8209=AXIS2_PLACEMENT_3D('',#11711,#9424,#9425);
#8210=AXIS2_PLACEMENT_3D('',#11717,#9429,#9430);
#8211=AXIS2_PLACEMENT_3D('',#11720,#9432,#9433);
#8212=AXIS2_PLACEMENT_3D('',#11721,#9434,#9435);
#8213=AXIS2_PLACEMENT_3D('',#11725,#9438,#9439);
#8214=AXIS2_PLACEMENT_3D('',#11726,#9440,#9441);
#8215=AXIS2_PLACEMENT_3D('',#11727,#9442,#9443);
#8216=AXIS2_PLACEMENT_3D('',#11730,#9445,#9446);
#8217=AXIS2_PLACEMENT_3D('',#11731,#9447,#9448);
#8218=AXIS2_PLACEMENT_3D('',#11734,#9450,#9451);
#8219=AXIS2_PLACEMENT_3D('',#11735,#9452,#9453);
#8220=AXIS2_PLACEMENT_3D('',#11736,#9454,#9455);
#8221=AXIS2_PLACEMENT_3D('',#11737,#9456,#9457);
#8222=AXIS2_PLACEMENT_3D('',#11738,#9458,#9459);
#8223=AXIS2_PLACEMENT_3D('',#11739,#9460,#9461);
#8224=AXIS2_PLACEMENT_3D('',#11742,#9462,#9463);
#8225=AXIS2_PLACEMENT_3D('',#11746,#9465,#9466);
#8226=AXIS2_PLACEMENT_3D('',#11748,#9468,#9469);
#8227=AXIS2_PLACEMENT_3D('',#11750,#9470,#9471);
#8228=AXIS2_PLACEMENT_3D('',#11752,#9472,#9473);
#8229=AXIS2_PLACEMENT_3D('',#11753,#9474,#9475);
#8230=AXIS2_PLACEMENT_3D('',#11754,#9476,#9477);
#8231=AXIS2_PLACEMENT_3D('',#11758,#9479,#9480);
#8232=AXIS2_PLACEMENT_3D('',#11760,#9482,#9483);
#8233=AXIS2_PLACEMENT_3D('',#11761,#9484,#9485);
#8234=AXIS2_PLACEMENT_3D('',#11762,#9486,#9487);
#8235=AXIS2_PLACEMENT_3D('',#11763,#9488,#9489);
#8236=AXIS2_PLACEMENT_3D('',#11767,#9491,#9492);
#8237=AXIS2_PLACEMENT_3D('',#11769,#9494,#9495);
#8238=AXIS2_PLACEMENT_3D('',#11773,#9498,#9499);
#8239=AXIS2_PLACEMENT_3D('',#11777,#9501,#9502);
#8240=AXIS2_PLACEMENT_3D('',#11779,#9504,#9505);
#8241=AXIS2_PLACEMENT_3D('',#11783,#9508,#9509);
#8242=AXIS2_PLACEMENT_3D('',#11785,#9510,#9511);
#8243=AXIS2_PLACEMENT_3D('',#11787,#9512,#9513);
#8244=AXIS2_PLACEMENT_3D('',#11789,#9515,#9516);
#8245=AXIS2_PLACEMENT_3D('',#11791,#9517,#9518);
#8246=AXIS2_PLACEMENT_3D('',#11793,#9519,#9520);
#8247=AXIS2_PLACEMENT_3D('',#11794,#9521,#9522);
#8248=AXIS2_PLACEMENT_3D('',#11795,#9523,#9524);
#8249=AXIS2_PLACEMENT_3D('',#11798,#9526,#9527);
#8250=AXIS2_PLACEMENT_3D('',#11800,#9529,#9530);
#8251=AXIS2_PLACEMENT_3D('',#11801,#9531,#9532);
#8252=AXIS2_PLACEMENT_3D('',#11802,#9533,#9534);
#8253=AXIS2_PLACEMENT_3D('',#11804,#9536,#9537);
#8254=AXIS2_PLACEMENT_3D('',#11808,#9539,#9540);
#8255=AXIS2_PLACEMENT_3D('',#11810,#9542,#9543);
#8256=AXIS2_PLACEMENT_3D('',#11814,#9546,#9547);
#8257=AXIS2_PLACEMENT_3D('',#11819,#9549,#9550);
#8258=AXIS2_PLACEMENT_3D('',#11822,#9552,#9553);
#8259=AXIS2_PLACEMENT_3D('',#11823,#9554,#9555);
#8260=AXIS2_PLACEMENT_3D('',#11825,#9556,#9557);
#8261=AXIS2_PLACEMENT_3D('',#11828,#9559,#9560);
#8262=AXIS2_PLACEMENT_3D('',#11829,#9561,#9562);
#8263=AXIS2_PLACEMENT_3D('',#11835,#9566,#9567);
#8264=AXIS2_PLACEMENT_3D('',#11837,#9568,#9569);
#8265=AXIS2_PLACEMENT_3D('',#11840,#9571,#9572);
#8266=AXIS2_PLACEMENT_3D('',#11841,#9573,#9574);
#8267=AXIS2_PLACEMENT_3D('',#11845,#9576,#9577);
#8268=AXIS2_PLACEMENT_3D('',#11846,#9578,#9579);
#8269=AXIS2_PLACEMENT_3D('',#11847,#9580,#9581);
#8270=AXIS2_PLACEMENT_3D('',#11853,#9585,#9586);
#8271=AXIS2_PLACEMENT_3D('',#11857,#9588,#9589);
#8272=AXIS2_PLACEMENT_3D('',#11858,#9590,#9591);
#8273=AXIS2_PLACEMENT_3D('',#11859,#9592,#9593);
#8274=AXIS2_PLACEMENT_3D('',#11861,#9594,#9595);
#8275=AXIS2_PLACEMENT_3D('',#11864,#9597,#9598);
#8276=AXIS2_PLACEMENT_3D('',#11865,#9599,#9600);
#8277=AXIS2_PLACEMENT_3D('',#11871,#9604,#9605);
#8278=AXIS2_PLACEMENT_3D('',#11873,#9606,#9607);
#8279=AXIS2_PLACEMENT_3D('',#11876,#9609,#9610);
#8280=AXIS2_PLACEMENT_3D('',#11877,#9611,#9612);
#8281=AXIS2_PLACEMENT_3D('',#11881,#9614,#9615);
#8282=AXIS2_PLACEMENT_3D('',#11882,#9616,#9617);
#8283=AXIS2_PLACEMENT_3D('',#11883,#9618,#9619);
#8284=AXIS2_PLACEMENT_3D('',#11886,#9622,#9623);
#8285=AXIS2_PLACEMENT_3D('',#11890,#9625,#9626);
#8286=AXIS2_PLACEMENT_3D('',#11892,#9628,#9629);
#8287=AXIS2_PLACEMENT_3D('',#11896,#9632,#9633);
#8288=AXIS2_PLACEMENT_3D('',#11899,#9635,#9636);
#8289=AXIS2_PLACEMENT_3D('',#11900,#9637,#9638);
#8290=AXIS2_PLACEMENT_3D('',#11903,#9640,#9641);
#8291=AXIS2_PLACEMENT_3D('',#11904,#9642,#9643);
#8292=AXIS2_PLACEMENT_3D('',#11908,#9646,#9647);
#8293=AXIS2_PLACEMENT_3D('',#11911,#9649,#9650);
#8294=AXIS2_PLACEMENT_3D('',#11912,#9651,#9652);
#8295=AXIS2_PLACEMENT_3D('',#11914,#9653,#9654);
#8296=AXIS2_PLACEMENT_3D('',#11916,#9655,#9656);
#8297=AXIS2_PLACEMENT_3D('',#11919,#9658,#9659);
#8298=AXIS2_PLACEMENT_3D('',#11920,#9660,#9661);
#8299=AXIS2_PLACEMENT_3D('',#11923,#9663,#9664);
#8300=AXIS2_PLACEMENT_3D('',#11924,#9665,#9666);
#8301=AXIS2_PLACEMENT_3D('',#11927,#9668,#9669);
#8302=AXIS2_PLACEMENT_3D('',#11928,#9670,#9671);
#8303=AXIS2_PLACEMENT_3D('',#11931,#9673,#9674);
#8304=AXIS2_PLACEMENT_3D('',#11932,#9675,#9676);
#8305=AXIS2_PLACEMENT_3D('',#11935,#9678,#9679);
#8306=AXIS2_PLACEMENT_3D('',#11936,#9680,#9681);
#8307=AXIS2_PLACEMENT_3D('',#11938,#9682,#9683);
#8308=AXIS2_PLACEMENT_3D('',#11940,#9685,#9686);
#8309=AXIS2_PLACEMENT_3D('',#11945,#9688,#9689);
#8310=AXIS2_PLACEMENT_3D('',#11947,#9690,#9691);
#8311=AXIS2_PLACEMENT_3D('',#11951,#9693,#9694);
#8312=AXIS2_PLACEMENT_3D('',#11953,#9695,#9696);
#8313=AXIS2_PLACEMENT_3D('',#11957,#9698,#9699);
#8314=AXIS2_PLACEMENT_3D('',#11959,#9700,#9701);
#8315=AXIS2_PLACEMENT_3D('',#11963,#9703,#9704);
#8316=AXIS2_PLACEMENT_3D('',#11964,#9705,#9706);
#8317=AXIS2_PLACEMENT_3D('',#11966,#9707,#9708);
#8318=AXIS2_PLACEMENT_3D('',#11968,#9709,#9710);
#8319=AXIS2_PLACEMENT_3D('',#11970,#9712,#9713);
#8320=AXIS2_PLACEMENT_3D('',#11972,#9715,#9716);
#8321=AXIS2_PLACEMENT_3D('',#11975,#9719,#9720);
#8322=AXIS2_PLACEMENT_3D('',#11977,#9722,#9723);
#8323=AXIS2_PLACEMENT_3D('',#11979,#9725,#9726);
#8324=AXIS2_PLACEMENT_3D('',#11981,#9728,#9729);
#8325=AXIS2_PLACEMENT_3D('',#11983,#9731,#9732);
#8326=AXIS2_PLACEMENT_3D('',#11986,#9734,#9735);
#8327=AXIS2_PLACEMENT_3D('',#11987,#9736,#9737);
#8328=AXIS2_PLACEMENT_3D('',#11991,#9740,#9741);
#8329=AXIS2_PLACEMENT_3D('',#11994,#9743,#9744);
#8330=AXIS2_PLACEMENT_3D('',#11995,#9745,#9746);
#8331=AXIS2_PLACEMENT_3D('',#11997,#9747,#9748);
#8332=AXIS2_PLACEMENT_3D('',#11999,#9750,#9751);
#8333=AXIS2_PLACEMENT_3D('',#12003,#9754,#9755);
#8334=AXIS2_PLACEMENT_3D('',#12004,#9756,#9757);
#8335=AXIS2_PLACEMENT_3D('',#12006,#9759,#9760);
#8336=AXIS2_PLACEMENT_3D('',#12007,#9761,#9762);
#8337=AXIS2_PLACEMENT_3D('',#12009,#9764,#9765);
#8338=AXIS2_PLACEMENT_3D('',#12011,#9767,#9768);
#8339=AXIS2_PLACEMENT_3D('',#12012,#9769,#9770);
#8340=AXIS2_PLACEMENT_3D('',#12014,#9772,#9773);
#8341=AXIS2_PLACEMENT_3D('',#12015,#9774,#9775);
#8342=AXIS2_PLACEMENT_3D('',#12017,#9777,#9778);
#8343=AXIS2_PLACEMENT_3D('',#12019,#9780,#9781);
#8344=AXIS2_PLACEMENT_3D('',#12021,#9783,#9784);
#8345=AXIS2_PLACEMENT_3D('',#12022,#9785,#9786);
#8346=AXIS2_PLACEMENT_3D('',#12024,#9788,#9789);
#8347=AXIS2_PLACEMENT_3D('',#12025,#9790,#9791);
#8348=AXIS2_PLACEMENT_3D('',#12026,#9792,#9793);
#8349=AXIS2_PLACEMENT_3D('',#12035,#9798,#9799);
#8350=AXIS2_PLACEMENT_3D('',#12044,#9804,#9805);
#8351=AXIS2_PLACEMENT_3D('',#12046,#9806,#9807);
#8352=AXIS2_PLACEMENT_3D('',#12049,#9809,#9810);
#8353=AXIS2_PLACEMENT_3D('',#12050,#9811,#9812);
#8354=AXIS2_PLACEMENT_3D('',#12056,#9816,#9817);
#8355=AXIS2_PLACEMENT_3D('',#12058,#9818,#9819);
#8356=AXIS2_PLACEMENT_3D('',#12061,#9821,#9822);
#8357=AXIS2_PLACEMENT_3D('',#12062,#9823,#9824);
#8358=AXIS2_PLACEMENT_3D('',#12068,#9828,#9829);
#8359=AXIS2_PLACEMENT_3D('',#12071,#9830,#9831);
#8360=AXIS2_PLACEMENT_3D('',#12075,#9833,#9834);
#8361=AXIS2_PLACEMENT_3D('',#12077,#9836,#9837);
#8362=AXIS2_PLACEMENT_3D('',#12086,#9843,#9844);
#8363=AXIS2_PLACEMENT_3D('',#12124,#9863,#9864);
#8364=AXIS2_PLACEMENT_3D('',#12168,#9886,#9887);
#8365=AXIS2_PLACEMENT_3D('',#12170,#9889,#9890);
#8366=AXIS2_PLACEMENT_3D('',#12172,#9891,#9892);
#8367=AXIS2_PLACEMENT_3D('',#12174,#9893,#9894);
#8368=AXIS2_PLACEMENT_3D('',#12176,#9896,#9897);
#8369=AXIS2_PLACEMENT_3D('',#12183,#9902,#9903);
#8370=AXIS2_PLACEMENT_3D('',#12245,#9938,#9939);
#8371=AXIS2_PLACEMENT_3D('',#12307,#9974,#9975);
#8372=AXIS2_PLACEMENT_3D('',#12312,#9977,#9978);
#8373=AXIS2_PLACEMENT_3D('',#12316,#9980,#9981);
#8374=AXIS2_PLACEMENT_3D('',#12320,#9983,#9984);
#8375=AXIS2_PLACEMENT_3D('',#12324,#9986,#9987);
#8376=AXIS2_PLACEMENT_3D('',#12328,#9989,#9990);
#8377=AXIS2_PLACEMENT_3D('',#12332,#9992,#9993);
#8378=AXIS2_PLACEMENT_3D('',#12336,#9995,#9996);
#8379=AXIS2_PLACEMENT_3D('',#12340,#9998,#9999);
#8380=AXIS2_PLACEMENT_3D('',#12344,#10001,#10002);
#8381=AXIS2_PLACEMENT_3D('',#12348,#10004,#10005);
#8382=AXIS2_PLACEMENT_3D('',#12352,#10007,#10008);
#8383=AXIS2_PLACEMENT_3D('',#12355,#10010,#10011);
#8384=AXIS2_PLACEMENT_3D('',#12360,#10013,#10014);
#8385=AXIS2_PLACEMENT_3D('',#12363,#10016,#10017);
#8386=AXIS2_PLACEMENT_3D('',#12365,#10018,#10019);
#8387=AXIS2_PLACEMENT_3D('',#12367,#10020,#10021);
#8388=AXIS2_PLACEMENT_3D('',#12370,#10022,#10023);
#8389=AXIS2_PLACEMENT_3D('',#12374,#10025,#10026);
#8390=AXIS2_PLACEMENT_3D('',#12378,#10028,#10029);
#8391=AXIS2_PLACEMENT_3D('',#12382,#10031,#10032);
#8392=AXIS2_PLACEMENT_3D('',#12385,#10034,#10035);
#8393=AXIS2_PLACEMENT_3D('',#12387,#10036,#10037);
#8394=AXIS2_PLACEMENT_3D('',#12392,#10039,#10040);
#8395=AXIS2_PLACEMENT_3D('',#12395,#10042,#10043);
#8396=AXIS2_PLACEMENT_3D('',#12396,#10044,#10045);
#8397=AXIS2_PLACEMENT_3D('',#12420,#10060,#10061);
#8398=AXIS2_PLACEMENT_3D('',#12444,#10076,#10077);
#8399=AXIS2_PLACEMENT_3D('',#12446,#10079,#10080);
#8400=AXIS2_PLACEMENT_3D('',#12447,#10081,#10082);
#8401=AXIS2_PLACEMENT_3D('',#12449,#10084,#10085);
#8402=AXIS2_PLACEMENT_3D('',#12450,#10086,#10087);
#8403=AXIS2_PLACEMENT_3D('',#12456,#10091,#10092);
#8404=AXIS2_PLACEMENT_3D('',#12462,#10096,#10097);
#8405=AXIS2_PLACEMENT_3D('',#12464,#10098,#10099);
#8406=AXIS2_PLACEMENT_3D('',#12467,#10101,#10102);
#8407=AXIS2_PLACEMENT_3D('',#12468,#10103,#10104);
#8408=AXIS2_PLACEMENT_3D('',#12471,#10107,#10108);
#8409=AXIS2_PLACEMENT_3D('',#12473,#10109,#10110);
#8410=AXIS2_PLACEMENT_3D('',#12476,#10112,#10113);
#8411=AXIS2_PLACEMENT_3D('',#12477,#10114,#10115);
#8412=AXIS2_PLACEMENT_3D('',#12480,#10118,#10119);
#8413=AXIS2_PLACEMENT_3D('',#12482,#10120,#10121);
#8414=AXIS2_PLACEMENT_3D('',#12485,#10123,#10124);
#8415=AXIS2_PLACEMENT_3D('',#12486,#10125,#10126);
#8416=AXIS2_PLACEMENT_3D('',#12488,#10128,#10129);
#8417=AXIS2_PLACEMENT_3D('',#12490,#10130,#10131);
#8418=AXIS2_PLACEMENT_3D('',#12492,#10132,#10133);
#8419=AXIS2_PLACEMENT_3D('',#12494,#10135,#10136);
#8420=AXIS2_PLACEMENT_3D('',#12496,#10138,#10139);
#8421=AXIS2_PLACEMENT_3D('',#12498,#10141,#10142);
#8422=AXIS2_PLACEMENT_3D('',#12499,#10143,#10144);
#8423=AXIS2_PLACEMENT_3D('',#12501,#10146,#10147);
#8424=AXIS2_PLACEMENT_3D('',#12502,#10148,#10149);
#8425=AXIS2_PLACEMENT_3D('',#12508,#10153,#10154);
#8426=AXIS2_PLACEMENT_3D('',#12514,#10158,#10159);
#8427=AXIS2_PLACEMENT_3D('',#12516,#10160,#10161);
#8428=AXIS2_PLACEMENT_3D('',#12519,#10163,#10164);
#8429=AXIS2_PLACEMENT_3D('',#12520,#10165,#10166);
#8430=AXIS2_PLACEMENT_3D('',#12523,#10169,#10170);
#8431=AXIS2_PLACEMENT_3D('',#12525,#10171,#10172);
#8432=AXIS2_PLACEMENT_3D('',#12528,#10174,#10175);
#8433=AXIS2_PLACEMENT_3D('',#12529,#10176,#10177);
#8434=AXIS2_PLACEMENT_3D('',#12532,#10180,#10181);
#8435=AXIS2_PLACEMENT_3D('',#12534,#10182,#10183);
#8436=AXIS2_PLACEMENT_3D('',#12537,#10185,#10186);
#8437=AXIS2_PLACEMENT_3D('',#12538,#10187,#10188);
#8438=AXIS2_PLACEMENT_3D('',#12540,#10190,#10191);
#8439=AXIS2_PLACEMENT_3D('',#12542,#10192,#10193);
#8440=AXIS2_PLACEMENT_3D('',#12545,#10195,#10196);
#8441=AXIS2_PLACEMENT_3D('',#12546,#10197,#10198);
#8442=AXIS2_PLACEMENT_3D('',#12548,#10200,#10201);
#8443=AXIS2_PLACEMENT_3D('',#12550,#10203,#10204);
#8444=AXIS2_PLACEMENT_3D('',#12551,#10205,#10206);
#8445=AXIS2_PLACEMENT_3D('',#12553,#10208,#10209);
#8446=AXIS2_PLACEMENT_3D('',#12554,#10210,#10211);
#8447=AXIS2_PLACEMENT_3D('',#12560,#10215,#10216);
#8448=AXIS2_PLACEMENT_3D('',#12566,#10220,#10221);
#8449=AXIS2_PLACEMENT_3D('',#12568,#10222,#10223);
#8450=AXIS2_PLACEMENT_3D('',#12571,#10225,#10226);
#8451=AXIS2_PLACEMENT_3D('',#12572,#10227,#10228);
#8452=AXIS2_PLACEMENT_3D('',#12575,#10231,#10232);
#8453=AXIS2_PLACEMENT_3D('',#12577,#10233,#10234);
#8454=AXIS2_PLACEMENT_3D('',#12580,#10236,#10237);
#8455=AXIS2_PLACEMENT_3D('',#12581,#10238,#10239);
#8456=AXIS2_PLACEMENT_3D('',#12584,#10242,#10243);
#8457=AXIS2_PLACEMENT_3D('',#12586,#10244,#10245);
#8458=AXIS2_PLACEMENT_3D('',#12588,#10246,#10247);
#8459=AXIS2_PLACEMENT_3D('',#12590,#10249,#10250);
#8460=AXIS2_PLACEMENT_3D('',#12592,#10252,#10253);
#8461=AXIS2_PLACEMENT_3D('',#12594,#10254,#10255);
#8462=AXIS2_PLACEMENT_3D('',#12597,#10257,#10258);
#8463=AXIS2_PLACEMENT_3D('',#12598,#10259,#10260);
#8464=AXIS2_PLACEMENT_3D('',#12600,#10262,#10263);
#8465=AXIS2_PLACEMENT_3D('',#12602,#10265,#10266);
#8466=AXIS2_PLACEMENT_3D('',#12603,#10267,#10268);
#8467=AXIS2_PLACEMENT_3D('',#12605,#10270,#10271);
#8468=AXIS2_PLACEMENT_3D('',#12606,#10272,#10273);
#8469=AXIS2_PLACEMENT_3D('',#12612,#10277,#10278);
#8470=AXIS2_PLACEMENT_3D('',#12618,#10282,#10283);
#8471=AXIS2_PLACEMENT_3D('',#12620,#10284,#10285);
#8472=AXIS2_PLACEMENT_3D('',#12623,#10287,#10288);
#8473=AXIS2_PLACEMENT_3D('',#12624,#10289,#10290);
#8474=AXIS2_PLACEMENT_3D('',#12627,#10293,#10294);
#8475=AXIS2_PLACEMENT_3D('',#12629,#10295,#10296);
#8476=AXIS2_PLACEMENT_3D('',#12632,#10298,#10299);
#8477=AXIS2_PLACEMENT_3D('',#12633,#10300,#10301);
#8478=AXIS2_PLACEMENT_3D('',#12636,#10304,#10305);
#8479=AXIS2_PLACEMENT_3D('',#12638,#10306,#10307);
#8480=AXIS2_PLACEMENT_3D('',#12641,#10309,#10310);
#8481=AXIS2_PLACEMENT_3D('',#12642,#10311,#10312);
#8482=AXIS2_PLACEMENT_3D('',#12644,#10314,#10315);
#8483=AXIS2_PLACEMENT_3D('',#12646,#10316,#10317);
#8484=AXIS2_PLACEMENT_3D('',#12649,#10319,#10320);
#8485=AXIS2_PLACEMENT_3D('',#12650,#10321,#10322);
#8486=AXIS2_PLACEMENT_3D('',#12652,#10324,#10325);
#8487=AXIS2_PLACEMENT_3D('',#12654,#10327,#10328);
#8488=AXIS2_PLACEMENT_3D('',#12655,#10329,#10330);
#8489=AXIS2_PLACEMENT_3D('',#12657,#10332,#10333);
#8490=AXIS2_PLACEMENT_3D('',#12658,#10334,#10335);
#8491=AXIS2_PLACEMENT_3D('',#12659,#10336,#10337);
#8492=AXIS2_PLACEMENT_3D('',#12660,#10338,#10339);
#8493=AXIS2_PLACEMENT_3D('',#12665,#10341,#10342);
#8494=AXIS2_PLACEMENT_3D('',#12668,#10344,#10345);
#8495=AXIS2_PLACEMENT_3D('',#12669,#10346,#10347);
#8496=AXIS2_PLACEMENT_3D('',#12675,#10351,#10352);
#8497=AXIS2_PLACEMENT_3D('',#12679,#10354,#10355);
#8498=AXIS2_PLACEMENT_3D('',#12680,#10356,#10357);
#8499=AXIS2_PLACEMENT_3D('',#12681,#10358,#10359);
#8500=AXIS2_PLACEMENT_3D('',#12684,#10362,#10363);
#8501=AXIS2_PLACEMENT_3D('',#12690,#10367,#10368);
#8502=AXIS2_PLACEMENT_3D('',#12693,#10370,#10371);
#8503=AXIS2_PLACEMENT_3D('',#12694,#10372,#10373);
#8504=AXIS2_PLACEMENT_3D('',#12697,#10374,#10375);
#8505=AXIS2_PLACEMENT_3D('',#12701,#10377,#10378);
#8506=AXIS2_PLACEMENT_3D('',#12705,#10380,#10381);
#8507=AXIS2_PLACEMENT_3D('',#12709,#10383,#10384);
#8508=AXIS2_PLACEMENT_3D('',#12713,#10386,#10387);
#8509=AXIS2_PLACEMENT_3D('',#12717,#10389,#10390);
#8510=AXIS2_PLACEMENT_3D('',#12721,#10392,#10393);
#8511=AXIS2_PLACEMENT_3D('',#12725,#10395,#10396);
#8512=AXIS2_PLACEMENT_3D('',#12729,#10398,#10399);
#8513=AXIS2_PLACEMENT_3D('',#12733,#10401,#10402);
#8514=AXIS2_PLACEMENT_3D('',#12737,#10404,#10405);
#8515=AXIS2_PLACEMENT_3D('',#12741,#10407,#10408);
#8516=AXIS2_PLACEMENT_3D('',#12745,#10410,#10411);
#8517=AXIS2_PLACEMENT_3D('',#12749,#10413,#10414);
#8518=AXIS2_PLACEMENT_3D('',#12755,#10417,#10418);
#8519=AXIS2_PLACEMENT_3D('',#12758,#10420,#10421);
#8520=AXIS2_PLACEMENT_3D('',#12760,#10422,#10423);
#8521=AXIS2_PLACEMENT_3D('',#12762,#10424,#10425);
#8522=AXIS2_PLACEMENT_3D('',#12764,#10426,#10427);
#8523=AXIS2_PLACEMENT_3D('',#12766,#10428,#10429);
#8524=AXIS2_PLACEMENT_3D('',#12771,#10431,#10432);
#8525=AXIS2_PLACEMENT_3D('',#12774,#10434,#10435);
#8526=AXIS2_PLACEMENT_3D('',#12775,#10436,#10437);
#8527=AXIS2_PLACEMENT_3D('',#12780,#10440,#10441);
#8528=AXIS2_PLACEMENT_3D('',#12781,#10442,#10443);
#8529=AXIS2_PLACEMENT_3D('',#12785,#10446,#10447);
#8530=AXIS2_PLACEMENT_3D('',#12788,#10449,#10450);
#8531=AXIS2_PLACEMENT_3D('',#12789,#10451,#10452);
#8532=AXIS2_PLACEMENT_3D('',#12791,#10454,#10455);
#8533=AXIS2_PLACEMENT_3D('',#12797,#10459,#10460);
#8534=AXIS2_PLACEMENT_3D('',#12800,#10462,#10463);
#8535=AXIS2_PLACEMENT_3D('',#12801,#10464,#10465);
#8536=AXIS2_PLACEMENT_3D('',#12806,#10468,#10469);
#8537=AXIS2_PLACEMENT_3D('',#12807,#10470,#10471);
#8538=AXIS2_PLACEMENT_3D('',#12811,#10474,#10475);
#8539=AXIS2_PLACEMENT_3D('',#12813,#10476,#10477);
#8540=AXIS2_PLACEMENT_3D('',#12815,#10479,#10480);
#8541=AXIS2_PLACEMENT_3D('',#12819,#10483,#10484);
#8542=AXIS2_PLACEMENT_3D('',#12821,#10485,#10486);
#8543=AXIS2_PLACEMENT_3D('',#12823,#10488,#10489);
#8544=AXIS2_PLACEMENT_3D('',#12827,#10492,#10493);
#8545=AXIS2_PLACEMENT_3D('',#12830,#10495,#10496);
#8546=AXIS2_PLACEMENT_3D('',#12831,#10497,#10498);
#8547=AXIS2_PLACEMENT_3D('',#12835,#10501,#10502);
#8548=AXIS2_PLACEMENT_3D('',#12838,#10504,#10505);
#8549=AXIS2_PLACEMENT_3D('',#12839,#10506,#10507);
#8550=AXIS2_PLACEMENT_3D('',#12843,#10510,#10511);
#8551=AXIS2_PLACEMENT_3D('',#12846,#10513,#10514);
#8552=AXIS2_PLACEMENT_3D('',#12847,#10515,#10516);
#8553=AXIS2_PLACEMENT_3D('',#12851,#10519,#10520);
#8554=AXIS2_PLACEMENT_3D('',#12854,#10522,#10523);
#8555=AXIS2_PLACEMENT_3D('',#12855,#10524,#10525);
#8556=AXIS2_PLACEMENT_3D('',#12859,#10528,#10529);
#8557=AXIS2_PLACEMENT_3D('',#12862,#10531,#10532);
#8558=AXIS2_PLACEMENT_3D('',#12863,#10533,#10534);
#8559=AXIS2_PLACEMENT_3D('',#12867,#10537,#10538);
#8560=AXIS2_PLACEMENT_3D('',#12870,#10540,#10541);
#8561=AXIS2_PLACEMENT_3D('',#12871,#10542,#10543);
#8562=AXIS2_PLACEMENT_3D('',#12875,#10546,#10547);
#8563=AXIS2_PLACEMENT_3D('',#12878,#10549,#10550);
#8564=AXIS2_PLACEMENT_3D('',#12879,#10551,#10552);
#8565=AXIS2_PLACEMENT_3D('',#12883,#10555,#10556);
#8566=AXIS2_PLACEMENT_3D('',#12886,#10558,#10559);
#8567=AXIS2_PLACEMENT_3D('',#12887,#10560,#10561);
#8568=AXIS2_PLACEMENT_3D('',#12891,#10564,#10565);
#8569=AXIS2_PLACEMENT_3D('',#12894,#10567,#10568);
#8570=AXIS2_PLACEMENT_3D('',#12895,#10569,#10570);
#8571=AXIS2_PLACEMENT_3D('',#12897,#10572,#10573);
#8572=AXIS2_PLACEMENT_3D('',#12903,#10577,#10578);
#8573=AXIS2_PLACEMENT_3D('',#12906,#10580,#10581);
#8574=AXIS2_PLACEMENT_3D('',#12907,#10582,#10583);
#8575=AXIS2_PLACEMENT_3D('',#12911,#10586,#10587);
#8576=AXIS2_PLACEMENT_3D('',#12914,#10589,#10590);
#8577=AXIS2_PLACEMENT_3D('',#12915,#10591,#10592);
#8578=AXIS2_PLACEMENT_3D('',#12919,#10595,#10596);
#8579=AXIS2_PLACEMENT_3D('',#12922,#10598,#10599);
#8580=AXIS2_PLACEMENT_3D('',#12923,#10600,#10601);
#8581=AXIS2_PLACEMENT_3D('',#12927,#10604,#10605);
#8582=AXIS2_PLACEMENT_3D('',#12930,#10607,#10608);
#8583=AXIS2_PLACEMENT_3D('',#12931,#10609,#10610);
#8584=AXIS2_PLACEMENT_3D('',#12935,#10613,#10614);
#8585=AXIS2_PLACEMENT_3D('',#12938,#10616,#10617);
#8586=AXIS2_PLACEMENT_3D('',#12939,#10618,#10619);
#8587=AXIS2_PLACEMENT_3D('',#12943,#10622,#10623);
#8588=AXIS2_PLACEMENT_3D('',#12946,#10625,#10626);
#8589=AXIS2_PLACEMENT_3D('',#12947,#10627,#10628);
#8590=AXIS2_PLACEMENT_3D('',#12953,#10632,#10633);
#8591=AXIS2_PLACEMENT_3D('',#12956,#10635,#10636);
#8592=AXIS2_PLACEMENT_3D('',#12957,#10637,#10638);
#8593=AXIS2_PLACEMENT_3D('',#12961,#10641,#10642);
#8594=AXIS2_PLACEMENT_3D('',#12962,#10643,#10644);
#8595=AXIS2_PLACEMENT_3D('',#12963,#10645,#10646);
#8596=AXIS2_PLACEMENT_3D('',#12967,#10648,#10649);
#8597=AXIS2_PLACEMENT_3D('',#12969,#10651,#10652);
#8598=AXIS2_PLACEMENT_3D('',#12973,#10655,#10656);
#8599=AXIS2_PLACEMENT_3D('',#12979,#10660,#10661);
#8600=AXIS2_PLACEMENT_3D('',#12982,#10663,#10664);
#8601=AXIS2_PLACEMENT_3D('',#12983,#10665,#10666);
#8602=AXIS2_PLACEMENT_3D('',#12987,#10669,#10670);
#8603=AXIS2_PLACEMENT_3D('',#12988,#10671,#10672);
#8604=AXIS2_PLACEMENT_3D('',#12989,#10673,#10674);
#8605=AXIS2_PLACEMENT_3D('',#12993,#10676,#10677);
#8606=AXIS2_PLACEMENT_3D('',#12995,#10679,#10680);
#8607=AXIS2_PLACEMENT_3D('',#12999,#10683,#10684);
#8608=AXIS2_PLACEMENT_3D('',#13001,#10685,#10686);
#8609=AXIS2_PLACEMENT_3D('',#13003,#10688,#10689);
#8610=AXIS2_PLACEMENT_3D('',#13005,#10690,#10691);
#8611=AXIS2_PLACEMENT_3D('',#13007,#10693,#10694);
#8612=AXIS2_PLACEMENT_3D('',#13009,#10695,#10696);
#8613=AXIS2_PLACEMENT_3D('',#13011,#10698,#10699);
#8614=AXIS2_PLACEMENT_3D('',#13013,#10700,#10701);
#8615=AXIS2_PLACEMENT_3D('',#13015,#10703,#10704);
#8616=AXIS2_PLACEMENT_3D('',#13017,#10705,#10706);
#8617=AXIS2_PLACEMENT_3D('',#13019,#10708,#10709);
#8618=AXIS2_PLACEMENT_3D('',#13021,#10710,#10711);
#8619=AXIS2_PLACEMENT_3D('',#13023,#10713,#10714);
#8620=AXIS2_PLACEMENT_3D('',#13025,#10715,#10716);
#8621=AXIS2_PLACEMENT_3D('',#13027,#10718,#10719);
#8622=AXIS2_PLACEMENT_3D('',#13029,#10720,#10721);
#8623=AXIS2_PLACEMENT_3D('',#13031,#10723,#10724);
#8624=AXIS2_PLACEMENT_3D('',#13037,#10728,#10729);
#8625=AXIS2_PLACEMENT_3D('',#13040,#10731,#10732);
#8626=AXIS2_PLACEMENT_3D('',#13041,#10733,#10734);
#8627=AXIS2_PLACEMENT_3D('',#13045,#10737,#10738);
#8628=AXIS2_PLACEMENT_3D('',#13046,#10739,#10740);
#8629=AXIS2_PLACEMENT_3D('',#13047,#10741,#10742);
#8630=AXIS2_PLACEMENT_3D('',#13051,#10744,#10745);
#8631=AXIS2_PLACEMENT_3D('',#13053,#10747,#10748);
#8632=AXIS2_PLACEMENT_3D('',#13057,#10751,#10752);
#8633=AXIS2_PLACEMENT_3D('',#13063,#10756,#10757);
#8634=AXIS2_PLACEMENT_3D('',#13066,#10759,#10760);
#8635=AXIS2_PLACEMENT_3D('',#13067,#10761,#10762);
#8636=AXIS2_PLACEMENT_3D('',#13071,#10765,#10766);
#8637=AXIS2_PLACEMENT_3D('',#13072,#10767,#10768);
#8638=AXIS2_PLACEMENT_3D('',#13073,#10769,#10770);
#8639=AXIS2_PLACEMENT_3D('',#13077,#10772,#10773);
#8640=AXIS2_PLACEMENT_3D('',#13079,#10775,#10776);
#8641=AXIS2_PLACEMENT_3D('',#13083,#10779,#10780);
#8642=AXIS2_PLACEMENT_3D('',#13086,#10783,#10784);
#8643=AXIS2_PLACEMENT_3D('',#13089,#10786,#10787);
#8644=AXIS2_PLACEMENT_3D('',#13090,#10788,#10789);
#8645=AXIS2_PLACEMENT_3D('',#13094,#10792,#10793);
#8646=AXIS2_PLACEMENT_3D('',#13097,#10795,#10796);
#8647=AXIS2_PLACEMENT_3D('',#13098,#10797,#10798);
#8648=AXIS2_PLACEMENT_3D('',#13102,#10801,#10802);
#8649=AXIS2_PLACEMENT_3D('',#13105,#10804,#10805);
#8650=AXIS2_PLACEMENT_3D('',#13106,#10806,#10807);
#8651=AXIS2_PLACEMENT_3D('',#13110,#10810,#10811);
#8652=AXIS2_PLACEMENT_3D('',#13113,#10813,#10814);
#8653=AXIS2_PLACEMENT_3D('',#13114,#10815,#10816);
#8654=AXIS2_PLACEMENT_3D('',#13118,#10819,#10820);
#8655=AXIS2_PLACEMENT_3D('',#13121,#10822,#10823);
#8656=AXIS2_PLACEMENT_3D('',#13122,#10824,#10825);
#8657=AXIS2_PLACEMENT_3D('',#13126,#10828,#10829);
#8658=AXIS2_PLACEMENT_3D('',#13129,#10831,#10832);
#8659=AXIS2_PLACEMENT_3D('',#13130,#10833,#10834);
#8660=AXIS2_PLACEMENT_3D('',#13133,#10837,#10838);
#8661=AXIS2_PLACEMENT_3D('',#13135,#10840,#10841);
#8662=AXIS2_PLACEMENT_3D('',#13137,#10843,#10844);
#8663=AXIS2_PLACEMENT_3D('',#13139,#10846,#10847);
#8664=AXIS2_PLACEMENT_3D('',#13141,#10849,#10850);
#8665=AXIS2_PLACEMENT_3D('',#13143,#10852,#10853);
#8666=AXIS2_PLACEMENT_3D('',#13145,#10855,#10856);
#8667=AXIS2_PLACEMENT_3D('',#13147,#10858,#10859);
#8668=AXIS2_PLACEMENT_3D('',#13149,#10861,#10862);
#8669=AXIS2_PLACEMENT_3D('',#13151,#10864,#10865);
#8670=AXIS2_PLACEMENT_3D('',#13153,#10867,#10868);
#8671=AXIS2_PLACEMENT_3D('',#13154,#10869,#10870);
#8672=AXIS2_PLACEMENT_3D('',#13156,#10872,#10873);
#8673=AXIS2_PLACEMENT_3D('',#13158,#10875,#10876);
#8674=AXIS2_PLACEMENT_3D('',#13160,#10878,#10879);
#8675=AXIS2_PLACEMENT_3D('',#13162,#10881,#10882);
#8676=AXIS2_PLACEMENT_3D('',#13164,#10883,#10884);
#8677=AXIS2_PLACEMENT_3D('',#13166,#10886,#10887);
#8678=AXIS2_PLACEMENT_3D('',#13168,#10889,#10890);
#8679=AXIS2_PLACEMENT_3D('',#13170,#10891,#10892);
#8680=AXIS2_PLACEMENT_3D('',#13172,#10894,#10895);
#8681=AXIS2_PLACEMENT_3D('',#13174,#10897,#10898);
#8682=AXIS2_PLACEMENT_3D('',#13175,#10899,#10900);
#8683=AXIS2_PLACEMENT_3D('',#13177,#10901,#10902);
#8684=AXIS2_PLACEMENT_3D('',#13179,#10904,#10905);
#8685=AXIS2_PLACEMENT_3D('',#13181,#10907,#10908);
#8686=AXIS2_PLACEMENT_3D('',#13183,#10909,#10910);
#8687=AXIS2_PLACEMENT_3D('',#13185,#10912,#10913);
#8688=AXIS2_PLACEMENT_3D('',#13187,#10915,#10916);
#8689=AXIS2_PLACEMENT_3D('',#13188,#10917,#10918);
#8690=AXIS2_PLACEMENT_3D('',#13191,#10920,#10921);
#8691=AXIS2_PLACEMENT_3D('',#13193,#10923,#10924);
#8692=AXIS2_PLACEMENT_3D('',#13195,#10926,#10927);
#8693=AXIS2_PLACEMENT_3D('',#13197,#10929,#10930);
#8694=AXIS2_PLACEMENT_3D('',#13199,#10932,#10933);
#8695=AXIS2_PLACEMENT_3D('',#13201,#10935,#10936);
#8696=AXIS2_PLACEMENT_3D('',#13204,#10939,#10940);
#8697=AXIS2_PLACEMENT_3D('',#13208,#10943,#10944);
#8698=AXIS2_PLACEMENT_3D('',#13210,#10946,#10947);
#8699=AXIS2_PLACEMENT_3D('',#13211,#10948,#10949);
#8700=AXIS2_PLACEMENT_3D('',#13212,#10950,#10951);
#8701=AXIS2_PLACEMENT_3D('',#13214,#10953,#10954);
#8702=AXIS2_PLACEMENT_3D('',#13216,#10956,#10957);
#8703=AXIS2_PLACEMENT_3D('',#13218,#10959,#10960);
#8704=AXIS2_PLACEMENT_3D('',#13221,#10963,#10964);
#8705=AXIS2_PLACEMENT_3D('',#13222,#10965,#10966);
#8706=AXIS2_PLACEMENT_3D('',#13225,#10969,#10970);
#8707=AXIS2_PLACEMENT_3D('',#13226,#10971,#10972);
#8708=AXIS2_PLACEMENT_3D('',#13228,#10974,#10975);
#8709=AXIS2_PLACEMENT_3D('',#13230,#10977,#10978);
#8710=AXIS2_PLACEMENT_3D('',#13233,#10981,#10982);
#8711=AXIS2_PLACEMENT_3D('',#13234,#10983,#10984);
#8712=AXIS2_PLACEMENT_3D('',#13236,#10986,#10987);
#8713=AXIS2_PLACEMENT_3D('',#13237,#10988,#10989);
#8714=AXIS2_PLACEMENT_3D('',#13238,#10990,#10991);
#8715=AXIS2_PLACEMENT_3D('',#13239,#10992,#10993);
#8716=AXIS2_PLACEMENT_3D('',#13240,#10994,#10995);
#8717=AXIS2_PLACEMENT_3D('',#13242,#10996,#10997);
#8718=AXIS2_PLACEMENT_3D('',#13245,#10999,#11000);
#8719=AXIS2_PLACEMENT_3D('',#13246,#11001,#11002);
#8720=AXIS2_PLACEMENT_3D('',#13248,#11003,#11004);
#8721=AXIS2_PLACEMENT_3D('',#13249,#11005,#11006);
#8722=AXIS2_PLACEMENT_3D('',#13273,#11008,#11009);
#8723=AXIS2_PLACEMENT_3D('',#13287,#11010,#11011);
#8724=AXIS2_PLACEMENT_3D('',#13290,#11013,#11014);
#8725=AXIS2_PLACEMENT_3D('',#13291,#11015,#11016);
#8726=AXIS2_PLACEMENT_3D('',#13292,#11017,#11018);
#8727=AXIS2_PLACEMENT_3D('',#13293,#11019,#11020);
#8728=AXIS2_PLACEMENT_3D('',#13306,#11027,#11028);
#8729=AXIS2_PLACEMENT_3D('',#13309,#11031,#11032);
#8730=AXIS2_PLACEMENT_3D('',#13311,#11034,#11035);
#8731=AXIS2_PLACEMENT_3D('',#13313,#11037,#11038);
#8732=AXIS2_PLACEMENT_3D('',#13315,#11040,#11041);
#8733=AXIS2_PLACEMENT_3D('',#13317,#11043,#11044);
#8734=AXIS2_PLACEMENT_3D('',#13318,#11045,#11046);
#8735=AXIS2_PLACEMENT_3D('',#13319,#11047,#11048);
#8736=AXIS2_PLACEMENT_3D('',#13321,#11049,#11050);
#8737=AXIS2_PLACEMENT_3D('',#13324,#11052,#11053);
#8738=AXIS2_PLACEMENT_3D('',#13325,#11054,#11055);
#8739=AXIS2_PLACEMENT_3D('',#13327,#11056,#11057);
#8740=AXIS2_PLACEMENT_3D('',#13328,#11058,#11059);
#8741=AXIS2_PLACEMENT_3D('',#13352,#11061,#11062);
#8742=AXIS2_PLACEMENT_3D('',#13366,#11063,#11064);
#8743=AXIS2_PLACEMENT_3D('',#13369,#11066,#11067);
#8744=AXIS2_PLACEMENT_3D('',#13370,#11068,#11069);
#8745=AXIS2_PLACEMENT_3D('',#13371,#11070,#11071);
#8746=AXIS2_PLACEMENT_3D('',#13372,#11072,#11073);
#8747=AXIS2_PLACEMENT_3D('',#13385,#11080,#11081);
#8748=AXIS2_PLACEMENT_3D('',#13388,#11084,#11085);
#8749=AXIS2_PLACEMENT_3D('',#13390,#11087,#11088);
#8750=AXIS2_PLACEMENT_3D('',#13392,#11090,#11091);
#8751=AXIS2_PLACEMENT_3D('',#13394,#11093,#11094);
#8752=AXIS2_PLACEMENT_3D('',#13396,#11096,#11097);
#8753=AXIS2_PLACEMENT_3D('',#13397,#11098,#11099);
#8754=AXIS2_PLACEMENT_3D('',#13398,#11100,#11101);
#8755=AXIS2_PLACEMENT_3D('',#13399,#11102,#11103);
#8756=AXIS2_PLACEMENT_3D('',#13400,#11104,#11105);
#8757=AXIS2_PLACEMENT_3D('',#13401,#11106,#11107);
#8758=AXIS2_PLACEMENT_3D('',#13402,#11108,#11109);
#8759=AXIS2_PLACEMENT_3D('',#13403,#11110,#11111);
#8760=AXIS2_PLACEMENT_3D('',#13404,#11112,#11113);
#8761=AXIS2_PLACEMENT_3D('',#13405,#11114,#11115);
#8762=DIRECTION('axis',(0.,0.,1.));
#8763=DIRECTION('refdir',(1.,0.,0.));
#8764=DIRECTION('axis',(0.,0.,1.));
#8765=DIRECTION('refdir',(1.,0.,0.));
#8766=DIRECTION('axis',(0.,0.,1.));
#8767=DIRECTION('refdir',(1.,0.,0.));
#8768=DIRECTION('center_axis',(1.,0.,0.));
#8769=DIRECTION('ref_axis',(0.,0.,-1.));
#8770=DIRECTION('center_axis',(-1.,0.,0.));
#8771=DIRECTION('ref_axis',(0.,0.,-1.));
#8772=DIRECTION('',(-1.,0.,0.));
#8773=DIRECTION('center_axis',(1.,0.,0.));
#8774=DIRECTION('ref_axis',(0.,0.,-1.));
#8775=DIRECTION('center_axis',(1.,0.,0.));
#8776=DIRECTION('ref_axis',(0.,0.,-1.));
#8777=DIRECTION('center_axis',(1.,0.,0.));
#8778=DIRECTION('ref_axis',(0.,0.,-1.));
#8779=DIRECTION('',(-1.,0.,0.));
#8780=DIRECTION('center_axis',(-1.,0.,0.));
#8781=DIRECTION('ref_axis',(0.,0.,-1.));
#8782=DIRECTION('center_axis',(1.,0.,0.));
#8783=DIRECTION('ref_axis',(0.,0.,-1.));
#8784=DIRECTION('center_axis',(-1.,0.,0.));
#8785=DIRECTION('ref_axis',(0.,0.,1.));
#8786=DIRECTION('axis',(0.,0.,1.));
#8787=DIRECTION('refdir',(1.,0.,0.));
#8788=DIRECTION('center_axis',(1.,0.,0.));
#8789=DIRECTION('ref_axis',(0.,0.,-1.));
#8790=DIRECTION('center_axis',(1.,0.,0.));
#8791=DIRECTION('ref_axis',(0.,0.,-1.));
#8792=DIRECTION('center_axis',(-1.,0.,0.));
#8793=DIRECTION('ref_axis',(0.,0.,-1.));
#8794=DIRECTION('center_axis',(1.,0.,0.));
#8795=DIRECTION('ref_axis',(0.,0.,-1.));
#8796=DIRECTION('center_axis',(-1.,0.,0.));
#8797=DIRECTION('ref_axis',(0.,0.,-1.));
#8798=DIRECTION('',(-1.,0.,0.));
#8799=DIRECTION('center_axis',(1.,0.,0.));
#8800=DIRECTION('ref_axis',(0.,0.,-1.));
#8801=DIRECTION('center_axis',(1.,0.,0.));
#8802=DIRECTION('ref_axis',(0.,0.,-1.));
#8803=DIRECTION('',(-1.,0.,0.));
#8804=DIRECTION('center_axis',(-1.,0.,0.));
#8805=DIRECTION('ref_axis',(0.,0.,1.));
#8806=DIRECTION('',(0.,0.,1.));
#8807=DIRECTION('',(1.,0.,0.));
#8808=DIRECTION('',(0.,0.,1.));
#8809=DIRECTION('',(1.,0.,0.));
#8810=DIRECTION('axis',(0.,0.,1.));
#8811=DIRECTION('refdir',(1.,0.,0.));
#8812=DIRECTION('center_axis',(-1.,0.,0.));
#8813=DIRECTION('ref_axis',(0.,0.,-1.));
#8814=DIRECTION('center_axis',(-1.,0.,0.));
#8815=DIRECTION('ref_axis',(0.,0.,-1.));
#8816=DIRECTION('',(0.707106781186555,-8.65956056235484E-17,-0.70710678118654));
#8817=DIRECTION('center_axis',(1.,0.,0.));
#8818=DIRECTION('ref_axis',(0.,0.,-1.));
#8819=DIRECTION('center_axis',(1.,0.,0.));
#8820=DIRECTION('ref_axis',(0.,0.,-1.));
#8821=DIRECTION('center_axis',(1.,0.,0.));
#8822=DIRECTION('ref_axis',(0.,-0.38268343236509,-0.923879532511286));
#8823=DIRECTION('',(0.,0.707106781186547,-0.707106781186548));
#8824=DIRECTION('center_axis',(-1.,0.,0.));
#8825=DIRECTION('ref_axis',(0.,0.38268343236509,0.923879532511287));
#8826=DIRECTION('',(0.,1.,2.77555756156295E-16));
#8827=DIRECTION('center_axis',(-1.,0.,0.));
#8828=DIRECTION('ref_axis',(0.,-0.382683432365089,0.923879532511287));
#8829=DIRECTION('',(0.,0.707106781186549,0.707106781186546));
#8830=DIRECTION('center_axis',(1.,0.,0.));
#8831=DIRECTION('ref_axis',(0.,0.382683432365088,-0.923879532511287));
#8832=DIRECTION('',(0.,1.,0.));
#8833=DIRECTION('center_axis',(1.,0.,0.));
#8834=DIRECTION('ref_axis',(0.,-0.707106781186547,-0.707106781186547));
#8835=DIRECTION('',(0.,-5.2476053540277E-16,-1.));
#8836=DIRECTION('center_axis',(1.,0.,0.));
#8837=DIRECTION('ref_axis',(0.,-0.707106781186548,0.707106781186548));
#8838=DIRECTION('',(0.,-1.,5.44671966291984E-17));
#8839=DIRECTION('center_axis',(1.,0.,0.));
#8840=DIRECTION('ref_axis',(0.,0.382683432365089,0.923879532511287));
#8841=DIRECTION('',(0.,-0.707106781186549,0.707106781186546));
#8842=DIRECTION('center_axis',(-1.,0.,0.));
#8843=DIRECTION('ref_axis',(0.,-0.382683432365089,-0.923879532511287));
#8844=DIRECTION('',(0.,-1.,-4.16333634234442E-16));
#8845=DIRECTION('center_axis',(-1.,0.,0.));
#8846=DIRECTION('ref_axis',(0.,0.382683432365091,-0.923879532511287));
#8847=DIRECTION('',(0.,-0.707106781186547,-0.707106781186548));
#8848=DIRECTION('center_axis',(1.,0.,0.));
#8849=DIRECTION('ref_axis',(0.,-0.382683432365093,0.923879532511286));
#8850=DIRECTION('',(0.,-1.,-1.31042717660664E-15));
#8851=DIRECTION('center_axis',(1.,0.,0.));
#8852=DIRECTION('ref_axis',(0.,1.,-4.56777472988636E-15));
#8853=DIRECTION('',(0.,-3.0280021411161E-16,1.));
#8854=DIRECTION('center_axis',(1.,0.,0.));
#8855=DIRECTION('ref_axis',(0.,-6.09036630651516E-15,-1.));
#8856=DIRECTION('',(0.,1.,0.));
#8857=DIRECTION('center_axis',(-1.,0.,0.));
#8858=DIRECTION('ref_axis',(0.,0.,-1.));
#8859=DIRECTION('center_axis',(-1.,0.,0.));
#8860=DIRECTION('ref_axis',(0.,0.,-1.));
#8861=DIRECTION('',(0.,-5.94063521552512E-15,1.));
#8862=DIRECTION('center_axis',(-1.,0.,0.));
#8863=DIRECTION('ref_axis',(0.,-1.,0.));
#8864=DIRECTION('',(0.,5.44558228089803E-15,-1.));
#8865=DIRECTION('center_axis',(-1.,0.,0.));
#8866=DIRECTION('ref_axis',(0.,0.,1.));
#8867=DIRECTION('',(0.,-5.94063521552512E-15,1.));
#8868=DIRECTION('center_axis',(-1.,0.,0.));
#8869=DIRECTION('ref_axis',(0.,0.,-1.));
#8870=DIRECTION('',(0.,5.44558228089803E-15,-1.));
#8871=DIRECTION('center_axis',(-1.,0.,0.));
#8872=DIRECTION('ref_axis',(0.,1.,5.55111512312578E-15));
#8873=DIRECTION('center_axis',(-1.,0.,0.));
#8874=DIRECTION('ref_axis',(0.,0.,-1.));
#8875=DIRECTION('center_axis',(1.,0.,0.));
#8876=DIRECTION('ref_axis',(0.,0.,-1.));
#8877=DIRECTION('center_axis',(-1.,0.,0.));
#8878=DIRECTION('ref_axis',(0.,0.,-1.));
#8879=DIRECTION('',(-1.,0.,0.));
#8880=DIRECTION('center_axis',(-1.,0.,0.));
#8881=DIRECTION('ref_axis',(0.,0.,-1.));
#8882=DIRECTION('',(0.707106781186555,-8.65956056235484E-17,-0.70710678118654));
#8883=DIRECTION('center_axis',(1.,0.,0.));
#8884=DIRECTION('ref_axis',(0.,0.,-1.));
#8885=DIRECTION('center_axis',(1.,0.,0.));
#8886=DIRECTION('ref_axis',(0.,0.,-1.));
#8887=DIRECTION('center_axis',(-1.,0.,0.));
#8888=DIRECTION('ref_axis',(0.,0.,-1.));
#8889=DIRECTION('',(-1.,0.,0.));
#8890=DIRECTION('center_axis',(-1.,0.,0.));
#8891=DIRECTION('ref_axis',(0.,0.,-1.));
#8892=DIRECTION('',(0.707106781186555,-8.65956056235484E-17,-0.70710678118654));
#8893=DIRECTION('center_axis',(1.,0.,0.));
#8894=DIRECTION('ref_axis',(0.,0.,-1.));
#8895=DIRECTION('center_axis',(1.,0.,0.));
#8896=DIRECTION('ref_axis',(0.,0.,-1.));
#8897=DIRECTION('center_axis',(-1.,0.,0.));
#8898=DIRECTION('ref_axis',(0.,0.,-1.));
#8899=DIRECTION('',(-1.,0.,0.));
#8900=DIRECTION('center_axis',(-1.,0.,0.));
#8901=DIRECTION('ref_axis',(0.,0.,-1.));
#8902=DIRECTION('',(0.707106781186555,-8.65956056235484E-17,-0.70710678118654));
#8903=DIRECTION('center_axis',(1.,0.,0.));
#8904=DIRECTION('ref_axis',(0.,0.,-1.));
#8905=DIRECTION('center_axis',(1.,0.,0.));
#8906=DIRECTION('ref_axis',(0.,0.,-1.));
#8907=DIRECTION('center_axis',(-1.,0.,0.));
#8908=DIRECTION('ref_axis',(0.,0.,-1.));
#8909=DIRECTION('',(-1.,0.,0.));
#8910=DIRECTION('center_axis',(-0.70710678118654,0.707106781186555,4.20066344545347E-15));
#8911=DIRECTION('ref_axis',(5.94063521552525E-15,0.,1.));
#8912=DIRECTION('',(-0.707106781186493,-0.707106781186602,0.));
#8913=DIRECTION('',(0.707106781186555,0.70710678118654,0.));
#8914=DIRECTION('',(0.,5.94063521552512E-15,-1.));
#8915=DIRECTION('center_axis',(-1.,0.,0.));
#8916=DIRECTION('ref_axis',(0.,0.,-1.));
#8917=DIRECTION('',(-0.707106781186553,0.707106781186538,7.57928534450982E-8));
#8918=DIRECTION('center_axis',(1.,0.,0.));
#8919=DIRECTION('ref_axis',(0.,0.,-1.));
#8920=DIRECTION('center_axis',(-0.70710678118654,-0.707106781186555,-3.85060815833234E-15));
#8921=DIRECTION('ref_axis',(-5.44558228089815E-15,0.,1.));
#8922=DIRECTION('',(-0.707106781186555,0.70710678118654,0.));
#8923=DIRECTION('',(0.,-5.44558228089803E-15,1.));
#8924=DIRECTION('center_axis',(-1.,0.,0.));
#8925=DIRECTION('ref_axis',(0.,1.,5.55111512312578E-15));
#8926=DIRECTION('center_axis',(1.,0.,0.));
#8927=DIRECTION('ref_axis',(0.,1.,5.55111512312578E-15));
#8928=DIRECTION('center_axis',(1.,0.,0.));
#8929=DIRECTION('ref_axis',(0.,0.,-1.));
#8930=DIRECTION('',(1.,0.,0.));
#8931=DIRECTION('center_axis',(-1.,0.,0.));
#8932=DIRECTION('ref_axis',(0.,0.,-1.));
#8933=DIRECTION('',(1.,0.,0.));
#8934=DIRECTION('center_axis',(0.,1.,5.94063521552512E-15));
#8935=DIRECTION('ref_axis',(0.,-5.94063521552512E-15,1.));
#8936=DIRECTION('',(1.,0.,0.));
#8937=DIRECTION('',(0.,-5.94063521552512E-15,1.));
#8938=DIRECTION('center_axis',(-0.70710678118654,0.707106781186555,4.20066344545347E-15));
#8939=DIRECTION('ref_axis',(5.94063521552525E-15,0.,1.));
#8940=DIRECTION('',(-0.707106781186555,-0.70710678118654,0.));
#8941=DIRECTION('',(0.707106781186524,0.707106781186571,0.));
#8942=DIRECTION('',(0.,5.94063521552512E-15,-1.));
#8943=DIRECTION('center_axis',(-1.,0.,0.));
#8944=DIRECTION('ref_axis',(0.,-1.,0.));
#8945=DIRECTION('',(-0.707106781186524,0.707106781186571,0.));
#8946=DIRECTION('center_axis',(1.,0.,0.));
#8947=DIRECTION('ref_axis',(0.,-1.,0.));
#8948=DIRECTION('center_axis',(-0.70710678118654,-0.707106781186555,-3.85060815833234E-15));
#8949=DIRECTION('ref_axis',(-5.44558228089815E-15,0.,1.));
#8950=DIRECTION('',(-0.707106781186587,0.707106781186508,0.));
#8951=DIRECTION('',(0.,-5.44558228089803E-15,1.));
#8952=DIRECTION('center_axis',(-1.,0.,0.));
#8953=DIRECTION('ref_axis',(0.,0.,1.));
#8954=DIRECTION('center_axis',(1.,0.,0.));
#8955=DIRECTION('ref_axis',(0.,0.,1.));
#8956=DIRECTION('center_axis',(1.,0.,0.));
#8957=DIRECTION('ref_axis',(0.,-1.,0.));
#8958=DIRECTION('',(1.,0.,0.));
#8959=DIRECTION('center_axis',(-1.,0.,0.));
#8960=DIRECTION('ref_axis',(0.,-1.,0.));
#8961=DIRECTION('',(1.,0.,0.));
#8962=DIRECTION('center_axis',(0.,1.,5.94063521552512E-15));
#8963=DIRECTION('ref_axis',(0.,-5.94063521552512E-15,1.));
#8964=DIRECTION('',(1.,0.,0.));
#8965=DIRECTION('',(0.,-5.94063521552512E-15,1.));
#8966=DIRECTION('center_axis',(1.,0.,0.));
#8967=DIRECTION('ref_axis',(0.,-0.38268343236509,-0.923879532511286));
#8968=DIRECTION('',(0.707106781186524,0.,-0.707106781186571));
#8969=DIRECTION('center_axis',(-1.,0.,0.));
#8970=DIRECTION('ref_axis',(0.,-0.38268343236509,-0.923879532511287));
#8971=DIRECTION('',(-0.707106781186513,0.500000000000024,0.500000000000024));
#8972=DIRECTION('center_axis',(-0.70710678118654,0.,-0.707106781186555));
#8973=DIRECTION('ref_axis',(-0.707106781186555,0.,0.70710678118654));
#8974=DIRECTION('',(0.707106781186524,0.,-0.707106781186571));
#8975=DIRECTION('',(0.,-1.,0.));
#8976=DIRECTION('center_axis',(1.,0.,0.));
#8977=DIRECTION('ref_axis',(0.,-6.09036630651516E-15,-1.));
#8978=DIRECTION('',(0.707106781186555,0.70710678118654,0.));
#8979=DIRECTION('center_axis',(-1.,0.,0.));
#8980=DIRECTION('ref_axis',(0.,-6.09036630651516E-15,-1.));
#8981=DIRECTION('center_axis',(-0.707106781186508,0.707106781186587,2.1411208474307E-16));
#8982=DIRECTION('ref_axis',(3.02800214111643E-16,0.,1.));
#8983=DIRECTION('',(0.707106781186587,0.707106781186508,0.));
#8984=DIRECTION('',(0.,3.0280021411161E-16,-1.));
#8985=DIRECTION('center_axis',(1.,0.,0.));
#8986=DIRECTION('ref_axis',(0.,1.,-4.56777472988636E-15));
#8987=DIRECTION('',(0.707106781186555,0.,0.70710678118654));
#8988=DIRECTION('center_axis',(-1.,0.,0.));
#8989=DIRECTION('ref_axis',(0.,1.,-4.56777472988636E-15));
#8990=DIRECTION('center_axis',(-0.707106781186548,-9.26611942829694E-16,
0.707106781186548));
#8991=DIRECTION('ref_axis',(0.707106781186548,0.,0.707106781186548));
#8992=DIRECTION('',(0.707106781186544,0.,0.707106781186551));
#8993=DIRECTION('',(0.,1.,1.31042717660664E-15));
#8994=DIRECTION('center_axis',(1.,0.,0.));
#8995=DIRECTION('ref_axis',(0.,-0.382683432365093,0.923879532511286));
#8996=DIRECTION('',(0.707106781186524,-0.500000000000032,0.500000000000001));
#8997=DIRECTION('center_axis',(-1.,0.,0.));
#8998=DIRECTION('ref_axis',(0.,-0.382683432365093,0.923879532511286));
#8999=DIRECTION('center_axis',(-0.707106781186532,-0.500000000000012,0.50000000000001));
#9000=DIRECTION('ref_axis',(0.577350269189642,0.,0.816496580927714));
#9001=DIRECTION('',(0.707106781186557,-0.499999999999993,0.499999999999993));
#9002=DIRECTION('',(0.,0.707106781186547,0.707106781186548));
#9003=DIRECTION('center_axis',(-1.,0.,0.));
#9004=DIRECTION('ref_axis',(0.,0.382683432365091,-0.923879532511287));
#9005=DIRECTION('',(0.707106781186548,0.,0.707106781186548));
#9006=DIRECTION('center_axis',(1.,0.,0.));
#9007=DIRECTION('ref_axis',(0.,0.382683432365091,-0.923879532511287));
#9008=DIRECTION('center_axis',(-0.707106781186548,-2.94392336003214E-16,
0.707106781186548));
#9009=DIRECTION('ref_axis',(0.707106781186548,0.,0.707106781186548));
#9010=DIRECTION('',(0.707106781186555,-1.57009245868379E-14,0.70710678118654));
#9011=DIRECTION('',(0.,1.,4.16333634234442E-16));
#9012=DIRECTION('center_axis',(-1.,0.,0.));
#9013=DIRECTION('ref_axis',(0.,-0.382683432365089,-0.923879532511287));
#9014=DIRECTION('',(0.707106781186545,0.500000000000004,0.5));
#9015=DIRECTION('center_axis',(1.,0.,0.));
#9016=DIRECTION('ref_axis',(0.,-0.382683432365089,-0.923879532511287));
#9017=DIRECTION('center_axis',(-0.707106781186541,0.500000000000004,0.500000000000005));
#9018=DIRECTION('ref_axis',(0.577350269189633,0.,0.816496580927721));
#9019=DIRECTION('',(0.707106781186548,0.500000000000015,0.499999999999984));
#9020=DIRECTION('',(0.,0.707106781186549,-0.707106781186546));
#9021=DIRECTION('center_axis',(1.,0.,0.));
#9022=DIRECTION('ref_axis',(0.,0.382683432365089,0.923879532511287));
#9023=DIRECTION('',(0.707106781186551,3.92523114670946E-15,0.707106781186544));
#9024=DIRECTION('center_axis',(-1.,0.,0.));
#9025=DIRECTION('ref_axis',(0.,0.382683432365089,0.923879532511287));
#9026=DIRECTION('center_axis',(-0.707106781186548,3.85141240887273E-17,
0.707106781186548));
#9027=DIRECTION('ref_axis',(0.707106781186548,0.,0.707106781186548));
#9028=DIRECTION('',(0.707106781186548,1.57009245868377E-14,0.707106781186548));
#9029=DIRECTION('',(0.,1.,-5.44671966291984E-17));
#9030=DIRECTION('center_axis',(1.,0.,0.));
#9031=DIRECTION('ref_axis',(0.,-0.707106781186547,0.707106781186547));
#9032=DIRECTION('',(0.707106781186548,-0.707106781186548,0.));
#9033=DIRECTION('center_axis',(-1.,0.,0.));
#9034=DIRECTION('ref_axis',(0.,-0.707106781186548,0.707106781186548));
#9035=DIRECTION('center_axis',(-0.70710678118654,-0.707106781186555,3.71061733082386E-16));
#9036=DIRECTION('ref_axis',(5.24760535402781E-16,0.,1.));
#9037=DIRECTION('',(0.707106781186555,-0.70710678118654,0.));
#9038=DIRECTION('',(0.,5.2476053540277E-16,1.));
#9039=DIRECTION('center_axis',(1.,0.,0.));
#9040=DIRECTION('ref_axis',(0.,-0.707106781186548,-0.707106781186548));
#9041=DIRECTION('',(0.707106781186555,0.,-0.70710678118654));
#9042=DIRECTION('center_axis',(-1.,0.,0.));
#9043=DIRECTION('ref_axis',(0.,-0.707106781186548,-0.707106781186548));
#9044=DIRECTION('center_axis',(-0.70710678118654,0.,-0.707106781186555));
#9045=DIRECTION('ref_axis',(-0.707106781186555,0.,0.70710678118654));
#9046=DIRECTION('',(0.707106781186555,0.,-0.70710678118654));
#9047=DIRECTION('',(0.,-1.,0.));
#9048=DIRECTION('center_axis',(1.,0.,0.));
#9049=DIRECTION('ref_axis',(0.,0.382683432365088,-0.923879532511287));
#9050=DIRECTION('',(0.707106781186519,0.500000000000011,-0.500000000000029));
#9051=DIRECTION('center_axis',(-1.,0.,0.));
#9052=DIRECTION('ref_axis',(0.,0.382683432365088,-0.923879532511287));
#9053=DIRECTION('center_axis',(-0.707106781186538,0.500000000000006,-0.500000000000007));
#9054=DIRECTION('ref_axis',(-0.577350269189636,0.,0.816496580927719));
#9055=DIRECTION('',(0.707106781186557,0.499999999999998,-0.49999999999999));
#9056=DIRECTION('',(0.,-0.707106781186549,-0.707106781186546));
#9057=DIRECTION('center_axis',(-1.,0.,0.));
#9058=DIRECTION('ref_axis',(0.,-0.382683432365089,0.923879532511287));
#9059=DIRECTION('',(0.707106781186587,-7.8504622934193E-15,-0.707106781186508));
#9060=DIRECTION('center_axis',(1.,0.,0.));
#9061=DIRECTION('ref_axis',(0.,-0.382683432365089,0.923879532511287));
#9062=DIRECTION('center_axis',(-0.70710678118654,1.96261557335478E-16,-0.707106781186555));
#9063=DIRECTION('ref_axis',(-0.707106781186555,0.,0.70710678118654));
#9064=DIRECTION('',(0.707106781186555,-3.14018491736758E-14,-0.70710678118654));
#9065=DIRECTION('',(0.,-1.,-2.77555756156295E-16));
#9066=DIRECTION('center_axis',(-1.,0.,0.));
#9067=DIRECTION('ref_axis',(0.,0.38268343236509,0.923879532511286));
#9068=DIRECTION('',(0.707106781186557,-0.499999999999993,-0.499999999999993));
#9069=DIRECTION('center_axis',(1.,0.,0.));
#9070=DIRECTION('ref_axis',(0.,0.38268343236509,0.923879532511287));
#9071=DIRECTION('center_axis',(-0.707106781186538,-0.500000000000008,-0.500000000000006));
#9072=DIRECTION('ref_axis',(-0.577350269189636,0.,0.816496580927719));
#9073=DIRECTION('',(0.,-0.707106781186547,0.707106781186548));
#9074=DIRECTION('center_axis',(0.,5.44671966291984E-17,1.));
#9075=DIRECTION('ref_axis',(0.,-1.,5.44671966291984E-17));
#9076=DIRECTION('',(-1.,0.,0.));
#9077=DIRECTION('',(0.,-1.,5.44671966291984E-17));
#9078=DIRECTION('',(1.,0.,0.));
#9079=DIRECTION('center_axis',(1.,0.,0.));
#9080=DIRECTION('ref_axis',(0.,-0.707106781186548,0.707106781186548));
#9081=DIRECTION('',(1.,0.,0.));
#9082=DIRECTION('center_axis',(1.,0.,0.));
#9083=DIRECTION('ref_axis',(0.,-0.707106781186548,0.707106781186548));
#9084=DIRECTION('center_axis',(0.,-1.,5.2476053540277E-16));
#9085=DIRECTION('ref_axis',(0.,-5.2476053540277E-16,-1.));
#9086=DIRECTION('',(-1.,0.,0.));
#9087=DIRECTION('',(0.,-5.2476053540277E-16,-1.));
#9088=DIRECTION('center_axis',(1.,0.,0.));
#9089=DIRECTION('ref_axis',(0.,-0.707106781186548,-0.707106781186548));
#9090=DIRECTION('',(1.,0.,0.));
#9091=DIRECTION('center_axis',(1.,0.,0.));
#9092=DIRECTION('ref_axis',(0.,-0.707106781186548,-0.707106781186548));
#9093=DIRECTION('center_axis',(0.,0.,-1.));
#9094=DIRECTION('ref_axis',(0.,1.,0.));
#9095=DIRECTION('',(-1.,0.,0.));
#9096=DIRECTION('',(0.,1.,0.));
#9097=DIRECTION('center_axis',(1.,0.,0.));
#9098=DIRECTION('ref_axis',(0.,0.382683432365088,-0.923879532511287));
#9099=DIRECTION('',(1.,0.,0.));
#9100=DIRECTION('center_axis',(1.,0.,0.));
#9101=DIRECTION('ref_axis',(0.,0.382683432365088,-0.923879532511287));
#9102=DIRECTION('center_axis',(0.,0.707106781186546,-0.707106781186549));
#9103=DIRECTION('ref_axis',(0.,0.707106781186549,0.707106781186546));
#9104=DIRECTION('',(-1.,0.,0.));
#9105=DIRECTION('',(0.,0.707106781186549,0.707106781186546));
#9106=DIRECTION('center_axis',(1.,0.,0.));
#9107=DIRECTION('ref_axis',(0.,-0.382683432365089,0.923879532511287));
#9108=DIRECTION('',(1.,0.,0.));
#9109=DIRECTION('center_axis',(-1.,0.,0.));
#9110=DIRECTION('ref_axis',(0.,-0.382683432365089,0.923879532511287));
#9111=DIRECTION('center_axis',(0.,2.77555756156295E-16,-1.));
#9112=DIRECTION('ref_axis',(0.,1.,2.77555756156295E-16));
#9113=DIRECTION('',(-1.,0.,0.));
#9114=DIRECTION('',(0.,1.,2.77555756156295E-16));
#9115=DIRECTION('center_axis',(1.,0.,0.));
#9116=DIRECTION('ref_axis',(0.,0.38268343236509,0.923879532511287));
#9117=DIRECTION('',(1.,0.,0.));
#9118=DIRECTION('center_axis',(-1.,0.,0.));
#9119=DIRECTION('ref_axis',(0.,0.38268343236509,0.923879532511287));
#9120=DIRECTION('center_axis',(0.,-0.707106781186548,-0.707106781186547));
#9121=DIRECTION('ref_axis',(0.,0.707106781186547,-0.707106781186548));
#9122=DIRECTION('',(-1.,0.,0.));
#9123=DIRECTION('',(0.,0.707106781186547,-0.707106781186548));
#9124=DIRECTION('center_axis',(1.,0.,0.));
#9125=DIRECTION('ref_axis',(0.,-0.38268343236509,-0.923879532511287));
#9126=DIRECTION('',(1.,0.,0.));
#9127=DIRECTION('center_axis',(1.,0.,0.));
#9128=DIRECTION('ref_axis',(0.,-0.38268343236509,-0.923879532511287));
#9129=DIRECTION('center_axis',(1.,0.,0.));
#9130=DIRECTION('ref_axis',(0.,0.,-1.));
#9131=DIRECTION('center_axis',(1.,0.,0.));
#9132=DIRECTION('ref_axis',(0.,0.,-1.));
#9133=DIRECTION('',(-0.707106781186555,8.65956056235484E-17,-0.70710678118654));
#9134=DIRECTION('center_axis',(1.,0.,0.));
#9135=DIRECTION('ref_axis',(0.,0.,-1.));
#9136=DIRECTION('',(0.,1.,4.16333634234442E-16));
#9137=DIRECTION('center_axis',(1.,0.,0.));
#9138=DIRECTION('ref_axis',(0.,-0.382683432365089,-0.923879532511287));
#9139=DIRECTION('',(0.,0.707106781186549,-0.707106781186546));
#9140=DIRECTION('center_axis',(-1.,0.,0.));
#9141=DIRECTION('ref_axis',(0.,0.382683432365089,0.923879532511287));
#9142=DIRECTION('',(0.,1.,-5.44671966291984E-17));
#9143=DIRECTION('center_axis',(-1.,0.,0.));
#9144=DIRECTION('ref_axis',(0.,-0.707106781186548,0.707106781186548));
#9145=DIRECTION('',(0.,5.2476053540277E-16,1.));
#9146=DIRECTION('center_axis',(-1.,0.,0.));
#9147=DIRECTION('ref_axis',(0.,-0.707106781186547,-0.707106781186547));
#9148=DIRECTION('',(0.,-1.,0.));
#9149=DIRECTION('center_axis',(-1.,0.,0.));
#9150=DIRECTION('ref_axis',(0.,0.382683432365088,-0.923879532511287));
#9151=DIRECTION('',(0.,-0.707106781186549,-0.707106781186546));
#9152=DIRECTION('center_axis',(1.,0.,0.));
#9153=DIRECTION('ref_axis',(0.,-0.382683432365089,0.923879532511287));
#9154=DIRECTION('',(0.,-1.,-2.77555756156295E-16));
#9155=DIRECTION('center_axis',(1.,0.,0.));
#9156=DIRECTION('ref_axis',(0.,0.38268343236509,0.923879532511287));
#9157=DIRECTION('',(0.,-0.707106781186547,0.707106781186548));
#9158=DIRECTION('center_axis',(-1.,0.,0.));
#9159=DIRECTION('ref_axis',(0.,-0.38268343236509,-0.923879532511286));
#9160=DIRECTION('',(0.,-1.,0.));
#9161=DIRECTION('center_axis',(-1.,0.,0.));
#9162=DIRECTION('ref_axis',(0.,-6.09036630651516E-15,-1.));
#9163=DIRECTION('',(0.,3.0280021411161E-16,-1.));
#9164=DIRECTION('center_axis',(-1.,0.,0.));
#9165=DIRECTION('ref_axis',(0.,1.,-4.56777472988636E-15));
#9166=DIRECTION('',(0.,1.,1.31042717660664E-15));
#9167=DIRECTION('center_axis',(-1.,0.,0.));
#9168=DIRECTION('ref_axis',(0.,-0.382683432365093,0.923879532511286));
#9169=DIRECTION('',(0.,0.707106781186547,0.707106781186548));
#9170=DIRECTION('center_axis',(1.,0.,0.));
#9171=DIRECTION('ref_axis',(0.,0.382683432365091,-0.923879532511287));
#9172=DIRECTION('center_axis',(1.,0.,0.));
#9173=DIRECTION('ref_axis',(0.,0.,-1.));
#9174=DIRECTION('center_axis',(1.,0.,0.));
#9175=DIRECTION('ref_axis',(0.,0.,-1.));
#9176=DIRECTION('center_axis',(1.,0.,0.));
#9177=DIRECTION('ref_axis',(0.,-1.,0.));
#9178=DIRECTION('',(0.,5.94063521552512E-15,-1.));
#9179=DIRECTION('center_axis',(1.,0.,0.));
#9180=DIRECTION('ref_axis',(0.,0.,1.));
#9181=DIRECTION('',(0.,-5.44558228089803E-15,1.));
#9182=DIRECTION('center_axis',(1.,0.,0.));
#9183=DIRECTION('ref_axis',(0.,1.,5.55111512312578E-15));
#9184=DIRECTION('',(0.,-5.44558228089803E-15,1.));
#9185=DIRECTION('center_axis',(1.,0.,0.));
#9186=DIRECTION('ref_axis',(0.,0.,-1.));
#9187=DIRECTION('',(0.,5.94063521552512E-15,-1.));
#9188=DIRECTION('center_axis',(1.,0.,0.));
#9189=DIRECTION('ref_axis',(0.,0.,-1.));
#9190=DIRECTION('center_axis',(1.,0.,0.));
#9191=DIRECTION('ref_axis',(0.,0.,-1.));
#9192=DIRECTION('',(-0.707106781186555,8.65956056235484E-17,-0.70710678118654));
#9193=DIRECTION('center_axis',(1.,0.,0.));
#9194=DIRECTION('ref_axis',(0.,0.,-1.));
#9195=DIRECTION('',(-0.707106781186555,8.65956056235484E-17,-0.70710678118654));
#9196=DIRECTION('center_axis',(1.,0.,0.));
#9197=DIRECTION('ref_axis',(0.,0.,-1.));
#9198=DIRECTION('',(-0.707106781186555,8.65956056235484E-17,-0.70710678118654));
#9199=DIRECTION('center_axis',(0.707106781186548,-2.94392336003214E-16,
0.707106781186548));
#9200=DIRECTION('ref_axis',(0.707106781186548,0.,-0.707106781186548));
#9201=DIRECTION('',(0.707106781186555,1.57009245868379E-14,-0.70710678118654));
#9202=DIRECTION('',(-0.707106781186548,0.,0.707106781186548));
#9203=DIRECTION('',(0.,-1.,-4.16333634234442E-16));
#9204=DIRECTION('center_axis',(1.,0.,0.));
#9205=DIRECTION('ref_axis',(0.,-0.382683432365089,-0.923879532511287));
#9206=DIRECTION('center_axis',(-1.,0.,0.));
#9207=DIRECTION('ref_axis',(0.,-0.382683432365089,-0.923879532511287));
#9208=DIRECTION('',(0.707106781186545,-0.500000000000004,-0.5));
#9209=DIRECTION('center_axis',(0.707106781186547,0.499999999999999,0.500000000000001));
#9210=DIRECTION('ref_axis',(0.577350269189627,0.,-0.816496580927725));
#9211=DIRECTION('',(0.707106781186542,-0.500000000000019,-0.499999999999988));
#9212=DIRECTION('',(0.,-0.707106781186549,0.707106781186546));
#9213=DIRECTION('center_axis',(-1.,0.,0.));
#9214=DIRECTION('ref_axis',(0.,0.382683432365089,0.923879532511287));
#9215=DIRECTION('center_axis',(1.,0.,0.));
#9216=DIRECTION('ref_axis',(0.,0.382683432365089,0.923879532511287));
#9217=DIRECTION('',(0.707106781186551,-3.92523114670946E-15,-0.707106781186544));
#9218=DIRECTION('center_axis',(0.707106781186548,3.85141240887273E-17,0.707106781186548));
#9219=DIRECTION('ref_axis',(0.707106781186548,0.,-0.707106781186548));
#9220=DIRECTION('',(0.707106781186548,-1.57009245868377E-14,-0.707106781186548));
#9221=DIRECTION('center_axis',(-1.,0.,0.));
#9222=DIRECTION('ref_axis',(0.,-0.707106781186547,0.707106781186547));
#9223=DIRECTION('',(0.707106781186548,0.707106781186548,0.));
#9224=DIRECTION('center_axis',(0.70710678118654,-0.707106781186555,3.71061733082386E-16));
#9225=DIRECTION('ref_axis',(5.24760535402781E-16,0.,-1.));
#9226=DIRECTION('',(0.707106781186555,0.70710678118654,0.));
#9227=DIRECTION('center_axis',(-1.,0.,0.));
#9228=DIRECTION('ref_axis',(0.,-0.707106781186548,-0.707106781186548));
#9229=DIRECTION('',(0.707106781186555,0.,0.70710678118654));
#9230=DIRECTION('center_axis',(0.70710678118654,0.,-0.707106781186555));
#9231=DIRECTION('ref_axis',(-0.707106781186555,0.,-0.70710678118654));
#9232=DIRECTION('',(0.707106781186555,0.,0.70710678118654));
#9233=DIRECTION('center_axis',(-1.,0.,0.));
#9234=DIRECTION('ref_axis',(0.,0.382683432365088,-0.923879532511287));
#9235=DIRECTION('',(0.707106781186519,-0.500000000000011,0.500000000000029));
#9236=DIRECTION('center_axis',(0.707106781186544,0.500000000000001,-0.500000000000003));
#9237=DIRECTION('ref_axis',(-0.57735026918963,0.,-0.816496580927723));
#9238=DIRECTION('',(0.707106781186551,-0.500000000000002,0.499999999999994));
#9239=DIRECTION('center_axis',(1.,0.,0.));
#9240=DIRECTION('ref_axis',(0.,-0.382683432365089,0.923879532511287));
#9241=DIRECTION('',(0.707106781186587,7.8504622934193E-15,0.707106781186508));
#9242=DIRECTION('center_axis',(0.70710678118654,1.96261557335478E-16,-0.707106781186555));
#9243=DIRECTION('ref_axis',(-0.707106781186555,0.,-0.70710678118654));
#9244=DIRECTION('',(0.707106781186555,3.14018491736758E-14,0.70710678118654));
#9245=DIRECTION('center_axis',(1.,0.,0.));
#9246=DIRECTION('ref_axis',(0.,0.38268343236509,0.923879532511286));
#9247=DIRECTION('',(0.707106781186557,0.499999999999993,0.499999999999993));
#9248=DIRECTION('center_axis',(0.707106781186538,-0.500000000000008,-0.500000000000006));
#9249=DIRECTION('ref_axis',(-0.577350269189636,0.,-0.816496580927719));
#9250=DIRECTION('',(0.707106781186557,0.499999999999993,0.499999999999993));
#9251=DIRECTION('center_axis',(-1.,0.,0.));
#9252=DIRECTION('ref_axis',(0.,-0.38268343236509,-0.923879532511286));
#9253=DIRECTION('',(0.707106781186524,0.,0.707106781186571));
#9254=DIRECTION('center_axis',(0.70710678118654,0.,-0.707106781186555));
#9255=DIRECTION('ref_axis',(-0.707106781186555,0.,-0.70710678118654));
#9256=DIRECTION('',(0.707106781186524,0.,0.707106781186571));
#9257=DIRECTION('',(0.,1.,0.));
#9258=DIRECTION('center_axis',(-1.,0.,0.));
#9259=DIRECTION('ref_axis',(0.,-6.09036630651516E-15,-1.));
#9260=DIRECTION('',(0.707106781186555,-0.70710678118654,0.));
#9261=DIRECTION('center_axis',(1.,0.,0.));
#9262=DIRECTION('ref_axis',(0.,-6.09036630651516E-15,-1.));
#9263=DIRECTION('center_axis',(0.707106781186508,0.707106781186587,2.1411208474307E-16));
#9264=DIRECTION('ref_axis',(3.02800214111643E-16,0.,-1.));
#9265=DIRECTION('',(0.707106781186587,-0.707106781186508,0.));
#9266=DIRECTION('',(0.,-3.0280021411161E-16,1.));
#9267=DIRECTION('center_axis',(-1.,0.,0.));
#9268=DIRECTION('ref_axis',(0.,1.,-4.56777472988636E-15));
#9269=DIRECTION('',(0.707106781186555,0.,-0.70710678118654));
#9270=DIRECTION('center_axis',(1.,0.,0.));
#9271=DIRECTION('ref_axis',(0.,1.,-4.56777472988636E-15));
#9272=DIRECTION('center_axis',(0.707106781186548,-9.26611942829694E-16,
0.707106781186548));
#9273=DIRECTION('ref_axis',(0.707106781186548,0.,-0.707106781186548));
#9274=DIRECTION('',(0.707106781186544,0.,-0.707106781186551));
#9275=DIRECTION('',(0.,-1.,-1.31042717660664E-15));
#9276=DIRECTION('center_axis',(-1.,0.,0.));
#9277=DIRECTION('ref_axis',(0.,-0.382683432365093,0.923879532511286));
#9278=DIRECTION('center_axis',(1.,0.,0.));
#9279=DIRECTION('ref_axis',(0.,-0.382683432365093,0.923879532511286));
#9280=DIRECTION('',(0.707106781186524,0.500000000000032,-0.500000000000001));
#9281=DIRECTION('center_axis',(0.707106781186532,-0.500000000000012,0.50000000000001));
#9282=DIRECTION('ref_axis',(0.577350269189642,0.,-0.816496580927714));
#9283=DIRECTION('',(0.707106781186557,0.499999999999993,-0.499999999999993));
#9284=DIRECTION('',(0.,-0.707106781186547,-0.707106781186548));
#9285=DIRECTION('center_axis',(1.,0.,0.));
#9286=DIRECTION('ref_axis',(0.,0.382683432365091,-0.923879532511287));
#9287=DIRECTION('center_axis',(-1.,0.,0.));
#9288=DIRECTION('ref_axis',(0.,0.382683432365091,-0.923879532511287));
#9289=DIRECTION('center_axis',(1.,0.,0.));
#9290=DIRECTION('ref_axis',(0.,0.382683432365089,0.923879532511287));
#9291=DIRECTION('',(-1.,0.,0.));
#9292=DIRECTION('center_axis',(0.,0.707106781186546,0.707106781186549));
#9293=DIRECTION('ref_axis',(0.,-0.707106781186549,0.707106781186546));
#9294=DIRECTION('',(1.,0.,0.));
#9295=DIRECTION('center_axis',(1.,0.,0.));
#9296=DIRECTION('ref_axis',(0.,-0.382683432365089,-0.923879532511287));
#9297=DIRECTION('',(-1.,0.,0.));
#9298=DIRECTION('center_axis',(0.,-4.16333634234442E-16,1.));
#9299=DIRECTION('ref_axis',(0.,-1.,-4.16333634234442E-16));
#9300=DIRECTION('',(1.,0.,0.));
#9301=DIRECTION('center_axis',(1.,0.,0.));
#9302=DIRECTION('ref_axis',(0.,-1.,0.));
#9303=DIRECTION('',(0.707106781186549,-0.707106781186546,0.));
#9304=DIRECTION('',(-0.707106781186543,-0.707106781186552,0.));
#9305=DIRECTION('center_axis',(0.707106781186546,0.707106781186549,4.20066344545343E-15));
#9306=DIRECTION('ref_axis',(5.94063521552515E-15,0.,-1.));
#9307=DIRECTION('',(0.707106781186543,-0.707106781186552,-6.28036983473505E-15));
#9308=DIRECTION('center_axis',(1.,0.,0.));
#9309=DIRECTION('ref_axis',(0.,0.,1.));
#9310=DIRECTION('',(0.707106781186547,0.707106781186544,7.5792872286207E-8));
#9311=DIRECTION('center_axis',(-1.,0.,0.));
#9312=DIRECTION('ref_axis',(0.,0.,1.));
#9313=DIRECTION('center_axis',(0.707106781186546,-0.707106781186549,-3.85060815833231E-15));
#9314=DIRECTION('ref_axis',(-5.44558228089805E-15,0.,-1.));
#9315=DIRECTION('',(0.,5.44558228089803E-15,-1.));
#9316=DIRECTION('center_axis',(1.,0.,0.));
#9317=DIRECTION('ref_axis',(0.,1.,5.55111512312578E-15));
#9318=DIRECTION('',(0.707106781186549,0.707106781186546,6.28036983473511E-15));
#9319=DIRECTION('',(-0.707106781186549,0.707106781186546,6.28036983473511E-15));
#9320=DIRECTION('center_axis',(-1.,0.,0.));
#9321=DIRECTION('ref_axis',(0.,1.,5.55111512312578E-15));
#9322=DIRECTION('center_axis',(0.707106781186546,-0.707106781186549,-3.85060815833231E-15));
#9323=DIRECTION('ref_axis',(-5.44558228089805E-15,0.,-1.));
#9324=DIRECTION('',(0.707106781186555,0.70710678118654,6.28036983473517E-15));
#9325=DIRECTION('',(0.,5.44558228089803E-15,-1.));
#9326=DIRECTION('center_axis',(1.,0.,0.));
#9327=DIRECTION('ref_axis',(0.,0.,-1.));
#9328=DIRECTION('',(0.707106781186549,-0.707106781186546,0.));
#9329=DIRECTION('center_axis',(0.707106781186546,0.707106781186549,4.20066344545343E-15));
#9330=DIRECTION('ref_axis',(5.94063521552515E-15,0.,-1.));
#9331=DIRECTION('center_axis',(0.,-1.,-5.44558228089803E-15));
#9332=DIRECTION('ref_axis',(0.,5.44558228089803E-15,-1.));
#9333=DIRECTION('',(1.,0.,0.));
#9334=DIRECTION('center_axis',(1.,0.,0.));
#9335=DIRECTION('ref_axis',(0.,1.,5.55111512312578E-15));
#9336=DIRECTION('center_axis',(1.,0.,0.));
#9337=DIRECTION('ref_axis',(0.,-0.382683432365093,0.923879532511286));
#9338=DIRECTION('',(1.,0.,0.));
#9339=DIRECTION('',(-1.,0.,0.));
#9340=DIRECTION('center_axis',(0.,-0.707106781186548,0.707106781186547));
#9341=DIRECTION('ref_axis',(0.,-0.707106781186547,-0.707106781186548));
#9342=DIRECTION('',(-1.,0.,0.));
#9343=DIRECTION('center_axis',(1.,0.,0.));
#9344=DIRECTION('ref_axis',(0.,0.382683432365091,-0.923879532511287));
#9345=DIRECTION('center_axis',(0.,-1.,-5.44558228089803E-15));
#9346=DIRECTION('ref_axis',(0.,5.44558228089803E-15,-1.));
#9347=DIRECTION('',(1.,0.,0.));
#9348=DIRECTION('center_axis',(1.,0.,0.));
#9349=DIRECTION('ref_axis',(0.,-5.35936516162723E-8,0.999999999999998));
#9350=DIRECTION('center_axis',(0.,-1.31042717660664E-15,1.));
#9351=DIRECTION('ref_axis',(0.,-1.,-1.31042717660664E-15));
#9352=DIRECTION('',(1.,0.,0.));
#9353=DIRECTION('center_axis',(1.,0.,0.));
#9354=DIRECTION('ref_axis',(0.,1.,-4.56777472988636E-15));
#9355=DIRECTION('',(1.,0.,0.));
#9356=DIRECTION('center_axis',(0.,1.,3.0280021411161E-16));
#9357=DIRECTION('ref_axis',(0.,-3.0280021411161E-16,1.));
#9358=DIRECTION('',(1.,0.,0.));
#9359=DIRECTION('center_axis',(1.,0.,0.));
#9360=DIRECTION('ref_axis',(0.,-6.09036630651516E-15,-1.));
#9361=DIRECTION('',(1.,0.,0.));
#9362=DIRECTION('center_axis',(0.,0.,-1.));
#9363=DIRECTION('ref_axis',(0.,1.,0.));
#9364=DIRECTION('axis',(0.,0.,1.));
#9365=DIRECTION('refdir',(1.,0.,0.));
#9366=DIRECTION('axis',(0.,0.,1.));
#9367=DIRECTION('refdir',(1.,0.,0.));
#9368=DIRECTION('center_axis',(0.,-8.88178419700124E-16,-1.));
#9369=DIRECTION('ref_axis',(-4.93038065763132E-32,1.,-8.88178419700124E-16));
#9370=DIRECTION('',(0.,1.,-8.88178419700124E-16));
#9371=DIRECTION('',(1.,0.,0.));
#9372=DIRECTION('',(4.93038065763132E-32,-1.,8.88178419700124E-16));
#9373=DIRECTION('',(1.,0.,0.));
#9374=DIRECTION('center_axis',(1.,0.,0.));
#9375=DIRECTION('ref_axis',(0.,1.1842378929335E-15,1.));
#9376=DIRECTION('center_axis',(1.,0.,0.));
#9377=DIRECTION('ref_axis',(0.,1.1842378929335E-15,1.));
#9378=DIRECTION('',(1.,0.,0.));
#9379=DIRECTION('center_axis',(-1.,-4.93038065763132E-32,-1.28544820730313E-32));
#9380=DIRECTION('ref_axis',(0.,1.1842378929335E-15,1.));
#9381=DIRECTION('center_axis',(1.,0.,0.));
#9382=DIRECTION('ref_axis',(0.,0.,-1.));
#9383=DIRECTION('center_axis',(-1.,0.,0.));
#9384=DIRECTION('ref_axis',(0.,0.,-1.));
#9385=DIRECTION('',(-1.,0.,0.));
#9386=DIRECTION('center_axis',(1.,4.93038065763132E-32,1.28544820730313E-32));
#9387=DIRECTION('ref_axis',(0.,0.,-1.));
#9388=DIRECTION('center_axis',(1.,0.,0.));
#9389=DIRECTION('ref_axis',(0.,0.,-1.));
#9390=DIRECTION('center_axis',(-1.,0.,0.));
#9391=DIRECTION('ref_axis',(0.,0.,-1.));
#9392=DIRECTION('',(-1.,0.,0.));
#9393=DIRECTION('center_axis',(1.,4.93038065763132E-32,1.28544820730313E-32));
#9394=DIRECTION('ref_axis',(0.,0.,-1.));
#9395=DIRECTION('center_axis',(0.,8.88178419700125E-16,1.));
#9396=DIRECTION('ref_axis',(4.93038065763132E-32,-1.,8.88178419700125E-16));
#9397=DIRECTION('',(0.,-1.,8.88178419700125E-16));
#9398=DIRECTION('',(1.,0.,0.));
#9399=DIRECTION('',(-4.93038065763132E-32,1.,-8.88178419700125E-16));
#9400=DIRECTION('center_axis',(1.,0.,0.));
#9401=DIRECTION('ref_axis',(0.,0.,-1.));
#9402=DIRECTION('center_axis',(1.,0.,0.));
#9403=DIRECTION('ref_axis',(0.,0.,-1.));
#9404=DIRECTION('center_axis',(-1.,-4.93038065763132E-32,-1.28544820730313E-32));
#9405=DIRECTION('ref_axis',(0.,0.,-1.));
#9406=DIRECTION('center_axis',(1.,4.93038065763132E-32,1.28544820730313E-32));
#9407=DIRECTION('ref_axis',(1.28544820730313E-32,0.,-1.));
#9408=DIRECTION('center_axis',(-1.,0.,0.));
#9409=DIRECTION('ref_axis',(0.,0.,1.));
#9410=DIRECTION('axis',(0.,0.,1.));
#9411=DIRECTION('refdir',(1.,0.,0.));
#9412=DIRECTION('center_axis',(-1.,1.66506784211801E-47,-3.94430452610506E-31));
#9413=DIRECTION('ref_axis',(-3.94430452610506E-31,0.,1.));
#9414=DIRECTION('',(-3.66975294502384E-46,-1.,8.88178419700124E-16));
#9415=DIRECTION('center_axis',(-1.,1.66506784211801E-47,-3.94430452610506E-31));
#9416=DIRECTION('ref_axis',(0.,0.,-1.));
#9417=DIRECTION('',(3.66975294502385E-46,1.,-8.88178419700125E-16));
#9418=DIRECTION('center_axis',(-1.,1.66506784211801E-47,-3.94430452610506E-31));
#9419=DIRECTION('ref_axis',(0.,1.1842378929335E-15,1.));
#9420=DIRECTION('center_axis',(1.,-1.66506784211801E-47,3.94430452610506E-31));
#9421=DIRECTION('ref_axis',(0.,0.,-1.));
#9422=DIRECTION('center_axis',(1.,-1.66506784211801E-47,3.94430452610506E-31));
#9423=DIRECTION('ref_axis',(0.,0.,-1.));
#9424=DIRECTION('center_axis',(0.,8.88178419700125E-16,1.));
#9425=DIRECTION('ref_axis',(4.93038065763132E-32,-1.,8.88178419700125E-16));
#9426=DIRECTION('',(1.,0.,0.));
#9427=DIRECTION('',(-4.93038065763132E-32,1.,-8.88178419700125E-16));
#9428=DIRECTION('',(1.,0.,0.));
#9429=DIRECTION('center_axis',(1.,0.,0.));
#9430=DIRECTION('ref_axis',(0.,0.,-1.));
#9431=DIRECTION('',(1.,0.,0.));
#9432=DIRECTION('center_axis',(-1.,-4.93038065763132E-32,-1.28544820730313E-32));
#9433=DIRECTION('ref_axis',(0.,0.,-1.));
#9434=DIRECTION('center_axis',(0.,-8.88178419700124E-16,-1.));
#9435=DIRECTION('ref_axis',(-4.93038065763132E-32,1.,-8.88178419700124E-16));
#9436=DIRECTION('',(1.,0.,0.));
#9437=DIRECTION('',(4.93038065763132E-32,-1.,8.88178419700124E-16));
#9438=DIRECTION('center_axis',(1.,0.,0.));
#9439=DIRECTION('ref_axis',(0.,1.1842378929335E-15,1.));
#9440=DIRECTION('center_axis',(-1.,-4.93038065763132E-32,-1.28544820730313E-32));
#9441=DIRECTION('ref_axis',(0.,1.1842378929335E-15,1.));
#9442=DIRECTION('center_axis',(1.,0.,0.));
#9443=DIRECTION('ref_axis',(0.,0.,-1.));
#9444=DIRECTION('',(-1.,0.,0.));
#9445=DIRECTION('center_axis',(1.,4.93038065763132E-32,1.28544820730313E-32));
#9446=DIRECTION('ref_axis',(0.,0.,-1.));
#9447=DIRECTION('center_axis',(1.,0.,0.));
#9448=DIRECTION('ref_axis',(0.,0.,-1.));
#9449=DIRECTION('',(-1.,0.,0.));
#9450=DIRECTION('center_axis',(1.,4.93038065763132E-32,1.28544820730313E-32));
#9451=DIRECTION('ref_axis',(0.,0.,-1.));
#9452=DIRECTION('center_axis',(1.,4.93038065763132E-32,1.28544820730313E-32));
#9453=DIRECTION('ref_axis',(1.28544820730313E-32,0.,-1.));
#9454=DIRECTION('',(0.,0.,1.));
#9455=DIRECTION('',(1.,0.,0.));
#9456=DIRECTION('',(3.94430452610506E-31,-2.4492935982947E-16,1.));
#9457=DIRECTION('',(1.,1.1325827667632E-46,-3.94430452610506E-31));
#9458=DIRECTION('axis',(0.,0.,1.));
#9459=DIRECTION('refdir',(1.,0.,0.));
#9460=DIRECTION('center_axis',(0.,0.,1.));
#9461=DIRECTION('ref_axis',(-0.382683432365088,-0.923879532511288,0.));
#9462=DIRECTION('center_axis',(0.,0.,1.));
#9463=DIRECTION('ref_axis',(-0.707106781186547,-0.707106781186548,0.));
#9464=DIRECTION('',(0.,0.,1.));
#9465=DIRECTION('center_axis',(0.,0.,-1.));
#9466=DIRECTION('ref_axis',(0.,-1.,0.));
#9467=DIRECTION('',(0.,0.,-1.));
#9468=DIRECTION('center_axis',(1.,0.,0.));
#9469=DIRECTION('ref_axis',(0.,0.,1.));
#9470=DIRECTION('center_axis',(1.,0.,0.));
#9471=DIRECTION('ref_axis',(0.,0.,1.));
#9472=DIRECTION('center_axis',(0.,0.,1.));
#9473=DIRECTION('ref_axis',(0.,1.,0.));
#9474=DIRECTION('center_axis',(-1.,1.10559312018242E-15,0.));
#9475=DIRECTION('ref_axis',(0.,0.,1.));
#9476=DIRECTION('center_axis',(0.,0.,-1.));
#9477=DIRECTION('ref_axis',(-0.382683432365088,0.923879532511288,0.));
#9478=DIRECTION('',(0.,0.,-1.));
#9479=DIRECTION('center_axis',(0.,0.,1.));
#9480=DIRECTION('ref_axis',(0.,1.,0.));
#9481=DIRECTION('',(0.,0.,1.));
#9482=DIRECTION('center_axis',(1.,0.,0.));
#9483=DIRECTION('ref_axis',(0.,0.,-1.));
#9484=DIRECTION('center_axis',(1.,0.,0.));
#9485=DIRECTION('ref_axis',(0.,0.,-1.));
#9486=DIRECTION('center_axis',(-1.,-1.47412416024323E-15,0.));
#9487=DIRECTION('ref_axis',(0.,0.,-1.));
#9488=DIRECTION('center_axis',(1.,0.,0.));
#9489=DIRECTION('ref_axis',(0.,1.22464679914735E-16,1.));
#9490=DIRECTION('',(1.,0.,0.));
#9491=DIRECTION('center_axis',(-1.,0.,0.));
#9492=DIRECTION('ref_axis',(0.,0.,1.));
#9493=DIRECTION('',(1.,0.,0.));
#9494=DIRECTION('center_axis',(0.,-1.,0.));
#9495=DIRECTION('ref_axis',(0.,0.,-1.));
#9496=DIRECTION('',(-1.,0.,0.));
#9497=DIRECTION('',(0.,0.,-1.));
#9498=DIRECTION('center_axis',(-1.,0.,0.));
#9499=DIRECTION('ref_axis',(0.,0.,-1.));
#9500=DIRECTION('',(0.707106781186547,-0.707106781186547,0.));
#9501=DIRECTION('center_axis',(-1.,0.,0.));
#9502=DIRECTION('ref_axis',(0.,0.,-1.));
#9503=DIRECTION('',(-0.707106781186547,-0.707106781186547,0.));
#9504=DIRECTION('center_axis',(-0.707106781186548,-0.707106781186548,0.));
#9505=DIRECTION('ref_axis',(0.,0.,1.));
#9506=DIRECTION('',(-0.707106781186547,0.707106781186547,0.));
#9507=DIRECTION('',(0.,0.,-1.));
#9508=DIRECTION('center_axis',(0.,0.,-1.));
#9509=DIRECTION('ref_axis',(0.382683432365088,-0.923879532511288,0.));
#9510=DIRECTION('center_axis',(0.,0.,-1.));
#9511=DIRECTION('ref_axis',(0.707106781186546,-0.707106781186549,0.));
#9512=DIRECTION('center_axis',(0.,0.,1.));
#9513=DIRECTION('ref_axis',(0.,-1.,0.));
#9514=DIRECTION('',(0.,0.,1.));
#9515=DIRECTION('center_axis',(-1.,0.,0.));
#9516=DIRECTION('ref_axis',(0.,0.,-1.));
#9517=DIRECTION('center_axis',(-1.,0.,0.));
#9518=DIRECTION('ref_axis',(0.,0.,-1.));
#9519=DIRECTION('center_axis',(0.,0.,-1.));
#9520=DIRECTION('ref_axis',(0.,1.,0.));
#9521=DIRECTION('center_axis',(1.,1.47412416024323E-15,0.));
#9522=DIRECTION('ref_axis',(0.,0.,-1.));
#9523=DIRECTION('center_axis',(0.,0.,1.));
#9524=DIRECTION('ref_axis',(0.382683432365088,0.923879532511288,0.));
#9525=DIRECTION('',(0.,0.,1.));
#9526=DIRECTION('center_axis',(0.,0.,-1.));
#9527=DIRECTION('ref_axis',(0.,1.,0.));
#9528=DIRECTION('',(0.,0.,-1.));
#9529=DIRECTION('center_axis',(-1.,0.,0.));
#9530=DIRECTION('ref_axis',(0.,0.,1.));
#9531=DIRECTION('center_axis',(1.,-1.47412416024323E-15,0.));
#9532=DIRECTION('ref_axis',(0.,0.,1.));
#9533=DIRECTION('center_axis',(1.,0.,0.));
#9534=DIRECTION('ref_axis',(0.,0.,-1.));
#9535=DIRECTION('',(1.,0.,0.));
#9536=DIRECTION('center_axis',(1.,0.,0.));
#9537=DIRECTION('ref_axis',(0.,0.,1.));
#9538=DIRECTION('',(-0.707106781186547,-0.707106781186547,0.));
#9539=DIRECTION('center_axis',(1.,0.,0.));
#9540=DIRECTION('ref_axis',(0.,0.,1.));
#9541=DIRECTION('',(0.707106781186547,-0.707106781186547,0.));
#9542=DIRECTION('center_axis',(0.707106781186548,-0.707106781186548,0.));
#9543=DIRECTION('ref_axis',(0.,0.,-1.));
#9544=DIRECTION('',(0.707106781186547,0.707106781186547,0.));
#9545=DIRECTION('',(0.,0.,1.));
#9546=DIRECTION('center_axis',(1.,0.,0.));
#9547=DIRECTION('ref_axis',(0.,-0.707106781186548,0.707106781186548));
#9548=DIRECTION('',(-0.707106781186555,0.70710678118654,0.));
#9549=DIRECTION('center_axis',(-1.,0.,0.));
#9550=DIRECTION('ref_axis',(0.,-0.707106781186548,0.707106781186548));
#9551=DIRECTION('',(0.707106781186555,0.,0.70710678118654));
#9552=DIRECTION('center_axis',(1.,0.,0.));
#9553=DIRECTION('ref_axis',(0.,-0.707106781186548,0.707106781186548));
#9554=DIRECTION('center_axis',(-1.,0.,0.));
#9555=DIRECTION('ref_axis',(0.,0.,-1.));
#9556=DIRECTION('center_axis',(-1.,0.,0.));
#9557=DIRECTION('ref_axis',(0.,0.,-1.));
#9558=DIRECTION('',(-0.707106781186555,-0.70710678118654,0.));
#9559=DIRECTION('center_axis',(1.,0.,0.));
#9560=DIRECTION('ref_axis',(0.,0.,-1.));
#9561=DIRECTION('center_axis',(0.70710678118654,-0.707106781186555,0.));
#9562=DIRECTION('ref_axis',(0.,0.,-1.));
#9563=DIRECTION('',(0.,0.,1.));
#9564=DIRECTION('',(-0.707106781186555,-0.70710678118654,0.));
#9565=DIRECTION('',(0.,0.,-1.));
#9566=DIRECTION('center_axis',(-1.,0.,0.));
#9567=DIRECTION('ref_axis',(0.,0.,1.));
#9568=DIRECTION('center_axis',(-1.,0.,0.));
#9569=DIRECTION('ref_axis',(0.,0.,1.));
#9570=DIRECTION('',(-0.707106781186555,0.70710678118654,0.));
#9571=DIRECTION('center_axis',(1.,0.,0.));
#9572=DIRECTION('ref_axis',(0.,0.,1.));
#9573=DIRECTION('center_axis',(1.,0.,0.));
#9574=DIRECTION('ref_axis',(0.,-0.707106781186547,-0.707106781186548));
#9575=DIRECTION('',(-0.707106781186555,0.,0.70710678118654));
#9576=DIRECTION('center_axis',(-1.,0.,0.));
#9577=DIRECTION('ref_axis',(0.,-0.707106781186547,-0.707106781186548));
#9578=DIRECTION('center_axis',(1.,0.,0.));
#9579=DIRECTION('ref_axis',(0.,-0.707106781186547,-0.707106781186548));
#9580=DIRECTION('center_axis',(0.70710678118654,4.5128405998097E-16,0.707106781186555));
#9581=DIRECTION('ref_axis',(0.707106781186555,0.,-0.70710678118654));
#9582=DIRECTION('',(0.,1.,-6.38212038107874E-16));
#9583=DIRECTION('',(-0.70710678118654,0.,0.707106781186555));
#9584=DIRECTION('',(0.,-1.,6.38212038107874E-16));
#9585=DIRECTION('center_axis',(1.,0.,0.));
#9586=DIRECTION('ref_axis',(0.,0.707106781186549,-0.707106781186546));
#9587=DIRECTION('',(-0.707106781186493,-0.707106781186602,0.));
#9588=DIRECTION('center_axis',(-1.,0.,0.));
#9589=DIRECTION('ref_axis',(0.,0.707106781186549,-0.707106781186546));
#9590=DIRECTION('center_axis',(1.,0.,0.));
#9591=DIRECTION('ref_axis',(0.,0.707106781186549,-0.707106781186546));
#9592=DIRECTION('center_axis',(-1.,0.,0.));
#9593=DIRECTION('ref_axis',(0.,0.,1.));
#9594=DIRECTION('center_axis',(-1.,0.,0.));
#9595=DIRECTION('ref_axis',(0.,0.,1.));
#9596=DIRECTION('',(-0.707106781186555,0.70710678118654,0.));
#9597=DIRECTION('center_axis',(1.,0.,0.));
#9598=DIRECTION('ref_axis',(0.,0.,1.));
#9599=DIRECTION('center_axis',(0.70710678118654,0.707106781186555,0.));
#9600=DIRECTION('ref_axis',(0.,0.,-1.));
#9601=DIRECTION('',(0.,0.,-1.));
#9602=DIRECTION('',(-0.707106781186555,0.70710678118654,0.));
#9603=DIRECTION('',(0.,0.,1.));
#9604=DIRECTION('center_axis',(-1.,0.,0.));
#9605=DIRECTION('ref_axis',(0.,0.,-1.));
#9606=DIRECTION('center_axis',(-1.,0.,0.));
#9607=DIRECTION('ref_axis',(0.,0.,-1.));
#9608=DIRECTION('',(-0.707106781186555,-0.70710678118654,0.));
#9609=DIRECTION('center_axis',(1.,0.,0.));
#9610=DIRECTION('ref_axis',(0.,0.,-1.));
#9611=DIRECTION('center_axis',(1.,0.,0.));
#9612=DIRECTION('ref_axis',(0.,0.707106781186548,0.707106781186547));
#9613=DIRECTION('',(-0.70710678118654,0.,-0.707106781186555));
#9614=DIRECTION('center_axis',(-1.,0.,0.));
#9615=DIRECTION('ref_axis',(0.,0.707106781186548,0.707106781186547));
#9616=DIRECTION('center_axis',(1.,0.,0.));
#9617=DIRECTION('ref_axis',(0.,0.707106781186548,0.707106781186547));
#9618=DIRECTION('center_axis',(0.70710678118654,4.5128405998097E-16,-0.707106781186555));
#9619=DIRECTION('ref_axis',(-0.707106781186555,0.,-0.70710678118654));
#9620=DIRECTION('',(0.,-1.,-6.38212038107874E-16));
#9621=DIRECTION('',(0.,1.,6.38212038107874E-16));
#9622=DIRECTION('center_axis',(1.,0.,0.));
#9623=DIRECTION('ref_axis',(0.,1.22464679914735E-16,1.));
#9624=DIRECTION('',(1.,0.,0.));
#9625=DIRECTION('center_axis',(-1.,0.,0.));
#9626=DIRECTION('ref_axis',(0.,0.,1.));
#9627=DIRECTION('',(1.,0.,0.));
#9628=DIRECTION('center_axis',(0.,1.,0.));
#9629=DIRECTION('ref_axis',(0.,0.,1.));
#9630=DIRECTION('',(-1.,0.,0.));
#9631=DIRECTION('',(0.,0.,-1.));
#9632=DIRECTION('center_axis',(1.,0.,0.));
#9633=DIRECTION('ref_axis',(0.,0.,-1.));
#9634=DIRECTION('',(1.,0.,0.));
#9635=DIRECTION('center_axis',(-1.,0.,0.));
#9636=DIRECTION('ref_axis',(0.,0.,-1.));
#9637=DIRECTION('center_axis',(1.,0.,0.));
#9638=DIRECTION('ref_axis',(0.,0.707106781186548,0.707106781186547));
#9639=DIRECTION('',(-1.,0.,0.));
#9640=DIRECTION('center_axis',(1.,0.,0.));
#9641=DIRECTION('ref_axis',(0.,0.707106781186548,0.707106781186547));
#9642=DIRECTION('center_axis',(0.,6.38212038107874E-16,-1.));
#9643=DIRECTION('ref_axis',(0.,1.,6.38212038107874E-16));
#9644=DIRECTION('',(1.,0.,0.));
#9645=DIRECTION('',(0.,-1.,-6.38212038107874E-16));
#9646=DIRECTION('center_axis',(1.,0.,0.));
#9647=DIRECTION('ref_axis',(0.,-0.707106781186548,0.707106781186548));
#9648=DIRECTION('',(1.,0.,0.));
#9649=DIRECTION('center_axis',(1.,0.,0.));
#9650=DIRECTION('ref_axis',(0.,-0.707106781186548,0.707106781186548));
#9651=DIRECTION('center_axis',(1.,0.,0.));
#9652=DIRECTION('ref_axis',(0.,0.,-1.));
#9653=DIRECTION('center_axis',(1.,0.,0.));
#9654=DIRECTION('ref_axis',(0.,0.,-1.));
#9655=DIRECTION('center_axis',(1.,0.,0.));
#9656=DIRECTION('ref_axis',(0.,0.,-1.));
#9657=DIRECTION('',(0.,0.,-1.));
#9658=DIRECTION('center_axis',(1.,0.,0.));
#9659=DIRECTION('ref_axis',(0.,0.,-1.));
#9660=DIRECTION('center_axis',(1.,0.,0.));
#9661=DIRECTION('ref_axis',(0.,0.,-1.));
#9662=DIRECTION('',(-0.707106781186555,8.65956056235484E-17,-0.70710678118654));
#9663=DIRECTION('center_axis',(-1.,0.,0.));
#9664=DIRECTION('ref_axis',(0.,0.,-1.));
#9665=DIRECTION('center_axis',(1.,0.,0.));
#9666=DIRECTION('ref_axis',(0.,0.,-1.));
#9667=DIRECTION('',(-1.,0.,0.));
#9668=DIRECTION('center_axis',(1.,0.,0.));
#9669=DIRECTION('ref_axis',(0.,0.,-1.));
#9670=DIRECTION('center_axis',(1.,0.,0.));
#9671=DIRECTION('ref_axis',(0.,0.,-1.));
#9672=DIRECTION('',(-0.707106781186555,8.65956056235484E-17,-0.70710678118654));
#9673=DIRECTION('center_axis',(-1.,0.,0.));
#9674=DIRECTION('ref_axis',(0.,0.,-1.));
#9675=DIRECTION('center_axis',(1.,0.,0.));
#9676=DIRECTION('ref_axis',(0.,0.,-1.));
#9677=DIRECTION('',(-1.,0.,0.));
#9678=DIRECTION('center_axis',(1.,0.,0.));
#9679=DIRECTION('ref_axis',(0.,0.,-1.));
#9680=DIRECTION('center_axis',(-1.,0.,0.));
#9681=DIRECTION('ref_axis',(0.,0.,-1.));
#9682=DIRECTION('center_axis',(-1.,0.,0.));
#9683=DIRECTION('ref_axis',(0.,0.,-1.));
#9684=DIRECTION('',(0.707106781186555,-8.65956056235484E-17,-0.70710678118654));
#9685=DIRECTION('center_axis',(1.,0.,0.));
#9686=DIRECTION('ref_axis',(0.,0.,-1.));
#9687=DIRECTION('',(0.,0.,1.));
#9688=DIRECTION('center_axis',(1.,0.,0.));
#9689=DIRECTION('ref_axis',(0.,0.,-1.));
#9690=DIRECTION('center_axis',(-1.,0.,0.));
#9691=DIRECTION('ref_axis',(0.,0.707106781186548,0.707106781186547));
#9692=DIRECTION('',(0.,1.,6.38212038107874E-16));
#9693=DIRECTION('center_axis',(-1.,0.,0.));
#9694=DIRECTION('ref_axis',(0.,-0.707106781186548,0.707106781186548));
#9695=DIRECTION('center_axis',(1.,0.,0.));
#9696=DIRECTION('ref_axis',(0.,0.,-1.));
#9697=DIRECTION('',(0.,0.,-1.));
#9698=DIRECTION('center_axis',(1.,0.,0.));
#9699=DIRECTION('ref_axis',(0.,0.,1.));
#9700=DIRECTION('center_axis',(-1.,0.,0.));
#9701=DIRECTION('ref_axis',(0.,-0.707106781186547,-0.707106781186548));
#9702=DIRECTION('',(0.,-1.,6.38212038107874E-16));
#9703=DIRECTION('center_axis',(-1.,0.,0.));
#9704=DIRECTION('ref_axis',(0.,0.707106781186549,-0.707106781186546));
#9705=DIRECTION('center_axis',(1.,0.,0.));
#9706=DIRECTION('ref_axis',(0.,0.,1.));
#9707=DIRECTION('center_axis',(-1.,0.,0.));
#9708=DIRECTION('ref_axis',(0.,0.,-1.));
#9709=DIRECTION('center_axis',(-1.,0.,0.));
#9710=DIRECTION('ref_axis',(0.,0.,1.));
#9711=DIRECTION('',(0.,0.,1.));
#9712=DIRECTION('center_axis',(-1.,0.,0.));
#9713=DIRECTION('ref_axis',(0.,0.,-1.));
#9714=DIRECTION('',(0.707106781186555,-8.65956056235484E-17,-0.70710678118654));
#9715=DIRECTION('center_axis',(-0.70710678118654,0.707106781186555,0.));
#9716=DIRECTION('ref_axis',(0.,0.,1.));
#9717=DIRECTION('',(-0.707106781186555,-0.70710678118654,0.));
#9718=DIRECTION('',(0.707106781186555,0.70710678118654,0.));
#9719=DIRECTION('center_axis',(1.,0.,0.));
#9720=DIRECTION('ref_axis',(0.,0.,-1.));
#9721=DIRECTION('',(-0.707106781186555,0.70710678118654,0.));
#9722=DIRECTION('center_axis',(-1.,0.,0.));
#9723=DIRECTION('ref_axis',(0.,0.707106781186548,0.707106781186547));
#9724=DIRECTION('',(-0.70710678118654,0.,0.707106781186555));
#9725=DIRECTION('center_axis',(-0.70710678118654,4.5128405998097E-16,-0.707106781186555));
#9726=DIRECTION('ref_axis',(-0.707106781186555,0.,0.70710678118654));
#9727=DIRECTION('',(-0.70710678118654,0.,0.707106781186555));
#9728=DIRECTION('center_axis',(-1.,0.,0.));
#9729=DIRECTION('ref_axis',(0.,-0.707106781186548,0.707106781186548));
#9730=DIRECTION('',(-0.707106781186555,-0.70710678118654,0.));
#9731=DIRECTION('center_axis',(1.,0.,0.));
#9732=DIRECTION('ref_axis',(0.,0.,-1.));
#9733=DIRECTION('',(-0.707106781186555,0.70710678118654,0.));
#9734=DIRECTION('center_axis',(-1.,0.,0.));
#9735=DIRECTION('ref_axis',(0.,0.,-1.));
#9736=DIRECTION('center_axis',(-0.70710678118654,-0.707106781186555,0.));
#9737=DIRECTION('ref_axis',(0.,0.,1.));
#9738=DIRECTION('',(-0.707106781186555,0.70710678118654,0.));
#9739=DIRECTION('',(0.,0.,1.));
#9740=DIRECTION('center_axis',(1.,0.,0.));
#9741=DIRECTION('ref_axis',(0.,0.,1.));
#9742=DIRECTION('',(-0.707106781186555,-0.70710678118654,0.));
#9743=DIRECTION('center_axis',(-1.,0.,0.));
#9744=DIRECTION('ref_axis',(0.,0.,1.));
#9745=DIRECTION('center_axis',(-1.,0.,0.));
#9746=DIRECTION('ref_axis',(0.,-0.707106781186547,-0.707106781186548));
#9747=DIRECTION('center_axis',(1.,0.,0.));
#9748=DIRECTION('ref_axis',(0.,-0.707106781186547,-0.707106781186548));
#9749=DIRECTION('',(-0.707106781186555,0.,-0.70710678118654));
#9750=DIRECTION('center_axis',(-0.70710678118654,4.5128405998097E-16,0.707106781186555));
#9751=DIRECTION('ref_axis',(0.707106781186555,0.,0.70710678118654));
#9752=DIRECTION('',(-0.70710678118654,0.,-0.707106781186555));
#9753=DIRECTION('',(0.,1.,-6.38212038107874E-16));
#9754=DIRECTION('center_axis',(-1.,0.,0.));
#9755=DIRECTION('ref_axis',(0.,0.707106781186549,-0.707106781186546));
#9756=DIRECTION('center_axis',(1.,0.,0.));
#9757=DIRECTION('ref_axis',(0.,0.707106781186549,-0.707106781186546));
#9758=DIRECTION('',(-0.707106781186493,0.707106781186602,0.));
#9759=DIRECTION('center_axis',(1.,0.,0.));
#9760=DIRECTION('ref_axis',(0.,0.,1.));
#9761=DIRECTION('center_axis',(1.,0.,0.));
#9762=DIRECTION('ref_axis',(0.,0.,-1.));
#9763=DIRECTION('',(1.,0.,0.));
#9764=DIRECTION('center_axis',(-1.,0.,0.));
#9765=DIRECTION('ref_axis',(0.,0.,1.));
#9766=DIRECTION('',(-0.707106781186547,-0.707106781186547,0.));
#9767=DIRECTION('center_axis',(-0.707106781186548,0.707106781186548,0.));
#9768=DIRECTION('ref_axis',(0.,0.,1.));
#9769=DIRECTION('center_axis',(1.,0.,0.));
#9770=DIRECTION('ref_axis',(0.,0.,-1.));
#9771=DIRECTION('',(0.707106781186547,-0.707106781186547,0.));
#9772=DIRECTION('center_axis',(0.707106781186548,0.707106781186548,0.));
#9773=DIRECTION('ref_axis',(0.,0.,-1.));
#9774=DIRECTION('center_axis',(1.,0.,0.));
#9775=DIRECTION('ref_axis',(0.,0.707106781186549,-0.707106781186546));
#9776=DIRECTION('',(1.,0.,0.));
#9777=DIRECTION('center_axis',(0.,6.38212038107874E-16,1.));
#9778=DIRECTION('ref_axis',(0.,-1.,6.38212038107874E-16));
#9779=DIRECTION('',(-1.,0.,0.));
#9780=DIRECTION('center_axis',(1.,0.,0.));
#9781=DIRECTION('ref_axis',(0.,-0.707106781186547,-0.707106781186548));
#9782=DIRECTION('',(1.,0.,0.));
#9783=DIRECTION('center_axis',(0.,1.,0.));
#9784=DIRECTION('ref_axis',(0.,0.,1.));
#9785=DIRECTION('center_axis',(0.,-1.,0.));
#9786=DIRECTION('ref_axis',(0.,0.,-1.));
#9787=DIRECTION('',(1.,0.,0.));
#9788=DIRECTION('center_axis',(1.,0.,0.));
#9789=DIRECTION('ref_axis',(0.,1.22464679914735E-16,1.));
#9790=DIRECTION('axis',(0.,0.,1.));
#9791=DIRECTION('refdir',(1.,0.,0.));
#9792=DIRECTION('center_axis',(-1.,0.,0.));
#9793=DIRECTION('ref_axis',(0.,0.,1.));
#9794=DIRECTION('',(0.,1.,0.));
#9795=DIRECTION('',(0.,0.,1.));
#9796=DIRECTION('',(0.,-1.,4.19970783084691E-13));
#9797=DIRECTION('',(0.,0.,-1.));
#9798=DIRECTION('center_axis',(-1.,0.,0.));
#9799=DIRECTION('ref_axis',(0.,0.,1.));
#9800=DIRECTION('',(0.,-1.,8.34887714518121E-13));
#9801=DIRECTION('',(0.,0.,-1.));
#9802=DIRECTION('',(0.,1.,-4.19970783084691E-13));
#9803=DIRECTION('',(0.,0.,1.));
#9804=DIRECTION('center_axis',(0.,1.,-8.34887714518121E-13));
#9805=DIRECTION('ref_axis',(-0.707106781186541,-5.90354764465096E-13,-0.707106781186554));
#9806=DIRECTION('center_axis',(0.,-1.,0.));
#9807=DIRECTION('ref_axis',(0.707106781186541,-5.90354764465096E-13,-0.707106781186554));
#9808=DIRECTION('',(0.,1.,-8.34887714518121E-13));
#9809=DIRECTION('center_axis',(0.,1.,0.));
#9810=DIRECTION('ref_axis',(-0.707106781186541,-5.90354764465096E-13,-0.707106781186554));
#9811=DIRECTION('center_axis',(1.,0.,0.));
#9812=DIRECTION('ref_axis',(0.,0.,-1.));
#9813=DIRECTION('',(0.,0.,-1.));
#9814=DIRECTION('',(0.,-1.,4.19970783084691E-13));
#9815=DIRECTION('',(0.,0.,1.));
#9816=DIRECTION('center_axis',(0.,-1.,0.));
#9817=DIRECTION('ref_axis',(-0.707106781186548,0.,0.707106781186548));
#9818=DIRECTION('center_axis',(0.,1.,0.));
#9819=DIRECTION('ref_axis',(0.707106781186548,0.,0.707106781186548));
#9820=DIRECTION('',(0.,-1.,0.));
#9821=DIRECTION('center_axis',(0.,-1.,0.));
#9822=DIRECTION('ref_axis',(-0.707106781186548,0.,0.707106781186548));
#9823=DIRECTION('center_axis',(1.,0.,0.));
#9824=DIRECTION('ref_axis',(0.,0.,-1.));
#9825=DIRECTION('',(0.,0.,1.));
#9826=DIRECTION('',(0.,1.,-4.19970783084691E-13));
#9827=DIRECTION('',(0.,0.,-1.));
#9828=DIRECTION('center_axis',(0.,-1.,0.));
#9829=DIRECTION('ref_axis',(0.707106781186545,0.,0.70710678118655));
#9830=DIRECTION('center_axis',(0.,1.,0.));
#9831=DIRECTION('ref_axis',(0.707106781186545,0.,0.70710678118655));
#9832=DIRECTION('',(0.,1.,0.));
#9833=DIRECTION('center_axis',(0.,-1.,0.));
#9834=DIRECTION('ref_axis',(0.707106781186545,0.,0.70710678118655));
#9835=DIRECTION('',(0.,-1.,0.));
#9836=DIRECTION('center_axis',(0.,-1.,0.));
#9837=DIRECTION('ref_axis',(0.,0.,1.));
#9838=DIRECTION('',(0.,0.,-1.));
#9839=DIRECTION('',(1.,0.,0.));
#9840=DIRECTION('',(1.,0.,0.));
#9841=DIRECTION('',(0.,0.,-1.));
#9842=DIRECTION('',(-1.,0.,0.));
#9843=DIRECTION('center_axis',(-1.,0.,0.));
#9844=DIRECTION('ref_axis',(0.,0.,1.));
#9845=DIRECTION('',(0.,0.,1.));
#9846=DIRECTION('',(0.,1.,-4.19970783084691E-13));
#9847=DIRECTION('',(0.,0.,-1.));
#9848=DIRECTION('',(0.,-1.,0.));
#9849=DIRECTION('',(0.,0.,1.));
#9850=DIRECTION('',(0.,1.,-4.19970783084691E-13));
#9851=DIRECTION('',(0.,0.,-1.));
#9852=DIRECTION('',(0.,-1.,0.));
#9853=DIRECTION('',(0.,0.,1.));
#9854=DIRECTION('',(0.,1.,-4.19970783084691E-13));
#9855=DIRECTION('',(0.,0.,-1.));
#9856=DIRECTION('',(0.,-1.,0.));
#9857=DIRECTION('',(0.,0.,1.));
#9858=DIRECTION('',(0.,1.,-4.19970783084691E-13));
#9859=DIRECTION('',(0.,0.,-1.));
#9860=DIRECTION('',(0.,-1.,0.));
#9861=DIRECTION('',(0.,0.,1.));
#9862=DIRECTION('',(0.,1.,-4.19970783084691E-13));
#9863=DIRECTION('center_axis',(-1.,0.,0.));
#9864=DIRECTION('ref_axis',(0.,-4.17443857259059E-13,-1.));
#9865=DIRECTION('',(0.,-1.,4.19970783084691E-13));
#9866=DIRECTION('',(0.,0.,1.));
#9867=DIRECTION('',(0.,1.,0.));
#9868=DIRECTION('',(0.,0.,-1.));
#9869=DIRECTION('',(0.,-1.,4.19970783084691E-13));
#9870=DIRECTION('',(0.,0.,1.));
#9871=DIRECTION('',(0.,1.,0.));
#9872=DIRECTION('',(0.,0.,-1.));
#9873=DIRECTION('',(0.,-1.,4.19970783084691E-13));
#9874=DIRECTION('',(0.,0.,1.));
#9875=DIRECTION('',(0.,1.,0.));
#9876=DIRECTION('',(0.,0.,-1.));
#9877=DIRECTION('',(0.,-1.,4.19970783084691E-13));
#9878=DIRECTION('',(0.,0.,1.));
#9879=DIRECTION('',(0.,1.,0.));
#9880=DIRECTION('',(0.,0.,-1.));
#9881=DIRECTION('',(0.,-1.,4.19970783084691E-13));
#9882=DIRECTION('',(0.,0.,1.));
#9883=DIRECTION('',(0.,1.,0.));
#9884=DIRECTION('',(0.,0.,-1.));
#9885=DIRECTION('',(0.,-1.,4.19970783084691E-13));
#9886=DIRECTION('center_axis',(-1.,0.,0.));
#9887=DIRECTION('ref_axis',(0.,4.1966430330831E-13,1.));
#9888=DIRECTION('',(0.,1.,-4.19970783084691E-13));
#9889=DIRECTION('center_axis',(0.,1.,0.));
#9890=DIRECTION('ref_axis',(0.707106781186545,0.,-0.70710678118655));
#9891=DIRECTION('center_axis',(0.,1.,0.));
#9892=DIRECTION('ref_axis',(0.707106781186545,0.,-0.70710678118655));
#9893=DIRECTION('center_axis',(0.,-1.,0.));
#9894=DIRECTION('ref_axis',(0.707106781186545,0.,-0.70710678118655));
#9895=DIRECTION('',(0.,-1.,0.));
#9896=DIRECTION('center_axis',(0.,1.,0.));
#9897=DIRECTION('ref_axis',(0.,0.,-1.));
#9898=DIRECTION('',(1.,0.,0.));
#9899=DIRECTION('',(1.,0.,0.));
#9900=DIRECTION('',(0.,0.,1.));
#9901=DIRECTION('',(-1.,0.,0.));
#9902=DIRECTION('center_axis',(0.,-4.19970783084691E-13,-1.));
#9903=DIRECTION('ref_axis',(0.,-1.,4.19970783084691E-13));
#9904=DIRECTION('',(-1.,0.,0.));
#9905=DIRECTION('',(-1.,0.,0.));
#9906=DIRECTION('',(0.,1.,-4.19970783084691E-13));
#9907=DIRECTION('',(1.,0.,0.));
#9908=DIRECTION('',(-1.,0.,0.));
#9909=DIRECTION('',(0.,1.,-4.19970783084691E-13));
#9910=DIRECTION('',(1.,0.,0.));
#9911=DIRECTION('',(-1.,0.,0.));
#9912=DIRECTION('',(0.,1.,-4.19970783084691E-13));
#9913=DIRECTION('',(1.,0.,0.));
#9914=DIRECTION('',(-1.,0.,0.));
#9915=DIRECTION('',(0.,1.,-4.19970783084691E-13));
#9916=DIRECTION('',(1.,0.,0.));
#9917=DIRECTION('',(-1.,0.,0.));
#9918=DIRECTION('',(0.,1.,-4.19970783084691E-13));
#9919=DIRECTION('',(1.,0.,0.));
#9920=DIRECTION('',(0.,-1.,4.19970783084691E-13));
#9921=DIRECTION('',(-1.,0.,0.));
#9922=DIRECTION('',(0.,1.,-4.19970783084691E-13));
#9923=DIRECTION('',(1.,0.,0.));
#9924=DIRECTION('',(0.,-1.,4.19970783084691E-13));
#9925=DIRECTION('',(-1.,0.,0.));
#9926=DIRECTION('',(0.,1.,-4.19970783084691E-13));
#9927=DIRECTION('',(1.,0.,0.));
#9928=DIRECTION('',(0.,-1.,4.19970783084691E-13));
#9929=DIRECTION('',(-1.,0.,0.));
#9930=DIRECTION('',(0.,1.,-4.19970783084691E-13));
#9931=DIRECTION('',(1.,0.,0.));
#9932=DIRECTION('',(0.,-1.,4.19970783084691E-13));
#9933=DIRECTION('',(-1.,0.,0.));
#9934=DIRECTION('',(0.,1.,-4.19970783084691E-13));
#9935=DIRECTION('',(-1.,0.,0.));
#9936=DIRECTION('',(0.,1.,-4.19970783084691E-13));
#9937=DIRECTION('',(-1.,0.,0.));
#9938=DIRECTION('center_axis',(0.,4.19970783084691E-13,1.));
#9939=DIRECTION('ref_axis',(0.,1.,-4.19970783084691E-13));
#9940=DIRECTION('',(-1.,0.,0.));
#9941=DIRECTION('',(-1.,0.,0.));
#9942=DIRECTION('',(0.,-1.,4.19970783084691E-13));
#9943=DIRECTION('',(-1.,0.,0.));
#9944=DIRECTION('',(0.,-1.,4.19970783084691E-13));
#9945=DIRECTION('',(1.,0.,0.));
#9946=DIRECTION('',(0.,1.,-4.19970783084691E-13));
#9947=DIRECTION('',(-1.,0.,0.));
#9948=DIRECTION('',(0.,-1.,4.19970783084691E-13));
#9949=DIRECTION('',(1.,0.,0.));
#9950=DIRECTION('',(0.,1.,-4.19970783084691E-13));
#9951=DIRECTION('',(-1.,0.,0.));
#9952=DIRECTION('',(0.,-1.,4.19970783084691E-13));
#9953=DIRECTION('',(1.,0.,0.));
#9954=DIRECTION('',(0.,1.,-4.19970783084691E-13));
#9955=DIRECTION('',(-1.,0.,0.));
#9956=DIRECTION('',(0.,-1.,4.19970783084691E-13));
#9957=DIRECTION('',(1.,0.,0.));
#9958=DIRECTION('',(0.,1.,-4.19970783084691E-13));
#9959=DIRECTION('',(-1.,0.,0.));
#9960=DIRECTION('',(0.,-1.,4.19970783084691E-13));
#9961=DIRECTION('',(-1.,0.,0.));
#9962=DIRECTION('',(-1.,0.,0.));
#9963=DIRECTION('',(0.,-1.,4.19970783084691E-13));
#9964=DIRECTION('',(1.,0.,0.));
#9965=DIRECTION('',(-1.,0.,0.));
#9966=DIRECTION('',(0.,-1.,4.19970783084691E-13));
#9967=DIRECTION('',(1.,0.,0.));
#9968=DIRECTION('',(-1.,0.,0.));
#9969=DIRECTION('',(0.,-1.,4.19970783084691E-13));
#9970=DIRECTION('',(1.,0.,0.));
#9971=DIRECTION('',(-1.,0.,0.));
#9972=DIRECTION('',(0.,-1.,4.19970783084691E-13));
#9973=DIRECTION('',(1.,0.,0.));
#9974=DIRECTION('center_axis',(1.,0.,0.));
#9975=DIRECTION('ref_axis',(0.,0.,-1.));
#9976=DIRECTION('',(0.,-0.707106781186549,0.707106781186546));
#9977=DIRECTION('center_axis',(-1.,0.,0.));
#9978=DIRECTION('ref_axis',(0.,-0.382683432365089,-0.923879532511287));
#9979=DIRECTION('',(0.,-1.,-4.16333634234442E-16));
#9980=DIRECTION('center_axis',(-1.,0.,0.));
#9981=DIRECTION('ref_axis',(0.,0.382683432365091,-0.923879532511287));
#9982=DIRECTION('',(0.,-0.707106781186547,-0.707106781186548));
#9983=DIRECTION('center_axis',(1.,0.,0.));
#9984=DIRECTION('ref_axis',(0.,-0.382683432365093,0.923879532511286));
#9985=DIRECTION('',(0.,-1.,-1.31042717660664E-15));
#9986=DIRECTION('center_axis',(1.,0.,0.));
#9987=DIRECTION('ref_axis',(0.,1.,-4.56777472988636E-15));
#9988=DIRECTION('',(0.,-3.0280021411161E-16,1.));
#9989=DIRECTION('center_axis',(1.,0.,0.));
#9990=DIRECTION('ref_axis',(0.,-6.09036630651516E-15,-1.));
#9991=DIRECTION('',(0.,1.,0.));
#9992=DIRECTION('center_axis',(1.,0.,0.));
#9993=DIRECTION('ref_axis',(0.,-0.38268343236509,-0.923879532511286));
#9994=DIRECTION('',(0.,0.707106781186547,-0.707106781186548));
#9995=DIRECTION('center_axis',(-1.,0.,0.));
#9996=DIRECTION('ref_axis',(0.,0.38268343236509,0.923879532511287));
#9997=DIRECTION('',(0.,1.,2.77555756156295E-16));
#9998=DIRECTION('center_axis',(-1.,0.,0.));
#9999=DIRECTION('ref_axis',(0.,-0.382683432365089,0.923879532511287));
#10000=DIRECTION('',(0.,0.707106781186549,0.707106781186546));
#10001=DIRECTION('center_axis',(1.,0.,0.));
#10002=DIRECTION('ref_axis',(0.,0.382683432365088,-0.923879532511287));
#10003=DIRECTION('',(0.,1.,0.));
#10004=DIRECTION('center_axis',(1.,0.,0.));
#10005=DIRECTION('ref_axis',(0.,-0.707106781186547,-0.707106781186547));
#10006=DIRECTION('',(0.,-5.2476053540277E-16,-1.));
#10007=DIRECTION('center_axis',(1.,0.,0.));
#10008=DIRECTION('ref_axis',(0.,-0.707106781186548,0.707106781186548));
#10009=DIRECTION('',(0.,-1.,5.44671966291984E-17));
#10010=DIRECTION('center_axis',(1.,0.,0.));
#10011=DIRECTION('ref_axis',(0.,0.382683432365089,0.923879532511287));
#10012=DIRECTION('',(0.,1.,0.));
#10013=DIRECTION('center_axis',(-1.,0.,0.));
#10014=DIRECTION('ref_axis',(0.,0.,1.));
#10015=DIRECTION('',(0.,-1.,0.));
#10016=DIRECTION('center_axis',(-1.,0.,0.));
#10017=DIRECTION('ref_axis',(0.,0.,-1.));
#10018=DIRECTION('center_axis',(-1.,0.,0.));
#10019=DIRECTION('ref_axis',(0.,0.,-1.));
#10020=DIRECTION('center_axis',(-1.,0.,0.));
#10021=DIRECTION('ref_axis',(0.,0.,-1.));
#10022=DIRECTION('center_axis',(1.,0.,0.));
#10023=DIRECTION('ref_axis',(0.,-1.,0.));
#10024=DIRECTION('',(0.,-5.44558228089803E-15,1.));
#10025=DIRECTION('center_axis',(1.,0.,0.));
#10026=DIRECTION('ref_axis',(0.,0.,1.));
#10027=DIRECTION('',(0.,5.94063521552512E-15,-1.));
#10028=DIRECTION('center_axis',(1.,0.,0.));
#10029=DIRECTION('ref_axis',(0.,1.,5.55111512312578E-15));
#10030=DIRECTION('',(0.,5.94063521552512E-15,-1.));
#10031=DIRECTION('center_axis',(1.,0.,0.));
#10032=DIRECTION('ref_axis',(0.,0.,-1.));
#10033=DIRECTION('',(0.,-5.44558228089803E-15,1.));
#10034=DIRECTION('center_axis',(-1.,0.,0.));
#10035=DIRECTION('ref_axis',(0.,0.,-1.));
#10036=DIRECTION('center_axis',(-1.,0.,0.));
#10037=DIRECTION('ref_axis',(0.,0.,-1.));
#10038=DIRECTION('',(0.,1.,0.));
#10039=DIRECTION('center_axis',(-1.,0.,0.));
#10040=DIRECTION('ref_axis',(0.,0.,1.));
#10041=DIRECTION('',(0.,-1.,0.));
#10042=DIRECTION('center_axis',(-1.,0.,0.));
#10043=DIRECTION('ref_axis',(0.,0.,-1.));
#10044=DIRECTION('center_axis',(1.,0.,0.));
#10045=DIRECTION('ref_axis',(0.,4.1966430330831E-13,1.));
#10046=DIRECTION('',(0.,0.,-1.));
#10047=DIRECTION('',(0.,1.,0.));
#10048=DIRECTION('',(0.,0.,-1.));
#10049=DIRECTION('',(0.,1.,0.));
#10050=DIRECTION('',(0.,0.,1.));
#10051=DIRECTION('',(0.,0.,-1.));
#10052=DIRECTION('',(0.,1.,0.));
#10053=DIRECTION('',(0.,0.,1.));
#10054=DIRECTION('',(0.,0.,-1.));
#10055=DIRECTION('',(0.,1.,0.));
#10056=DIRECTION('',(0.,0.,1.));
#10057=DIRECTION('',(0.,0.,-1.));
#10058=DIRECTION('',(0.,1.,0.));
#10059=DIRECTION('',(0.,0.,1.));
#10060=DIRECTION('center_axis',(1.,0.,0.));
#10061=DIRECTION('ref_axis',(0.,-4.17443857259059E-13,-1.));
#10062=DIRECTION('',(0.,0.,1.));
#10063=DIRECTION('',(0.,-1.,0.));
#10064=DIRECTION('',(0.,0.,-1.));
#10065=DIRECTION('',(0.,0.,1.));
#10066=DIRECTION('',(0.,-1.,0.));
#10067=DIRECTION('',(0.,0.,-1.));
#10068=DIRECTION('',(0.,0.,1.));
#10069=DIRECTION('',(0.,-1.,0.));
#10070=DIRECTION('',(0.,0.,-1.));
#10071=DIRECTION('',(0.,0.,1.));
#10072=DIRECTION('',(0.,-1.,0.));
#10073=DIRECTION('',(0.,0.,-1.));
#10074=DIRECTION('',(0.,0.,1.));
#10075=DIRECTION('',(0.,-1.,0.));
#10076=DIRECTION('center_axis',(0.,-1.,0.));
#10077=DIRECTION('ref_axis',(0.,0.,1.));
#10078=DIRECTION('',(-1.,0.,0.));
#10079=DIRECTION('center_axis',(0.,0.,-1.));
#10080=DIRECTION('ref_axis',(0.,-1.,0.));
#10081=DIRECTION('center_axis',(0.,1.,0.));
#10082=DIRECTION('ref_axis',(0.,0.,-1.));
#10083=DIRECTION('',(-1.,0.,0.));
#10084=DIRECTION('center_axis',(0.,0.,1.));
#10085=DIRECTION('ref_axis',(0.,1.,0.));
#10086=DIRECTION('center_axis',(-1.,0.,0.));
#10087=DIRECTION('ref_axis',(0.,0.,1.));
#10088=DIRECTION('',(0.,1.,0.));
#10089=DIRECTION('',(0.,0.,1.));
#10090=DIRECTION('',(0.,0.,-1.));
#10091=DIRECTION('center_axis',(-1.,0.,0.));
#10092=DIRECTION('ref_axis',(0.,0.,1.));
#10093=DIRECTION('',(0.,-1.,8.34887714518121E-13));
#10094=DIRECTION('',(0.,0.,-1.));
#10095=DIRECTION('',(0.,0.,1.));
#10096=DIRECTION('center_axis',(0.,1.,-8.34887714518121E-13));
#10097=DIRECTION('ref_axis',(-0.707106781186541,-5.90354764465096E-13,-0.707106781186554));
#10098=DIRECTION('center_axis',(0.,-1.,0.));
#10099=DIRECTION('ref_axis',(0.707106781186541,-5.90354764465096E-13,-0.707106781186554));
#10100=DIRECTION('',(0.,1.,-8.34887714518121E-13));
#10101=DIRECTION('center_axis',(0.,1.,0.));
#10102=DIRECTION('ref_axis',(-0.707106781186541,-5.90354764465096E-13,-0.707106781186554));
#10103=DIRECTION('center_axis',(1.,0.,0.));
#10104=DIRECTION('ref_axis',(0.,0.,-1.));
#10105=DIRECTION('',(0.,0.,-1.));
#10106=DIRECTION('',(0.,0.,1.));
#10107=DIRECTION('center_axis',(0.,-1.,0.));
#10108=DIRECTION('ref_axis',(-0.707106781186548,0.,0.707106781186548));
#10109=DIRECTION('center_axis',(0.,1.,0.));
#10110=DIRECTION('ref_axis',(0.707106781186548,0.,0.707106781186548));
#10111=DIRECTION('',(0.,-1.,0.));
#10112=DIRECTION('center_axis',(0.,-1.,0.));
#10113=DIRECTION('ref_axis',(-0.707106781186548,0.,0.707106781186548));
#10114=DIRECTION('center_axis',(1.,0.,0.));
#10115=DIRECTION('ref_axis',(0.,0.,-1.));
#10116=DIRECTION('',(0.,0.,1.));
#10117=DIRECTION('',(0.,0.,-1.));
#10118=DIRECTION('center_axis',(0.,-1.,0.));
#10119=DIRECTION('ref_axis',(0.707106781186545,0.,0.70710678118655));
#10120=DIRECTION('center_axis',(0.,1.,0.));
#10121=DIRECTION('ref_axis',(0.707106781186545,0.,0.70710678118655));
#10122=DIRECTION('',(0.,1.,0.));
#10123=DIRECTION('center_axis',(0.,-1.,0.));
#10124=DIRECTION('ref_axis',(0.707106781186545,0.,0.70710678118655));
#10125=DIRECTION('center_axis',(0.,-1.,0.));
#10126=DIRECTION('ref_axis',(0.,0.,1.));
#10127=DIRECTION('',(-1.,0.,0.));
#10128=DIRECTION('center_axis',(0.,1.,0.));
#10129=DIRECTION('ref_axis',(0.707106781186545,0.,-0.70710678118655));
#10130=DIRECTION('center_axis',(0.,1.,0.));
#10131=DIRECTION('ref_axis',(0.707106781186545,0.,-0.70710678118655));
#10132=DIRECTION('center_axis',(0.,-1.,0.));
#10133=DIRECTION('ref_axis',(0.707106781186545,0.,-0.70710678118655));
#10134=DIRECTION('',(0.,-1.,0.));
#10135=DIRECTION('center_axis',(0.,1.,0.));
#10136=DIRECTION('ref_axis',(0.,0.,-1.));
#10137=DIRECTION('',(-1.,0.,0.));
#10138=DIRECTION('center_axis',(0.,-1.,0.));
#10139=DIRECTION('ref_axis',(0.,0.,1.));
#10140=DIRECTION('',(-1.,0.,0.));
#10141=DIRECTION('center_axis',(0.,0.,-1.));
#10142=DIRECTION('ref_axis',(0.,-1.,0.));
#10143=DIRECTION('center_axis',(0.,1.,0.));
#10144=DIRECTION('ref_axis',(0.,0.,-1.));
#10145=DIRECTION('',(-1.,0.,0.));
#10146=DIRECTION('center_axis',(0.,0.,1.));
#10147=DIRECTION('ref_axis',(0.,1.,0.));
#10148=DIRECTION('center_axis',(-1.,0.,0.));
#10149=DIRECTION('ref_axis',(0.,0.,1.));
#10150=DIRECTION('',(0.,1.,0.));
#10151=DIRECTION('',(0.,0.,1.));
#10152=DIRECTION('',(0.,0.,-1.));
#10153=DIRECTION('center_axis',(-1.,0.,0.));
#10154=DIRECTION('ref_axis',(0.,0.,1.));
#10155=DIRECTION('',(0.,-1.,8.34887714518121E-13));
#10156=DIRECTION('',(0.,0.,-1.));
#10157=DIRECTION('',(0.,0.,1.));
#10158=DIRECTION('center_axis',(0.,1.,-8.34887714518121E-13));
#10159=DIRECTION('ref_axis',(-0.707106781186541,-5.77794024795626E-13,-0.707106781186554));
#10160=DIRECTION('center_axis',(0.,-1.,0.));
#10161=DIRECTION('ref_axis',(0.707106781186541,-5.77794024795626E-13,-0.707106781186554));
#10162=DIRECTION('',(0.,1.,-8.34887714518121E-13));
#10163=DIRECTION('center_axis',(0.,1.,0.));
#10164=DIRECTION('ref_axis',(-0.707106781186541,-5.77794024795626E-13,-0.707106781186554));
#10165=DIRECTION('center_axis',(1.,0.,0.));
#10166=DIRECTION('ref_axis',(0.,0.,-1.));
#10167=DIRECTION('',(0.,0.,-1.));
#10168=DIRECTION('',(0.,0.,1.));
#10169=DIRECTION('center_axis',(0.,-1.,0.));
#10170=DIRECTION('ref_axis',(-0.707106781186548,0.,0.707106781186548));
#10171=DIRECTION('center_axis',(0.,1.,0.));
#10172=DIRECTION('ref_axis',(0.707106781186548,0.,0.707106781186548));
#10173=DIRECTION('',(0.,-1.,0.));
#10174=DIRECTION('center_axis',(0.,-1.,0.));
#10175=DIRECTION('ref_axis',(-0.707106781186548,0.,0.707106781186548));
#10176=DIRECTION('center_axis',(1.,0.,0.));
#10177=DIRECTION('ref_axis',(0.,0.,-1.));
#10178=DIRECTION('',(0.,0.,1.));
#10179=DIRECTION('',(0.,0.,-1.));
#10180=DIRECTION('center_axis',(0.,-1.,0.));
#10181=DIRECTION('ref_axis',(0.707106781186545,0.,0.70710678118655));
#10182=DIRECTION('center_axis',(0.,1.,0.));
#10183=DIRECTION('ref_axis',(0.707106781186545,0.,0.70710678118655));
#10184=DIRECTION('',(0.,1.,0.));
#10185=DIRECTION('center_axis',(0.,-1.,0.));
#10186=DIRECTION('ref_axis',(0.707106781186545,0.,0.70710678118655));
#10187=DIRECTION('center_axis',(0.,-1.,0.));
#10188=DIRECTION('ref_axis',(0.,0.,1.));
#10189=DIRECTION('',(-1.,0.,0.));
#10190=DIRECTION('center_axis',(0.,1.,0.));
#10191=DIRECTION('ref_axis',(0.707106781186545,0.,-0.70710678118655));
#10192=DIRECTION('center_axis',(0.,-1.,0.));
#10193=DIRECTION('ref_axis',(0.707106781186545,0.,-0.70710678118655));
#10194=DIRECTION('',(0.,-1.,0.));
#10195=DIRECTION('center_axis',(0.,1.,0.));
#10196=DIRECTION('ref_axis',(0.707106781186545,0.,-0.70710678118655));
#10197=DIRECTION('center_axis',(0.,1.,0.));
#10198=DIRECTION('ref_axis',(0.,0.,-1.));
#10199=DIRECTION('',(-1.,0.,0.));
#10200=DIRECTION('center_axis',(0.,-1.,0.));
#10201=DIRECTION('ref_axis',(0.,0.,1.));
#10202=DIRECTION('',(-1.,0.,0.));
#10203=DIRECTION('center_axis',(0.,0.,-1.));
#10204=DIRECTION('ref_axis',(0.,-1.,0.));
#10205=DIRECTION('center_axis',(0.,1.,0.));
#10206=DIRECTION('ref_axis',(0.,0.,-1.));
#10207=DIRECTION('',(-1.,0.,0.));
#10208=DIRECTION('center_axis',(0.,0.,1.));
#10209=DIRECTION('ref_axis',(0.,1.,0.));
#10210=DIRECTION('center_axis',(-1.,0.,0.));
#10211=DIRECTION('ref_axis',(0.,0.,1.));
#10212=DIRECTION('',(0.,1.,0.));
#10213=DIRECTION('',(0.,0.,1.));
#10214=DIRECTION('',(0.,0.,-1.));
#10215=DIRECTION('center_axis',(-1.,0.,0.));
#10216=DIRECTION('ref_axis',(0.,0.,1.));
#10217=DIRECTION('',(0.,-1.,8.34887714518121E-13));
#10218=DIRECTION('',(0.,0.,-1.));
#10219=DIRECTION('',(0.,0.,1.));
#10220=DIRECTION('center_axis',(0.,1.,-8.34887714518121E-13));
#10221=DIRECTION('ref_axis',(-0.707106781186541,-5.52672545456686E-13,-0.707106781186554));
#10222=DIRECTION('center_axis',(0.,-1.,0.));
#10223=DIRECTION('ref_axis',(0.707106781186541,-5.52672545456686E-13,-0.707106781186554));
#10224=DIRECTION('',(0.,1.,-8.34887714518121E-13));
#10225=DIRECTION('center_axis',(0.,1.,0.));
#10226=DIRECTION('ref_axis',(-0.707106781186541,-5.52672545456686E-13,-0.707106781186554));
#10227=DIRECTION('center_axis',(1.,0.,0.));
#10228=DIRECTION('ref_axis',(0.,0.,-1.));
#10229=DIRECTION('',(0.,0.,-1.));
#10230=DIRECTION('',(0.,0.,1.));
#10231=DIRECTION('center_axis',(0.,-1.,0.));
#10232=DIRECTION('ref_axis',(-0.707106781186548,0.,0.707106781186548));
#10233=DIRECTION('center_axis',(0.,1.,0.));
#10234=DIRECTION('ref_axis',(0.707106781186548,0.,0.707106781186548));
#10235=DIRECTION('',(0.,-1.,0.));
#10236=DIRECTION('center_axis',(0.,-1.,0.));
#10237=DIRECTION('ref_axis',(-0.707106781186548,0.,0.707106781186548));
#10238=DIRECTION('center_axis',(1.,0.,0.));
#10239=DIRECTION('ref_axis',(0.,0.,-1.));
#10240=DIRECTION('',(0.,0.,1.));
#10241=DIRECTION('',(0.,0.,-1.));
#10242=DIRECTION('center_axis',(0.,-1.,0.));
#10243=DIRECTION('ref_axis',(0.707106781186545,0.,0.70710678118655));
#10244=DIRECTION('center_axis',(0.,-1.,0.));
#10245=DIRECTION('ref_axis',(0.707106781186545,0.,0.70710678118655));
#10246=DIRECTION('center_axis',(0.,1.,0.));
#10247=DIRECTION('ref_axis',(0.707106781186545,0.,0.70710678118655));
#10248=DIRECTION('',(0.,1.,0.));
#10249=DIRECTION('center_axis',(0.,-1.,0.));
#10250=DIRECTION('ref_axis',(0.,0.,1.));
#10251=DIRECTION('',(-1.,0.,0.));
#10252=DIRECTION('center_axis',(0.,1.,0.));
#10253=DIRECTION('ref_axis',(0.707106781186545,0.,-0.70710678118655));
#10254=DIRECTION('center_axis',(0.,-1.,0.));
#10255=DIRECTION('ref_axis',(0.707106781186545,0.,-0.70710678118655));
#10256=DIRECTION('',(0.,-1.,0.));
#10257=DIRECTION('center_axis',(0.,1.,0.));
#10258=DIRECTION('ref_axis',(0.707106781186545,0.,-0.70710678118655));
#10259=DIRECTION('center_axis',(0.,1.,0.));
#10260=DIRECTION('ref_axis',(0.,0.,-1.));
#10261=DIRECTION('',(-1.,0.,0.));
#10262=DIRECTION('center_axis',(0.,-1.,0.));
#10263=DIRECTION('ref_axis',(0.,0.,1.));
#10264=DIRECTION('',(-1.,0.,0.));
#10265=DIRECTION('center_axis',(0.,0.,-1.));
#10266=DIRECTION('ref_axis',(0.,-1.,0.));
#10267=DIRECTION('center_axis',(0.,1.,0.));
#10268=DIRECTION('ref_axis',(0.,0.,-1.));
#10269=DIRECTION('',(-1.,0.,0.));
#10270=DIRECTION('center_axis',(0.,0.,1.));
#10271=DIRECTION('ref_axis',(0.,1.,0.));
#10272=DIRECTION('center_axis',(-1.,0.,0.));
#10273=DIRECTION('ref_axis',(0.,0.,1.));
#10274=DIRECTION('',(0.,1.,0.));
#10275=DIRECTION('',(0.,0.,1.));
#10276=DIRECTION('',(0.,0.,-1.));
#10277=DIRECTION('center_axis',(-1.,0.,0.));
#10278=DIRECTION('ref_axis',(0.,0.,1.));
#10279=DIRECTION('',(0.,-1.,8.34887714518121E-13));
#10280=DIRECTION('',(0.,0.,-1.));
#10281=DIRECTION('',(0.,0.,1.));
#10282=DIRECTION('center_axis',(0.,1.,-8.34887714518121E-13));
#10283=DIRECTION('ref_axis',(-0.707106781186541,-5.77794024795626E-13,-0.707106781186554));
#10284=DIRECTION('center_axis',(0.,-1.,0.));
#10285=DIRECTION('ref_axis',(0.707106781186541,-5.77794024795626E-13,-0.707106781186554));
#10286=DIRECTION('',(0.,1.,-8.34887714518121E-13));
#10287=DIRECTION('center_axis',(0.,1.,0.));
#10288=DIRECTION('ref_axis',(-0.707106781186541,-5.77794024795626E-13,-0.707106781186554));
#10289=DIRECTION('center_axis',(1.,0.,0.));
#10290=DIRECTION('ref_axis',(0.,0.,-1.));
#10291=DIRECTION('',(0.,0.,-1.));
#10292=DIRECTION('',(0.,0.,1.));
#10293=DIRECTION('center_axis',(0.,-1.,0.));
#10294=DIRECTION('ref_axis',(-0.707106781186548,0.,0.707106781186548));
#10295=DIRECTION('center_axis',(0.,1.,0.));
#10296=DIRECTION('ref_axis',(0.707106781186548,0.,0.707106781186548));
#10297=DIRECTION('',(0.,-1.,0.));
#10298=DIRECTION('center_axis',(0.,-1.,0.));
#10299=DIRECTION('ref_axis',(-0.707106781186548,0.,0.707106781186548));
#10300=DIRECTION('center_axis',(1.,0.,0.));
#10301=DIRECTION('ref_axis',(0.,0.,-1.));
#10302=DIRECTION('',(0.,0.,1.));
#10303=DIRECTION('',(0.,0.,-1.));
#10304=DIRECTION('center_axis',(0.,-1.,0.));
#10305=DIRECTION('ref_axis',(0.707106781186545,0.,0.70710678118655));
#10306=DIRECTION('center_axis',(0.,1.,0.));
#10307=DIRECTION('ref_axis',(0.707106781186545,0.,0.70710678118655));
#10308=DIRECTION('',(0.,1.,0.));
#10309=DIRECTION('center_axis',(0.,-1.,0.));
#10310=DIRECTION('ref_axis',(0.707106781186545,0.,0.70710678118655));
#10311=DIRECTION('center_axis',(0.,-1.,0.));
#10312=DIRECTION('ref_axis',(0.,0.,1.));
#10313=DIRECTION('',(-1.,0.,0.));
#10314=DIRECTION('center_axis',(0.,1.,0.));
#10315=DIRECTION('ref_axis',(0.707106781186545,0.,-0.70710678118655));
#10316=DIRECTION('center_axis',(0.,-1.,0.));
#10317=DIRECTION('ref_axis',(0.707106781186545,0.,-0.70710678118655));
#10318=DIRECTION('',(0.,-1.,0.));
#10319=DIRECTION('center_axis',(0.,1.,0.));
#10320=DIRECTION('ref_axis',(0.707106781186545,0.,-0.70710678118655));
#10321=DIRECTION('center_axis',(0.,1.,0.));
#10322=DIRECTION('ref_axis',(0.,0.,-1.));
#10323=DIRECTION('',(-1.,0.,0.));
#10324=DIRECTION('center_axis',(0.,-1.,0.));
#10325=DIRECTION('ref_axis',(0.,0.,1.));
#10326=DIRECTION('',(-1.,0.,0.));
#10327=DIRECTION('center_axis',(0.,0.,-1.));
#10328=DIRECTION('ref_axis',(0.,-1.,0.));
#10329=DIRECTION('center_axis',(0.,1.,0.));
#10330=DIRECTION('ref_axis',(0.,0.,-1.));
#10331=DIRECTION('',(-1.,0.,0.));
#10332=DIRECTION('center_axis',(0.,0.,1.));
#10333=DIRECTION('ref_axis',(0.,1.,0.));
#10334=DIRECTION('center_axis',(-1.,0.,0.));
#10335=DIRECTION('ref_axis',(0.,-4.17443857259059E-13,-1.));
#10336=DIRECTION('center_axis',(-1.,0.,0.));
#10337=DIRECTION('ref_axis',(0.,4.1966430330831E-13,1.));
#10338=DIRECTION('center_axis',(1.,0.,0.));
#10339=DIRECTION('ref_axis',(0.,4.87344587624294E-8,0.999999999999999));
#10340=DIRECTION('',(0.707106781186539,-3.4460467787814E-8,-0.707106781186555));
#10341=DIRECTION('center_axis',(1.,0.,0.));
#10342=DIRECTION('ref_axis',(0.,4.87344587624294E-8,0.999999999999999));
#10343=DIRECTION('',(-0.70710678118654,-1.08996682032679E-8,-0.707106781186555));
#10344=DIRECTION('center_axis',(-1.,0.,0.));
#10345=DIRECTION('ref_axis',(0.,4.87344587624294E-8,0.999999999999999));
#10346=DIRECTION('center_axis',(0.70710678118654,0.,0.707106781186555));
#10347=DIRECTION('ref_axis',(0.707106781186555,0.,-0.70710678118654));
#10348=DIRECTION('',(0.70710678118654,-7.85046229341878E-15,-0.707106781186555));
#10349=DIRECTION('',(0.,1.,0.));
#10350=DIRECTION('',(0.,-1.,0.));
#10351=DIRECTION('center_axis',(1.,0.,0.));
#10352=DIRECTION('ref_axis',(0.,-1.2105189911383E-6,-0.999999999999267));
#10353=DIRECTION('',(0.707106781186548,8.55966187009756E-7,0.707106781186029));
#10354=DIRECTION('center_axis',(1.,0.,0.));
#10355=DIRECTION('ref_axis',(0.,-1.2105189911383E-6,-0.999999999999267));
#10356=DIRECTION('center_axis',(-1.,0.,0.));
#10357=DIRECTION('ref_axis',(0.,-1.2105189911383E-6,-0.999999999999267));
#10358=DIRECTION('center_axis',(0.70710678118654,0.,-0.707106781186555));
#10359=DIRECTION('ref_axis',(-0.707106781186555,0.,-0.70710678118654));
#10360=DIRECTION('',(0.,-1.,0.));
#10361=DIRECTION('',(0.,1.,0.));
#10362=DIRECTION('center_axis',(0.,0.,-1.));
#10363=DIRECTION('ref_axis',(0.,1.,0.));
#10364=DIRECTION('',(1.,0.,0.));
#10365=DIRECTION('',(0.,1.,0.));
#10366=DIRECTION('',(1.,0.,0.));
#10367=DIRECTION('center_axis',(1.,0.,0.));
#10368=DIRECTION('ref_axis',(0.,0.999999999999999,-3.20744550027165E-8));
#10369=DIRECTION('',(1.,0.,0.));
#10370=DIRECTION('center_axis',(1.,0.,0.));
#10371=DIRECTION('ref_axis',(0.,-4.87344587624294E-8,-0.999999999999999));
#10372=DIRECTION('center_axis',(1.,0.,0.));
#10373=DIRECTION('ref_axis',(0.,0.,-1.));
#10374=DIRECTION('center_axis',(-1.,0.,0.));
#10375=DIRECTION('ref_axis',(0.,-0.38268343236509,-0.923879532511286));
#10376=DIRECTION('',(0.,-1.,0.));
#10377=DIRECTION('center_axis',(-1.,0.,0.));
#10378=DIRECTION('ref_axis',(0.,-6.09036630651516E-15,-1.));
#10379=DIRECTION('',(0.,3.0280021411161E-16,-1.));
#10380=DIRECTION('center_axis',(-1.,0.,0.));
#10381=DIRECTION('ref_axis',(0.,1.,-4.56777472988636E-15));
#10382=DIRECTION('',(0.,1.,1.31042717660664E-15));
#10383=DIRECTION('center_axis',(-1.,0.,0.));
#10384=DIRECTION('ref_axis',(0.,-0.382683432365093,0.923879532511286));
#10385=DIRECTION('',(0.,0.707106781186547,0.707106781186548));
#10386=DIRECTION('center_axis',(1.,0.,0.));
#10387=DIRECTION('ref_axis',(0.,0.382683432365091,-0.923879532511287));
#10388=DIRECTION('',(0.,1.,4.16333634234442E-16));
#10389=DIRECTION('center_axis',(1.,0.,0.));
#10390=DIRECTION('ref_axis',(0.,-0.382683432365089,-0.923879532511287));
#10391=DIRECTION('',(0.,0.707106781186549,-0.707106781186546));
#10392=DIRECTION('center_axis',(-1.,0.,0.));
#10393=DIRECTION('ref_axis',(0.,0.382683432365089,0.923879532511287));
#10394=DIRECTION('',(0.,1.,-5.44671966291984E-17));
#10395=DIRECTION('center_axis',(-1.,0.,0.));
#10396=DIRECTION('ref_axis',(0.,-0.707106781186548,0.707106781186548));
#10397=DIRECTION('',(0.,5.2476053540277E-16,1.));
#10398=DIRECTION('center_axis',(-1.,0.,0.));
#10399=DIRECTION('ref_axis',(0.,-0.707106781186547,-0.707106781186547));
#10400=DIRECTION('',(0.,-1.,0.));
#10401=DIRECTION('center_axis',(-1.,0.,0.));
#10402=DIRECTION('ref_axis',(0.,0.382683432365088,-0.923879532511287));
#10403=DIRECTION('',(0.,-0.707106781186549,-0.707106781186546));
#10404=DIRECTION('center_axis',(1.,0.,0.));
#10405=DIRECTION('ref_axis',(0.,-0.382683432365089,0.923879532511287));
#10406=DIRECTION('',(0.,-1.,-2.77555756156295E-16));
#10407=DIRECTION('center_axis',(1.,0.,0.));
#10408=DIRECTION('ref_axis',(0.,0.38268343236509,0.923879532511287));
#10409=DIRECTION('',(0.,-0.707106781186547,0.707106781186548));
#10410=DIRECTION('center_axis',(1.,0.,0.));
#10411=DIRECTION('ref_axis',(0.,4.87344587624294E-8,0.999999999999999));
#10412=DIRECTION('',(0.,1.,0.));
#10413=DIRECTION('center_axis',(1.,0.,0.));
#10414=DIRECTION('ref_axis',(0.,-1.2105189911383E-6,-0.999999999999267));
#10415=DIRECTION('',(0.,-1.,0.));
#10416=DIRECTION('',(0.,5.94063521552512E-15,-1.));
#10417=DIRECTION('center_axis',(1.,0.,0.));
#10418=DIRECTION('ref_axis',(0.,0.,1.));
#10419=DIRECTION('',(0.,-5.44558228089803E-15,1.));
#10420=DIRECTION('center_axis',(1.,0.,0.));
#10421=DIRECTION('ref_axis',(0.,-1.,0.));
#10422=DIRECTION('center_axis',(1.,0.,0.));
#10423=DIRECTION('ref_axis',(0.,0.,-1.));
#10424=DIRECTION('center_axis',(1.,0.,0.));
#10425=DIRECTION('ref_axis',(0.,0.,-1.));
#10426=DIRECTION('center_axis',(1.,0.,0.));
#10427=DIRECTION('ref_axis',(0.,0.,-1.));
#10428=DIRECTION('center_axis',(1.,0.,0.));
#10429=DIRECTION('ref_axis',(0.,0.,-1.));
#10430=DIRECTION('',(0.,5.94063521552512E-15,-1.));
#10431=DIRECTION('center_axis',(1.,0.,0.));
#10432=DIRECTION('ref_axis',(0.,1.,5.55111512312578E-15));
#10433=DIRECTION('',(0.,-5.44558228089803E-15,1.));
#10434=DIRECTION('center_axis',(1.,0.,0.));
#10435=DIRECTION('ref_axis',(0.,0.,-1.));
#10436=DIRECTION('center_axis',(1.,0.,0.));
#10437=DIRECTION('ref_axis',(0.,4.87344587624294E-8,0.999999999999999));
#10438=DIRECTION('',(0.707106781186555,-3.44604520868902E-8,-0.707106781186539));
#10439=DIRECTION('',(-0.707106781186555,-1.08996446518812E-8,-0.70710678118654));
#10440=DIRECTION('center_axis',(-1.,0.,0.));
#10441=DIRECTION('ref_axis',(0.,4.87344587624294E-8,0.999999999999999));
#10442=DIRECTION('center_axis',(0.70710678118654,0.,0.707106781186555));
#10443=DIRECTION('ref_axis',(0.707106781186555,0.,-0.70710678118654));
#10444=DIRECTION('',(0.70710678118654,0.,-0.707106781186555));
#10445=DIRECTION('',(0.,-1.,0.));
#10446=DIRECTION('center_axis',(1.,0.,0.));
#10447=DIRECTION('ref_axis',(0.,-1.2105189911383E-6,-0.999999999999267));
#10448=DIRECTION('',(0.707106781186563,8.55966190935006E-7,0.707106781186014));
#10449=DIRECTION('center_axis',(-1.,0.,0.));
#10450=DIRECTION('ref_axis',(0.,-1.2105189911383E-6,-0.999999999999267));
#10451=DIRECTION('center_axis',(0.70710678118654,0.,-0.707106781186555));
#10452=DIRECTION('ref_axis',(-0.707106781186555,0.,-0.70710678118654));
#10453=DIRECTION('',(0.,1.,0.));
#10454=DIRECTION('center_axis',(0.,0.,-1.));
#10455=DIRECTION('ref_axis',(0.,1.,0.));
#10456=DIRECTION('',(1.,0.,0.));
#10457=DIRECTION('',(0.,1.,0.));
#10458=DIRECTION('',(1.,0.,0.));
#10459=DIRECTION('center_axis',(1.,0.,0.));
#10460=DIRECTION('ref_axis',(0.,0.999999999999999,-3.20744550027165E-8));
#10461=DIRECTION('',(1.,0.,0.));
#10462=DIRECTION('center_axis',(1.,0.,0.));
#10463=DIRECTION('ref_axis',(0.,-4.87344587624294E-8,-0.999999999999999));
#10464=DIRECTION('center_axis',(-1.,0.,0.));
#10465=DIRECTION('ref_axis',(0.,-0.38268343236509,-0.923879532511286));
#10466=DIRECTION('',(0.707106781186524,0.,0.707106781186571));
#10467=DIRECTION('',(-0.707106781186513,-0.500000000000024,-0.500000000000024));
#10468=DIRECTION('center_axis',(1.,0.,0.));
#10469=DIRECTION('ref_axis',(0.,-0.38268343236509,-0.923879532511287));
#10470=DIRECTION('center_axis',(0.70710678118654,0.,-0.707106781186555));
#10471=DIRECTION('ref_axis',(-0.707106781186555,0.,-0.70710678118654));
#10472=DIRECTION('',(0.,1.,0.));
#10473=DIRECTION('',(0.707106781186524,0.,0.707106781186571));
#10474=DIRECTION('center_axis',(-1.,0.,0.));
#10475=DIRECTION('ref_axis',(0.,-6.09036630651516E-15,-1.));
#10476=DIRECTION('center_axis',(1.,0.,0.));
#10477=DIRECTION('ref_axis',(0.,-6.09036630651516E-15,-1.));
#10478=DIRECTION('',(0.707106781186555,-0.70710678118654,0.));
#10479=DIRECTION('center_axis',(0.707106781186508,0.707106781186587,2.1411208474307E-16));
#10480=DIRECTION('ref_axis',(3.02800214111643E-16,0.,-1.));
#10481=DIRECTION('',(0.,-3.0280021411161E-16,1.));
#10482=DIRECTION('',(0.707106781186587,-0.707106781186508,0.));
#10483=DIRECTION('center_axis',(-1.,0.,0.));
#10484=DIRECTION('ref_axis',(0.,1.,-4.56777472988636E-15));
#10485=DIRECTION('center_axis',(1.,0.,0.));
#10486=DIRECTION('ref_axis',(0.,1.,-4.56777472988636E-15));
#10487=DIRECTION('',(0.707106781186555,0.,-0.70710678118654));
#10488=DIRECTION('center_axis',(0.707106781186544,-9.26611942829699E-16,
0.707106781186551));
#10489=DIRECTION('ref_axis',(0.707106781186551,0.,-0.707106781186544));
#10490=DIRECTION('',(0.,-1.,-1.31042717660664E-15));
#10491=DIRECTION('',(0.707106781186548,0.,-0.707106781186548));
#10492=DIRECTION('center_axis',(-1.,0.,0.));
#10493=DIRECTION('ref_axis',(0.,-0.382683432365093,0.923879532511286));
#10494=DIRECTION('',(0.707106781186524,0.500000000000032,-0.500000000000001));
#10495=DIRECTION('center_axis',(1.,0.,0.));
#10496=DIRECTION('ref_axis',(0.,-0.382683432365093,0.923879532511286));
#10497=DIRECTION('center_axis',(0.707106781186532,-0.500000000000012,0.50000000000001));
#10498=DIRECTION('ref_axis',(0.577350269189642,0.,-0.816496580927714));
#10499=DIRECTION('',(0.,-0.707106781186547,-0.707106781186548));
#10500=DIRECTION('',(0.707106781186557,0.499999999999993,-0.499999999999993));
#10501=DIRECTION('center_axis',(1.,0.,0.));
#10502=DIRECTION('ref_axis',(0.,0.382683432365091,-0.923879532511287));
#10503=DIRECTION('',(0.707106781186548,0.,-0.707106781186548));
#10504=DIRECTION('center_axis',(-1.,0.,0.));
#10505=DIRECTION('ref_axis',(0.,0.382683432365091,-0.923879532511287));
#10506=DIRECTION('center_axis',(0.707106781186548,-2.94392336003214E-16,
0.707106781186548));
#10507=DIRECTION('ref_axis',(0.707106781186548,0.,-0.707106781186548));
#10508=DIRECTION('',(0.,-1.,-4.16333634234442E-16));
#10509=DIRECTION('',(0.707106781186555,1.57009245868379E-14,-0.70710678118654));
#10510=DIRECTION('center_axis',(1.,0.,0.));
#10511=DIRECTION('ref_axis',(0.,-0.382683432365089,-0.923879532511287));
#10512=DIRECTION('',(0.707106781186545,-0.500000000000004,-0.5));
#10513=DIRECTION('center_axis',(-1.,0.,0.));
#10514=DIRECTION('ref_axis',(0.,-0.382683432365089,-0.923879532511287));
#10515=DIRECTION('center_axis',(0.707106781186535,0.500000000000008,0.500000000000009));
#10516=DIRECTION('ref_axis',(0.57735026918964,0.,-0.816496580927716));
#10517=DIRECTION('',(0.,-0.707106781186549,0.707106781186546));
#10518=DIRECTION('',(0.707106781186554,-0.500000000000011,-0.49999999999998));
#10519=DIRECTION('center_axis',(-1.,0.,0.));
#10520=DIRECTION('ref_axis',(0.,0.382683432365089,0.923879532511287));
#10521=DIRECTION('',(0.707106781186551,-3.92523114670946E-15,-0.707106781186544));
#10522=DIRECTION('center_axis',(1.,0.,0.));
#10523=DIRECTION('ref_axis',(0.,0.382683432365089,0.923879532511287));
#10524=DIRECTION('center_axis',(0.707106781186551,3.85141240887271E-17,
0.707106781186544));
#10525=DIRECTION('ref_axis',(0.707106781186544,0.,-0.707106781186551));
#10526=DIRECTION('',(0.,-1.,5.44671966291984E-17));
#10527=DIRECTION('',(0.707106781186544,-1.57009245868376E-14,-0.707106781186551));
#10528=DIRECTION('center_axis',(-1.,0.,0.));
#10529=DIRECTION('ref_axis',(0.,-0.707106781186547,0.707106781186547));
#10530=DIRECTION('',(0.707106781186548,0.707106781186548,0.));
#10531=DIRECTION('center_axis',(1.,0.,0.));
#10532=DIRECTION('ref_axis',(0.,-0.707106781186548,0.707106781186548));
#10533=DIRECTION('center_axis',(0.70710678118654,-0.707106781186555,3.71061733082386E-16));
#10534=DIRECTION('ref_axis',(5.24760535402781E-16,0.,-1.));
#10535=DIRECTION('',(0.,-5.2476053540277E-16,-1.));
#10536=DIRECTION('',(0.707106781186555,0.70710678118654,0.));
#10537=DIRECTION('center_axis',(-1.,0.,0.));
#10538=DIRECTION('ref_axis',(0.,-0.707106781186548,-0.707106781186548));
#10539=DIRECTION('',(0.707106781186555,0.,0.70710678118654));
#10540=DIRECTION('center_axis',(1.,0.,0.));
#10541=DIRECTION('ref_axis',(0.,-0.707106781186548,-0.707106781186548));
#10542=DIRECTION('center_axis',(0.70710678118654,0.,-0.707106781186555));
#10543=DIRECTION('ref_axis',(-0.707106781186555,0.,-0.70710678118654));
#10544=DIRECTION('',(0.,1.,0.));
#10545=DIRECTION('',(0.707106781186555,0.,0.70710678118654));
#10546=DIRECTION('center_axis',(-1.,0.,0.));
#10547=DIRECTION('ref_axis',(0.,0.382683432365088,-0.923879532511287));
#10548=DIRECTION('',(0.707106781186519,-0.500000000000011,0.500000000000029));
#10549=DIRECTION('center_axis',(1.,0.,0.));
#10550=DIRECTION('ref_axis',(0.,0.382683432365088,-0.923879532511287));
#10551=DIRECTION('center_axis',(0.707106781186533,0.50000000000001,-0.500000000000012));
#10552=DIRECTION('ref_axis',(-0.577350269189643,0.,-0.816496580927714));
#10553=DIRECTION('',(0.,0.707106781186549,0.707106781186546));
#10554=DIRECTION('',(0.707106781186563,-0.499999999999993,0.499999999999986));
#10555=DIRECTION('center_axis',(1.,0.,0.));
#10556=DIRECTION('ref_axis',(0.,-0.382683432365089,0.923879532511287));
#10557=DIRECTION('',(0.707106781186587,7.8504622934193E-15,0.707106781186508));
#10558=DIRECTION('center_axis',(-1.,0.,0.));
#10559=DIRECTION('ref_axis',(0.,-0.382683432365089,0.923879532511287));
#10560=DIRECTION('center_axis',(0.70710678118654,1.96261557335478E-16,-0.707106781186555));
#10561=DIRECTION('ref_axis',(-0.707106781186555,0.,-0.70710678118654));
#10562=DIRECTION('',(0.,1.,2.77555756156295E-16));
#10563=DIRECTION('',(0.707106781186555,3.14018491736758E-14,0.70710678118654));
#10564=DIRECTION('center_axis',(1.,0.,0.));
#10565=DIRECTION('ref_axis',(0.,0.38268343236509,0.923879532511286));
#10566=DIRECTION('',(0.707106781186557,0.499999999999993,0.499999999999993));
#10567=DIRECTION('center_axis',(-1.,0.,0.));
#10568=DIRECTION('ref_axis',(0.,0.38268343236509,0.923879532511287));
#10569=DIRECTION('center_axis',(0.707106781186538,-0.500000000000008,-0.500000000000006));
#10570=DIRECTION('ref_axis',(-0.577350269189636,0.,-0.816496580927719));
#10571=DIRECTION('',(0.,0.707106781186547,-0.707106781186548));
#10572=DIRECTION('center_axis',(0.,-0.707106781186546,-0.707106781186549));
#10573=DIRECTION('ref_axis',(0.,-0.707106781186549,0.707106781186546));
#10574=DIRECTION('',(-1.,0.,0.));
#10575=DIRECTION('',(0.,0.707106781186549,-0.707106781186546));
#10576=DIRECTION('',(1.,0.,0.));
#10577=DIRECTION('center_axis',(1.,0.,0.));
#10578=DIRECTION('ref_axis',(0.,-0.382683432365089,-0.923879532511287));
#10579=DIRECTION('',(1.,0.,0.));
#10580=DIRECTION('center_axis',(1.,0.,0.));
#10581=DIRECTION('ref_axis',(0.,-0.382683432365089,-0.923879532511287));
#10582=DIRECTION('center_axis',(0.,4.16333634234442E-16,-1.));
#10583=DIRECTION('ref_axis',(0.,-1.,-4.16333634234442E-16));
#10584=DIRECTION('',(-1.,0.,0.));
#10585=DIRECTION('',(0.,1.,4.16333634234442E-16));
#10586=DIRECTION('center_axis',(1.,0.,0.));
#10587=DIRECTION('ref_axis',(0.,0.382683432365091,-0.923879532511287));
#10588=DIRECTION('',(1.,0.,0.));
#10589=DIRECTION('center_axis',(1.,0.,0.));
#10590=DIRECTION('ref_axis',(0.,0.382683432365091,-0.923879532511287));
#10591=DIRECTION('center_axis',(0.,0.707106781186548,-0.707106781186547));
#10592=DIRECTION('ref_axis',(0.,-0.707106781186547,-0.707106781186548));
#10593=DIRECTION('',(-1.,0.,0.));
#10594=DIRECTION('',(0.,0.707106781186547,0.707106781186548));
#10595=DIRECTION('center_axis',(1.,0.,0.));
#10596=DIRECTION('ref_axis',(0.,-0.382683432365093,0.923879532511286));
#10597=DIRECTION('',(1.,0.,0.));
#10598=DIRECTION('center_axis',(-1.,0.,0.));
#10599=DIRECTION('ref_axis',(0.,-0.382683432365093,0.923879532511286));
#10600=DIRECTION('center_axis',(0.,1.31042717660664E-15,-1.));
#10601=DIRECTION('ref_axis',(0.,-1.,-1.31042717660664E-15));
#10602=DIRECTION('',(-1.,0.,0.));
#10603=DIRECTION('',(0.,1.,1.31042717660664E-15));
#10604=DIRECTION('center_axis',(1.,0.,0.));
#10605=DIRECTION('ref_axis',(0.,1.,-4.56777472988636E-15));
#10606=DIRECTION('',(-1.,0.,0.));
#10607=DIRECTION('center_axis',(-1.,0.,0.));
#10608=DIRECTION('ref_axis',(0.,1.,-4.56777472988636E-15));
#10609=DIRECTION('center_axis',(0.,-1.,-3.0280021411161E-16));
#10610=DIRECTION('ref_axis',(0.,-3.0280021411161E-16,1.));
#10611=DIRECTION('',(-1.,0.,0.));
#10612=DIRECTION('',(0.,3.0280021411161E-16,-1.));
#10613=DIRECTION('center_axis',(1.,0.,0.));
#10614=DIRECTION('ref_axis',(0.,-6.09036630651516E-15,-1.));
#10615=DIRECTION('',(-1.,0.,0.));
#10616=DIRECTION('center_axis',(-1.,0.,0.));
#10617=DIRECTION('ref_axis',(0.,-6.09036630651516E-15,-1.));
#10618=DIRECTION('center_axis',(0.,0.,1.));
#10619=DIRECTION('ref_axis',(0.,1.,0.));
#10620=DIRECTION('',(-1.,0.,0.));
#10621=DIRECTION('',(0.,-1.,0.));
#10622=DIRECTION('center_axis',(1.,0.,0.));
#10623=DIRECTION('ref_axis',(0.,-0.38268343236509,-0.923879532511287));
#10624=DIRECTION('',(1.,0.,0.));
#10625=DIRECTION('center_axis',(-1.,0.,0.));
#10626=DIRECTION('ref_axis',(0.,-0.38268343236509,-0.923879532511287));
#10627=DIRECTION('center_axis',(0.70710678118654,0.707106781186555,4.20066344545347E-15));
#10628=DIRECTION('ref_axis',(5.94063521552525E-15,0.,-1.));
#10629=DIRECTION('',(-0.707106781186555,0.70710678118654,0.));
#10630=DIRECTION('',(0.,-5.94063521552512E-15,1.));
#10631=DIRECTION('',(0.707106781186524,-0.707106781186571,0.));
#10632=DIRECTION('center_axis',(1.,0.,0.));
#10633=DIRECTION('ref_axis',(0.,-1.,0.));
#10634=DIRECTION('',(-0.707106781186524,-0.707106781186571,0.));
#10635=DIRECTION('center_axis',(-1.,0.,0.));
#10636=DIRECTION('ref_axis',(0.,-1.,0.));
#10637=DIRECTION('center_axis',(0.70710678118654,-0.707106781186555,-3.85060815833234E-15));
#10638=DIRECTION('ref_axis',(-5.44558228089815E-15,0.,-1.));
#10639=DIRECTION('',(-0.707106781186587,-0.707106781186508,0.));
#10640=DIRECTION('',(0.,5.44558228089803E-15,-1.));
#10641=DIRECTION('center_axis',(1.,0.,0.));
#10642=DIRECTION('ref_axis',(0.,0.,1.));
#10643=DIRECTION('center_axis',(-1.,0.,0.));
#10644=DIRECTION('ref_axis',(0.,0.,1.));
#10645=DIRECTION('center_axis',(1.,0.,0.));
#10646=DIRECTION('ref_axis',(0.,-5.35936516162723E-8,0.999999999999998));
#10647=DIRECTION('',(-1.,0.,0.));
#10648=DIRECTION('center_axis',(-1.,0.,0.));
#10649=DIRECTION('ref_axis',(0.,0.,1.));
#10650=DIRECTION('',(-1.,0.,0.));
#10651=DIRECTION('center_axis',(0.,-1.,-5.94063521552512E-15));
#10652=DIRECTION('ref_axis',(0.,-5.94063521552512E-15,1.));
#10653=DIRECTION('',(-1.,0.,0.));
#10654=DIRECTION('',(0.,-5.94063521552512E-15,1.));
#10655=DIRECTION('center_axis',(0.70710678118654,0.707106781186555,4.20066344545347E-15));
#10656=DIRECTION('ref_axis',(5.94063521552525E-15,0.,-1.));
#10657=DIRECTION('',(-0.707106781186493,0.707106781186602,0.));
#10658=DIRECTION('',(0.,-5.94063521552512E-15,1.));
#10659=DIRECTION('',(0.707106781186555,-0.70710678118654,0.));
#10660=DIRECTION('center_axis',(1.,0.,0.));
#10661=DIRECTION('ref_axis',(0.,0.,-1.));
#10662=DIRECTION('',(-0.707106781186553,-0.707106781186538,-7.57928534450982E-8));
#10663=DIRECTION('center_axis',(-1.,0.,0.));
#10664=DIRECTION('ref_axis',(0.,0.,-1.));
#10665=DIRECTION('center_axis',(0.70710678118654,-0.707106781186555,-3.85060815833234E-15));
#10666=DIRECTION('ref_axis',(-5.44558228089815E-15,0.,-1.));
#10667=DIRECTION('',(-0.707106781186555,-0.70710678118654,0.));
#10668=DIRECTION('',(0.,5.44558228089803E-15,-1.));
#10669=DIRECTION('center_axis',(1.,0.,0.));
#10670=DIRECTION('ref_axis',(0.,1.,5.55111512312578E-15));
#10671=DIRECTION('center_axis',(-1.,0.,0.));
#10672=DIRECTION('ref_axis',(0.,1.,5.55111512312578E-15));
#10673=DIRECTION('center_axis',(1.,0.,0.));
#10674=DIRECTION('ref_axis',(0.,1.,5.55111512312578E-15));
#10675=DIRECTION('',(-1.,0.,0.));
#10676=DIRECTION('center_axis',(-1.,0.,0.));
#10677=DIRECTION('ref_axis',(0.,1.,5.55111512312578E-15));
#10678=DIRECTION('',(-1.,0.,0.));
#10679=DIRECTION('center_axis',(0.,-1.,-5.94063521552512E-15));
#10680=DIRECTION('ref_axis',(0.,-5.94063521552512E-15,1.));
#10681=DIRECTION('',(-1.,0.,0.));
#10682=DIRECTION('',(0.,-5.94063521552512E-15,1.));
#10683=DIRECTION('center_axis',(1.,0.,0.));
#10684=DIRECTION('ref_axis',(0.,0.,-1.));
#10685=DIRECTION('center_axis',(-1.,0.,0.));
#10686=DIRECTION('ref_axis',(0.,0.,-1.));
#10687=DIRECTION('',(0.707106781186555,8.65956056235484E-17,0.70710678118654));
#10688=DIRECTION('center_axis',(1.,0.,0.));
#10689=DIRECTION('ref_axis',(0.,0.,-1.));
#10690=DIRECTION('center_axis',(1.,0.,0.));
#10691=DIRECTION('ref_axis',(0.,0.,-1.));
#10692=DIRECTION('',(1.,0.,0.));
#10693=DIRECTION('center_axis',(1.,0.,0.));
#10694=DIRECTION('ref_axis',(0.,0.,-1.));
#10695=DIRECTION('center_axis',(-1.,0.,0.));
#10696=DIRECTION('ref_axis',(0.,0.,-1.));
#10697=DIRECTION('',(0.707106781186555,8.65956056235484E-17,0.70710678118654));
#10698=DIRECTION('center_axis',(1.,0.,0.));
#10699=DIRECTION('ref_axis',(0.,0.,-1.));
#10700=DIRECTION('center_axis',(1.,0.,0.));
#10701=DIRECTION('ref_axis',(0.,0.,-1.));
#10702=DIRECTION('',(1.,0.,0.));
#10703=DIRECTION('center_axis',(1.,0.,0.));
#10704=DIRECTION('ref_axis',(0.,0.,-1.));
#10705=DIRECTION('center_axis',(-1.,0.,0.));
#10706=DIRECTION('ref_axis',(0.,0.,-1.));
#10707=DIRECTION('',(0.707106781186555,8.65956056235484E-17,0.70710678118654));
#10708=DIRECTION('center_axis',(1.,0.,0.));
#10709=DIRECTION('ref_axis',(0.,0.,-1.));
#10710=DIRECTION('center_axis',(1.,0.,0.));
#10711=DIRECTION('ref_axis',(0.,0.,-1.));
#10712=DIRECTION('',(1.,0.,0.));
#10713=DIRECTION('center_axis',(1.,0.,0.));
#10714=DIRECTION('ref_axis',(0.,0.,-1.));
#10715=DIRECTION('center_axis',(-1.,0.,0.));
#10716=DIRECTION('ref_axis',(0.,0.,-1.));
#10717=DIRECTION('',(0.707106781186555,8.65956056235484E-17,0.70710678118654));
#10718=DIRECTION('center_axis',(1.,0.,0.));
#10719=DIRECTION('ref_axis',(0.,0.,-1.));
#10720=DIRECTION('center_axis',(1.,0.,0.));
#10721=DIRECTION('ref_axis',(0.,0.,-1.));
#10722=DIRECTION('',(1.,0.,0.));
#10723=DIRECTION('center_axis',(-0.707106781186548,0.,-0.707106781186548));
#10724=DIRECTION('ref_axis',(-0.707106781186548,0.,0.707106781186548));
#10725=DIRECTION('',(-0.707106781186548,0.,0.707106781186548));
#10726=DIRECTION('',(0.707106781186548,0.,-0.707106781186548));
#10727=DIRECTION('',(0.,-1.,0.));
#10728=DIRECTION('center_axis',(-1.,0.,0.));
#10729=DIRECTION('ref_axis',(0.,0.,1.));
#10730=DIRECTION('',(-0.707106781186555,0.,-0.70710678118654));
#10731=DIRECTION('center_axis',(1.,0.,0.));
#10732=DIRECTION('ref_axis',(0.,0.,1.));
#10733=DIRECTION('center_axis',(-0.707106781186548,0.,0.707106781186548));
#10734=DIRECTION('ref_axis',(0.707106781186548,0.,0.707106781186548));
#10735=DIRECTION('',(-0.707106781186548,0.,-0.707106781186548));
#10736=DIRECTION('',(0.,1.,0.));
#10737=DIRECTION('center_axis',(-1.,0.,0.));
#10738=DIRECTION('ref_axis',(0.,0.,-1.));
#10739=DIRECTION('center_axis',(1.,0.,0.));
#10740=DIRECTION('ref_axis',(0.,0.,-1.));
#10741=DIRECTION('center_axis',(1.,0.,0.));
#10742=DIRECTION('ref_axis',(0.,0.,1.));
#10743=DIRECTION('',(1.,0.,0.));
#10744=DIRECTION('center_axis',(1.,0.,0.));
#10745=DIRECTION('ref_axis',(0.,0.,1.));
#10746=DIRECTION('',(1.,0.,0.));
#10747=DIRECTION('center_axis',(0.,0.,1.));
#10748=DIRECTION('ref_axis',(0.,-1.,0.));
#10749=DIRECTION('',(1.,0.,0.));
#10750=DIRECTION('',(0.,-1.,0.));
#10751=DIRECTION('center_axis',(-0.707106781186548,0.,-0.707106781186548));
#10752=DIRECTION('ref_axis',(-0.707106781186548,0.,0.707106781186548));
#10753=DIRECTION('',(-0.707106781186548,0.,0.707106781186548));
#10754=DIRECTION('',(0.707106781186548,0.,-0.707106781186548));
#10755=DIRECTION('',(0.,-1.,0.));
#10756=DIRECTION('center_axis',(-1.,0.,0.));
#10757=DIRECTION('ref_axis',(0.,0.,1.));
#10758=DIRECTION('',(-0.707106781186555,0.,-0.70710678118654));
#10759=DIRECTION('center_axis',(1.,0.,0.));
#10760=DIRECTION('ref_axis',(0.,0.,1.));
#10761=DIRECTION('center_axis',(-0.707106781186548,0.,0.707106781186548));
#10762=DIRECTION('ref_axis',(0.707106781186548,0.,0.707106781186548));
#10763=DIRECTION('',(-0.707106781186548,0.,-0.707106781186548));
#10764=DIRECTION('',(0.,1.,0.));
#10765=DIRECTION('center_axis',(-1.,0.,0.));
#10766=DIRECTION('ref_axis',(0.,0.,-1.));
#10767=DIRECTION('center_axis',(1.,0.,0.));
#10768=DIRECTION('ref_axis',(0.,0.,-1.));
#10769=DIRECTION('center_axis',(1.,0.,0.));
#10770=DIRECTION('ref_axis',(0.,0.,1.));
#10771=DIRECTION('',(1.,0.,0.));
#10772=DIRECTION('center_axis',(1.,0.,0.));
#10773=DIRECTION('ref_axis',(0.,0.,1.));
#10774=DIRECTION('',(1.,0.,0.));
#10775=DIRECTION('center_axis',(0.,0.,1.));
#10776=DIRECTION('ref_axis',(0.,-1.,0.));
#10777=DIRECTION('',(1.,0.,0.));
#10778=DIRECTION('',(0.,-1.,0.));
#10779=DIRECTION('center_axis',(-0.707106781186551,0.499999999999997,0.499999999999998));
#10780=DIRECTION('ref_axis',(0.577350269189623,0.,0.816496580927728));
#10781=DIRECTION('',(0.707106781186538,0.500000000000022,0.499999999999991));
#10782=DIRECTION('',(-0.707106781186541,-0.500000000000016,-0.499999999999993));
#10783=DIRECTION('center_axis',(1.,0.,0.));
#10784=DIRECTION('ref_axis',(0.,0.382683432365089,0.923879532511287));
#10785=DIRECTION('',(0.707106781186551,3.92523114670946E-15,0.707106781186544));
#10786=DIRECTION('center_axis',(-1.,0.,0.));
#10787=DIRECTION('ref_axis',(0.,0.382683432365089,0.923879532511287));
#10788=DIRECTION('center_axis',(-0.707106781186551,3.85141240887271E-17,
0.707106781186544));
#10789=DIRECTION('ref_axis',(0.707106781186544,0.,0.707106781186551));
#10790=DIRECTION('',(0.707106781186544,1.57009245868376E-14,0.707106781186551));
#10791=DIRECTION('',(0.,1.,-5.44671966291984E-17));
#10792=DIRECTION('center_axis',(1.,0.,0.));
#10793=DIRECTION('ref_axis',(0.,-0.707106781186547,0.707106781186547));
#10794=DIRECTION('',(0.707106781186548,-0.707106781186548,0.));
#10795=DIRECTION('center_axis',(-1.,0.,0.));
#10796=DIRECTION('ref_axis',(0.,-0.707106781186548,0.707106781186548));
#10797=DIRECTION('center_axis',(-0.70710678118654,-0.707106781186555,3.71061733082386E-16));
#10798=DIRECTION('ref_axis',(5.24760535402781E-16,0.,1.));
#10799=DIRECTION('',(0.707106781186555,-0.70710678118654,0.));
#10800=DIRECTION('',(0.,5.2476053540277E-16,1.));
#10801=DIRECTION('center_axis',(1.,0.,0.));
#10802=DIRECTION('ref_axis',(0.,-0.707106781186548,-0.707106781186548));
#10803=DIRECTION('',(0.707106781186555,0.,-0.70710678118654));
#10804=DIRECTION('center_axis',(-1.,0.,0.));
#10805=DIRECTION('ref_axis',(0.,-0.707106781186548,-0.707106781186548));
#10806=DIRECTION('center_axis',(-0.70710678118654,0.,-0.707106781186555));
#10807=DIRECTION('ref_axis',(-0.707106781186555,0.,0.70710678118654));
#10808=DIRECTION('',(0.707106781186555,0.,-0.70710678118654));
#10809=DIRECTION('',(0.,-1.,0.));
#10810=DIRECTION('center_axis',(1.,0.,0.));
#10811=DIRECTION('ref_axis',(0.,0.382683432365088,-0.923879532511287));
#10812=DIRECTION('',(0.707106781186519,0.500000000000011,-0.500000000000029));
#10813=DIRECTION('center_axis',(-1.,0.,0.));
#10814=DIRECTION('ref_axis',(0.,0.382683432365088,-0.923879532511287));
#10815=DIRECTION('center_axis',(-0.707106781186548,0.499999999999999,-0.5));
#10816=DIRECTION('ref_axis',(-0.577350269189626,0.,0.816496580927726));
#10817=DIRECTION('',(0.707106781186547,0.500000000000004,-0.499999999999997));
#10818=DIRECTION('',(0.,-0.707106781186549,-0.707106781186546));
#10819=DIRECTION('center_axis',(-1.,0.,0.));
#10820=DIRECTION('ref_axis',(0.,-0.382683432365089,0.923879532511287));
#10821=DIRECTION('',(0.707106781186587,-7.8504622934193E-15,-0.707106781186508));
#10822=DIRECTION('center_axis',(1.,0.,0.));
#10823=DIRECTION('ref_axis',(0.,-0.382683432365089,0.923879532511287));
#10824=DIRECTION('center_axis',(-0.70710678118654,1.96261557335478E-16,
-0.707106781186555));
#10825=DIRECTION('ref_axis',(-0.707106781186555,0.,0.70710678118654));
#10826=DIRECTION('',(0.707106781186555,-3.14018491736758E-14,-0.70710678118654));
#10827=DIRECTION('',(0.,-1.,-2.77555756156295E-16));
#10828=DIRECTION('center_axis',(-1.,0.,0.));
#10829=DIRECTION('ref_axis',(0.,0.38268343236509,0.923879532511286));
#10830=DIRECTION('',(0.707106781186557,-0.499999999999993,-0.499999999999993));
#10831=DIRECTION('center_axis',(1.,0.,0.));
#10832=DIRECTION('ref_axis',(0.,0.38268343236509,0.923879532511287));
#10833=DIRECTION('center_axis',(-0.707106781186538,-0.500000000000008,-0.500000000000006));
#10834=DIRECTION('ref_axis',(-0.577350269189636,0.,0.816496580927719));
#10835=DIRECTION('',(0.707106781186557,-0.499999999999993,-0.499999999999993));
#10836=DIRECTION('',(0.,-0.707106781186547,0.707106781186548));
#10837=DIRECTION('center_axis',(1.,0.,0.));
#10838=DIRECTION('ref_axis',(0.,-0.38268343236509,-0.923879532511286));
#10839=DIRECTION('',(0.707106781186524,0.,-0.707106781186571));
#10840=DIRECTION('center_axis',(-0.70710678118654,0.,-0.707106781186555));
#10841=DIRECTION('ref_axis',(-0.707106781186555,0.,0.70710678118654));
#10842=DIRECTION('',(0.707106781186524,0.,-0.707106781186571));
#10843=DIRECTION('center_axis',(1.,0.,0.));
#10844=DIRECTION('ref_axis',(0.,-6.09036630651516E-15,-1.));
#10845=DIRECTION('',(0.707106781186555,0.70710678118654,0.));
#10846=DIRECTION('center_axis',(-0.707106781186508,0.707106781186587,2.1411208474307E-16));
#10847=DIRECTION('ref_axis',(3.02800214111643E-16,0.,1.));
#10848=DIRECTION('',(0.707106781186587,0.707106781186508,0.));
#10849=DIRECTION('center_axis',(1.,0.,0.));
#10850=DIRECTION('ref_axis',(0.,1.,-4.56777472988636E-15));
#10851=DIRECTION('',(0.707106781186555,0.,0.70710678118654));
#10852=DIRECTION('center_axis',(-0.707106781186544,-9.26611942829699E-16,
0.707106781186551));
#10853=DIRECTION('ref_axis',(0.707106781186551,0.,0.707106781186544));
#10854=DIRECTION('',(0.707106781186548,0.,0.707106781186548));
#10855=DIRECTION('center_axis',(1.,0.,0.));
#10856=DIRECTION('ref_axis',(0.,-0.382683432365093,0.923879532511286));
#10857=DIRECTION('',(0.707106781186524,-0.500000000000032,0.500000000000001));
#10858=DIRECTION('center_axis',(-0.707106781186532,-0.500000000000012,0.50000000000001));
#10859=DIRECTION('ref_axis',(0.577350269189642,0.,0.816496580927714));
#10860=DIRECTION('',(0.707106781186557,-0.499999999999993,0.499999999999993));
#10861=DIRECTION('center_axis',(-1.,0.,0.));
#10862=DIRECTION('ref_axis',(0.,0.382683432365091,-0.923879532511287));
#10863=DIRECTION('',(0.707106781186548,0.,0.707106781186548));
#10864=DIRECTION('center_axis',(-0.707106781186548,-2.94392336003214E-16,
0.707106781186548));
#10865=DIRECTION('ref_axis',(0.707106781186548,0.,0.707106781186548));
#10866=DIRECTION('',(0.707106781186555,-1.57009245868379E-14,0.70710678118654));
#10867=DIRECTION('center_axis',(-1.,0.,0.));
#10868=DIRECTION('ref_axis',(0.,-0.382683432365089,-0.923879532511287));
#10869=DIRECTION('center_axis',(-1.,0.,0.));
#10870=DIRECTION('ref_axis',(0.,0.,-1.));
#10871=DIRECTION('',(-0.707106781186555,-8.65956056235484E-17,0.70710678118654));
#10872=DIRECTION('center_axis',(-1.,0.,0.));
#10873=DIRECTION('ref_axis',(0.,0.,-1.));
#10874=DIRECTION('',(-0.707106781186555,-8.65956056235484E-17,0.70710678118654));
#10875=DIRECTION('center_axis',(-1.,0.,0.));
#10876=DIRECTION('ref_axis',(0.,0.,-1.));
#10877=DIRECTION('',(-0.707106781186555,-8.65956056235484E-17,0.70710678118654));
#10878=DIRECTION('center_axis',(-1.,0.,0.));
#10879=DIRECTION('ref_axis',(0.,0.,-1.));
#10880=DIRECTION('',(-0.707106781186555,-8.65956056235484E-17,0.70710678118654));
#10881=DIRECTION('center_axis',(1.,0.,0.));
#10882=DIRECTION('ref_axis',(0.,-1.,1.53754581840335E-16));
#10883=DIRECTION('center_axis',(1.,0.,0.));
#10884=DIRECTION('ref_axis',(0.,1.2105189911383E-6,0.999999999999267));
#10885=DIRECTION('',(1.,0.,0.));
#10886=DIRECTION('center_axis',(0.,0.,1.));
#10887=DIRECTION('ref_axis',(0.,-1.,0.));
#10888=DIRECTION('',(0.,-1.,0.));
#10889=DIRECTION('center_axis',(-1.,0.,0.));
#10890=DIRECTION('ref_axis',(0.,0.,1.));
#10891=DIRECTION('center_axis',(1.,0.,0.));
#10892=DIRECTION('ref_axis',(0.,0.,-1.));
#10893=DIRECTION('',(0.,1.,0.));
#10894=DIRECTION('center_axis',(0.,0.,-1.));
#10895=DIRECTION('ref_axis',(0.,1.,0.));
#10896=DIRECTION('',(1.,0.,0.));
#10897=DIRECTION('center_axis',(1.,0.,0.));
#10898=DIRECTION('ref_axis',(0.,0.,-1.));
#10899=DIRECTION('center_axis',(1.,0.,0.));
#10900=DIRECTION('ref_axis',(0.,-1.,1.53754581840335E-16));
#10901=DIRECTION('center_axis',(1.,0.,0.));
#10902=DIRECTION('ref_axis',(0.,1.2105189911383E-6,0.999999999999267));
#10903=DIRECTION('',(1.,0.,0.));
#10904=DIRECTION('center_axis',(0.,0.,1.));
#10905=DIRECTION('ref_axis',(0.,-1.,0.));
#10906=DIRECTION('',(0.,-1.,0.));
#10907=DIRECTION('center_axis',(-1.,0.,0.));
#10908=DIRECTION('ref_axis',(0.,0.,1.));
#10909=DIRECTION('center_axis',(1.,0.,0.));
#10910=DIRECTION('ref_axis',(0.,0.,-1.));
#10911=DIRECTION('',(0.,1.,0.));
#10912=DIRECTION('center_axis',(0.,0.,-1.));
#10913=DIRECTION('ref_axis',(0.,1.,0.));
#10914=DIRECTION('',(1.,0.,0.));
#10915=DIRECTION('center_axis',(1.,0.,0.));
#10916=DIRECTION('ref_axis',(0.,0.,-1.));
#10917=DIRECTION('center_axis',(-1.,0.,0.));
#10918=DIRECTION('ref_axis',(0.,-1.,0.));
#10919=DIRECTION('',(-0.707106781186549,-0.707106781186546,0.));
#10920=DIRECTION('center_axis',(-1.,0.,0.));
#10921=DIRECTION('ref_axis',(0.,-1.,0.));
#10922=DIRECTION('',(0.707106781186543,-0.707106781186552,0.));
#10923=DIRECTION('center_axis',(0.707106781186546,-0.707106781186549,-4.20066344545343E-15));
#10924=DIRECTION('ref_axis',(-5.94063521552515E-15,0.,-1.));
#10925=DIRECTION('',(-0.707106781186543,-0.707106781186552,-6.28036983473505E-15));
#10926=DIRECTION('center_axis',(-1.,0.,0.));
#10927=DIRECTION('ref_axis',(0.,0.,1.));
#10928=DIRECTION('',(-0.707106781186547,0.707106781186544,7.5792872286207E-8));
#10929=DIRECTION('center_axis',(0.707106781186546,0.707106781186549,3.85060815833231E-15));
#10930=DIRECTION('ref_axis',(5.44558228089805E-15,0.,-1.));
#10931=DIRECTION('',(0.,5.44558228089803E-15,-1.));
#10932=DIRECTION('center_axis',(1.,0.,0.));
#10933=DIRECTION('ref_axis',(0.,-1.,0.));
#10934=DIRECTION('',(-1.,0.,0.));
#10935=DIRECTION('center_axis',(-1.,0.,0.));
#10936=DIRECTION('ref_axis',(0.,1.,5.55111512312578E-15));
#10937=DIRECTION('',(-0.707106781186549,0.707106781186546,6.28036983473511E-15));
#10938=DIRECTION('',(0.707106781186549,0.707106781186546,6.28036983473511E-15));
#10939=DIRECTION('center_axis',(0.707106781186546,0.707106781186549,3.85060815833231E-15));
#10940=DIRECTION('ref_axis',(5.44558228089805E-15,0.,-1.));
#10941=DIRECTION('',(-0.707106781186555,0.70710678118654,6.28036983473517E-15));
#10942=DIRECTION('',(0.,5.44558228089803E-15,-1.));
#10943=DIRECTION('center_axis',(-1.,0.,0.));
#10944=DIRECTION('ref_axis',(0.,0.,-1.));
#10945=DIRECTION('',(-0.707106781186549,-0.707106781186546,0.));
#10946=DIRECTION('center_axis',(-1.,0.,0.));
#10947=DIRECTION('ref_axis',(0.,0.,-1.));
#10948=DIRECTION('center_axis',(0.707106781186546,-0.707106781186549,-4.20066344545343E-15));
#10949=DIRECTION('ref_axis',(-5.94063521552515E-15,0.,-1.));
#10950=DIRECTION('center_axis',(0.,1.,5.44558228089803E-15));
#10951=DIRECTION('ref_axis',(0.,5.44558228089803E-15,-1.));
#10952=DIRECTION('',(-1.,0.,0.));
#10953=DIRECTION('center_axis',(0.,0.707106781186548,0.707106781186547));
#10954=DIRECTION('ref_axis',(0.,0.707106781186547,-0.707106781186548));
#10955=DIRECTION('',(-1.,0.,0.));
#10956=DIRECTION('center_axis',(1.,0.,0.));
#10957=DIRECTION('ref_axis',(0.,0.38268343236509,0.923879532511287));
#10958=DIRECTION('',(1.,0.,0.));
#10959=DIRECTION('center_axis',(1.,0.,0.));
#10960=DIRECTION('ref_axis',(0.,-0.382683432365089,0.923879532511287));
#10961=DIRECTION('',(1.,0.,0.));
#10962=DIRECTION('',(-1.,0.,0.));
#10963=DIRECTION('center_axis',(0.,-2.77555756156295E-16,1.));
#10964=DIRECTION('ref_axis',(0.,1.,2.77555756156295E-16));
#10965=DIRECTION('center_axis',(1.,0.,0.));
#10966=DIRECTION('ref_axis',(0.,0.382683432365088,-0.923879532511287));
#10967=DIRECTION('',(1.,0.,0.));
#10968=DIRECTION('',(-1.,0.,0.));
#10969=DIRECTION('center_axis',(0.,-0.707106781186546,0.707106781186549));
#10970=DIRECTION('ref_axis',(0.,0.707106781186549,0.707106781186546));
#10971=DIRECTION('center_axis',(1.,0.,0.));
#10972=DIRECTION('ref_axis',(0.,0.382683432365089,0.923879532511287));
#10973=DIRECTION('',(-1.,0.,0.));
#10974=DIRECTION('center_axis',(0.,-5.44671966291984E-17,-1.));
#10975=DIRECTION('ref_axis',(0.,-1.,5.44671966291984E-17));
#10976=DIRECTION('',(1.,0.,0.));
#10977=DIRECTION('center_axis',(1.,0.,0.));
#10978=DIRECTION('ref_axis',(0.,-0.707106781186548,-0.707106781186548));
#10979=DIRECTION('',(1.,0.,0.));
#10980=DIRECTION('',(-1.,0.,0.));
#10981=DIRECTION('center_axis',(0.,0.,1.));
#10982=DIRECTION('ref_axis',(0.,1.,0.));
#10983=DIRECTION('center_axis',(1.,0.,0.));
#10984=DIRECTION('ref_axis',(0.,-0.707106781186548,0.707106781186548));
#10985=DIRECTION('',(-1.,0.,0.));
#10986=DIRECTION('center_axis',(1.,0.,0.));
#10987=DIRECTION('ref_axis',(0.,0.,-1.));
#10988=DIRECTION('center_axis',(0.,1.,5.44558228089803E-15));
#10989=DIRECTION('ref_axis',(0.,5.44558228089803E-15,-1.));
#10990=DIRECTION('center_axis',(0.,1.,-5.2476053540277E-16));
#10991=DIRECTION('ref_axis',(0.,-5.2476053540277E-16,-1.));
#10992=DIRECTION('axis',(0.,0.,1.));
#10993=DIRECTION('refdir',(1.,0.,0.));
#10994=DIRECTION('center_axis',(0.,0.,-1.));
#10995=DIRECTION('ref_axis',(-1.,0.,0.));
#10996=DIRECTION('center_axis',(0.,0.,-1.));
#10997=DIRECTION('ref_axis',(-1.,0.,0.));
#10998=DIRECTION('',(0.,0.,1.));
#10999=DIRECTION('center_axis',(0.,0.,-1.));
#11000=DIRECTION('ref_axis',(-1.,0.,0.));
#11001=DIRECTION('center_axis',(0.,0.,-1.));
#11002=DIRECTION('ref_axis',(-1.,0.,0.));
#11003=DIRECTION('center_axis',(0.,0.,1.));
#11004=DIRECTION('ref_axis',(-1.,0.,0.));
#11005=DIRECTION('center_axis',(0.,0.,1.));
#11006=DIRECTION('ref_axis',(1.,0.,0.));
#11007=DIRECTION('',(-0.86602540378444,-1.06057523872491E-16,0.499999999999998));
#11008=DIRECTION('center_axis',(0.,0.,-1.));
#11009=DIRECTION('ref_axis',(1.,0.,0.));
#11010=DIRECTION('center_axis',(0.,0.,-1.));
#11011=DIRECTION('ref_axis',(-1.,0.,0.));
#11012=DIRECTION('',(0.,0.,1.));
#11013=DIRECTION('center_axis',(0.,0.,1.));
#11014=DIRECTION('ref_axis',(-1.,0.,0.));
#11015=DIRECTION('center_axis',(0.,0.,-1.));
#11016=DIRECTION('ref_axis',(-1.,0.,0.));
#11017=DIRECTION('center_axis',(0.,0.,1.));
#11018=DIRECTION('ref_axis',(1.,0.,0.));
#11019=DIRECTION('center_axis',(0.,0.,1.));
#11020=DIRECTION('ref_axis',(1.,0.,0.));
#11021=DIRECTION('',(-0.866025403784438,-0.5,0.));
#11022=DIRECTION('',(3.00462919747432E-16,-1.,0.));
#11023=DIRECTION('',(0.866025403784438,-0.5,0.));
#11024=DIRECTION('',(0.866025403784438,0.5,0.));
#11025=DIRECTION('',(1.50231459873716E-16,1.,0.));
#11026=DIRECTION('',(-0.866025403784439,0.5,0.));
#11027=DIRECTION('center_axis',(-1.,-3.00462919747432E-16,0.));
#11028=DIRECTION('ref_axis',(3.00462919747432E-16,-1.,0.));
#11029=DIRECTION('',(0.,0.,1.));
#11030=DIRECTION('',(0.,0.,1.));
#11031=DIRECTION('center_axis',(-0.5,-0.866025403784438,0.));
#11032=DIRECTION('ref_axis',(0.866025403784438,-0.5,0.));
#11033=DIRECTION('',(0.,0.,1.));
#11034=DIRECTION('center_axis',(0.5,-0.866025403784439,0.));
#11035=DIRECTION('ref_axis',(0.866025403784439,0.5,0.));
#11036=DIRECTION('',(0.,0.,1.));
#11037=DIRECTION('center_axis',(1.,-1.50231459873716E-16,0.));
#11038=DIRECTION('ref_axis',(1.50231459873716E-16,1.,0.));
#11039=DIRECTION('',(0.,0.,1.));
#11040=DIRECTION('center_axis',(0.5,0.866025403784439,0.));
#11041=DIRECTION('ref_axis',(-0.866025403784439,0.5,0.));
#11042=DIRECTION('',(0.,0.,1.));
#11043=DIRECTION('center_axis',(-0.5,0.866025403784438,0.));
#11044=DIRECTION('ref_axis',(-0.866025403784438,-0.5,0.));
#11045=DIRECTION('axis',(0.,0.,1.));
#11046=DIRECTION('refdir',(1.,0.,0.));
#11047=DIRECTION('center_axis',(0.,0.,-1.));
#11048=DIRECTION('ref_axis',(-1.,0.,0.));
#11049=DIRECTION('center_axis',(0.,0.,-1.));
#11050=DIRECTION('ref_axis',(-1.,0.,0.));
#11051=DIRECTION('',(0.,0.,1.));
#11052=DIRECTION('center_axis',(0.,0.,-1.));
#11053=DIRECTION('ref_axis',(-1.,0.,0.));
#11054=DIRECTION('center_axis',(0.,0.,-1.));
#11055=DIRECTION('ref_axis',(-1.,0.,0.));
#11056=DIRECTION('center_axis',(0.,0.,1.));
#11057=DIRECTION('ref_axis',(-1.,0.,0.));
#11058=DIRECTION('center_axis',(0.,0.,1.));
#11059=DIRECTION('ref_axis',(1.,0.,0.));
#11060=DIRECTION('',(-0.86602540378444,-1.06057523872491E-16,0.499999999999998));
#11061=DIRECTION('center_axis',(0.,0.,-1.));
#11062=DIRECTION('ref_axis',(1.,0.,0.));
#11063=DIRECTION('center_axis',(0.,0.,-1.));
#11064=DIRECTION('ref_axis',(-1.,0.,0.));
#11065=DIRECTION('',(0.,0.,1.));
#11066=DIRECTION('center_axis',(0.,0.,1.));
#11067=DIRECTION('ref_axis',(-1.,0.,0.));
#11068=DIRECTION('center_axis',(0.,0.,-1.));
#11069=DIRECTION('ref_axis',(-1.,0.,0.));
#11070=DIRECTION('center_axis',(0.,0.,1.));
#11071=DIRECTION('ref_axis',(1.,0.,0.));
#11072=DIRECTION('center_axis',(0.,0.,1.));
#11073=DIRECTION('ref_axis',(1.,0.,0.));
#11074=DIRECTION('',(-0.866025403784438,-0.5,0.));
#11075=DIRECTION('',(3.00462919747432E-16,-1.,0.));
#11076=DIRECTION('',(0.866025403784438,-0.5,0.));
#11077=DIRECTION('',(0.866025403784438,0.5,0.));
#11078=DIRECTION('',(1.50231459873716E-16,1.,0.));
#11079=DIRECTION('',(-0.866025403784439,0.5,0.));
#11080=DIRECTION('center_axis',(-1.,-3.00462919747432E-16,0.));
#11081=DIRECTION('ref_axis',(3.00462919747432E-16,-1.,0.));
#11082=DIRECTION('',(0.,0.,1.));
#11083=DIRECTION('',(0.,0.,1.));
#11084=DIRECTION('center_axis',(-0.5,-0.866025403784438,0.));
#11085=DIRECTION('ref_axis',(0.866025403784438,-0.5,0.));
#11086=DIRECTION('',(0.,0.,1.));
#11087=DIRECTION('center_axis',(0.5,-0.866025403784439,0.));
#11088=DIRECTION('ref_axis',(0.866025403784439,0.5,0.));
#11089=DIRECTION('',(0.,0.,1.));
#11090=DIRECTION('center_axis',(1.,-1.50231459873716E-16,0.));
#11091=DIRECTION('ref_axis',(1.50231459873716E-16,1.,0.));
#11092=DIRECTION('',(0.,0.,1.));
#11093=DIRECTION('center_axis',(0.5,0.866025403784439,0.));
#11094=DIRECTION('ref_axis',(-0.866025403784439,0.5,0.));
#11095=DIRECTION('',(0.,0.,1.));
#11096=DIRECTION('center_axis',(-0.5,0.866025403784438,0.));
#11097=DIRECTION('ref_axis',(-0.866025403784438,-0.5,0.));
#11098=DIRECTION('',(0.,0.,1.));
#11099=DIRECTION('',(1.,0.,0.));
#11100=DIRECTION('',(0.,0.,1.));
#11101=DIRECTION('',(1.,0.,0.));
#11102=DIRECTION('',(0.,0.,1.));
#11103=DIRECTION('',(1.,0.,0.));
#11104=DIRECTION('',(0.,0.,1.));
#11105=DIRECTION('',(1.,0.,0.));
#11106=DIRECTION('',(0.,0.,1.));
#11107=DIRECTION('',(1.,0.,0.));
#11108=DIRECTION('',(1.,-1.15147771607544E-44,-1.54373103360585E-30));
#11109=DIRECTION('',(-1.54373103360585E-30,1.22464679914735E-16,-1.));
#11110=DIRECTION('',(1.,-1.15147771607544E-44,-1.54373103360585E-30));
#11111=DIRECTION('',(-1.54373103360585E-30,1.22464679914735E-16,-1.));
#11112=DIRECTION('',(1.,1.57422003254348E-48,0.));
#11113=DIRECTION('',(0.,1.22464679914735E-16,-1.));
#11114=DIRECTION('',(1.,1.57422003254348E-48,0.));
#11115=DIRECTION('',(0.,1.22464679914735E-16,-1.));
#11116=CARTESIAN_POINT('',(0.,0.,0.));
#11117=CARTESIAN_POINT('',(0.,0.,0.));
#11118=CARTESIAN_POINT('',(0.,0.,0.));
#11119=CARTESIAN_POINT('Origin',(23.,-43.9078295700865,-77.6157423384349));
#11120=CARTESIAN_POINT('',(63.,-43.9078295700865,-71.5407423384349));
#11121=CARTESIAN_POINT('Origin',(63.,-43.9078295700865,-77.6157423384349));
#11122=CARTESIAN_POINT('',(23.,-43.9078295700865,-71.5407423384349));
#11123=CARTESIAN_POINT('',(23.,-43.9078295700865,-71.5407423384349));
#11124=CARTESIAN_POINT('Origin',(23.,-43.9078295700865,-77.6157423384349));
#11125=CARTESIAN_POINT('Origin',(23.,-43.9078295700865,-77.6157423384349));
#11126=CARTESIAN_POINT('',(63.,-43.9078295700865,-63.6157423384349));
#11127=CARTESIAN_POINT('Origin',(63.,-43.9078295700865,-77.6157423384349));
#11128=CARTESIAN_POINT('',(23.,-43.9078295700865,-63.6157423384349));
#11129=CARTESIAN_POINT('',(23.,-43.9078295700865,-63.6157423384349));
#11130=CARTESIAN_POINT('Origin',(23.,-43.9078295700865,-77.6157423384349));
#11131=CARTESIAN_POINT('Origin',(23.,-43.9078295700865,-77.6157423384349));
#11132=CARTESIAN_POINT('Origin',(63.,-43.9078295700865,-77.6157423384349));
#11133=CARTESIAN_POINT('',(0.,0.,0.));
#11134=CARTESIAN_POINT('Origin',(51.,-43.9078295700865,-77.6157423384349));
#11135=CARTESIAN_POINT('',(51.,-43.9078295700865,-63.6157423384349));
#11136=CARTESIAN_POINT('Origin',(51.,-43.9078295700865,-77.6157423384349));
#11137=CARTESIAN_POINT('',(51.,-43.9078295700865,-71.5407423384349));
#11138=CARTESIAN_POINT('Origin',(51.,-43.9078295700865,-77.6157423384349));
#11139=CARTESIAN_POINT('Origin',(23.,-43.9078295700865,-77.6157423384349));
#11140=CARTESIAN_POINT('',(63.,-43.9078295700865,-71.5407423384349));
#11141=CARTESIAN_POINT('Origin',(63.,-43.9078295700865,-77.6157423384349));
#11142=CARTESIAN_POINT('',(23.,-43.9078295700865,-71.5407423384349));
#11143=CARTESIAN_POINT('Origin',(23.,-43.9078295700865,-77.6157423384349));
#11144=CARTESIAN_POINT('',(63.,-43.9078295700865,-63.6157423384349));
#11145=CARTESIAN_POINT('Origin',(63.,-43.9078295700865,-77.6157423384349));
#11146=CARTESIAN_POINT('',(23.,-43.9078295700865,-63.6157423384349));
#11147=CARTESIAN_POINT('Origin',(63.,-43.9078295700865,-77.6157423384349));
#11148=CARTESIAN_POINT('',(0.,0.,0.));
#11149=CARTESIAN_POINT('',(0.,250.,0.));
#11150=CARTESIAN_POINT('',(0.,0.,0.));
#11151=CARTESIAN_POINT('Origin',(15.2,206.092170429913,-77.6157423384349));
#11152=CARTESIAN_POINT('',(15.,206.092170429913,-71.1407423384349));
#11153=CARTESIAN_POINT('Origin',(15.,206.092170429913,-77.6157423384349));
#11154=CARTESIAN_POINT('',(15.4,206.092170429913,-71.5407423384349));
#11155=CARTESIAN_POINT('',(15.2,206.092170429913,-71.3407423384349));
#11156=CARTESIAN_POINT('Origin',(15.4,206.092170429913,-77.6157423384349));
#11157=CARTESIAN_POINT('Origin',(15.,86.79217042987,-112.615742338435));
#11158=CARTESIAN_POINT('',(15.,171.249381813108,-183.371587429125));
#11159=CARTESIAN_POINT('',(15.,183.340907771397,-188.380061470835));
#11160=CARTESIAN_POINT('Origin',(15.,183.340907771397,-171.280061470835));
#11161=CARTESIAN_POINT('',(15.,151.500644471578,-163.622850087596));
#11162=CARTESIAN_POINT('',(15.,120.008933359243,-132.131138975261));
#11163=CARTESIAN_POINT('',(15.,138.843433088339,-158.380061470835));
#11164=CARTESIAN_POINT('Origin',(15.,138.843433088339,-176.280061470835));
#11165=CARTESIAN_POINT('',(15.,25.3409077714,-158.380061470835));
#11166=CARTESIAN_POINT('',(15.,52.4421704298705,-158.380061470835));
#11167=CARTESIAN_POINT('',(15.,12.6836963881608,-163.622850087596));
#11168=CARTESIAN_POINT('Origin',(15.,25.3409077714,-176.280061470835));
#11169=CARTESIAN_POINT('',(15.,-7.06504095336842,-183.371587429125));
#11170=CARTESIAN_POINT('',(15.,31.525407500496,-144.781138975261));
#11171=CARTESIAN_POINT('',(15.,-19.1565669116584,-188.380061470835));
#11172=CARTESIAN_POINT('Origin',(15.,-19.1565669116584,-171.280061470835));
#11173=CARTESIAN_POINT('',(15.,-42.0078295701307,-188.380061470835));
#11174=CARTESIAN_POINT('',(15.,13.6421704298696,-188.380061470835));
#11175=CARTESIAN_POINT('',(15.,-59.1078295701307,-171.280061470835));
#11176=CARTESIAN_POINT('Origin',(15.,-42.0078295701307,-171.280061470835));
#11177=CARTESIAN_POINT('',(15.,-59.1078295701307,-53.9514232060348));
#11178=CARTESIAN_POINT('',(15.,-59.1078295701307,-74.5335827722348));
#11179=CARTESIAN_POINT('',(15.,-42.0078295701307,-36.8514232060349));
#11180=CARTESIAN_POINT('Origin',(15.,-42.0078295701307,-53.9514232060348));
#11181=CARTESIAN_POINT('',(15.,-19.1565669116585,-36.8514232060348));
#11182=CARTESIAN_POINT('',(15.,37.4421704298704,-36.8514232060349));
#11183=CARTESIAN_POINT('',(15.,-7.06504095336852,-41.8598972477449));
#11184=CARTESIAN_POINT('Origin',(15.,-19.1565669116585,-53.9514232060348));
#11185=CARTESIAN_POINT('',(15.,12.6836963881608,-61.6086345892741));
#11186=CARTESIAN_POINT('',(15.,46.5254075004961,-95.4503457016093));
#11187=CARTESIAN_POINT('',(15.,25.3409077714,-66.8514232060349));
#11188=CARTESIAN_POINT('Origin',(15.,25.3409077714,-48.9514232060349));
#11189=CARTESIAN_POINT('',(15.,138.843433088339,-66.8514232060349));
#11190=CARTESIAN_POINT('',(15.,116.442170429869,-66.8514232060349));
#11191=CARTESIAN_POINT('',(15.,151.500644471578,-61.6086345892741));
#11192=CARTESIAN_POINT('Origin',(15.,138.843433088339,-48.9514232060349));
#11193=CARTESIAN_POINT('',(15.,171.249381813107,-41.8598972477449));
#11194=CARTESIAN_POINT('',(15.,135.008933359243,-78.1003457016091));
#11195=CARTESIAN_POINT('',(15.,183.340907771397,-36.8514232060349));
#11196=CARTESIAN_POINT('Origin',(15.,183.340907771397,-53.9514232060349));
#11197=CARTESIAN_POINT('',(15.,215.592170429871,-36.8514232060348));
#11198=CARTESIAN_POINT('',(15.,151.19217042987,-36.8514232060349));
#11199=CARTESIAN_POINT('',(15.,232.692170429871,-53.9514232060349));
#11200=CARTESIAN_POINT('Origin',(15.,215.592170429871,-53.9514232060348));
#11201=CARTESIAN_POINT('',(15.,232.692170429871,-171.280061470835));
#11202=CARTESIAN_POINT('',(15.,232.692170429871,-141.947901904635));
#11203=CARTESIAN_POINT('',(15.,215.592170429871,-188.380061470835));
#11204=CARTESIAN_POINT('Origin',(15.,215.592170429871,-171.280061470835));
#11205=CARTESIAN_POINT('',(15.,131.442170429869,-188.380061470835));
#11206=CARTESIAN_POINT('',(15.,-43.9078295700865,-71.1407423384349));
#11207=CARTESIAN_POINT('Origin',(15.,-43.9078295700865,-77.6157423384349));
#11208=CARTESIAN_POINT('',(15.,-43.9078295700865,-141.140742338435));
#11209=CARTESIAN_POINT('Origin',(15.,-43.9078295700865,-147.615742338435));
#11210=CARTESIAN_POINT('',(15.,183.692170429869,-173.580061470835));
#11211=CARTESIAN_POINT('',(15.,183.692170429869,-137.580061470835));
#11212=CARTESIAN_POINT('',(15.,183.692170429869,-143.097901904635));
#11213=CARTESIAN_POINT('',(15.,190.892170429869,-173.580061470835));
#11214=CARTESIAN_POINT('Origin',(15.,187.292170429869,-173.580061470835));
#11215=CARTESIAN_POINT('',(15.,190.892170429869,-137.580061127835));
#11216=CARTESIAN_POINT('',(15.,190.892170429869,-125.097901733135));
#11217=CARTESIAN_POINT('Origin',(15.,187.292170429869,-137.580061470835));
#11218=CARTESIAN_POINT('',(15.,183.692170429869,-125.180061470835));
#11219=CARTESIAN_POINT('',(15.,183.692170429869,-101.815742338445));
#11220=CARTESIAN_POINT('',(15.,183.692170429869,-118.897901904635));
#11221=CARTESIAN_POINT('',(15.,190.892170429869,-125.180061084961));
#11222=CARTESIAN_POINT('Origin',(15.,187.292170429869,-125.180061470835));
#11223=CARTESIAN_POINT('',(15.,190.892170429869,-101.815742338445));
#11224=CARTESIAN_POINT('',(15.,190.892170429869,-107.215742338439));
#11225=CARTESIAN_POINT('Origin',(15.,187.292170429869,-101.815742338445));
#11226=CARTESIAN_POINT('',(15.,206.092170429913,-141.140742338435));
#11227=CARTESIAN_POINT('Origin',(15.,206.092170429913,-147.615742338435));
#11228=CARTESIAN_POINT('Origin',(15.,206.092170429913,-77.6157423384349));
#11229=CARTESIAN_POINT('',(22.6,206.092170429913,-71.5407423384349));
#11230=CARTESIAN_POINT('Origin',(22.6,206.092170429913,-77.6157423384349));
#11231=CARTESIAN_POINT('',(15.,206.092170429913,-71.5407423384349));
#11232=CARTESIAN_POINT('Origin',(15.2,-43.9078295700865,-77.6157423384349));
#11233=CARTESIAN_POINT('',(15.4,-43.9078295700865,-71.5407423384349));
#11234=CARTESIAN_POINT('',(15.2,-43.9078295700865,-71.3407423384349));
#11235=CARTESIAN_POINT('Origin',(15.4,-43.9078295700865,-77.6157423384349));
#11236=CARTESIAN_POINT('Origin',(15.,-43.9078295700865,-77.6157423384349));
#11237=CARTESIAN_POINT('',(22.6,-43.9078295700865,-71.5407423384349));
#11238=CARTESIAN_POINT('Origin',(22.6,-43.9078295700865,-77.6157423384349));
#11239=CARTESIAN_POINT('',(15.,-43.9078295700865,-71.5407423384349));
#11240=CARTESIAN_POINT('Origin',(15.2,206.092170429913,-147.615742338435));
#11241=CARTESIAN_POINT('',(15.4,206.092170429913,-141.540742338435));
#11242=CARTESIAN_POINT('',(15.2,206.092170429913,-141.340742338435));
#11243=CARTESIAN_POINT('Origin',(15.4,206.092170429913,-147.615742338435));
#11244=CARTESIAN_POINT('Origin',(15.,206.092170429913,-147.615742338435));
#11245=CARTESIAN_POINT('',(22.6,206.092170429913,-141.540742338435));
#11246=CARTESIAN_POINT('Origin',(22.6,206.092170429913,-147.615742338435));
#11247=CARTESIAN_POINT('',(15.,206.092170429913,-141.540742338435));
#11248=CARTESIAN_POINT('Origin',(15.2,-43.9078295700865,-147.615742338435));
#11249=CARTESIAN_POINT('',(15.4,-43.9078295700865,-141.540742338435));
#11250=CARTESIAN_POINT('',(15.2,-43.9078295700865,-141.340742338435));
#11251=CARTESIAN_POINT('Origin',(15.4,-43.9078295700865,-147.615742338435));
#11252=CARTESIAN_POINT('Origin',(15.,-43.9078295700865,-147.615742338435));
#11253=CARTESIAN_POINT('',(22.6,-43.9078295700865,-141.540742338435));
#11254=CARTESIAN_POINT('Origin',(22.6,-43.9078295700865,-147.615742338435));
#11255=CARTESIAN_POINT('',(15.,-43.9078295700865,-141.540742338435));
#11256=CARTESIAN_POINT('Origin',(15.2,183.892170429869,-118.897901904635));
#11257=CARTESIAN_POINT('',(15.4,184.092170429869,-125.180061470835));
#11258=CARTESIAN_POINT('',(15.4,184.092170429869,-125.180061470835));
#11259=CARTESIAN_POINT('',(15.4,184.092170429869,-101.815742338445));
#11260=CARTESIAN_POINT('',(15.,183.692170429869,-101.815742338445));
#11261=CARTESIAN_POINT('',(15.4,184.092170429869,-118.897901904635));
#11262=CARTESIAN_POINT('Origin',(15.2,187.292170429869,-125.180061470835));
#11263=CARTESIAN_POINT('',(15.4,190.492170429869,-125.180061127835));
#11264=CARTESIAN_POINT('',(15.4,190.492170429869,-125.180061127835));
#11265=CARTESIAN_POINT('Origin',(15.4,187.292170429869,-125.180061470835));
#11266=CARTESIAN_POINT('Origin',(15.2,190.692170429869,-107.215742338439));
#11267=CARTESIAN_POINT('',(15.4,190.492170429869,-101.815742338445));
#11268=CARTESIAN_POINT('',(15.4,190.492170429869,-101.815742338445));
#11269=CARTESIAN_POINT('',(15.4,190.492170429869,-107.215742338439));
#11270=CARTESIAN_POINT('Origin',(15.2,187.292170429869,-101.815742338445));
#11271=CARTESIAN_POINT('Origin',(15.4,187.292170429869,-101.815742338445));
#11272=CARTESIAN_POINT('Origin',(15.,187.292170429869,-125.180061470835));
#11273=CARTESIAN_POINT('',(21.,184.092170429869,-125.180061470835));
#11274=CARTESIAN_POINT('',(15.,184.092170429869,-125.180061470835));
#11275=CARTESIAN_POINT('',(21.,190.492170429869,-125.180061127835));
#11276=CARTESIAN_POINT('Origin',(21.,187.292170429869,-125.180061470835));
#11277=CARTESIAN_POINT('',(15.,190.492170429869,-125.180061127835));
#11278=CARTESIAN_POINT('Origin',(15.,184.092170429869,-125.180061470835));
#11279=CARTESIAN_POINT('',(21.,184.092170429869,-101.815742338445));
#11280=CARTESIAN_POINT('',(15.,184.092170429869,-101.815742338445));
#11281=CARTESIAN_POINT('',(21.,184.092170429869,-118.897901904635));
#11282=CARTESIAN_POINT('Origin',(15.2,183.892170429869,-143.097901904635));
#11283=CARTESIAN_POINT('',(15.4,184.092170429869,-173.580061470835));
#11284=CARTESIAN_POINT('',(15.4,184.092170429869,-173.580061470835));
#11285=CARTESIAN_POINT('',(15.4,184.092170429869,-137.580061470835));
#11286=CARTESIAN_POINT('',(15.,183.692170429869,-137.580061470835));
#11287=CARTESIAN_POINT('',(15.4,184.092170429869,-143.097901904635));
#11288=CARTESIAN_POINT('Origin',(15.2,187.292170429869,-173.580061470835));
#11289=CARTESIAN_POINT('',(15.4,190.492170429869,-173.580061470835));
#11290=CARTESIAN_POINT('',(15.4,190.492170429869,-173.580061470835));
#11291=CARTESIAN_POINT('Origin',(15.4,187.292170429869,-173.580061470835));
#11292=CARTESIAN_POINT('Origin',(15.2,190.692170429869,-125.097901733135));
#11293=CARTESIAN_POINT('',(15.4,190.492170429869,-137.580061127835));
#11294=CARTESIAN_POINT('',(15.4,190.492170429869,-137.580061127835));
#11295=CARTESIAN_POINT('',(15.4,190.492170429869,-125.097901733135));
#11296=CARTESIAN_POINT('Origin',(15.2,187.292170429869,-137.580061470835));
#11297=CARTESIAN_POINT('Origin',(15.4,187.292170429869,-137.580061470835));
#11298=CARTESIAN_POINT('Origin',(15.,187.292170429869,-173.580061470835));
#11299=CARTESIAN_POINT('',(21.,184.092170429869,-173.580061470835));
#11300=CARTESIAN_POINT('',(15.,184.092170429869,-173.580061470835));
#11301=CARTESIAN_POINT('',(21.,190.492170429869,-173.580061470835));
#11302=CARTESIAN_POINT('Origin',(21.,187.292170429869,-173.580061470835));
#11303=CARTESIAN_POINT('',(15.,190.492170429869,-173.580061470835));
#11304=CARTESIAN_POINT('Origin',(15.,184.092170429869,-173.580061470835));
#11305=CARTESIAN_POINT('',(21.,184.092170429869,-137.580061470835));
#11306=CARTESIAN_POINT('',(15.,184.092170429869,-137.580061470835));
#11307=CARTESIAN_POINT('',(21.,184.092170429869,-143.097901904635));
#11308=CARTESIAN_POINT('Origin',(15.2,183.340907771397,-171.280061470835));
#11309=CARTESIAN_POINT('',(15.4,183.340907771397,-188.780061470835));
#11310=CARTESIAN_POINT('',(15.,183.340907771397,-188.380061470835));
#11311=CARTESIAN_POINT('',(15.4,170.966539100633,-183.654430141599));
#11312=CARTESIAN_POINT('Origin',(15.4,183.340907771397,-171.280061470835));
#11313=CARTESIAN_POINT('',(15.4,170.966539100633,-183.654430141599));
#11314=CARTESIAN_POINT('Origin',(15.2,131.442170429869,-188.580061470835));
#11315=CARTESIAN_POINT('',(15.4,215.592170429871,-188.780061470835));
#11316=CARTESIAN_POINT('',(15.,215.592170429871,-188.380061470835));
#11317=CARTESIAN_POINT('',(15.4,131.442170429869,-188.780061470835));
#11318=CARTESIAN_POINT('Origin',(15.2,215.592170429871,-171.280061470835));
#11319=CARTESIAN_POINT('',(15.4,233.092170429871,-171.280061470835));
#11320=CARTESIAN_POINT('',(15.,232.692170429871,-171.280061470835));
#11321=CARTESIAN_POINT('Origin',(15.4,215.592170429871,-171.280061470835));
#11322=CARTESIAN_POINT('Origin',(15.2,232.892170429871,-141.947901904635));
#11323=CARTESIAN_POINT('',(15.4,233.092170429871,-53.9514232060349));
#11324=CARTESIAN_POINT('',(15.,232.692170429871,-53.9514232060349));
#11325=CARTESIAN_POINT('',(15.4,233.092170429871,-141.947901904635));
#11326=CARTESIAN_POINT('Origin',(15.2,215.592170429871,-53.9514232060348));
#11327=CARTESIAN_POINT('',(15.4,215.592170429871,-36.4514232060348));
#11328=CARTESIAN_POINT('',(15.,215.592170429871,-36.8514232060348));
#11329=CARTESIAN_POINT('Origin',(15.4,215.592170429871,-53.9514232060348));
#11330=CARTESIAN_POINT('Origin',(15.2,151.19217042987,-36.6514232060349));
#11331=CARTESIAN_POINT('',(15.4,183.340907771397,-36.4514232060349));
#11332=CARTESIAN_POINT('',(15.,183.340907771397,-36.8514232060349));
#11333=CARTESIAN_POINT('',(15.4,151.19217042987,-36.4514232060349));
#11334=CARTESIAN_POINT('Origin',(15.2,183.340907771397,-53.9514232060349));
#11335=CARTESIAN_POINT('',(15.4,170.966539100633,-41.5770545352703));
#11336=CARTESIAN_POINT('',(15.,171.249381813107,-41.8598972477449));
#11337=CARTESIAN_POINT('Origin',(15.4,183.340907771397,-53.9514232060349));
#11338=CARTESIAN_POINT('Origin',(15.2,134.867512003006,-77.9589243453718));
#11339=CARTESIAN_POINT('',(15.4,151.217801759104,-61.3257918767994));
#11340=CARTESIAN_POINT('',(15.,151.500644471578,-61.6086345892741));
#11341=CARTESIAN_POINT('',(15.4,134.726090646769,-77.8175029891345));
#11342=CARTESIAN_POINT('Origin',(15.2,138.843433088339,-48.9514232060349));
#11343=CARTESIAN_POINT('',(15.4,138.843433088339,-66.4514232060349));
#11344=CARTESIAN_POINT('',(15.,138.843433088339,-66.8514232060349));
#11345=CARTESIAN_POINT('Origin',(15.4,138.843433088339,-48.9514232060349));
#11346=CARTESIAN_POINT('Origin',(15.2,116.442170429869,-66.6514232060349));
#11347=CARTESIAN_POINT('',(15.4,25.3409077714,-66.4514232060349));
#11348=CARTESIAN_POINT('',(15.,25.3409077714,-66.8514232060349));
#11349=CARTESIAN_POINT('',(15.4,116.442170429869,-66.4514232060349));
#11350=CARTESIAN_POINT('Origin',(15.2,25.3409077714,-48.9514232060349));
#11351=CARTESIAN_POINT('',(15.4,12.9665391006355,-61.3257918767995));
#11352=CARTESIAN_POINT('',(15.,12.6836963881608,-61.6086345892741));
#11353=CARTESIAN_POINT('Origin',(15.4,25.3409077714,-48.9514232060349));
#11354=CARTESIAN_POINT('Origin',(15.2,46.6668288567334,-95.3089243453719));
#11355=CARTESIAN_POINT('',(15.4,-6.78219824089389,-41.5770545352702));
#11356=CARTESIAN_POINT('',(15.,-7.06504095336852,-41.8598972477449));
#11357=CARTESIAN_POINT('',(15.4,46.8082502129707,-95.1675029891346));
#11358=CARTESIAN_POINT('Origin',(15.2,-19.1565669116585,-53.9514232060348));
#11359=CARTESIAN_POINT('',(15.4,-19.1565669116585,-36.4514232060348));
#11360=CARTESIAN_POINT('',(15.,-19.1565669116585,-36.8514232060348));
#11361=CARTESIAN_POINT('Origin',(15.4,-19.1565669116585,-53.9514232060348));
#11362=CARTESIAN_POINT('Origin',(15.2,37.4421704298704,-36.6514232060349));
#11363=CARTESIAN_POINT('',(15.4,-42.0078295701307,-36.4514232060348));
#11364=CARTESIAN_POINT('',(15.,-42.0078295701307,-36.8514232060349));
#11365=CARTESIAN_POINT('',(15.4,37.4421704298704,-36.4514232060349));
#11366=CARTESIAN_POINT('Origin',(15.2,-42.0078295701307,-53.9514232060348));
#11367=CARTESIAN_POINT('',(15.4,-59.5078295701307,-53.9514232060348));
#11368=CARTESIAN_POINT('',(15.,-59.1078295701307,-53.9514232060348));
#11369=CARTESIAN_POINT('Origin',(15.4,-42.0078295701307,-53.9514232060348));
#11370=CARTESIAN_POINT('Origin',(15.2,-59.3078295701307,-74.5335827722348));
#11371=CARTESIAN_POINT('',(15.4,-59.5078295701307,-171.280061470835));
#11372=CARTESIAN_POINT('',(15.,-59.1078295701307,-171.280061470835));
#11373=CARTESIAN_POINT('',(15.4,-59.5078295701307,-74.5335827722348));
#11374=CARTESIAN_POINT('Origin',(15.2,-42.0078295701307,-171.280061470835));
#11375=CARTESIAN_POINT('',(15.4,-42.0078295701307,-188.780061470835));
#11376=CARTESIAN_POINT('',(15.,-42.0078295701307,-188.380061470835));
#11377=CARTESIAN_POINT('Origin',(15.4,-42.0078295701307,-171.280061470835));
#11378=CARTESIAN_POINT('Origin',(15.2,13.6421704298696,-188.580061470835));
#11379=CARTESIAN_POINT('',(15.4,-19.1565669116584,-188.780061470835));
#11380=CARTESIAN_POINT('',(15.,-19.1565669116584,-188.380061470835));
#11381=CARTESIAN_POINT('',(15.4,13.6421704298696,-188.780061470835));
#11382=CARTESIAN_POINT('Origin',(15.2,-19.1565669116584,-171.280061470835));
#11383=CARTESIAN_POINT('',(15.4,-6.78219824089379,-183.654430141599));
#11384=CARTESIAN_POINT('',(15.,-7.06504095336842,-183.371587429125));
#11385=CARTESIAN_POINT('Origin',(15.4,-19.1565669116584,-171.280061470835));
#11386=CARTESIAN_POINT('Origin',(15.2,31.6668288567333,-144.922560331498));
#11387=CARTESIAN_POINT('',(15.4,12.9665391006354,-163.90569280007));
#11388=CARTESIAN_POINT('',(15.,12.6836963881608,-163.622850087596));
#11389=CARTESIAN_POINT('',(15.4,31.8082502129706,-145.063981687735));
#11390=CARTESIAN_POINT('Origin',(15.2,25.3409077714,-176.280061470835));
#11391=CARTESIAN_POINT('',(15.4,25.3409077714,-158.780061470835));
#11392=CARTESIAN_POINT('',(15.,25.3409077714,-158.380061470835));
#11393=CARTESIAN_POINT('Origin',(15.4,25.3409077714,-176.280061470835));
#11394=CARTESIAN_POINT('Origin',(15.2,52.4421704298705,-158.580061470835));
#11395=CARTESIAN_POINT('',(15.4,138.843433088339,-158.780061470835));
#11396=CARTESIAN_POINT('',(15.,138.843433088339,-158.380061470835));
#11397=CARTESIAN_POINT('',(15.4,52.4421704298705,-158.780061470835));
#11398=CARTESIAN_POINT('Origin',(15.2,138.843433088339,-176.280061470835));
#11399=CARTESIAN_POINT('',(15.4,151.217801759104,-163.90569280007));
#11400=CARTESIAN_POINT('',(15.,151.500644471578,-163.622850087596));
#11401=CARTESIAN_POINT('Origin',(15.4,138.843433088339,-176.280061470835));
#11402=CARTESIAN_POINT('Origin',(15.2,119.867512003006,-132.272560331498));
#11403=CARTESIAN_POINT('',(15.4,119.726090646769,-132.413981687735));
#11404=CARTESIAN_POINT('Origin',(15.,-11.9078295701293,-36.4514232060348));
#11405=CARTESIAN_POINT('',(22.6,-42.0078295701307,-36.4514232060348));
#11406=CARTESIAN_POINT('',(15.,-42.0078295701307,-36.4514232060348));
#11407=CARTESIAN_POINT('',(22.6,-19.1565669116585,-36.4514232060348));
#11408=CARTESIAN_POINT('',(22.6,37.4421704298704,-36.4514232060349));
#11409=CARTESIAN_POINT('',(15.,-19.1565669116585,-36.4514232060348));
#11410=CARTESIAN_POINT('Origin',(15.,-42.0078295701307,-53.9514232060348));
#11411=CARTESIAN_POINT('',(22.6,-59.5078295701307,-53.9514232060348));
#11412=CARTESIAN_POINT('',(15.,-59.5078295701307,-53.9514232060348));
#11413=CARTESIAN_POINT('Origin',(22.6,-42.0078295701307,-53.9514232060348));
#11414=CARTESIAN_POINT('Origin',(15.,-59.5078295701307,-36.4514232060348));
#11415=CARTESIAN_POINT('',(22.6,-59.5078295701307,-171.280061470835));
#11416=CARTESIAN_POINT('',(15.,-59.5078295701307,-171.280061470835));
#11417=CARTESIAN_POINT('',(22.6,-59.5078295701307,-74.5335827722348));
#11418=CARTESIAN_POINT('Origin',(15.,-42.0078295701307,-171.280061470835));
#11419=CARTESIAN_POINT('',(22.6,-42.0078295701307,-188.780061470835));
#11420=CARTESIAN_POINT('',(15.,-42.0078295701307,-188.780061470835));
#11421=CARTESIAN_POINT('Origin',(22.6,-42.0078295701307,-171.280061470835));
#11422=CARTESIAN_POINT('Origin',(15.,-59.5078295701308,-188.780061470835));
#11423=CARTESIAN_POINT('',(22.6,-19.1565669116584,-188.780061470835));
#11424=CARTESIAN_POINT('',(15.,-19.1565669116584,-188.780061470835));
#11425=CARTESIAN_POINT('',(22.6,13.6421704298696,-188.780061470835));
#11426=CARTESIAN_POINT('Origin',(15.,-19.1565669116584,-171.280061470835));
#11427=CARTESIAN_POINT('',(22.6,-6.78219824089379,-183.654430141599));
#11428=CARTESIAN_POINT('',(15.,-6.78219824089379,-183.654430141599));
#11429=CARTESIAN_POINT('Origin',(22.6,-19.1565669116584,-171.280061470835));
#11430=CARTESIAN_POINT('Origin',(15.,-11.9078295701293,-188.780061470835));
#11431=CARTESIAN_POINT('',(22.6,12.9665391006354,-163.90569280007));
#11432=CARTESIAN_POINT('',(15.,12.9665391006354,-163.90569280007));
#11433=CARTESIAN_POINT('',(22.6,31.8082502129706,-145.063981687735));
#11434=CARTESIAN_POINT('Origin',(15.,25.3409077714,-176.280061470835));
#11435=CARTESIAN_POINT('',(22.6,25.3409077714,-158.780061470835));
#11436=CARTESIAN_POINT('',(15.,25.3409077714,-158.780061470835));
#11437=CARTESIAN_POINT('Origin',(22.6,25.3409077714,-176.280061470835));
#11438=CARTESIAN_POINT('Origin',(15.,18.0921704298709,-158.780061470835));
#11439=CARTESIAN_POINT('',(22.6,138.843433088339,-158.780061470835));
#11440=CARTESIAN_POINT('',(15.,138.843433088339,-158.780061470835));
#11441=CARTESIAN_POINT('',(22.6,52.4421704298705,-158.780061470835));
#11442=CARTESIAN_POINT('Origin',(15.,138.843433088339,-176.280061470835));
#11443=CARTESIAN_POINT('',(22.6,151.217801759104,-163.90569280007));
#11444=CARTESIAN_POINT('',(15.,151.217801759104,-163.90569280007));
#11445=CARTESIAN_POINT('Origin',(22.6,138.843433088339,-176.280061470835));
#11446=CARTESIAN_POINT('Origin',(15.,146.092170429868,-158.780061470835));
#11447=CARTESIAN_POINT('',(22.6,170.966539100633,-183.654430141599));
#11448=CARTESIAN_POINT('',(15.,170.966539100633,-183.654430141599));
#11449=CARTESIAN_POINT('',(22.6,119.726090646769,-132.413981687735));
#11450=CARTESIAN_POINT('Origin',(15.,183.340907771397,-171.280061470835));
#11451=CARTESIAN_POINT('',(22.6,183.340907771397,-188.780061470835));
#11452=CARTESIAN_POINT('',(15.,183.340907771397,-188.780061470835));
#11453=CARTESIAN_POINT('Origin',(22.6,183.340907771397,-171.280061470835));
#11454=CARTESIAN_POINT('Origin',(22.8,206.092170429913,-147.615742338435));
#11455=CARTESIAN_POINT('',(23.,206.092170429913,-141.140742338435));
#11456=CARTESIAN_POINT('Origin',(23.,206.092170429913,-147.615742338435));
#11457=CARTESIAN_POINT('',(22.8,206.092170429913,-141.340742338435));
#11458=CARTESIAN_POINT('Origin',(23.,86.79217042987,-112.615742338435));
#11459=CARTESIAN_POINT('',(23.,25.3409077714,-66.8514232060349));
#11460=CARTESIAN_POINT('',(23.,138.843433088339,-66.8514232060349));
#11461=CARTESIAN_POINT('',(23.,116.442170429869,-66.8514232060349));
#11462=CARTESIAN_POINT('',(23.,12.6836963881608,-61.6086345892741));
#11463=CARTESIAN_POINT('Origin',(23.,25.3409077714,-48.9514232060349));
#11464=CARTESIAN_POINT('',(23.,-7.06504095336852,-41.8598972477449));
#11465=CARTESIAN_POINT('',(23.,46.5254075004961,-95.4503457016093));
#11466=CARTESIAN_POINT('',(23.,-19.1565669116585,-36.8514232060348));
#11467=CARTESIAN_POINT('Origin',(23.,-19.1565669116585,-53.9514232060348));
#11468=CARTESIAN_POINT('',(23.,-42.0078295701307,-36.8514232060349));
#11469=CARTESIAN_POINT('',(23.,37.4421704298704,-36.8514232060349));
#11470=CARTESIAN_POINT('',(23.,-59.1078295701307,-53.9514232060348));
#11471=CARTESIAN_POINT('Origin',(23.,-42.0078295701307,-53.9514232060348));
#11472=CARTESIAN_POINT('',(23.,-59.1078295701307,-171.280061470835));
#11473=CARTESIAN_POINT('',(23.,-59.1078295701307,-74.5335827722348));
#11474=CARTESIAN_POINT('',(23.,-42.0078295701307,-188.380061470835));
#11475=CARTESIAN_POINT('Origin',(23.,-42.0078295701307,-171.280061470835));
#11476=CARTESIAN_POINT('',(23.,-19.1565669116584,-188.380061470835));
#11477=CARTESIAN_POINT('',(23.,13.6421704298696,-188.380061470835));
#11478=CARTESIAN_POINT('',(23.,-7.06504095336842,-183.371587429125));
#11479=CARTESIAN_POINT('Origin',(23.,-19.1565669116584,-171.280061470835));
#11480=CARTESIAN_POINT('',(23.,12.6836963881608,-163.622850087596));
#11481=CARTESIAN_POINT('',(23.,31.525407500496,-144.781138975261));
#11482=CARTESIAN_POINT('',(23.,25.3409077714,-158.380061470835));
#11483=CARTESIAN_POINT('Origin',(23.,25.3409077714,-176.280061470835));
#11484=CARTESIAN_POINT('',(23.,138.843433088339,-158.380061470835));
#11485=CARTESIAN_POINT('',(23.,52.4421704298705,-158.380061470835));
#11486=CARTESIAN_POINT('',(23.,151.500644471578,-163.622850087596));
#11487=CARTESIAN_POINT('Origin',(23.,138.843433088339,-176.280061470835));
#11488=CARTESIAN_POINT('',(23.,171.249381813108,-183.371587429125));
#11489=CARTESIAN_POINT('',(23.,120.008933359243,-132.131138975261));
#11490=CARTESIAN_POINT('',(23.,183.340907771397,-188.380061470835));
#11491=CARTESIAN_POINT('Origin',(23.,183.340907771397,-171.280061470835));
#11492=CARTESIAN_POINT('',(23.,215.592170429871,-188.380061470835));
#11493=CARTESIAN_POINT('',(23.,131.442170429869,-188.380061470835));
#11494=CARTESIAN_POINT('',(23.,232.692170429871,-171.280061470835));
#11495=CARTESIAN_POINT('Origin',(23.,215.592170429871,-171.280061470835));
#11496=CARTESIAN_POINT('',(23.,232.692170429871,-53.9514232060349));
#11497=CARTESIAN_POINT('',(23.,232.692170429871,-141.947901904635));
#11498=CARTESIAN_POINT('',(23.,215.592170429871,-36.8514232060348));
#11499=CARTESIAN_POINT('Origin',(23.,215.592170429871,-53.9514232060348));
#11500=CARTESIAN_POINT('',(23.,183.340907771397,-36.8514232060349));
#11501=CARTESIAN_POINT('',(23.,151.19217042987,-36.8514232060349));
#11502=CARTESIAN_POINT('',(23.,171.249381813107,-41.8598972477449));
#11503=CARTESIAN_POINT('Origin',(23.,183.340907771397,-53.9514232060349));
#11504=CARTESIAN_POINT('',(23.,151.500644471578,-61.6086345892741));
#11505=CARTESIAN_POINT('',(23.,135.008933359243,-78.1003457016091));
#11506=CARTESIAN_POINT('Origin',(23.,138.843433088339,-48.9514232060349));
#11507=CARTESIAN_POINT('',(23.,206.092170429913,-71.1407423384349));
#11508=CARTESIAN_POINT('Origin',(23.,206.092170429913,-77.6157423384349));
#11509=CARTESIAN_POINT('',(23.,-43.9078295700865,-71.1407423384349));
#11510=CARTESIAN_POINT('Origin',(23.,-43.9078295700865,-77.6157423384349));
#11511=CARTESIAN_POINT('',(23.,182.092170429869,-173.580061470835));
#11512=CARTESIAN_POINT('',(23.,192.492170429869,-173.580061470835));
#11513=CARTESIAN_POINT('Origin',(23.,187.292170429869,-173.580061470835));
#11514=CARTESIAN_POINT('',(23.,182.092170429869,-137.580061470835));
#11515=CARTESIAN_POINT('',(23.,182.092170429869,-143.097901904635));
#11516=CARTESIAN_POINT('',(23.,192.492170429869,-137.580060913461));
#11517=CARTESIAN_POINT('Origin',(23.,187.292170429869,-137.580061470835));
#11518=CARTESIAN_POINT('',(23.,192.492170429869,-125.097901733135));
#11519=CARTESIAN_POINT('',(23.,192.492170429869,-101.815742338445));
#11520=CARTESIAN_POINT('',(23.,182.092170429869,-101.815742338445));
#11521=CARTESIAN_POINT('Origin',(23.,187.292170429869,-101.815742338445));
#11522=CARTESIAN_POINT('',(23.,192.492170429869,-125.180061127835));
#11523=CARTESIAN_POINT('',(23.,192.492170429869,-107.215742338439));
#11524=CARTESIAN_POINT('',(23.,182.092170429869,-125.180061470835));
#11525=CARTESIAN_POINT('Origin',(23.,187.292170429869,-125.180061470835));
#11526=CARTESIAN_POINT('',(23.,182.092170429869,-118.897901904635));
#11527=CARTESIAN_POINT('',(23.,-43.9078295700865,-141.140742338435));
#11528=CARTESIAN_POINT('Origin',(23.,-43.9078295700865,-147.615742338435));
#11529=CARTESIAN_POINT('Origin',(22.8,206.092170429913,-77.6157423384349));
#11530=CARTESIAN_POINT('',(22.8,206.092170429913,-71.3407423384349));
#11531=CARTESIAN_POINT('Origin',(22.8,-43.9078295700865,-147.615742338435));
#11532=CARTESIAN_POINT('',(22.8,-43.9078295700865,-141.340742338435));
#11533=CARTESIAN_POINT('Origin',(22.8,-43.9078295700865,-77.6157423384349));
#11534=CARTESIAN_POINT('',(22.8,-43.9078295700865,-71.3407423384349));
#11535=CARTESIAN_POINT('Origin',(22.8,116.442170429869,-66.6514232060349));
#11536=CARTESIAN_POINT('',(22.6,25.3409077714,-66.4514232060349));
#11537=CARTESIAN_POINT('',(22.6,25.3409077714,-66.4514232060349));
#11538=CARTESIAN_POINT('',(22.6,138.843433088339,-66.4514232060349));
#11539=CARTESIAN_POINT('',(23.,138.843433088339,-66.8514232060349));
#11540=CARTESIAN_POINT('',(22.6,116.442170429869,-66.4514232060349));
#11541=CARTESIAN_POINT('Origin',(22.8,25.3409077714,-48.9514232060349));
#11542=CARTESIAN_POINT('',(22.6,12.9665391006355,-61.3257918767995));
#11543=CARTESIAN_POINT('Origin',(22.6,25.3409077714,-48.9514232060349));
#11544=CARTESIAN_POINT('',(22.6,12.9665391006355,-61.3257918767995));
#11545=CARTESIAN_POINT('Origin',(22.8,46.6668288567334,-95.3089243453719));
#11546=CARTESIAN_POINT('',(22.6,-6.78219824089389,-41.5770545352702));
#11547=CARTESIAN_POINT('',(22.6,-6.78219824089389,-41.5770545352702));
#11548=CARTESIAN_POINT('',(22.6,46.8082502129707,-95.1675029891346));
#11549=CARTESIAN_POINT('Origin',(22.8,-19.1565669116585,-53.9514232060348));
#11550=CARTESIAN_POINT('Origin',(22.6,-19.1565669116585,-53.9514232060348));
#11551=CARTESIAN_POINT('',(22.6,-19.1565669116585,-36.4514232060348));
#11552=CARTESIAN_POINT('Origin',(22.8,37.4421704298704,-36.6514232060349));
#11553=CARTESIAN_POINT('',(22.6,-42.0078295701307,-36.4514232060348));
#11554=CARTESIAN_POINT('Origin',(22.8,-42.0078295701307,-53.9514232060348));
#11555=CARTESIAN_POINT('',(22.6,-59.5078295701307,-53.9514232060348));
#11556=CARTESIAN_POINT('Origin',(22.8,-59.3078295701307,-74.5335827722348));
#11557=CARTESIAN_POINT('',(22.6,-59.5078295701307,-171.280061470835));
#11558=CARTESIAN_POINT('Origin',(22.8,-42.0078295701307,-171.280061470835));
#11559=CARTESIAN_POINT('',(22.6,-42.0078295701307,-188.780061470835));
#11560=CARTESIAN_POINT('Origin',(22.8,13.6421704298696,-188.580061470835));
#11561=CARTESIAN_POINT('',(22.6,-19.1565669116584,-188.780061470835));
#11562=CARTESIAN_POINT('Origin',(22.8,-19.1565669116584,-171.280061470835));
#11563=CARTESIAN_POINT('',(22.6,-6.78219824089379,-183.654430141599));
#11564=CARTESIAN_POINT('Origin',(22.8,31.6668288567333,-144.922560331498));
#11565=CARTESIAN_POINT('',(22.6,12.9665391006354,-163.90569280007));
#11566=CARTESIAN_POINT('Origin',(22.8,25.3409077714,-176.280061470835));
#11567=CARTESIAN_POINT('',(22.6,25.3409077714,-158.780061470835));
#11568=CARTESIAN_POINT('Origin',(22.8,52.4421704298705,-158.580061470835));
#11569=CARTESIAN_POINT('',(22.6,138.843433088339,-158.780061470835));
#11570=CARTESIAN_POINT('Origin',(22.8,138.843433088339,-176.280061470835));
#11571=CARTESIAN_POINT('',(22.6,151.217801759104,-163.90569280007));
#11572=CARTESIAN_POINT('Origin',(22.8,119.867512003006,-132.272560331498));
#11573=CARTESIAN_POINT('',(22.6,170.966539100633,-183.654430141599));
#11574=CARTESIAN_POINT('Origin',(22.8,183.340907771397,-171.280061470835));
#11575=CARTESIAN_POINT('',(22.6,183.340907771397,-188.780061470835));
#11576=CARTESIAN_POINT('Origin',(22.8,131.442170429869,-188.580061470835));
#11577=CARTESIAN_POINT('',(22.6,215.592170429871,-188.780061470835));
#11578=CARTESIAN_POINT('',(22.6,215.592170429871,-188.780061470835));
#11579=CARTESIAN_POINT('',(22.6,131.442170429869,-188.780061470835));
#11580=CARTESIAN_POINT('Origin',(22.8,215.592170429871,-171.280061470835));
#11581=CARTESIAN_POINT('',(22.6,233.092170429871,-171.280061470835));
#11582=CARTESIAN_POINT('',(22.6,233.092170429871,-171.280061470835));
#11583=CARTESIAN_POINT('Origin',(22.6,215.592170429871,-171.280061470835));
#11584=CARTESIAN_POINT('Origin',(22.8,232.892170429871,-141.947901904635));
#11585=CARTESIAN_POINT('',(22.6,233.092170429871,-53.9514232060349));
#11586=CARTESIAN_POINT('',(22.6,233.092170429871,-53.9514232060349));
#11587=CARTESIAN_POINT('',(22.6,233.092170429871,-141.947901904635));
#11588=CARTESIAN_POINT('Origin',(22.8,215.592170429871,-53.9514232060348));
#11589=CARTESIAN_POINT('',(22.6,215.592170429871,-36.4514232060348));
#11590=CARTESIAN_POINT('',(22.6,215.592170429871,-36.4514232060348));
#11591=CARTESIAN_POINT('Origin',(22.6,215.592170429871,-53.9514232060348));
#11592=CARTESIAN_POINT('Origin',(22.8,151.19217042987,-36.6514232060349));
#11593=CARTESIAN_POINT('',(22.6,183.340907771397,-36.4514232060349));
#11594=CARTESIAN_POINT('',(22.6,183.340907771397,-36.4514232060349));
#11595=CARTESIAN_POINT('',(22.6,151.19217042987,-36.4514232060349));
#11596=CARTESIAN_POINT('Origin',(22.8,183.340907771397,-53.9514232060349));
#11597=CARTESIAN_POINT('',(22.6,170.966539100633,-41.5770545352703));
#11598=CARTESIAN_POINT('Origin',(22.6,183.340907771397,-53.9514232060349));
#11599=CARTESIAN_POINT('',(22.6,170.966539100633,-41.5770545352703));
#11600=CARTESIAN_POINT('Origin',(22.8,134.867512003006,-77.9589243453718));
#11601=CARTESIAN_POINT('',(22.6,151.217801759104,-61.3257918767994));
#11602=CARTESIAN_POINT('',(22.6,151.217801759104,-61.3257918767994));
#11603=CARTESIAN_POINT('',(22.6,134.726090646769,-77.8175029891345));
#11604=CARTESIAN_POINT('Origin',(22.8,138.843433088339,-48.9514232060349));
#11605=CARTESIAN_POINT('Origin',(22.6,138.843433088339,-48.9514232060349));
#11606=CARTESIAN_POINT('Origin',(15.,-19.1565669116585,-53.9514232060348));
#11607=CARTESIAN_POINT('',(15.,-6.78219824089389,-41.5770545352702));
#11608=CARTESIAN_POINT('Origin',(15.,18.0921704298709,-66.4514232060349));
#11609=CARTESIAN_POINT('',(15.,12.9665391006355,-61.3257918767995));
#11610=CARTESIAN_POINT('Origin',(15.,25.3409077714,-48.9514232060349));
#11611=CARTESIAN_POINT('',(15.,25.3409077714,-66.4514232060349));
#11612=CARTESIAN_POINT('Origin',(15.,146.092170429868,-66.4514232060349));
#11613=CARTESIAN_POINT('',(15.,138.843433088339,-66.4514232060349));
#11614=CARTESIAN_POINT('Origin',(22.,187.292170429869,-173.580061470835));
#11615=CARTESIAN_POINT('',(21.,184.092170429869,-173.580061470835));
#11616=CARTESIAN_POINT('',(23.,192.492170429869,-173.580061470835));
#11617=CARTESIAN_POINT('Origin',(22.,183.092170429869,-143.097901904635));
#11618=CARTESIAN_POINT('',(21.,184.092170429869,-137.580061470835));
#11619=CARTESIAN_POINT('Origin',(22.,187.292170429869,-137.580061470835));
#11620=CARTESIAN_POINT('',(21.,190.492170429869,-137.580061127835));
#11621=CARTESIAN_POINT('',(21.,190.492170429869,-137.580061127835));
#11622=CARTESIAN_POINT('Origin',(21.,187.292170429869,-137.580061470835));
#11623=CARTESIAN_POINT('Origin',(22.,191.492170429869,-125.097901733135));
#11624=CARTESIAN_POINT('',(21.,190.492170429869,-125.097901733135));
#11625=CARTESIAN_POINT('Origin',(22.,187.292170429869,-101.815742338445));
#11626=CARTESIAN_POINT('',(21.,190.492170429869,-101.815742338445));
#11627=CARTESIAN_POINT('',(21.,190.492170429869,-101.815742338445));
#11628=CARTESIAN_POINT('',(23.,182.092170429869,-101.815742338445));
#11629=CARTESIAN_POINT('Origin',(21.,187.292170429869,-101.815742338445));
#11630=CARTESIAN_POINT('Origin',(22.,191.492170429869,-107.215742338439));
#11631=CARTESIAN_POINT('',(21.,190.492170429869,-125.180061127835));
#11632=CARTESIAN_POINT('',(21.,190.492170429869,-107.215742338439));
#11633=CARTESIAN_POINT('Origin',(22.,187.292170429869,-125.180061470835));
#11634=CARTESIAN_POINT('',(21.,184.092170429869,-125.180061470835));
#11635=CARTESIAN_POINT('Origin',(22.,183.092170429869,-118.897901904635));
#11636=CARTESIAN_POINT('Origin',(15.,190.492170429869,-101.815742338445));
#11637=CARTESIAN_POINT('',(15.,190.492170429869,-101.815742338445));
#11638=CARTESIAN_POINT('Origin',(15.,187.292170429869,-101.815742338445));
#11639=CARTESIAN_POINT('Origin',(15.,183.340907771397,-53.9514232060349));
#11640=CARTESIAN_POINT('',(15.,170.966539100633,-41.5770545352703));
#11641=CARTESIAN_POINT('',(15.,183.340907771397,-36.4514232060349));
#11642=CARTESIAN_POINT('Origin',(15.,176.092170429868,-36.4514232060349));
#11643=CARTESIAN_POINT('',(15.,151.217801759104,-61.3257918767994));
#11644=CARTESIAN_POINT('Origin',(15.,138.843433088339,-48.9514232060349));
#11645=CARTESIAN_POINT('Origin',(15.,190.492170429869,-137.580061127835));
#11646=CARTESIAN_POINT('',(15.,190.492170429869,-137.580061127835));
#11647=CARTESIAN_POINT('Origin',(15.,187.292170429869,-137.580061470835));
#11648=CARTESIAN_POINT('Origin',(15.,215.592170429871,-36.4514232060348));
#11649=CARTESIAN_POINT('',(15.,215.592170429871,-36.4514232060348));
#11650=CARTESIAN_POINT('Origin',(15.,215.592170429871,-53.9514232060348));
#11651=CARTESIAN_POINT('',(15.,233.092170429871,-53.9514232060349));
#11652=CARTESIAN_POINT('Origin',(15.,233.092170429871,-171.280061470835));
#11653=CARTESIAN_POINT('',(15.,233.092170429871,-171.280061470835));
#11654=CARTESIAN_POINT('Origin',(15.,215.592170429871,-171.280061470835));
#11655=CARTESIAN_POINT('',(15.,215.592170429871,-188.780061470835));
#11656=CARTESIAN_POINT('Origin',(15.,176.092170429868,-188.780061470835));
#11657=CARTESIAN_POINT('',(0.,0.,0.));
#11658=CARTESIAN_POINT('',(0.,0.,0.));
#11659=CARTESIAN_POINT('Origin',(51.,72.0921704299134,-120.115742338431));
#11660=CARTESIAN_POINT('',(63.,72.0921704299134,-120.115742338431));
#11661=CARTESIAN_POINT('',(63.,92.0921704299135,-120.115742338431));
#11662=CARTESIAN_POINT('',(63.,77.0921704299135,-120.115742338431));
#11663=CARTESIAN_POINT('',(51.,72.0921704299134,-120.115742338431));
#11664=CARTESIAN_POINT('',(51.,72.0921704299134,-120.115742338431));
#11665=CARTESIAN_POINT('',(51.,92.0921704299135,-120.115742338431));
#11666=CARTESIAN_POINT('',(51.,77.0921704299135,-120.115742338431));
#11667=CARTESIAN_POINT('',(51.,92.0921704299135,-120.115742338431));
#11668=CARTESIAN_POINT('Origin',(51.,72.0921704299135,-112.615742338431));
#11669=CARTESIAN_POINT('',(63.,72.0921704299135,-105.115742338431));
#11670=CARTESIAN_POINT('Origin',(63.,72.0921704299135,-112.615742338431));
#11671=CARTESIAN_POINT('',(51.,72.0921704299135,-105.115742338431));
#11672=CARTESIAN_POINT('',(51.,72.0921704299135,-105.115742338431));
#11673=CARTESIAN_POINT('Origin',(51.,72.0921704299135,-112.615742338431));
#11674=CARTESIAN_POINT('Origin',(51.,92.0921704299135,-112.615742338431));
#11675=CARTESIAN_POINT('',(63.,92.0921704299135,-110.915742338431));
#11676=CARTESIAN_POINT('Origin',(63.,92.0921704299135,-112.615742338431));
#11677=CARTESIAN_POINT('',(51.,92.0921704299135,-110.915742338431));
#11678=CARTESIAN_POINT('',(51.,92.0921704299135,-110.915742338431));
#11679=CARTESIAN_POINT('Origin',(51.,92.0921704299135,-112.615742338431));
#11680=CARTESIAN_POINT('Origin',(51.,72.0921704299135,-112.615742338431));
#11681=CARTESIAN_POINT('',(63.,72.0921704299135,-110.915742338431));
#11682=CARTESIAN_POINT('Origin',(63.,72.0921704299135,-112.615742338431));
#11683=CARTESIAN_POINT('',(51.,72.0921704299135,-110.915742338431));
#11684=CARTESIAN_POINT('',(51.,72.0921704299135,-110.915742338431));
#11685=CARTESIAN_POINT('Origin',(51.,72.0921704299135,-112.615742338431));
#11686=CARTESIAN_POINT('Origin',(51.,92.0921704299135,-105.115742338431));
#11687=CARTESIAN_POINT('',(63.,92.0921704299135,-105.115742338431));
#11688=CARTESIAN_POINT('',(63.,87.0921704299135,-105.115742338431));
#11689=CARTESIAN_POINT('',(51.,92.0921704299135,-105.115742338431));
#11690=CARTESIAN_POINT('',(51.,92.0921704299135,-105.115742338431));
#11691=CARTESIAN_POINT('',(51.,87.0921704299135,-105.115742338431));
#11692=CARTESIAN_POINT('Origin',(51.,92.0921704299135,-112.615742338431));
#11693=CARTESIAN_POINT('Origin',(63.,92.0921704299135,-112.615742338431));
#11694=CARTESIAN_POINT('Origin',(51.,92.0921704299135,-112.615742338431));
#11695=CARTESIAN_POINT('Origin',(51.,82.0921704299135,-112.615742338431));
#11696=CARTESIAN_POINT('Origin',(63.,82.0921704299135,-112.615742338431));
#11697=CARTESIAN_POINT('',(0.,0.,0.));
#11698=CARTESIAN_POINT('Origin',(53.9999999999997,32.0921704299135,-112.615742338431));
#11699=CARTESIAN_POINT('',(53.9999999999997,42.0921704299135,-120.115742338431));
#11700=CARTESIAN_POINT('',(53.9999999999997,22.0921704299134,-120.115742338431));
#11701=CARTESIAN_POINT('',(53.9999999999997,27.0921704299134,-120.115742338431));
#11702=CARTESIAN_POINT('',(53.9999999999997,42.0921704299135,-105.115742338431));
#11703=CARTESIAN_POINT('Origin',(53.9999999999997,42.0921704299135,-112.615742338431));
#11704=CARTESIAN_POINT('',(53.9999999999997,22.0921704299135,-105.115742338431));
#11705=CARTESIAN_POINT('',(53.9999999999997,37.0921704299135,-105.115742338431));
#11706=CARTESIAN_POINT('Origin',(53.9999999999997,22.0921704299135,-112.615742338431));
#11707=CARTESIAN_POINT('',(53.9999999999997,22.0921704299135,-110.915742338431));
#11708=CARTESIAN_POINT('Origin',(53.9999999999997,22.0921704299135,-112.615742338431));
#11709=CARTESIAN_POINT('',(53.9999999999997,42.0921704299135,-110.915742338431));
#11710=CARTESIAN_POINT('Origin',(53.9999999999997,42.0921704299135,-112.615742338431));
#11711=CARTESIAN_POINT('Origin',(51.,42.0921704299135,-105.115742338431));
#11712=CARTESIAN_POINT('',(51.,42.0921704299135,-105.115742338431));
#11713=CARTESIAN_POINT('',(51.,42.0921704299135,-105.115742338431));
#11714=CARTESIAN_POINT('',(51.,22.0921704299135,-105.115742338431));
#11715=CARTESIAN_POINT('',(51.,37.0921704299135,-105.115742338431));
#11716=CARTESIAN_POINT('',(51.,22.0921704299135,-105.115742338431));
#11717=CARTESIAN_POINT('Origin',(51.,42.0921704299135,-112.615742338431));
#11718=CARTESIAN_POINT('',(51.,42.0921704299135,-120.115742338431));
#11719=CARTESIAN_POINT('',(51.,42.0921704299135,-120.115742338431));
#11720=CARTESIAN_POINT('Origin',(51.,42.0921704299135,-112.615742338431));
#11721=CARTESIAN_POINT('Origin',(51.,22.0921704299134,-120.115742338431));
#11722=CARTESIAN_POINT('',(51.,22.0921704299134,-120.115742338431));
#11723=CARTESIAN_POINT('',(51.,22.0921704299134,-120.115742338431));
#11724=CARTESIAN_POINT('',(51.,27.0921704299135,-120.115742338431));
#11725=CARTESIAN_POINT('Origin',(51.,22.0921704299135,-112.615742338431));
#11726=CARTESIAN_POINT('Origin',(51.,22.0921704299135,-112.615742338431));
#11727=CARTESIAN_POINT('Origin',(51.,42.0921704299135,-112.615742338431));
#11728=CARTESIAN_POINT('',(51.,42.0921704299135,-110.915742338431));
#11729=CARTESIAN_POINT('',(51.,42.0921704299135,-110.915742338431));
#11730=CARTESIAN_POINT('Origin',(51.,42.0921704299135,-112.615742338431));
#11731=CARTESIAN_POINT('Origin',(51.,22.0921704299135,-112.615742338431));
#11732=CARTESIAN_POINT('',(51.,22.0921704299135,-110.915742338431));
#11733=CARTESIAN_POINT('',(51.,22.0921704299135,-110.915742338431));
#11734=CARTESIAN_POINT('Origin',(51.,22.0921704299135,-112.615742338431));
#11735=CARTESIAN_POINT('Origin',(51.,32.0921704299135,-112.615742338431));
#11736=CARTESIAN_POINT('',(0.,0.,0.));
#11737=CARTESIAN_POINT('',(9.00000000000029,-24.0000000000001,0.));
#11738=CARTESIAN_POINT('',(0.,0.,0.));
#11739=CARTESIAN_POINT('Origin',(42.8994949366117,429.092170429913,-86.3657423384349));
#11740=CARTESIAN_POINT('',(37.9497474683058,424.142422961608,-147.615742338435));
#11741=CARTESIAN_POINT('',(42.8994949366117,422.092170429913,-147.615742338435));
#11742=CARTESIAN_POINT('Origin',(42.8994949366117,429.092170429913,-147.615742338435));
#11743=CARTESIAN_POINT('',(42.8994949366117,422.092170429913,-77.6157423384349));
#11744=CARTESIAN_POINT('',(42.8994949366117,422.092170429913,-86.3657423384349));
#11745=CARTESIAN_POINT('',(37.9497474683058,424.142422961608,-77.6157423384349));
#11746=CARTESIAN_POINT('Origin',(42.8994949366117,429.092170429913,-77.6157423384349));
#11747=CARTESIAN_POINT('',(37.9497474683058,424.142422961608,-86.3657423384349));
#11748=CARTESIAN_POINT('Origin',(42.8994949366117,412.092170429913,-77.6157423384349));
#11749=CARTESIAN_POINT('',(42.8994949366117,402.092170429913,-77.6157423384349));
#11750=CARTESIAN_POINT('Origin',(42.8994949366117,412.092170429913,-77.6157423384349));
#11751=CARTESIAN_POINT('',(37.9497474683058,400.041917898219,-77.6157423384349));
#11752=CARTESIAN_POINT('Origin',(42.8994949366117,395.092170429913,-77.6157423384349));
#11753=CARTESIAN_POINT('Origin',(37.9497474683058,412.092170429913,-77.6157423384349));
#11754=CARTESIAN_POINT('Origin',(42.8994949366117,395.092170429913,-138.865742338435));
#11755=CARTESIAN_POINT('',(42.8994949366117,402.092170429913,-147.615742338435));
#11756=CARTESIAN_POINT('',(42.8994949366117,402.092170429913,-138.865742338435));
#11757=CARTESIAN_POINT('',(37.9497474683058,400.041917898219,-147.615742338435));
#11758=CARTESIAN_POINT('Origin',(42.8994949366117,395.092170429913,-147.615742338435));
#11759=CARTESIAN_POINT('',(37.9497474683058,400.041917898219,-138.865742338435));
#11760=CARTESIAN_POINT('Origin',(42.8994949366117,412.092170429913,-147.615742338435));
#11761=CARTESIAN_POINT('Origin',(42.8994949366117,412.092170429913,-147.615742338435));
#11762=CARTESIAN_POINT('Origin',(37.9497474683058,412.092170429913,-147.615742338435));
#11763=CARTESIAN_POINT('Origin',(43.,412.092170429913,-77.6157423384349));
#11764=CARTESIAN_POINT('',(43.1005050633883,422.092170429913,-77.6157423384349));
#11765=CARTESIAN_POINT('',(43.,422.092170429913,-77.6157423384349));
#11766=CARTESIAN_POINT('',(43.1005050633883,402.092170429913,-77.6157423384349));
#11767=CARTESIAN_POINT('Origin',(43.1005050633883,412.092170429913,-77.6157423384349));
#11768=CARTESIAN_POINT('',(43.,402.092170429913,-77.6157423384349));
#11769=CARTESIAN_POINT('Origin',(43.,422.092170429913,-77.6157423384349));
#11770=CARTESIAN_POINT('',(43.1005050633883,422.092170429913,-147.615742338435));
#11771=CARTESIAN_POINT('',(43.,422.092170429913,-147.615742338435));
#11772=CARTESIAN_POINT('',(43.1005050633883,422.092170429913,-86.3657423384349));
#11773=CARTESIAN_POINT('Origin',(37.5,412.092170429913,-147.615742338435));
#11774=CARTESIAN_POINT('',(35.,427.092170429913,-147.615742338435));
#11775=CARTESIAN_POINT('',(35.,427.092170429913,-147.615742338435));
#11776=CARTESIAN_POINT('',(35.,397.092170429913,-147.615742338435));
#11777=CARTESIAN_POINT('Origin',(35.,412.092170429913,-147.615742338435));
#11778=CARTESIAN_POINT('',(40.,402.092170429913,-147.615742338435));
#11779=CARTESIAN_POINT('Origin',(37.5,424.592170429913,-95.1157423384349));
#11780=CARTESIAN_POINT('',(35.,427.092170429913,-77.6157423384349));
#11781=CARTESIAN_POINT('',(40.,422.092170429913,-77.6157423384349));
#11782=CARTESIAN_POINT('',(35.,427.092170429913,-95.1157423384349));
#11783=CARTESIAN_POINT('Origin',(43.1005050633883,429.092170429913,-86.3657423384349));
#11784=CARTESIAN_POINT('',(48.0502525316942,424.142422961608,-77.6157423384349));
#11785=CARTESIAN_POINT('Origin',(43.1005050633883,429.092170429913,-77.6157423384349));
#11786=CARTESIAN_POINT('',(48.0502525316942,424.142422961608,-147.615742338435));
#11787=CARTESIAN_POINT('Origin',(43.1005050633883,429.092170429913,-147.615742338435));
#11788=CARTESIAN_POINT('',(48.0502525316942,424.142422961608,-86.3657423384349));
#11789=CARTESIAN_POINT('Origin',(43.1005050633883,412.092170429913,-147.615742338435));
#11790=CARTESIAN_POINT('',(43.1005050633883,402.092170429913,-147.615742338435));
#11791=CARTESIAN_POINT('Origin',(43.1005050633883,412.092170429913,-147.615742338435));
#11792=CARTESIAN_POINT('',(48.0502525316942,400.041917898219,-147.615742338435));
#11793=CARTESIAN_POINT('Origin',(43.1005050633883,395.092170429913,-147.615742338435));
#11794=CARTESIAN_POINT('Origin',(48.0502525316942,412.092170429913,-147.615742338435));
#11795=CARTESIAN_POINT('Origin',(43.1005050633883,395.092170429913,-138.865742338435));
#11796=CARTESIAN_POINT('',(43.1005050633883,402.092170429913,-138.865742338435));
#11797=CARTESIAN_POINT('',(48.0502525316942,400.041917898219,-77.6157423384349));
#11798=CARTESIAN_POINT('Origin',(43.1005050633883,395.092170429913,-77.6157423384349));
#11799=CARTESIAN_POINT('',(48.0502525316942,400.041917898219,-138.865742338435));
#11800=CARTESIAN_POINT('Origin',(43.1005050633883,412.092170429913,-77.6157423384349));
#11801=CARTESIAN_POINT('Origin',(48.0502525316942,412.092170429913,-77.6157423384349));
#11802=CARTESIAN_POINT('Origin',(43.,412.092170429913,-147.615742338435));
#11803=CARTESIAN_POINT('',(43.,402.092170429913,-147.615742338435));
#11804=CARTESIAN_POINT('Origin',(48.5,412.092170429913,-77.6157423384349));
#11805=CARTESIAN_POINT('',(51.,427.092170429913,-77.6157423384349));
#11806=CARTESIAN_POINT('',(51.,427.092170429913,-77.6157423384349));
#11807=CARTESIAN_POINT('',(51.,397.092170429913,-77.6157423384349));
#11808=CARTESIAN_POINT('Origin',(51.,412.092170429913,-77.6157423384349));
#11809=CARTESIAN_POINT('',(46.,402.092170429913,-77.6157423384349));
#11810=CARTESIAN_POINT('Origin',(48.5,424.592170429913,-95.1157423384349));
#11811=CARTESIAN_POINT('',(51.,427.092170429913,-147.615742338435));
#11812=CARTESIAN_POINT('',(46.,422.092170429913,-147.615742338435));
#11813=CARTESIAN_POINT('',(51.,427.092170429913,-95.1157423384349));
#11814=CARTESIAN_POINT('Origin',(50.8,234.092170429913,-147.615742338435));
#11815=CARTESIAN_POINT('',(51.,219.692170429913,-147.615742338435));
#11816=CARTESIAN_POINT('',(50.6,220.092170429913,-147.615742338435));
#11817=CARTESIAN_POINT('',(51.,219.692170429913,-147.615742338435));
#11818=CARTESIAN_POINT('',(50.6,234.092170429913,-133.615742338435));
#11819=CARTESIAN_POINT('Origin',(50.6,234.092170429913,-147.615742338435));
#11820=CARTESIAN_POINT('',(51.,234.092170429913,-133.215742338435));
#11821=CARTESIAN_POINT('',(50.6,234.092170429913,-133.615742338435));
#11822=CARTESIAN_POINT('Origin',(51.,234.092170429913,-147.615742338435));
#11823=CARTESIAN_POINT('Origin',(50.8,206.092170429913,-147.615742338435));
#11824=CARTESIAN_POINT('',(51.,192.492170429913,-147.615742338435));
#11825=CARTESIAN_POINT('Origin',(51.,206.092170429913,-147.615742338435));
#11826=CARTESIAN_POINT('',(50.6,192.092170429913,-147.615742338435));
#11827=CARTESIAN_POINT('',(51.,192.492170429913,-147.615742338435));
#11828=CARTESIAN_POINT('Origin',(50.6,206.092170429913,-147.615742338435));
#11829=CARTESIAN_POINT('Origin',(50.8,192.292170429913,-95.1157423384349));
#11830=CARTESIAN_POINT('',(51.,192.492170429913,-77.6157423384349));
#11831=CARTESIAN_POINT('',(51.,192.492170429913,-95.1157423384349));
#11832=CARTESIAN_POINT('',(50.6,192.092170429913,-77.6157423384349));
#11833=CARTESIAN_POINT('',(51.,192.492170429913,-77.6157423384349));
#11834=CARTESIAN_POINT('',(50.6,192.092170429913,-95.1157423384349));
#11835=CARTESIAN_POINT('Origin',(50.8,206.092170429913,-77.6157423384349));
#11836=CARTESIAN_POINT('',(51.,219.692170429913,-77.6157423384349));
#11837=CARTESIAN_POINT('Origin',(51.,206.092170429913,-77.6157423384349));
#11838=CARTESIAN_POINT('',(50.6,220.092170429913,-77.6157423384349));
#11839=CARTESIAN_POINT('',(51.,219.692170429913,-77.6157423384349));
#11840=CARTESIAN_POINT('Origin',(50.6,206.092170429913,-77.6157423384349));
#11841=CARTESIAN_POINT('Origin',(50.8,234.092170429913,-77.6157423384349));
#11842=CARTESIAN_POINT('',(51.,234.092170429913,-92.0157423384349));
#11843=CARTESIAN_POINT('',(50.6,234.092170429913,-91.6157423384349));
#11844=CARTESIAN_POINT('',(51.,234.092170429913,-92.0157423384349));
#11845=CARTESIAN_POINT('Origin',(50.6,234.092170429913,-77.6157423384349));
#11846=CARTESIAN_POINT('Origin',(51.,234.092170429913,-77.6157423384349));
#11847=CARTESIAN_POINT('Origin',(50.8,350.842170429913,-91.8157423384349));
#11848=CARTESIAN_POINT('',(51.,373.092170429913,-92.015742338435));
#11849=CARTESIAN_POINT('',(51.,350.842170429913,-92.0157423384349));
#11850=CARTESIAN_POINT('',(50.6,373.092170429913,-91.615742338435));
#11851=CARTESIAN_POINT('',(51.,373.092170429913,-92.015742338435));
#11852=CARTESIAN_POINT('',(50.6,350.842170429913,-91.615742338435));
#11853=CARTESIAN_POINT('Origin',(50.8,373.092170429913,-77.615742338435));
#11854=CARTESIAN_POINT('',(51.,387.492170429914,-77.6157423384349));
#11855=CARTESIAN_POINT('',(50.6,387.092170429913,-77.6157423384349));
#11856=CARTESIAN_POINT('',(51.,387.492170429914,-77.6157423384349));
#11857=CARTESIAN_POINT('Origin',(50.6,373.092170429913,-77.615742338435));
#11858=CARTESIAN_POINT('Origin',(51.,373.092170429913,-77.615742338435));
#11859=CARTESIAN_POINT('Origin',(50.8,412.092170429913,-77.6157423384349));
#11860=CARTESIAN_POINT('',(51.,436.692170429914,-77.6157423384349));
#11861=CARTESIAN_POINT('Origin',(51.,412.092170429913,-77.6157423384349));
#11862=CARTESIAN_POINT('',(50.6,437.092170429913,-77.6157423384349));
#11863=CARTESIAN_POINT('',(51.,436.692170429914,-77.6157423384349));
#11864=CARTESIAN_POINT('Origin',(50.6,412.092170429913,-77.6157423384349));
#11865=CARTESIAN_POINT('Origin',(50.8,436.892170429913,-130.115742338435));
#11866=CARTESIAN_POINT('',(51.,436.692170429914,-147.615742338435));
#11867=CARTESIAN_POINT('',(51.,436.692170429914,-130.115742338435));
#11868=CARTESIAN_POINT('',(50.6,437.092170429913,-147.615742338435));
#11869=CARTESIAN_POINT('',(51.,436.692170429914,-147.615742338435));
#11870=CARTESIAN_POINT('',(50.6,437.092170429913,-130.115742338435));
#11871=CARTESIAN_POINT('Origin',(50.8,412.092170429913,-147.615742338435));
#11872=CARTESIAN_POINT('',(51.,387.492170429913,-147.615742338435));
#11873=CARTESIAN_POINT('Origin',(51.,412.092170429913,-147.615742338435));
#11874=CARTESIAN_POINT('',(50.6,387.092170429913,-147.615742338435));
#11875=CARTESIAN_POINT('',(51.,387.492170429913,-147.615742338435));
#11876=CARTESIAN_POINT('Origin',(50.6,412.092170429913,-147.615742338435));
#11877=CARTESIAN_POINT('Origin',(50.8,373.092170429913,-147.615742338435));
#11878=CARTESIAN_POINT('',(51.,373.092170429913,-133.215742338435));
#11879=CARTESIAN_POINT('',(50.6,373.092170429913,-133.615742338435));
#11880=CARTESIAN_POINT('',(51.,373.092170429913,-133.215742338435));
#11881=CARTESIAN_POINT('Origin',(50.6,373.092170429913,-147.615742338435));
#11882=CARTESIAN_POINT('Origin',(51.,373.092170429913,-147.615742338435));
#11883=CARTESIAN_POINT('Origin',(50.8,267.342170429913,-133.415742338435));
#11884=CARTESIAN_POINT('',(51.,267.342170429913,-133.215742338435));
#11885=CARTESIAN_POINT('',(50.6,267.342170429913,-133.615742338435));
#11886=CARTESIAN_POINT('Origin',(43.,412.092170429913,-77.6157423384349));
#11887=CARTESIAN_POINT('',(35.4,437.092170429913,-77.6157423384349));
#11888=CARTESIAN_POINT('',(43.,437.092170429913,-77.6157423384349));
#11889=CARTESIAN_POINT('',(35.4,387.092170429913,-77.6157423384349));
#11890=CARTESIAN_POINT('Origin',(35.4,412.092170429913,-77.6157423384349));
#11891=CARTESIAN_POINT('',(43.,387.092170429913,-77.6157423384349));
#11892=CARTESIAN_POINT('Origin',(43.,437.092170429913,-147.615742338435));
#11893=CARTESIAN_POINT('',(35.4,437.092170429913,-147.615742338435));
#11894=CARTESIAN_POINT('',(43.,437.092170429913,-147.615742338435));
#11895=CARTESIAN_POINT('',(35.4,437.092170429913,-130.115742338435));
#11896=CARTESIAN_POINT('Origin',(43.,412.092170429913,-147.615742338435));
#11897=CARTESIAN_POINT('',(35.4,387.092170429913,-147.615742338435));
#11898=CARTESIAN_POINT('',(43.,387.092170429913,-147.615742338435));
#11899=CARTESIAN_POINT('Origin',(35.4,412.092170429913,-147.615742338435));
#11900=CARTESIAN_POINT('Origin',(43.,373.092170429913,-147.615742338435));
#11901=CARTESIAN_POINT('',(35.4,373.092170429913,-133.615742338435));
#11902=CARTESIAN_POINT('',(43.,373.092170429913,-133.615742338435));
#11903=CARTESIAN_POINT('Origin',(35.4,373.092170429913,-147.615742338435));
#11904=CARTESIAN_POINT('Origin',(43.,220.092170429913,-133.615742338435));
#11905=CARTESIAN_POINT('',(35.4,234.092170429913,-133.615742338435));
#11906=CARTESIAN_POINT('',(43.,234.092170429913,-133.615742338435));
#11907=CARTESIAN_POINT('',(35.4,267.342170429913,-133.615742338435));
#11908=CARTESIAN_POINT('Origin',(43.,234.092170429913,-147.615742338435));
#11909=CARTESIAN_POINT('',(35.4,220.092170429913,-147.615742338435));
#11910=CARTESIAN_POINT('',(43.,220.092170429913,-147.615742338435));
#11911=CARTESIAN_POINT('Origin',(35.4,234.092170429913,-147.615742338435));
#11912=CARTESIAN_POINT('Origin',(51.,314.592170429913,-112.615742338435));
#11913=CARTESIAN_POINT('',(51.,206.092170429913,-141.140742338435));
#11914=CARTESIAN_POINT('Origin',(51.,206.092170429913,-147.615742338435));
#11915=CARTESIAN_POINT('',(51.,397.092170429913,-147.615742338435));
#11916=CARTESIAN_POINT('Origin',(51.,412.092170429913,-147.615742338435));
#11917=CARTESIAN_POINT('',(51.,397.092170429913,-130.115742338435));
#11918=CARTESIAN_POINT('',(51.,206.092170429913,-71.1407423384349));
#11919=CARTESIAN_POINT('Origin',(51.,206.092170429913,-77.6157423384349));
#11920=CARTESIAN_POINT('Origin',(50.8,206.092170429913,-147.615742338435));
#11921=CARTESIAN_POINT('',(50.6,206.092170429913,-141.540742338435));
#11922=CARTESIAN_POINT('',(50.8,206.092170429913,-141.340742338435));
#11923=CARTESIAN_POINT('Origin',(50.6,206.092170429913,-147.615742338435));
#11924=CARTESIAN_POINT('Origin',(43.,206.092170429913,-147.615742338435));
#11925=CARTESIAN_POINT('',(35.4,206.092170429913,-141.540742338435));
#11926=CARTESIAN_POINT('',(43.,206.092170429913,-141.540742338435));
#11927=CARTESIAN_POINT('Origin',(35.4,206.092170429913,-147.615742338435));
#11928=CARTESIAN_POINT('Origin',(50.8,206.092170429913,-77.6157423384349));
#11929=CARTESIAN_POINT('',(50.6,206.092170429913,-71.5407423384349));
#11930=CARTESIAN_POINT('',(50.8,206.092170429913,-71.3407423384349));
#11931=CARTESIAN_POINT('Origin',(50.6,206.092170429913,-77.6157423384349));
#11932=CARTESIAN_POINT('Origin',(43.,206.092170429913,-77.6157423384349));
#11933=CARTESIAN_POINT('',(35.4,206.092170429913,-71.5407423384349));
#11934=CARTESIAN_POINT('',(43.,206.092170429913,-71.5407423384349));
#11935=CARTESIAN_POINT('Origin',(35.4,206.092170429913,-77.6157423384349));
#11936=CARTESIAN_POINT('Origin',(35.2,206.092170429913,-147.615742338435));
#11937=CARTESIAN_POINT('',(35.,206.092170429913,-141.140742338435));
#11938=CARTESIAN_POINT('Origin',(35.,206.092170429913,-147.615742338435));
#11939=CARTESIAN_POINT('',(35.2,206.092170429913,-141.340742338435));
#11940=CARTESIAN_POINT('Origin',(35.,314.592170429913,-112.615742338435));
#11941=CARTESIAN_POINT('',(35.,436.692170429914,-147.615742338435));
#11942=CARTESIAN_POINT('',(35.,436.692170429914,-77.6157423384349));
#11943=CARTESIAN_POINT('',(35.,436.692170429914,-130.115742338435));
#11944=CARTESIAN_POINT('',(35.,387.492170429913,-147.615742338435));
#11945=CARTESIAN_POINT('Origin',(35.,412.092170429913,-147.615742338435));
#11946=CARTESIAN_POINT('',(35.,373.092170429913,-133.215742338435));
#11947=CARTESIAN_POINT('Origin',(35.,373.092170429913,-147.615742338435));
#11948=CARTESIAN_POINT('',(35.,234.092170429913,-133.215742338435));
#11949=CARTESIAN_POINT('',(35.,267.342170429913,-133.215742338435));
#11950=CARTESIAN_POINT('',(35.,219.692170429913,-147.615742338435));
#11951=CARTESIAN_POINT('Origin',(35.,234.092170429913,-147.615742338435));
#11952=CARTESIAN_POINT('',(35.,192.492170429913,-147.615742338435));
#11953=CARTESIAN_POINT('Origin',(35.,206.092170429913,-147.615742338435));
#11954=CARTESIAN_POINT('',(35.,192.492170429913,-77.6157423384349));
#11955=CARTESIAN_POINT('',(35.,192.492170429913,-95.1157423384349));
#11956=CARTESIAN_POINT('',(35.,219.692170429913,-77.6157423384349));
#11957=CARTESIAN_POINT('Origin',(35.,206.092170429913,-77.6157423384349));
#11958=CARTESIAN_POINT('',(35.,234.092170429913,-92.0157423384349));
#11959=CARTESIAN_POINT('Origin',(35.,234.092170429913,-77.6157423384349));
#11960=CARTESIAN_POINT('',(35.,373.092170429913,-92.015742338435));
#11961=CARTESIAN_POINT('',(35.,350.842170429913,-92.0157423384349));
#11962=CARTESIAN_POINT('',(35.,387.492170429914,-77.6157423384349));
#11963=CARTESIAN_POINT('Origin',(35.,373.092170429913,-77.615742338435));
#11964=CARTESIAN_POINT('Origin',(35.,412.092170429913,-77.6157423384349));
#11965=CARTESIAN_POINT('',(35.,206.092170429913,-71.1407423384349));
#11966=CARTESIAN_POINT('Origin',(35.,206.092170429913,-77.6157423384349));
#11967=CARTESIAN_POINT('',(35.,397.092170429913,-77.6157423384349));
#11968=CARTESIAN_POINT('Origin',(35.,412.092170429913,-77.6157423384349));
#11969=CARTESIAN_POINT('',(35.,397.092170429913,-130.115742338435));
#11970=CARTESIAN_POINT('Origin',(35.2,206.092170429913,-77.6157423384349));
#11971=CARTESIAN_POINT('',(35.2,206.092170429913,-71.3407423384349));
#11972=CARTESIAN_POINT('Origin',(35.2,436.892170429913,-130.115742338435));
#11973=CARTESIAN_POINT('',(35.4,437.092170429913,-147.615742338435));
#11974=CARTESIAN_POINT('',(35.,436.692170429914,-77.6157423384349));
#11975=CARTESIAN_POINT('Origin',(35.2,412.092170429913,-147.615742338435));
#11976=CARTESIAN_POINT('',(35.4,387.092170429913,-147.615742338435));
#11977=CARTESIAN_POINT('Origin',(35.2,373.092170429913,-147.615742338435));
#11978=CARTESIAN_POINT('',(35.4,373.092170429913,-133.615742338435));
#11979=CARTESIAN_POINT('Origin',(35.2,267.342170429913,-133.415742338435));
#11980=CARTESIAN_POINT('',(35.4,234.092170429913,-133.615742338435));
#11981=CARTESIAN_POINT('Origin',(35.2,234.092170429913,-147.615742338435));
#11982=CARTESIAN_POINT('',(35.4,220.092170429913,-147.615742338435));
#11983=CARTESIAN_POINT('Origin',(35.2,206.092170429913,-147.615742338435));
#11984=CARTESIAN_POINT('',(35.4,192.092170429913,-147.615742338435));
#11985=CARTESIAN_POINT('',(35.4,192.092170429913,-147.615742338435));
#11986=CARTESIAN_POINT('Origin',(35.4,206.092170429913,-147.615742338435));
#11987=CARTESIAN_POINT('Origin',(35.2,192.292170429913,-95.1157423384349));
#11988=CARTESIAN_POINT('',(35.4,192.092170429913,-77.6157423384349));
#11989=CARTESIAN_POINT('',(35.4,192.092170429913,-77.6157423384349));
#11990=CARTESIAN_POINT('',(35.4,192.092170429913,-95.1157423384349));
#11991=CARTESIAN_POINT('Origin',(35.2,206.092170429913,-77.6157423384349));
#11992=CARTESIAN_POINT('',(35.4,220.092170429913,-77.6157423384349));
#11993=CARTESIAN_POINT('',(35.4,220.092170429913,-77.6157423384349));
#11994=CARTESIAN_POINT('Origin',(35.4,206.092170429913,-77.6157423384349));
#11995=CARTESIAN_POINT('Origin',(35.2,234.092170429913,-77.6157423384349));
#11996=CARTESIAN_POINT('',(35.4,234.092170429913,-91.6157423384349));
#11997=CARTESIAN_POINT('Origin',(35.4,234.092170429913,-77.6157423384349));
#11998=CARTESIAN_POINT('',(35.4,234.092170429913,-91.6157423384349));
#11999=CARTESIAN_POINT('Origin',(35.2,350.842170429913,-91.8157423384349));
#12000=CARTESIAN_POINT('',(35.4,373.092170429913,-91.615742338435));
#12001=CARTESIAN_POINT('',(35.4,373.092170429913,-91.615742338435));
#12002=CARTESIAN_POINT('',(35.4,350.842170429913,-91.615742338435));
#12003=CARTESIAN_POINT('Origin',(35.2,373.092170429913,-77.615742338435));
#12004=CARTESIAN_POINT('Origin',(35.4,373.092170429913,-77.615742338435));
#12005=CARTESIAN_POINT('',(35.4,387.092170429913,-77.6157423384349));
#12006=CARTESIAN_POINT('Origin',(35.2,412.092170429913,-77.6157423384349));
#12007=CARTESIAN_POINT('Origin',(43.,206.092170429913,-147.615742338435));
#12008=CARTESIAN_POINT('',(43.,192.092170429913,-147.615742338435));
#12009=CARTESIAN_POINT('Origin',(37.5,412.092170429913,-77.6157423384349));
#12010=CARTESIAN_POINT('',(40.,402.092170429913,-77.6157423384349));
#12011=CARTESIAN_POINT('Origin',(37.5,399.592170429913,-130.115742338435));
#12012=CARTESIAN_POINT('Origin',(48.5,412.092170429913,-147.615742338435));
#12013=CARTESIAN_POINT('',(46.,402.092170429913,-147.615742338435));
#12014=CARTESIAN_POINT('Origin',(48.5,399.592170429913,-130.115742338435));
#12015=CARTESIAN_POINT('Origin',(43.,373.092170429913,-77.615742338435));
#12016=CARTESIAN_POINT('',(43.,373.092170429913,-91.615742338435));
#12017=CARTESIAN_POINT('Origin',(43.,387.092170429913,-91.615742338435));
#12018=CARTESIAN_POINT('',(43.,234.092170429913,-91.6157423384349));
#12019=CARTESIAN_POINT('Origin',(43.,234.092170429913,-77.6157423384349));
#12020=CARTESIAN_POINT('',(43.,220.092170429913,-77.6157423384349));
#12021=CARTESIAN_POINT('Origin',(43.,402.092170429913,-147.615742338435));
#12022=CARTESIAN_POINT('Origin',(43.,192.092170429913,-77.6157423384349));
#12023=CARTESIAN_POINT('',(43.,192.092170429913,-77.6157423384349));
#12024=CARTESIAN_POINT('Origin',(43.,206.092170429913,-77.6157423384349));
#12025=CARTESIAN_POINT('',(0.,0.,0.));
#12026=CARTESIAN_POINT('Origin',(67.,-18.9078295700776,-80.815742338456));
#12027=CARTESIAN_POINT('',(67.,-20.9078295700746,-74.8157423384549));
#12028=CARTESIAN_POINT('',(67.,-16.9078295700746,-74.8157423384549));
#12029=CARTESIAN_POINT('',(67.,-17.9078295700761,-74.8157423384549));
#12030=CARTESIAN_POINT('',(67.,-20.9078295700746,-76.8157423384548));
#12031=CARTESIAN_POINT('',(67.,-20.9078295700746,-77.3157423384555));
#12032=CARTESIAN_POINT('',(67.,-16.9078295700746,-76.8157423384565));
#12033=CARTESIAN_POINT('',(67.,-22.5511936398806,-76.8157423384121));
#12034=CARTESIAN_POINT('',(67.,-16.9078295700746,-78.8157423384562));
#12035=CARTESIAN_POINT('Origin',(67.,-18.9078295700776,-80.815742338456));
#12036=CARTESIAN_POINT('',(67.,-16.9078295700746,-86.8157423384571));
#12037=CARTESIAN_POINT('',(67.,-20.9078295700746,-86.8157423384537));
#12038=CARTESIAN_POINT('',(67.,-19.9078295700811,-86.8157423384546));
#12039=CARTESIAN_POINT('',(67.,-16.9078295700746,-84.8157423384565));
#12040=CARTESIAN_POINT('',(67.,-16.9078295700746,-84.3157423384565));
#12041=CARTESIAN_POINT('',(67.,-20.9078295700746,-84.8157423384548));
#12042=CARTESIAN_POINT('',(67.,84.7355344997284,-84.8157423384572));
#12043=CARTESIAN_POINT('',(67.,-20.9078295700746,-82.8157423384554));
#12044=CARTESIAN_POINT('Origin',(66.,-19.9078295700811,-86.8157423384546));
#12045=CARTESIAN_POINT('',(65.,-20.9078295700746,-86.8157423384537));
#12046=CARTESIAN_POINT('Origin',(66.,-20.9078295700713,-86.8157423384537));
#12047=CARTESIAN_POINT('',(65.,-16.9078295700746,-86.8157423384571));
#12048=CARTESIAN_POINT('',(65.,-19.9078295700811,-86.8157423384546));
#12049=CARTESIAN_POINT('Origin',(66.,-16.9078295700738,-86.8157423384571));
#12050=CARTESIAN_POINT('Origin',(65.,-18.9078295700776,-80.815742338456));
#12051=CARTESIAN_POINT('',(65.,-20.9078295700746,-84.8157423384548));
#12052=CARTESIAN_POINT('',(65.,-20.9078295700746,-82.8157423384554));
#12053=CARTESIAN_POINT('',(65.,-16.9078295700746,-84.8157423384565));
#12054=CARTESIAN_POINT('',(65.,84.7355344997284,-84.8157423384572));
#12055=CARTESIAN_POINT('',(65.,-16.9078295700746,-84.3157423384565));
#12056=CARTESIAN_POINT('Origin',(66.,-17.9078295700761,-74.8157423384549));
#12057=CARTESIAN_POINT('',(65.,-16.9078295700746,-74.8157423384549));
#12058=CARTESIAN_POINT('Origin',(66.,-16.9078295700746,-74.8157423384549));
#12059=CARTESIAN_POINT('',(65.,-20.9078295700746,-74.8157423384549));
#12060=CARTESIAN_POINT('',(65.,-17.9078295700761,-74.8157423384549));
#12061=CARTESIAN_POINT('Origin',(66.,-20.9078295700746,-74.8157423384549));
#12062=CARTESIAN_POINT('Origin',(65.,-18.9078295700776,-80.815742338456));
#12063=CARTESIAN_POINT('',(65.,-16.9078295700746,-76.8157423384565));
#12064=CARTESIAN_POINT('',(65.,-16.9078295700746,-78.8157423384562));
#12065=CARTESIAN_POINT('',(65.,-20.9078295700746,-76.8157423384548));
#12066=CARTESIAN_POINT('',(65.,-22.5511936398806,-76.8157423384121));
#12067=CARTESIAN_POINT('',(65.,-20.9078295700746,-77.3157423384555));
#12068=CARTESIAN_POINT('Origin',(66.,-19.9078295700761,-73.8157423384549));
#12069=CARTESIAN_POINT('',(66.,-20.9078295700746,-70.8157423384549));
#12070=CARTESIAN_POINT('',(69.,-20.9078295700746,-73.8157423384549));
#12071=CARTESIAN_POINT('Origin',(66.,-20.9078295700746,-73.8157423384549));
#12072=CARTESIAN_POINT('',(66.,-16.9078295700746,-70.8157423384549));
#12073=CARTESIAN_POINT('',(66.,-19.9078295700761,-70.8157423384549));
#12074=CARTESIAN_POINT('',(69.,-16.9078295700746,-73.8157423384549));
#12075=CARTESIAN_POINT('Origin',(66.,-16.9078295700746,-73.8157423384549));
#12076=CARTESIAN_POINT('',(69.,-19.9078295700761,-73.8157423384549));
#12077=CARTESIAN_POINT('Origin',(69.,-20.9078295700746,-73.8157423384549));
#12078=CARTESIAN_POINT('',(69.,-20.9078295700746,-76.8157423384548));
#12079=CARTESIAN_POINT('',(69.,-20.9078295700746,-75.815742338455));
#12080=CARTESIAN_POINT('',(69.,-20.9078295700746,-76.8157423384128));
#12081=CARTESIAN_POINT('',(63.,-20.9078295700746,-76.8157423384548));
#12082=CARTESIAN_POINT('',(66.,-20.9078295700746,-76.8157423384128));
#12083=CARTESIAN_POINT('',(63.,-20.9078295700746,-70.8157423384549));
#12084=CARTESIAN_POINT('',(63.,-20.9078295700746,-93.2157423384449));
#12085=CARTESIAN_POINT('',(69.,-20.9078295700746,-70.8157423384549));
#12086=CARTESIAN_POINT('Origin',(69.,-18.9078295700776,-80.815742338455));
#12087=CARTESIAN_POINT('',(69.,-16.9078295700746,-76.8157423384565));
#12088=CARTESIAN_POINT('',(69.,-16.9078295700746,-78.8157423384562));
#12089=CARTESIAN_POINT('',(69.,29.0921704299254,-76.8157423384548));
#12090=CARTESIAN_POINT('',(69.,134.735534499733,-76.8157423384782));
#12091=CARTESIAN_POINT('',(69.,29.0921704299254,-73.8157423384549));
#12092=CARTESIAN_POINT('',(69.,29.0921704299254,-75.815742338455));
#12093=CARTESIAN_POINT('',(69.,33.0921704299254,-73.8157423384549));
#12094=CARTESIAN_POINT('',(69.,30.0921704299239,-73.8157423384549));
#12095=CARTESIAN_POINT('',(69.,33.0921704299254,-76.8157423384565));
#12096=CARTESIAN_POINT('',(69.,33.0921704299254,-78.8157423384562));
#12097=CARTESIAN_POINT('',(69.,79.0921704299254,-76.8157423384548));
#12098=CARTESIAN_POINT('',(69.,134.735534499733,-76.8157423384782));
#12099=CARTESIAN_POINT('',(69.,79.0921704299254,-73.8157423384549));
#12100=CARTESIAN_POINT('',(69.,79.0921704299254,-75.815742338455));
#12101=CARTESIAN_POINT('',(69.,83.0921704299254,-73.8157423384549));
#12102=CARTESIAN_POINT('',(69.,80.0921704299239,-73.8157423384549));
#12103=CARTESIAN_POINT('',(69.,83.0921704299254,-76.8157423384565));
#12104=CARTESIAN_POINT('',(69.,83.0921704299254,-78.8157423384562));
#12105=CARTESIAN_POINT('',(69.,129.092170429925,-76.8157423384548));
#12106=CARTESIAN_POINT('',(69.,134.735534499733,-76.8157423384782));
#12107=CARTESIAN_POINT('',(69.,129.092170429925,-73.8157423384549));
#12108=CARTESIAN_POINT('',(69.,129.092170429925,-75.815742338455));
#12109=CARTESIAN_POINT('',(69.,133.092170429925,-73.8157423384549));
#12110=CARTESIAN_POINT('',(69.,130.092170429924,-73.8157423384549));
#12111=CARTESIAN_POINT('',(69.,133.092170429925,-76.8157423384565));
#12112=CARTESIAN_POINT('',(69.,133.092170429925,-78.8157423384562));
#12113=CARTESIAN_POINT('',(69.,179.092170429925,-76.8157423384548));
#12114=CARTESIAN_POINT('',(69.,134.735534499733,-76.8157423384782));
#12115=CARTESIAN_POINT('',(69.,179.092170429925,-73.8157423384549));
#12116=CARTESIAN_POINT('',(69.,179.092170429925,-75.815742338455));
#12117=CARTESIAN_POINT('',(69.,183.092170429925,-73.8157423384549));
#12118=CARTESIAN_POINT('',(69.,180.092170429924,-73.8157423384549));
#12119=CARTESIAN_POINT('',(69.,183.092170429925,-76.8157423384565));
#12120=CARTESIAN_POINT('',(69.,183.092170429925,-78.8157423384562));
#12121=CARTESIAN_POINT('',(69.,188.378898569539,-76.8157423385007));
#12122=CARTESIAN_POINT('',(69.,134.735534499733,-76.8157423384782));
#12123=CARTESIAN_POINT('',(69.,188.378898569536,-84.8157423385007));
#12124=CARTESIAN_POINT('Origin',(69.,188.378898569538,-80.8157423385007));
#12125=CARTESIAN_POINT('',(69.,183.092170429925,-84.8157423384565));
#12126=CARTESIAN_POINT('',(69.,27.4488063601175,-84.8157423384331));
#12127=CARTESIAN_POINT('',(69.,183.092170429925,-87.8157423384552));
#12128=CARTESIAN_POINT('',(69.,183.092170429925,-85.8157423384551));
#12129=CARTESIAN_POINT('',(69.,179.092170429925,-87.8157423384552));
#12130=CARTESIAN_POINT('',(69.,182.092170429924,-87.8157423384552));
#12131=CARTESIAN_POINT('',(69.,179.092170429925,-84.8157423384548));
#12132=CARTESIAN_POINT('',(69.,179.092170429925,-82.8157423384554));
#12133=CARTESIAN_POINT('',(69.,133.092170429925,-84.8157423384565));
#12134=CARTESIAN_POINT('',(69.,27.4488063601175,-84.8157423384331));
#12135=CARTESIAN_POINT('',(69.,133.092170429925,-87.8157423384552));
#12136=CARTESIAN_POINT('',(69.,133.092170429925,-85.8157423384551));
#12137=CARTESIAN_POINT('',(69.,129.092170429925,-87.8157423384552));
#12138=CARTESIAN_POINT('',(69.,132.092170429924,-87.8157423384552));
#12139=CARTESIAN_POINT('',(69.,129.092170429925,-84.8157423384548));
#12140=CARTESIAN_POINT('',(69.,129.092170429925,-82.8157423384554));
#12141=CARTESIAN_POINT('',(69.,83.0921704299254,-84.8157423384565));
#12142=CARTESIAN_POINT('',(69.,27.4488063601175,-84.8157423384331));
#12143=CARTESIAN_POINT('',(69.,83.0921704299254,-87.8157423384552));
#12144=CARTESIAN_POINT('',(69.,83.0921704299254,-85.8157423384551));
#12145=CARTESIAN_POINT('',(69.,79.0921704299254,-87.8157423384552));
#12146=CARTESIAN_POINT('',(69.,82.0921704299239,-87.8157423384552));
#12147=CARTESIAN_POINT('',(69.,79.0921704299254,-84.8157423384548));
#12148=CARTESIAN_POINT('',(69.,79.0921704299254,-82.8157423384554));
#12149=CARTESIAN_POINT('',(69.,33.0921704299254,-84.8157423384565));
#12150=CARTESIAN_POINT('',(69.,27.4488063601175,-84.8157423384331));
#12151=CARTESIAN_POINT('',(69.,33.0921704299254,-87.8157423384552));
#12152=CARTESIAN_POINT('',(69.,33.0921704299254,-85.8157423384551));
#12153=CARTESIAN_POINT('',(69.,29.0921704299254,-87.8157423384552));
#12154=CARTESIAN_POINT('',(69.,32.0921704299239,-87.8157423384552));
#12155=CARTESIAN_POINT('',(69.,29.0921704299254,-84.8157423384548));
#12156=CARTESIAN_POINT('',(69.,29.0921704299254,-82.8157423384554));
#12157=CARTESIAN_POINT('',(69.,-16.9078295700746,-84.8157423384565));
#12158=CARTESIAN_POINT('',(69.,27.4488063601175,-84.8157423384331));
#12159=CARTESIAN_POINT('',(69.,-16.9078295700746,-87.8157423384552));
#12160=CARTESIAN_POINT('',(69.,-16.9078295700746,-85.8157423384551));
#12161=CARTESIAN_POINT('',(69.,-20.9078295700746,-87.8157423384552));
#12162=CARTESIAN_POINT('',(69.,-17.9078295700761,-87.8157423384552));
#12163=CARTESIAN_POINT('',(69.,-20.9078295700746,-84.8157423384548));
#12164=CARTESIAN_POINT('',(69.,-20.9078295700746,-82.8157423384554));
#12165=CARTESIAN_POINT('',(69.,-26.1945577096887,-84.8157423384106));
#12166=CARTESIAN_POINT('',(69.,27.4488063601175,-84.8157423384331));
#12167=CARTESIAN_POINT('',(69.,-26.1945577096853,-76.8157423384106));
#12168=CARTESIAN_POINT('Origin',(69.,-26.194557709687,-80.8157423384106));
#12169=CARTESIAN_POINT('',(69.,134.735534499733,-76.8157423384782));
#12170=CARTESIAN_POINT('Origin',(66.,-17.9078295700761,-87.8157423384552));
#12171=CARTESIAN_POINT('',(66.,-20.9078295700746,-90.8157423384552));
#12172=CARTESIAN_POINT('Origin',(66.,-20.9078295700746,-87.8157423384552));
#12173=CARTESIAN_POINT('',(66.,-16.9078295700746,-90.8157423384552));
#12174=CARTESIAN_POINT('Origin',(66.,-16.9078295700746,-87.8157423384552));
#12175=CARTESIAN_POINT('',(66.,-17.9078295700761,-90.8157423384552));
#12176=CARTESIAN_POINT('Origin',(69.,-16.9078295700746,-87.8157423384571));
#12177=CARTESIAN_POINT('',(69.,-16.9078295700746,-84.8157423384145));
#12178=CARTESIAN_POINT('',(63.,-16.9078295700746,-84.8157423384565));
#12179=CARTESIAN_POINT('',(66.,-16.9078295700746,-84.8157423384145));
#12180=CARTESIAN_POINT('',(63.,-16.9078295700746,-90.8157423384552));
#12181=CARTESIAN_POINT('',(63.,-16.9078295700746,-100.215742338446));
#12182=CARTESIAN_POINT('',(69.,-16.9078295700746,-90.8157423384552));
#12183=CARTESIAN_POINT('Origin',(69.,188.378898569536,-84.8157423385007));
#12184=CARTESIAN_POINT('',(69.,-20.9078295700746,-84.8157423384128));
#12185=CARTESIAN_POINT('',(67.,29.0921704299254,-84.8157423384548));
#12186=CARTESIAN_POINT('',(69.,29.0921704299254,-84.8157423384338));
#12187=CARTESIAN_POINT('',(67.,33.0921704299254,-84.8157423384565));
#12188=CARTESIAN_POINT('',(67.,109.735534499728,-84.8157423384677));
#12189=CARTESIAN_POINT('',(69.,33.0921704299254,-84.8157423384355));
#12190=CARTESIAN_POINT('',(67.,79.0921704299254,-84.8157423384548));
#12191=CARTESIAN_POINT('',(69.,79.0921704299254,-84.8157423384548));
#12192=CARTESIAN_POINT('',(67.,83.0921704299254,-84.8157423384565));
#12193=CARTESIAN_POINT('',(67.,134.735534499728,-84.8157423384782));
#12194=CARTESIAN_POINT('',(69.,83.0921704299254,-84.8157423384565));
#12195=CARTESIAN_POINT('',(67.,129.092170429925,-84.8157423384548));
#12196=CARTESIAN_POINT('',(69.,129.092170429925,-84.8157423384758));
#12197=CARTESIAN_POINT('',(67.,133.092170429925,-84.8157423384565));
#12198=CARTESIAN_POINT('',(67.,159.735534499728,-84.8157423384887));
#12199=CARTESIAN_POINT('',(69.,133.092170429925,-84.8157423384775));
#12200=CARTESIAN_POINT('',(67.,179.092170429925,-84.8157423384548));
#12201=CARTESIAN_POINT('',(69.,179.092170429925,-84.8157423384968));
#12202=CARTESIAN_POINT('',(67.,183.092170429925,-84.8157423384565));
#12203=CARTESIAN_POINT('',(67.,184.735534499728,-84.8157423384991));
#12204=CARTESIAN_POINT('',(69.,183.092170429925,-84.8157423384985));
#12205=CARTESIAN_POINT('',(63.,188.378898569536,-84.8157423385007));
#12206=CARTESIAN_POINT('',(69.,188.378898569536,-84.8157423385007));
#12207=CARTESIAN_POINT('',(63.,183.092170429925,-84.8157423384565));
#12208=CARTESIAN_POINT('',(63.,137.585534499709,-84.8157423384794));
#12209=CARTESIAN_POINT('',(65.,183.092170429925,-84.8157423384565));
#12210=CARTESIAN_POINT('',(66.,183.092170429925,-84.8157423384985));
#12211=CARTESIAN_POINT('',(65.,179.092170429925,-84.8157423384548));
#12212=CARTESIAN_POINT('',(65.,184.735534499728,-84.8157423384991));
#12213=CARTESIAN_POINT('',(63.,179.092170429925,-84.8157423384548));
#12214=CARTESIAN_POINT('',(66.,179.092170429925,-84.8157423384968));
#12215=CARTESIAN_POINT('',(63.,133.092170429925,-84.8157423384565));
#12216=CARTESIAN_POINT('',(63.,137.585534499709,-84.8157423384794));
#12217=CARTESIAN_POINT('',(65.,133.092170429925,-84.8157423384565));
#12218=CARTESIAN_POINT('',(66.,133.092170429925,-84.8157423384775));
#12219=CARTESIAN_POINT('',(65.,129.092170429925,-84.8157423384548));
#12220=CARTESIAN_POINT('',(65.,159.735534499728,-84.8157423384887));
#12221=CARTESIAN_POINT('',(63.,129.092170429925,-84.8157423384548));
#12222=CARTESIAN_POINT('',(66.,129.092170429925,-84.8157423384758));
#12223=CARTESIAN_POINT('',(63.,83.0921704299254,-84.8157423384565));
#12224=CARTESIAN_POINT('',(63.,137.585534499709,-84.8157423384794));
#12225=CARTESIAN_POINT('',(65.,83.0921704299254,-84.8157423384565));
#12226=CARTESIAN_POINT('',(66.,83.0921704299254,-84.8157423384565));
#12227=CARTESIAN_POINT('',(65.,79.0921704299254,-84.8157423384548));
#12228=CARTESIAN_POINT('',(65.,134.735534499728,-84.8157423384782));
#12229=CARTESIAN_POINT('',(63.,79.0921704299254,-84.8157423384548));
#12230=CARTESIAN_POINT('',(66.,79.0921704299254,-84.8157423384548));
#12231=CARTESIAN_POINT('',(63.,33.0921704299254,-84.8157423384565));
#12232=CARTESIAN_POINT('',(63.,137.585534499709,-84.8157423384794));
#12233=CARTESIAN_POINT('',(65.,33.0921704299254,-84.8157423384565));
#12234=CARTESIAN_POINT('',(66.,33.0921704299254,-84.8157423384355));
#12235=CARTESIAN_POINT('',(65.,29.0921704299254,-84.8157423384548));
#12236=CARTESIAN_POINT('',(65.,109.735534499728,-84.8157423384677));
#12237=CARTESIAN_POINT('',(63.,29.0921704299254,-84.8157423384548));
#12238=CARTESIAN_POINT('',(66.,29.0921704299254,-84.8157423384338));
#12239=CARTESIAN_POINT('',(63.,137.585534499709,-84.8157423384794));
#12240=CARTESIAN_POINT('',(63.,-20.9078295700746,-84.8157423384548));
#12241=CARTESIAN_POINT('',(66.,-20.9078295700746,-84.8157423384128));
#12242=CARTESIAN_POINT('',(63.,-26.1945577096887,-84.8157423384106));
#12243=CARTESIAN_POINT('',(63.,137.585534499709,-84.8157423384794));
#12244=CARTESIAN_POINT('',(69.,-26.1945577096887,-84.8157423384106));
#12245=CARTESIAN_POINT('Origin',(69.,-26.1945577096853,-76.8157423384106));
#12246=CARTESIAN_POINT('',(69.,-16.9078295700746,-76.8157423384145));
#12247=CARTESIAN_POINT('',(63.,-26.1945577096853,-76.8157423384106));
#12248=CARTESIAN_POINT('',(69.,-26.1945577096853,-76.8157423384106));
#12249=CARTESIAN_POINT('',(63.,30.2988063600998,-76.8157423384343));
#12250=CARTESIAN_POINT('',(63.,-16.9078295700746,-76.8157423384565));
#12251=CARTESIAN_POINT('',(66.,-16.9078295700746,-76.8157423384145));
#12252=CARTESIAN_POINT('',(63.,29.0921704299254,-76.8157423384548));
#12253=CARTESIAN_POINT('',(63.,30.2988063600998,-76.8157423384343));
#12254=CARTESIAN_POINT('',(65.,29.0921704299254,-76.8157423384548));
#12255=CARTESIAN_POINT('',(66.,29.0921704299254,-76.8157423384338));
#12256=CARTESIAN_POINT('',(65.,33.0921704299254,-76.8157423384565));
#12257=CARTESIAN_POINT('',(65.,2.44880636011938,-76.8157423384226));
#12258=CARTESIAN_POINT('',(63.,33.0921704299254,-76.8157423384565));
#12259=CARTESIAN_POINT('',(66.,33.0921704299254,-76.8157423384355));
#12260=CARTESIAN_POINT('',(63.,79.0921704299254,-76.8157423384548));
#12261=CARTESIAN_POINT('',(63.,30.2988063600998,-76.8157423384343));
#12262=CARTESIAN_POINT('',(65.,79.0921704299254,-76.8157423384548));
#12263=CARTESIAN_POINT('',(66.,79.0921704299254,-76.8157423384548));
#12264=CARTESIAN_POINT('',(65.,83.0921704299254,-76.8157423384565));
#12265=CARTESIAN_POINT('',(65.,27.4488063601194,-76.8157423384331));
#12266=CARTESIAN_POINT('',(63.,83.0921704299254,-76.8157423384565));
#12267=CARTESIAN_POINT('',(66.,83.0921704299254,-76.8157423384565));
#12268=CARTESIAN_POINT('',(63.,129.092170429925,-76.8157423384548));
#12269=CARTESIAN_POINT('',(63.,30.2988063600998,-76.8157423384343));
#12270=CARTESIAN_POINT('',(65.,129.092170429925,-76.8157423384548));
#12271=CARTESIAN_POINT('',(66.,129.092170429925,-76.8157423384758));
#12272=CARTESIAN_POINT('',(65.,133.092170429925,-76.8157423384565));
#12273=CARTESIAN_POINT('',(65.,52.4488063601194,-76.8157423384436));
#12274=CARTESIAN_POINT('',(63.,133.092170429925,-76.8157423384565));
#12275=CARTESIAN_POINT('',(66.,133.092170429925,-76.8157423384775));
#12276=CARTESIAN_POINT('',(63.,179.092170429925,-76.8157423384548));
#12277=CARTESIAN_POINT('',(63.,30.2988063600998,-76.8157423384343));
#12278=CARTESIAN_POINT('',(65.,179.092170429925,-76.8157423384548));
#12279=CARTESIAN_POINT('',(66.,179.092170429925,-76.8157423384968));
#12280=CARTESIAN_POINT('',(65.,183.092170429925,-76.8157423384565));
#12281=CARTESIAN_POINT('',(65.,77.4488063601194,-76.8157423384541));
#12282=CARTESIAN_POINT('',(63.,183.092170429925,-76.8157423384565));
#12283=CARTESIAN_POINT('',(66.,183.092170429925,-76.8157423384985));
#12284=CARTESIAN_POINT('',(63.,188.378898569539,-76.8157423385007));
#12285=CARTESIAN_POINT('',(63.,30.2988063600998,-76.8157423384343));
#12286=CARTESIAN_POINT('',(69.,188.378898569539,-76.8157423385007));
#12287=CARTESIAN_POINT('',(67.,183.092170429925,-76.8157423384565));
#12288=CARTESIAN_POINT('',(69.,183.092170429925,-76.8157423384985));
#12289=CARTESIAN_POINT('',(67.,179.092170429925,-76.8157423384548));
#12290=CARTESIAN_POINT('',(67.,77.4488063601194,-76.8157423384541));
#12291=CARTESIAN_POINT('',(69.,179.092170429925,-76.8157423384968));
#12292=CARTESIAN_POINT('',(67.,133.092170429925,-76.8157423384565));
#12293=CARTESIAN_POINT('',(69.,133.092170429925,-76.8157423384775));
#12294=CARTESIAN_POINT('',(67.,129.092170429925,-76.8157423384548));
#12295=CARTESIAN_POINT('',(67.,52.4488063601194,-76.8157423384436));
#12296=CARTESIAN_POINT('',(69.,129.092170429925,-76.8157423384758));
#12297=CARTESIAN_POINT('',(67.,83.0921704299254,-76.8157423384565));
#12298=CARTESIAN_POINT('',(69.,83.0921704299254,-76.8157423384565));
#12299=CARTESIAN_POINT('',(67.,79.0921704299254,-76.8157423384548));
#12300=CARTESIAN_POINT('',(67.,27.4488063601194,-76.8157423384331));
#12301=CARTESIAN_POINT('',(69.,79.0921704299254,-76.8157423384548));
#12302=CARTESIAN_POINT('',(67.,33.0921704299254,-76.8157423384565));
#12303=CARTESIAN_POINT('',(69.,33.0921704299254,-76.8157423384355));
#12304=CARTESIAN_POINT('',(67.,29.0921704299254,-76.8157423384548));
#12305=CARTESIAN_POINT('',(67.,2.44880636011938,-76.8157423384226));
#12306=CARTESIAN_POINT('',(69.,29.0921704299254,-76.8157423384338));
#12307=CARTESIAN_POINT('Origin',(63.,86.79217042987,-112.615742338435));
#12308=CARTESIAN_POINT('',(63.,12.6836963881608,-61.6086345892741));
#12309=CARTESIAN_POINT('',(63.,-7.06504095336852,-41.8598972477449));
#12310=CARTESIAN_POINT('',(63.,46.5254075004961,-95.4503457016093));
#12311=CARTESIAN_POINT('',(63.,25.3409077714,-66.8514232060349));
#12312=CARTESIAN_POINT('Origin',(63.,25.3409077714,-48.9514232060349));
#12313=CARTESIAN_POINT('',(63.,138.843433088339,-66.8514232060349));
#12314=CARTESIAN_POINT('',(63.,116.442170429869,-66.8514232060349));
#12315=CARTESIAN_POINT('',(63.,151.500644471578,-61.6086345892741));
#12316=CARTESIAN_POINT('Origin',(63.,138.843433088339,-48.9514232060349));
#12317=CARTESIAN_POINT('',(63.,171.249381813107,-41.8598972477449));
#12318=CARTESIAN_POINT('',(63.,135.008933359243,-78.1003457016091));
#12319=CARTESIAN_POINT('',(63.,183.340907771397,-36.8514232060349));
#12320=CARTESIAN_POINT('Origin',(63.,183.340907771397,-53.9514232060349));
#12321=CARTESIAN_POINT('',(63.,215.592170429871,-36.8514232060348));
#12322=CARTESIAN_POINT('',(63.,151.19217042987,-36.8514232060349));
#12323=CARTESIAN_POINT('',(63.,232.692170429871,-53.9514232060349));
#12324=CARTESIAN_POINT('Origin',(63.,215.592170429871,-53.9514232060348));
#12325=CARTESIAN_POINT('',(63.,232.692170429871,-171.280061470835));
#12326=CARTESIAN_POINT('',(63.,232.692170429871,-141.947901904635));
#12327=CARTESIAN_POINT('',(63.,215.592170429871,-188.380061470835));
#12328=CARTESIAN_POINT('Origin',(63.,215.592170429871,-171.280061470835));
#12329=CARTESIAN_POINT('',(63.,183.340907771397,-188.380061470835));
#12330=CARTESIAN_POINT('',(63.,131.442170429869,-188.380061470835));
#12331=CARTESIAN_POINT('',(63.,171.249381813108,-183.371587429125));
#12332=CARTESIAN_POINT('Origin',(63.,183.340907771397,-171.280061470835));
#12333=CARTESIAN_POINT('',(63.,151.500644471578,-163.622850087596));
#12334=CARTESIAN_POINT('',(63.,120.008933359243,-132.131138975261));
#12335=CARTESIAN_POINT('',(63.,138.843433088339,-158.380061470835));
#12336=CARTESIAN_POINT('Origin',(63.,138.843433088339,-176.280061470835));
#12337=CARTESIAN_POINT('',(63.,25.3409077714,-158.380061470835));
#12338=CARTESIAN_POINT('',(63.,52.4421704298705,-158.380061470835));
#12339=CARTESIAN_POINT('',(63.,12.6836963881608,-163.622850087596));
#12340=CARTESIAN_POINT('Origin',(63.,25.3409077714,-176.280061470835));
#12341=CARTESIAN_POINT('',(63.,-7.06504095336842,-183.371587429125));
#12342=CARTESIAN_POINT('',(63.,31.525407500496,-144.781138975261));
#12343=CARTESIAN_POINT('',(63.,-19.1565669116584,-188.380061470835));
#12344=CARTESIAN_POINT('Origin',(63.,-19.1565669116584,-171.280061470835));
#12345=CARTESIAN_POINT('',(63.,-42.0078295701307,-188.380061470835));
#12346=CARTESIAN_POINT('',(63.,13.6421704298696,-188.380061470835));
#12347=CARTESIAN_POINT('',(63.,-59.1078295701307,-171.280061470835));
#12348=CARTESIAN_POINT('Origin',(63.,-42.0078295701307,-171.280061470835));
#12349=CARTESIAN_POINT('',(63.,-59.1078295701307,-53.9514232060348));
#12350=CARTESIAN_POINT('',(63.,-59.1078295701307,-74.5335827722348));
#12351=CARTESIAN_POINT('',(63.,-42.0078295701307,-36.8514232060349));
#12352=CARTESIAN_POINT('Origin',(63.,-42.0078295701307,-53.9514232060348));
#12353=CARTESIAN_POINT('',(63.,-19.1565669116585,-36.8514232060348));
#12354=CARTESIAN_POINT('',(63.,37.4421704298704,-36.8514232060349));
#12355=CARTESIAN_POINT('Origin',(63.,-19.1565669116585,-53.9514232060348));
#12356=CARTESIAN_POINT('',(63.,62.0921704298696,-110.615742338435));
#12357=CARTESIAN_POINT('',(63.,102.09217042987,-110.615742338435));
#12358=CARTESIAN_POINT('',(63.,94.4421704298698,-110.615742338435));
#12359=CARTESIAN_POINT('',(63.,62.0921704298696,-114.615742338435));
#12360=CARTESIAN_POINT('Origin',(63.,62.0921704298696,-112.615742338435));
#12361=CARTESIAN_POINT('',(63.,102.09217042987,-114.615742338435));
#12362=CARTESIAN_POINT('',(63.,74.4421704298698,-114.615742338435));
#12363=CARTESIAN_POINT('Origin',(63.,102.09217042987,-112.615742338435));
#12364=CARTESIAN_POINT('',(63.,-43.9078295700865,-71.1407423384349));
#12365=CARTESIAN_POINT('Origin',(63.,-43.9078295700865,-77.6157423384349));
#12366=CARTESIAN_POINT('',(63.,206.092170429913,-71.1407423384349));
#12367=CARTESIAN_POINT('Origin',(63.,206.092170429913,-77.6157423384349));
#12368=CARTESIAN_POINT('',(63.,182.092170429869,-173.580061470835));
#12369=CARTESIAN_POINT('',(63.,192.492170429869,-173.580061470835));
#12370=CARTESIAN_POINT('Origin',(63.,187.292170429869,-173.580061470835));
#12371=CARTESIAN_POINT('',(63.,192.492170429869,-137.580060913461));
#12372=CARTESIAN_POINT('',(63.,192.492170429869,-125.097901733135));
#12373=CARTESIAN_POINT('',(63.,182.092170429869,-137.580061470835));
#12374=CARTESIAN_POINT('Origin',(63.,187.292170429869,-137.580061470835));
#12375=CARTESIAN_POINT('',(63.,182.092170429869,-143.097901904635));
#12376=CARTESIAN_POINT('',(63.,192.492170429869,-101.815742338445));
#12377=CARTESIAN_POINT('',(63.,182.092170429869,-101.815742338445));
#12378=CARTESIAN_POINT('Origin',(63.,187.292170429869,-101.815742338445));
#12379=CARTESIAN_POINT('',(63.,182.092170429869,-125.180061470835));
#12380=CARTESIAN_POINT('',(63.,182.092170429869,-118.897901904635));
#12381=CARTESIAN_POINT('',(63.,192.492170429869,-125.180061127835));
#12382=CARTESIAN_POINT('Origin',(63.,187.292170429869,-125.180061470835));
#12383=CARTESIAN_POINT('',(63.,192.492170429869,-107.215742338439));
#12384=CARTESIAN_POINT('',(63.,206.092170429913,-141.140742338435));
#12385=CARTESIAN_POINT('Origin',(63.,206.092170429913,-147.615742338435));
#12386=CARTESIAN_POINT('',(63.,-43.9078295700865,-141.140742338435));
#12387=CARTESIAN_POINT('Origin',(63.,-43.9078295700865,-147.615742338435));
#12388=CARTESIAN_POINT('',(63.,-12.9078295701304,-110.615742338435));
#12389=CARTESIAN_POINT('',(63.,27.0921704298696,-110.615742338435));
#12390=CARTESIAN_POINT('',(63.,56.9421704298698,-110.615742338435));
#12391=CARTESIAN_POINT('',(63.,-12.9078295701304,-114.615742338435));
#12392=CARTESIAN_POINT('Origin',(63.,-12.9078295701304,-112.615742338435));
#12393=CARTESIAN_POINT('',(63.,27.0921704298696,-114.615742338435));
#12394=CARTESIAN_POINT('',(63.,36.9421704298698,-114.615742338435));
#12395=CARTESIAN_POINT('Origin',(63.,27.0921704298696,-112.615742338435));
#12396=CARTESIAN_POINT('Origin',(63.,-26.194557709687,-80.8157423384106));
#12397=CARTESIAN_POINT('',(63.,-20.9078295700746,-90.8157423384552));
#12398=CARTESIAN_POINT('',(63.,-20.9078295700746,-101.715742338445));
#12399=CARTESIAN_POINT('',(63.,34.9421704298977,-90.8157423384552));
#12400=CARTESIAN_POINT('',(63.,29.0921704299254,-90.8157423384552));
#12401=CARTESIAN_POINT('',(63.,29.0921704299254,-101.715742338445));
#12402=CARTESIAN_POINT('',(63.,33.0921704299254,-90.8157423384552));
#12403=CARTESIAN_POINT('',(63.,59.9421704298977,-90.8157423384552));
#12404=CARTESIAN_POINT('',(63.,33.0921704299254,-100.215742338446));
#12405=CARTESIAN_POINT('',(63.,79.0921704299254,-90.8157423384552));
#12406=CARTESIAN_POINT('',(63.,79.0921704299254,-101.715742338445));
#12407=CARTESIAN_POINT('',(63.,83.0921704299254,-90.8157423384552));
#12408=CARTESIAN_POINT('',(63.,84.9421704298977,-90.8157423384552));
#12409=CARTESIAN_POINT('',(63.,83.0921704299254,-100.215742338446));
#12410=CARTESIAN_POINT('',(63.,129.092170429925,-90.8157423384552));
#12411=CARTESIAN_POINT('',(63.,129.092170429925,-101.715742338445));
#12412=CARTESIAN_POINT('',(63.,133.092170429925,-90.8157423384552));
#12413=CARTESIAN_POINT('',(63.,109.942170429898,-90.8157423384552));
#12414=CARTESIAN_POINT('',(63.,133.092170429925,-100.215742338446));
#12415=CARTESIAN_POINT('',(63.,179.092170429925,-90.8157423384552));
#12416=CARTESIAN_POINT('',(63.,179.092170429925,-101.715742338445));
#12417=CARTESIAN_POINT('',(63.,183.092170429925,-90.8157423384552));
#12418=CARTESIAN_POINT('',(63.,134.942170429898,-90.8157423384552));
#12419=CARTESIAN_POINT('',(63.,183.092170429925,-100.215742338446));
#12420=CARTESIAN_POINT('Origin',(63.,188.378898569538,-80.8157423385007));
#12421=CARTESIAN_POINT('',(63.,183.092170429925,-70.8157423384549));
#12422=CARTESIAN_POINT('',(63.,183.092170429925,-94.7157423384457));
#12423=CARTESIAN_POINT('',(63.,179.092170429925,-70.8157423384549));
#12424=CARTESIAN_POINT('',(63.,132.942170429898,-70.8157423384549));
#12425=CARTESIAN_POINT('',(63.,179.092170429925,-93.2157423384449));
#12426=CARTESIAN_POINT('',(63.,133.092170429925,-70.8157423384549));
#12427=CARTESIAN_POINT('',(63.,133.092170429925,-94.7157423384457));
#12428=CARTESIAN_POINT('',(63.,129.092170429925,-70.8157423384549));
#12429=CARTESIAN_POINT('',(63.,107.942170429898,-70.8157423384549));
#12430=CARTESIAN_POINT('',(63.,129.092170429925,-93.2157423384449));
#12431=CARTESIAN_POINT('',(63.,83.0921704299254,-70.8157423384549));
#12432=CARTESIAN_POINT('',(63.,83.0921704299254,-94.7157423384457));
#12433=CARTESIAN_POINT('',(63.,79.0921704299254,-70.8157423384549));
#12434=CARTESIAN_POINT('',(63.,82.9421704298977,-70.8157423384549));
#12435=CARTESIAN_POINT('',(63.,79.0921704299254,-93.2157423384449));
#12436=CARTESIAN_POINT('',(63.,33.0921704299254,-70.8157423384549));
#12437=CARTESIAN_POINT('',(63.,33.0921704299254,-94.7157423384457));
#12438=CARTESIAN_POINT('',(63.,29.0921704299254,-70.8157423384549));
#12439=CARTESIAN_POINT('',(63.,57.9421704298977,-70.8157423384549));
#12440=CARTESIAN_POINT('',(63.,29.0921704299254,-93.2157423384449));
#12441=CARTESIAN_POINT('',(63.,-16.9078295700746,-70.8157423384549));
#12442=CARTESIAN_POINT('',(63.,-16.9078295700746,-94.7157423384457));
#12443=CARTESIAN_POINT('',(63.,32.9421704298977,-70.8157423384549));
#12444=CARTESIAN_POINT('Origin',(69.,-20.9078295700746,-90.8157423384552));
#12445=CARTESIAN_POINT('',(69.,-20.9078295700746,-90.8157423384552));
#12446=CARTESIAN_POINT('Origin',(69.,-16.9078295700746,-90.8157423384552));
#12447=CARTESIAN_POINT('Origin',(69.,-16.9078295700746,-70.8157423384549));
#12448=CARTESIAN_POINT('',(69.,-16.9078295700746,-70.8157423384549));
#12449=CARTESIAN_POINT('Origin',(69.,-20.9078295700746,-70.8157423384549));
#12450=CARTESIAN_POINT('Origin',(67.,31.0921704299224,-80.815742338456));
#12451=CARTESIAN_POINT('',(67.,29.0921704299254,-74.8157423384549));
#12452=CARTESIAN_POINT('',(67.,33.0921704299254,-74.8157423384549));
#12453=CARTESIAN_POINT('',(67.,32.0921704299239,-74.8157423384549));
#12454=CARTESIAN_POINT('',(67.,29.0921704299254,-77.3157423384555));
#12455=CARTESIAN_POINT('',(67.,33.0921704299254,-78.8157423384562));
#12456=CARTESIAN_POINT('Origin',(67.,31.0921704299224,-80.815742338456));
#12457=CARTESIAN_POINT('',(67.,33.0921704299254,-86.8157423384571));
#12458=CARTESIAN_POINT('',(67.,29.0921704299254,-86.8157423384537));
#12459=CARTESIAN_POINT('',(67.,30.0921704299189,-86.8157423384546));
#12460=CARTESIAN_POINT('',(67.,33.0921704299254,-84.3157423384565));
#12461=CARTESIAN_POINT('',(67.,29.0921704299254,-82.8157423384554));
#12462=CARTESIAN_POINT('Origin',(66.,30.0921704299189,-86.8157423384546));
#12463=CARTESIAN_POINT('',(65.,29.0921704299254,-86.8157423384537));
#12464=CARTESIAN_POINT('Origin',(66.,29.0921704299287,-86.8157423384537));
#12465=CARTESIAN_POINT('',(65.,33.0921704299254,-86.8157423384571));
#12466=CARTESIAN_POINT('',(65.,30.0921704299189,-86.8157423384546));
#12467=CARTESIAN_POINT('Origin',(66.,33.0921704299262,-86.8157423384571));
#12468=CARTESIAN_POINT('Origin',(65.,31.0921704299224,-80.815742338456));
#12469=CARTESIAN_POINT('',(65.,29.0921704299254,-82.8157423384554));
#12470=CARTESIAN_POINT('',(65.,33.0921704299254,-84.3157423384565));
#12471=CARTESIAN_POINT('Origin',(66.,32.0921704299239,-74.8157423384549));
#12472=CARTESIAN_POINT('',(65.,33.0921704299254,-74.8157423384549));
#12473=CARTESIAN_POINT('Origin',(66.,33.0921704299254,-74.8157423384549));
#12474=CARTESIAN_POINT('',(65.,29.0921704299254,-74.8157423384549));
#12475=CARTESIAN_POINT('',(65.,32.0921704299239,-74.8157423384549));
#12476=CARTESIAN_POINT('Origin',(66.,29.0921704299254,-74.8157423384549));
#12477=CARTESIAN_POINT('Origin',(65.,31.0921704299224,-80.815742338456));
#12478=CARTESIAN_POINT('',(65.,33.0921704299254,-78.8157423384562));
#12479=CARTESIAN_POINT('',(65.,29.0921704299254,-77.3157423384555));
#12480=CARTESIAN_POINT('Origin',(66.,30.0921704299239,-73.8157423384549));
#12481=CARTESIAN_POINT('',(66.,29.0921704299254,-70.8157423384549));
#12482=CARTESIAN_POINT('Origin',(66.,29.0921704299254,-73.8157423384549));
#12483=CARTESIAN_POINT('',(66.,33.0921704299254,-70.8157423384549));
#12484=CARTESIAN_POINT('',(66.,30.0921704299239,-70.8157423384549));
#12485=CARTESIAN_POINT('Origin',(66.,33.0921704299254,-73.8157423384549));
#12486=CARTESIAN_POINT('Origin',(69.,29.0921704299254,-73.8157423384549));
#12487=CARTESIAN_POINT('',(69.,29.0921704299254,-70.8157423384549));
#12488=CARTESIAN_POINT('Origin',(66.,32.0921704299239,-87.8157423384552));
#12489=CARTESIAN_POINT('',(66.,29.0921704299254,-90.8157423384552));
#12490=CARTESIAN_POINT('Origin',(66.,29.0921704299254,-87.8157423384552));
#12491=CARTESIAN_POINT('',(66.,33.0921704299254,-90.8157423384552));
#12492=CARTESIAN_POINT('Origin',(66.,33.0921704299254,-87.8157423384552));
#12493=CARTESIAN_POINT('',(66.,32.0921704299239,-90.8157423384552));
#12494=CARTESIAN_POINT('Origin',(69.,33.0921704299254,-87.8157423384571));
#12495=CARTESIAN_POINT('',(69.,33.0921704299254,-90.8157423384552));
#12496=CARTESIAN_POINT('Origin',(69.,29.0921704299254,-90.8157423384552));
#12497=CARTESIAN_POINT('',(69.,29.0921704299254,-90.8157423384552));
#12498=CARTESIAN_POINT('Origin',(69.,33.0921704299254,-90.8157423384552));
#12499=CARTESIAN_POINT('Origin',(69.,33.0921704299254,-70.8157423384549));
#12500=CARTESIAN_POINT('',(69.,33.0921704299254,-70.8157423384549));
#12501=CARTESIAN_POINT('Origin',(69.,29.0921704299254,-70.8157423384549));
#12502=CARTESIAN_POINT('Origin',(67.,131.092170429922,-80.815742338456));
#12503=CARTESIAN_POINT('',(67.,129.092170429925,-74.8157423384549));
#12504=CARTESIAN_POINT('',(67.,133.092170429925,-74.8157423384549));
#12505=CARTESIAN_POINT('',(67.,132.092170429924,-74.8157423384549));
#12506=CARTESIAN_POINT('',(67.,129.092170429925,-77.3157423384555));
#12507=CARTESIAN_POINT('',(67.,133.092170429925,-78.8157423384562));
#12508=CARTESIAN_POINT('Origin',(67.,131.092170429922,-80.815742338456));
#12509=CARTESIAN_POINT('',(67.,133.092170429925,-86.8157423384571));
#12510=CARTESIAN_POINT('',(67.,129.092170429925,-86.8157423384537));
#12511=CARTESIAN_POINT('',(67.,130.092170429919,-86.8157423384546));
#12512=CARTESIAN_POINT('',(67.,133.092170429925,-84.3157423384565));
#12513=CARTESIAN_POINT('',(67.,129.092170429925,-82.8157423384554));
#12514=CARTESIAN_POINT('Origin',(66.,130.092170429919,-86.8157423384546));
#12515=CARTESIAN_POINT('',(65.,129.092170429925,-86.8157423384537));
#12516=CARTESIAN_POINT('Origin',(66.,129.092170429929,-86.8157423384537));
#12517=CARTESIAN_POINT('',(65.,133.092170429925,-86.8157423384571));
#12518=CARTESIAN_POINT('',(65.,130.092170429919,-86.8157423384546));
#12519=CARTESIAN_POINT('Origin',(66.,133.092170429926,-86.8157423384571));
#12520=CARTESIAN_POINT('Origin',(65.,131.092170429922,-80.815742338456));
#12521=CARTESIAN_POINT('',(65.,129.092170429925,-82.8157423384554));
#12522=CARTESIAN_POINT('',(65.,133.092170429925,-84.3157423384565));
#12523=CARTESIAN_POINT('Origin',(66.,132.092170429924,-74.8157423384549));
#12524=CARTESIAN_POINT('',(65.,133.092170429925,-74.8157423384549));
#12525=CARTESIAN_POINT('Origin',(66.,133.092170429925,-74.8157423384549));
#12526=CARTESIAN_POINT('',(65.,129.092170429925,-74.8157423384549));
#12527=CARTESIAN_POINT('',(65.,132.092170429924,-74.8157423384549));
#12528=CARTESIAN_POINT('Origin',(66.,129.092170429925,-74.8157423384549));
#12529=CARTESIAN_POINT('Origin',(65.,131.092170429922,-80.815742338456));
#12530=CARTESIAN_POINT('',(65.,133.092170429925,-78.8157423384562));
#12531=CARTESIAN_POINT('',(65.,129.092170429925,-77.3157423384555));
#12532=CARTESIAN_POINT('Origin',(66.,130.092170429924,-73.8157423384549));
#12533=CARTESIAN_POINT('',(66.,129.092170429925,-70.8157423384549));
#12534=CARTESIAN_POINT('Origin',(66.,129.092170429925,-73.8157423384549));
#12535=CARTESIAN_POINT('',(66.,133.092170429925,-70.8157423384549));
#12536=CARTESIAN_POINT('',(66.,130.092170429924,-70.8157423384549));
#12537=CARTESIAN_POINT('Origin',(66.,133.092170429925,-73.8157423384549));
#12538=CARTESIAN_POINT('Origin',(69.,129.092170429925,-73.8157423384549));
#12539=CARTESIAN_POINT('',(69.,129.092170429925,-70.8157423384549));
#12540=CARTESIAN_POINT('Origin',(66.,132.092170429924,-87.8157423384552));
#12541=CARTESIAN_POINT('',(66.,133.092170429925,-90.8157423384552));
#12542=CARTESIAN_POINT('Origin',(66.,133.092170429925,-87.8157423384552));
#12543=CARTESIAN_POINT('',(66.,129.092170429925,-90.8157423384552));
#12544=CARTESIAN_POINT('',(66.,132.092170429924,-90.8157423384552));
#12545=CARTESIAN_POINT('Origin',(66.,129.092170429925,-87.8157423384552));
#12546=CARTESIAN_POINT('Origin',(69.,133.092170429925,-87.8157423384571));
#12547=CARTESIAN_POINT('',(69.,133.092170429925,-90.8157423384552));
#12548=CARTESIAN_POINT('Origin',(69.,129.092170429925,-90.8157423384552));
#12549=CARTESIAN_POINT('',(69.,129.092170429925,-90.8157423384552));
#12550=CARTESIAN_POINT('Origin',(69.,133.092170429925,-90.8157423384552));
#12551=CARTESIAN_POINT('Origin',(69.,133.092170429925,-70.8157423384549));
#12552=CARTESIAN_POINT('',(69.,133.092170429925,-70.8157423384549));
#12553=CARTESIAN_POINT('Origin',(69.,129.092170429925,-70.8157423384549));
#12554=CARTESIAN_POINT('Origin',(67.,181.092170429922,-80.815742338456));
#12555=CARTESIAN_POINT('',(67.,179.092170429925,-74.8157423384549));
#12556=CARTESIAN_POINT('',(67.,183.092170429925,-74.8157423384549));
#12557=CARTESIAN_POINT('',(67.,182.092170429924,-74.8157423384549));
#12558=CARTESIAN_POINT('',(67.,179.092170429925,-77.3157423384555));
#12559=CARTESIAN_POINT('',(67.,183.092170429925,-78.8157423384562));
#12560=CARTESIAN_POINT('Origin',(67.,181.092170429922,-80.815742338456));
#12561=CARTESIAN_POINT('',(67.,183.092170429925,-86.8157423384571));
#12562=CARTESIAN_POINT('',(67.,179.092170429925,-86.8157423384537));
#12563=CARTESIAN_POINT('',(67.,180.092170429919,-86.8157423384546));
#12564=CARTESIAN_POINT('',(67.,183.092170429925,-84.3157423384565));
#12565=CARTESIAN_POINT('',(67.,179.092170429925,-82.8157423384554));
#12566=CARTESIAN_POINT('Origin',(66.,180.092170429919,-86.8157423384546));
#12567=CARTESIAN_POINT('',(65.,179.092170429925,-86.8157423384537));
#12568=CARTESIAN_POINT('Origin',(66.,179.092170429929,-86.8157423384537));
#12569=CARTESIAN_POINT('',(65.,183.092170429925,-86.8157423384571));
#12570=CARTESIAN_POINT('',(65.,180.092170429919,-86.8157423384546));
#12571=CARTESIAN_POINT('Origin',(66.,183.092170429926,-86.8157423384571));
#12572=CARTESIAN_POINT('Origin',(65.,181.092170429922,-80.815742338456));
#12573=CARTESIAN_POINT('',(65.,179.092170429925,-82.8157423384554));
#12574=CARTESIAN_POINT('',(65.,183.092170429925,-84.3157423384565));
#12575=CARTESIAN_POINT('Origin',(66.,182.092170429924,-74.8157423384549));
#12576=CARTESIAN_POINT('',(65.,183.092170429925,-74.8157423384549));
#12577=CARTESIAN_POINT('Origin',(66.,183.092170429925,-74.8157423384549));
#12578=CARTESIAN_POINT('',(65.,179.092170429925,-74.8157423384549));
#12579=CARTESIAN_POINT('',(65.,182.092170429924,-74.8157423384549));
#12580=CARTESIAN_POINT('Origin',(66.,179.092170429925,-74.8157423384549));
#12581=CARTESIAN_POINT('Origin',(65.,181.092170429922,-80.815742338456));
#12582=CARTESIAN_POINT('',(65.,183.092170429925,-78.8157423384562));
#12583=CARTESIAN_POINT('',(65.,179.092170429925,-77.3157423384555));
#12584=CARTESIAN_POINT('Origin',(66.,180.092170429924,-73.8157423384549));
#12585=CARTESIAN_POINT('',(66.,183.092170429925,-70.8157423384549));
#12586=CARTESIAN_POINT('Origin',(66.,183.092170429925,-73.8157423384549));
#12587=CARTESIAN_POINT('',(66.,179.092170429925,-70.8157423384549));
#12588=CARTESIAN_POINT('Origin',(66.,179.092170429925,-73.8157423384549));
#12589=CARTESIAN_POINT('',(66.,180.092170429924,-70.8157423384549));
#12590=CARTESIAN_POINT('Origin',(69.,179.092170429925,-73.8157423384549));
#12591=CARTESIAN_POINT('',(69.,179.092170429925,-70.8157423384549));
#12592=CARTESIAN_POINT('Origin',(66.,182.092170429924,-87.8157423384552));
#12593=CARTESIAN_POINT('',(66.,183.092170429925,-90.8157423384552));
#12594=CARTESIAN_POINT('Origin',(66.,183.092170429925,-87.8157423384552));
#12595=CARTESIAN_POINT('',(66.,179.092170429925,-90.8157423384552));
#12596=CARTESIAN_POINT('',(66.,182.092170429924,-90.8157423384552));
#12597=CARTESIAN_POINT('Origin',(66.,179.092170429925,-87.8157423384552));
#12598=CARTESIAN_POINT('Origin',(69.,183.092170429925,-87.8157423384571));
#12599=CARTESIAN_POINT('',(69.,183.092170429925,-90.8157423384552));
#12600=CARTESIAN_POINT('Origin',(69.,179.092170429925,-90.8157423384552));
#12601=CARTESIAN_POINT('',(69.,179.092170429925,-90.8157423384552));
#12602=CARTESIAN_POINT('Origin',(69.,183.092170429925,-90.8157423384552));
#12603=CARTESIAN_POINT('Origin',(69.,183.092170429925,-70.8157423384549));
#12604=CARTESIAN_POINT('',(69.,183.092170429925,-70.8157423384549));
#12605=CARTESIAN_POINT('Origin',(69.,179.092170429925,-70.8157423384549));
#12606=CARTESIAN_POINT('Origin',(67.,81.0921704299224,-80.815742338456));
#12607=CARTESIAN_POINT('',(67.,79.0921704299254,-74.8157423384549));
#12608=CARTESIAN_POINT('',(67.,83.0921704299254,-74.8157423384549));
#12609=CARTESIAN_POINT('',(67.,82.0921704299239,-74.8157423384549));
#12610=CARTESIAN_POINT('',(67.,79.0921704299254,-77.3157423384555));
#12611=CARTESIAN_POINT('',(67.,83.0921704299254,-78.8157423384562));
#12612=CARTESIAN_POINT('Origin',(67.,81.0921704299224,-80.815742338456));
#12613=CARTESIAN_POINT('',(67.,83.0921704299254,-86.8157423384571));
#12614=CARTESIAN_POINT('',(67.,79.0921704299254,-86.8157423384537));
#12615=CARTESIAN_POINT('',(67.,80.0921704299189,-86.8157423384546));
#12616=CARTESIAN_POINT('',(67.,83.0921704299254,-84.3157423384565));
#12617=CARTESIAN_POINT('',(67.,79.0921704299254,-82.8157423384554));
#12618=CARTESIAN_POINT('Origin',(66.,80.0921704299189,-86.8157423384546));
#12619=CARTESIAN_POINT('',(65.,79.0921704299254,-86.8157423384537));
#12620=CARTESIAN_POINT('Origin',(66.,79.0921704299287,-86.8157423384537));
#12621=CARTESIAN_POINT('',(65.,83.0921704299254,-86.8157423384571));
#12622=CARTESIAN_POINT('',(65.,80.0921704299189,-86.8157423384546));
#12623=CARTESIAN_POINT('Origin',(66.,83.0921704299262,-86.8157423384571));
#12624=CARTESIAN_POINT('Origin',(65.,81.0921704299224,-80.815742338456));
#12625=CARTESIAN_POINT('',(65.,79.0921704299254,-82.8157423384554));
#12626=CARTESIAN_POINT('',(65.,83.0921704299254,-84.3157423384565));
#12627=CARTESIAN_POINT('Origin',(66.,82.0921704299239,-74.8157423384549));
#12628=CARTESIAN_POINT('',(65.,83.0921704299254,-74.8157423384549));
#12629=CARTESIAN_POINT('Origin',(66.,83.0921704299254,-74.8157423384549));
#12630=CARTESIAN_POINT('',(65.,79.0921704299254,-74.8157423384549));
#12631=CARTESIAN_POINT('',(65.,82.0921704299239,-74.8157423384549));
#12632=CARTESIAN_POINT('Origin',(66.,79.0921704299254,-74.8157423384549));
#12633=CARTESIAN_POINT('Origin',(65.,81.0921704299224,-80.815742338456));
#12634=CARTESIAN_POINT('',(65.,83.0921704299254,-78.8157423384562));
#12635=CARTESIAN_POINT('',(65.,79.0921704299254,-77.3157423384555));
#12636=CARTESIAN_POINT('Origin',(66.,80.0921704299239,-73.8157423384549));
#12637=CARTESIAN_POINT('',(66.,79.0921704299254,-70.8157423384549));
#12638=CARTESIAN_POINT('Origin',(66.,79.0921704299254,-73.8157423384549));
#12639=CARTESIAN_POINT('',(66.,83.0921704299254,-70.8157423384549));
#12640=CARTESIAN_POINT('',(66.,80.0921704299239,-70.8157423384549));
#12641=CARTESIAN_POINT('Origin',(66.,83.0921704299254,-73.8157423384549));
#12642=CARTESIAN_POINT('Origin',(69.,79.0921704299254,-73.8157423384549));
#12643=CARTESIAN_POINT('',(69.,79.0921704299254,-70.8157423384549));
#12644=CARTESIAN_POINT('Origin',(66.,82.0921704299239,-87.8157423384552));
#12645=CARTESIAN_POINT('',(66.,83.0921704299254,-90.8157423384552));
#12646=CARTESIAN_POINT('Origin',(66.,83.0921704299254,-87.8157423384552));
#12647=CARTESIAN_POINT('',(66.,79.0921704299254,-90.8157423384552));
#12648=CARTESIAN_POINT('',(66.,82.0921704299239,-90.8157423384552));
#12649=CARTESIAN_POINT('Origin',(66.,79.0921704299254,-87.8157423384552));
#12650=CARTESIAN_POINT('Origin',(69.,83.0921704299254,-87.8157423384571));
#12651=CARTESIAN_POINT('',(69.,83.0921704299254,-90.8157423384552));
#12652=CARTESIAN_POINT('Origin',(69.,79.0921704299254,-90.8157423384552));
#12653=CARTESIAN_POINT('',(69.,79.0921704299254,-90.8157423384552));
#12654=CARTESIAN_POINT('Origin',(69.,83.0921704299254,-90.8157423384552));
#12655=CARTESIAN_POINT('Origin',(69.,83.0921704299254,-70.8157423384549));
#12656=CARTESIAN_POINT('',(69.,83.0921704299254,-70.8157423384549));
#12657=CARTESIAN_POINT('Origin',(69.,79.0921704299254,-70.8157423384549));
#12658=CARTESIAN_POINT('Origin',(69.,188.378898569538,-80.8157423385007));
#12659=CARTESIAN_POINT('Origin',(69.,-26.194557709687,-80.8157423384106));
#12660=CARTESIAN_POINT('Origin',(70.8,27.0921704298696,-112.615742338435));
#12661=CARTESIAN_POINT('',(70.6,27.0921702787928,-115.715742338435));
#12662=CARTESIAN_POINT('',(71.,27.092170259299,-116.115742338435));
#12663=CARTESIAN_POINT('',(70.6,27.0921702787928,-115.715742338435));
#12664=CARTESIAN_POINT('',(71.,27.0921704838202,-109.115742338435));
#12665=CARTESIAN_POINT('Origin',(71.,27.0921704298696,-112.615742338435));
#12666=CARTESIAN_POINT('',(70.6,27.0921704776544,-109.515742338435));
#12667=CARTESIAN_POINT('',(71.,27.0921704838202,-109.115742338435));
#12668=CARTESIAN_POINT('Origin',(70.6,27.0921704298696,-112.615742338435));
#12669=CARTESIAN_POINT('Origin',(70.8,36.9421723061742,-115.915742338435));
#12670=CARTESIAN_POINT('',(70.6,-12.9078258175215,-115.715742338435));
#12671=CARTESIAN_POINT('',(71.,-12.9078258175215,-116.115742338435));
#12672=CARTESIAN_POINT('',(70.6,-12.9078258175215,-115.715742338435));
#12673=CARTESIAN_POINT('',(71.,36.9421723061742,-116.115742338435));
#12674=CARTESIAN_POINT('',(70.6,36.9421723061742,-115.715742338435));
#12675=CARTESIAN_POINT('Origin',(70.8,-12.9078295701304,-112.615742338435));
#12676=CARTESIAN_POINT('',(70.6,-12.9078258175215,-109.515742338435));
#12677=CARTESIAN_POINT('',(71.,-12.9078253333139,-109.115742338435));
#12678=CARTESIAN_POINT('',(70.6,-12.9078258175215,-109.515742338435));
#12679=CARTESIAN_POINT('Origin',(71.,-12.9078295701304,-112.615742338435));
#12680=CARTESIAN_POINT('Origin',(70.6,-12.9078295701304,-112.615742338435));
#12681=CARTESIAN_POINT('Origin',(70.8,56.9421704537622,-109.315742338435));
#12682=CARTESIAN_POINT('',(71.,56.9421704537622,-109.115742338435));
#12683=CARTESIAN_POINT('',(70.6,56.9421704537622,-109.515742338435));
#12684=CARTESIAN_POINT('Origin',(65.,-12.9078258175215,-115.715742338435));
#12685=CARTESIAN_POINT('',(65.,27.0921702787928,-115.715742338435));
#12686=CARTESIAN_POINT('',(65.,27.0921702787928,-115.715742338435));
#12687=CARTESIAN_POINT('',(65.,-12.9078258175215,-115.715742338435));
#12688=CARTESIAN_POINT('',(65.,-2.90782769382652,-115.715742338435));
#12689=CARTESIAN_POINT('',(65.,-12.9078258175215,-115.715742338435));
#12690=CARTESIAN_POINT('Origin',(65.,27.0921704298696,-112.615742338435));
#12691=CARTESIAN_POINT('',(65.,27.0921704776544,-109.515742338435));
#12692=CARTESIAN_POINT('',(65.,27.0921704776544,-109.515742338435));
#12693=CARTESIAN_POINT('Origin',(65.,27.0921704298696,-112.615742338435));
#12694=CARTESIAN_POINT('Origin',(71.,86.79217042987,-112.615742338435));
#12695=CARTESIAN_POINT('',(71.,183.340907771397,-188.380061470835));
#12696=CARTESIAN_POINT('',(71.,171.249381813108,-183.371587429125));
#12697=CARTESIAN_POINT('Origin',(71.,183.340907771397,-171.280061470835));
#12698=CARTESIAN_POINT('',(71.,215.592170429871,-188.380061470835));
#12699=CARTESIAN_POINT('',(71.,131.442170429869,-188.380061470835));
#12700=CARTESIAN_POINT('',(71.,232.692170429871,-171.280061470835));
#12701=CARTESIAN_POINT('Origin',(71.,215.592170429871,-171.280061470835));
#12702=CARTESIAN_POINT('',(71.,232.692170429871,-53.9514232060349));
#12703=CARTESIAN_POINT('',(71.,232.692170429871,-141.947901904635));
#12704=CARTESIAN_POINT('',(71.,215.592170429871,-36.8514232060348));
#12705=CARTESIAN_POINT('Origin',(71.,215.592170429871,-53.9514232060348));
#12706=CARTESIAN_POINT('',(71.,183.340907771397,-36.8514232060349));
#12707=CARTESIAN_POINT('',(71.,151.19217042987,-36.8514232060349));
#12708=CARTESIAN_POINT('',(71.,171.249381813107,-41.8598972477449));
#12709=CARTESIAN_POINT('Origin',(71.,183.340907771397,-53.9514232060349));
#12710=CARTESIAN_POINT('',(71.,151.500644471578,-61.6086345892741));
#12711=CARTESIAN_POINT('',(71.,135.008933359243,-78.1003457016091));
#12712=CARTESIAN_POINT('',(71.,138.843433088339,-66.8514232060349));
#12713=CARTESIAN_POINT('Origin',(71.,138.843433088339,-48.9514232060349));
#12714=CARTESIAN_POINT('',(71.,25.3409077714,-66.8514232060349));
#12715=CARTESIAN_POINT('',(71.,116.442170429869,-66.8514232060349));
#12716=CARTESIAN_POINT('',(71.,12.6836963881608,-61.6086345892741));
#12717=CARTESIAN_POINT('Origin',(71.,25.3409077714,-48.9514232060349));
#12718=CARTESIAN_POINT('',(71.,-7.06504095336852,-41.8598972477449));
#12719=CARTESIAN_POINT('',(71.,46.5254075004961,-95.4503457016093));
#12720=CARTESIAN_POINT('',(71.,-19.1565669116585,-36.8514232060348));
#12721=CARTESIAN_POINT('Origin',(71.,-19.1565669116585,-53.9514232060348));
#12722=CARTESIAN_POINT('',(71.,-42.0078295701307,-36.8514232060349));
#12723=CARTESIAN_POINT('',(71.,37.4421704298704,-36.8514232060349));
#12724=CARTESIAN_POINT('',(71.,-59.1078295701307,-53.9514232060348));
#12725=CARTESIAN_POINT('Origin',(71.,-42.0078295701307,-53.9514232060348));
#12726=CARTESIAN_POINT('',(71.,-59.1078295701307,-171.280061470835));
#12727=CARTESIAN_POINT('',(71.,-59.1078295701307,-74.5335827722348));
#12728=CARTESIAN_POINT('',(71.,-42.0078295701307,-188.380061470835));
#12729=CARTESIAN_POINT('Origin',(71.,-42.0078295701307,-171.280061470835));
#12730=CARTESIAN_POINT('',(71.,-19.1565669116584,-188.380061470835));
#12731=CARTESIAN_POINT('',(71.,13.6421704298696,-188.380061470835));
#12732=CARTESIAN_POINT('',(71.,-7.06504095336842,-183.371587429125));
#12733=CARTESIAN_POINT('Origin',(71.,-19.1565669116584,-171.280061470835));
#12734=CARTESIAN_POINT('',(71.,12.6836963881608,-163.622850087596));
#12735=CARTESIAN_POINT('',(71.,31.525407500496,-144.781138975261));
#12736=CARTESIAN_POINT('',(71.,25.3409077714,-158.380061470835));
#12737=CARTESIAN_POINT('Origin',(71.,25.3409077714,-176.280061470835));
#12738=CARTESIAN_POINT('',(71.,138.843433088339,-158.380061470835));
#12739=CARTESIAN_POINT('',(71.,52.4421704298705,-158.380061470835));
#12740=CARTESIAN_POINT('',(71.,151.500644471578,-163.622850087596));
#12741=CARTESIAN_POINT('Origin',(71.,138.843433088339,-176.280061470835));
#12742=CARTESIAN_POINT('',(71.,120.008933359243,-132.131138975261));
#12743=CARTESIAN_POINT('',(71.,102.092170259299,-116.115742338435));
#12744=CARTESIAN_POINT('',(71.,102.09217048382,-109.115742338435));
#12745=CARTESIAN_POINT('Origin',(71.,102.09217042987,-112.615742338435));
#12746=CARTESIAN_POINT('',(71.,62.0921741824785,-116.115742338435));
#12747=CARTESIAN_POINT('',(71.,74.4421723061742,-116.115742338435));
#12748=CARTESIAN_POINT('',(71.,62.0921746666861,-109.115742338435));
#12749=CARTESIAN_POINT('Origin',(71.,62.0921704298696,-112.615742338435));
#12750=CARTESIAN_POINT('',(71.,94.4421704537622,-109.115742338435));
#12751=CARTESIAN_POINT('',(71.,183.692170429869,-137.580061470835));
#12752=CARTESIAN_POINT('',(71.,183.692170429869,-173.580061470835));
#12753=CARTESIAN_POINT('',(71.,183.692170429869,-143.097901904635));
#12754=CARTESIAN_POINT('',(71.,190.892170429869,-137.580061127835));
#12755=CARTESIAN_POINT('Origin',(71.,187.292170429869,-137.580061470835));
#12756=CARTESIAN_POINT('',(71.,190.892170429869,-173.580061470835));
#12757=CARTESIAN_POINT('',(71.,190.892170429869,-125.097901733135));
#12758=CARTESIAN_POINT('Origin',(71.,187.292170429869,-173.580061470835));
#12759=CARTESIAN_POINT('',(71.,-43.9078295700865,-141.140742338435));
#12760=CARTESIAN_POINT('Origin',(71.,-43.9078295700865,-147.615742338435));
#12761=CARTESIAN_POINT('',(71.,-43.9078295700865,-71.1407423384349));
#12762=CARTESIAN_POINT('Origin',(71.,-43.9078295700865,-77.6157423384349));
#12763=CARTESIAN_POINT('',(71.,206.092170429913,-71.1407423384349));
#12764=CARTESIAN_POINT('Origin',(71.,206.092170429913,-77.6157423384349));
#12765=CARTESIAN_POINT('',(71.,206.092170429913,-141.140742338435));
#12766=CARTESIAN_POINT('Origin',(71.,206.092170429913,-147.615742338435));
#12767=CARTESIAN_POINT('',(71.,183.692170429869,-101.815742338445));
#12768=CARTESIAN_POINT('',(71.,183.692170429869,-125.180061470835));
#12769=CARTESIAN_POINT('',(71.,183.692170429869,-118.897901904635));
#12770=CARTESIAN_POINT('',(71.,190.892170429869,-101.815742338445));
#12771=CARTESIAN_POINT('Origin',(71.,187.292170429869,-101.815742338445));
#12772=CARTESIAN_POINT('',(71.,190.892170429869,-125.180061084961));
#12773=CARTESIAN_POINT('',(71.,190.892170429869,-107.215742338439));
#12774=CARTESIAN_POINT('Origin',(71.,187.292170429869,-125.180061470835));
#12775=CARTESIAN_POINT('Origin',(70.8,102.09217042987,-112.615742338435));
#12776=CARTESIAN_POINT('',(70.6,102.092170278793,-115.715742338435));
#12777=CARTESIAN_POINT('',(70.6,102.092170278793,-115.715742338435));
#12778=CARTESIAN_POINT('',(70.6,102.092170477654,-109.515742338435));
#12779=CARTESIAN_POINT('',(71.,102.09217048382,-109.115742338435));
#12780=CARTESIAN_POINT('Origin',(70.6,102.09217042987,-112.615742338435));
#12781=CARTESIAN_POINT('Origin',(70.8,74.4421723061742,-115.915742338435));
#12782=CARTESIAN_POINT('',(70.6,62.0921741824785,-115.715742338435));
#12783=CARTESIAN_POINT('',(70.6,62.0921741824785,-115.715742338435));
#12784=CARTESIAN_POINT('',(70.6,74.4421723061742,-115.715742338435));
#12785=CARTESIAN_POINT('Origin',(70.8,62.0921704298696,-112.615742338435));
#12786=CARTESIAN_POINT('',(70.6,62.0921741824785,-109.515742338435));
#12787=CARTESIAN_POINT('',(70.6,62.0921741824785,-109.515742338435));
#12788=CARTESIAN_POINT('Origin',(70.6,62.0921704298696,-112.615742338435));
#12789=CARTESIAN_POINT('Origin',(70.8,94.4421704537622,-109.315742338435));
#12790=CARTESIAN_POINT('',(70.6,94.4421704537622,-109.515742338435));
#12791=CARTESIAN_POINT('Origin',(65.,62.0921741824785,-115.715742338435));
#12792=CARTESIAN_POINT('',(65.,102.092170278793,-115.715742338435));
#12793=CARTESIAN_POINT('',(65.,102.092170278793,-115.715742338435));
#12794=CARTESIAN_POINT('',(65.,62.0921741824785,-115.715742338435));
#12795=CARTESIAN_POINT('',(65.,72.0921723061735,-115.715742338435));
#12796=CARTESIAN_POINT('',(65.,62.0921741824785,-115.715742338435));
#12797=CARTESIAN_POINT('Origin',(65.,102.09217042987,-112.615742338435));
#12798=CARTESIAN_POINT('',(65.,102.092170477654,-109.515742338435));
#12799=CARTESIAN_POINT('',(65.,102.092170477654,-109.515742338435));
#12800=CARTESIAN_POINT('Origin',(65.,102.09217042987,-112.615742338435));
#12801=CARTESIAN_POINT('Origin',(70.8,183.340907771397,-171.280061470835));
#12802=CARTESIAN_POINT('',(70.6,183.340907771397,-188.780061470835));
#12803=CARTESIAN_POINT('',(70.6,183.340907771397,-188.780061470835));
#12804=CARTESIAN_POINT('',(70.6,170.966539100633,-183.654430141599));
#12805=CARTESIAN_POINT('',(71.,171.249381813108,-183.371587429125));
#12806=CARTESIAN_POINT('Origin',(70.6,183.340907771397,-171.280061470835));
#12807=CARTESIAN_POINT('Origin',(70.8,131.442170429869,-188.580061470835));
#12808=CARTESIAN_POINT('',(70.6,215.592170429871,-188.780061470835));
#12809=CARTESIAN_POINT('',(70.6,131.442170429869,-188.780061470835));
#12810=CARTESIAN_POINT('',(70.6,215.592170429871,-188.780061470835));
#12811=CARTESIAN_POINT('Origin',(70.8,215.592170429871,-171.280061470835));
#12812=CARTESIAN_POINT('',(70.6,233.092170429871,-171.280061470835));
#12813=CARTESIAN_POINT('Origin',(70.6,215.592170429871,-171.280061470835));
#12814=CARTESIAN_POINT('',(70.6,233.092170429871,-171.280061470835));
#12815=CARTESIAN_POINT('Origin',(70.8,232.892170429871,-141.947901904635));
#12816=CARTESIAN_POINT('',(70.6,233.092170429871,-53.9514232060349));
#12817=CARTESIAN_POINT('',(70.6,233.092170429871,-141.947901904635));
#12818=CARTESIAN_POINT('',(70.6,233.092170429871,-53.9514232060349));
#12819=CARTESIAN_POINT('Origin',(70.8,215.592170429871,-53.9514232060348));
#12820=CARTESIAN_POINT('',(70.6,215.592170429871,-36.4514232060348));
#12821=CARTESIAN_POINT('Origin',(70.6,215.592170429871,-53.9514232060348));
#12822=CARTESIAN_POINT('',(70.6,215.592170429871,-36.4514232060348));
#12823=CARTESIAN_POINT('Origin',(70.8,151.19217042987,-36.6514232060349));
#12824=CARTESIAN_POINT('',(70.6,183.340907771397,-36.4514232060349));
#12825=CARTESIAN_POINT('',(70.6,151.19217042987,-36.4514232060349));
#12826=CARTESIAN_POINT('',(70.6,183.340907771397,-36.4514232060349));
#12827=CARTESIAN_POINT('Origin',(70.8,183.340907771397,-53.9514232060349));
#12828=CARTESIAN_POINT('',(70.6,170.966539100633,-41.5770545352703));
#12829=CARTESIAN_POINT('',(70.6,170.966539100633,-41.5770545352703));
#12830=CARTESIAN_POINT('Origin',(70.6,183.340907771397,-53.9514232060349));
#12831=CARTESIAN_POINT('Origin',(70.8,134.867512003006,-77.9589243453718));
#12832=CARTESIAN_POINT('',(70.6,151.217801759104,-61.3257918767994));
#12833=CARTESIAN_POINT('',(70.6,134.726090646769,-77.8175029891345));
#12834=CARTESIAN_POINT('',(70.6,151.217801759104,-61.3257918767994));
#12835=CARTESIAN_POINT('Origin',(70.8,138.843433088339,-48.9514232060349));
#12836=CARTESIAN_POINT('',(70.6,138.843433088339,-66.4514232060349));
#12837=CARTESIAN_POINT('',(70.6,138.843433088339,-66.4514232060349));
#12838=CARTESIAN_POINT('Origin',(70.6,138.843433088339,-48.9514232060349));
#12839=CARTESIAN_POINT('Origin',(70.8,116.442170429869,-66.6514232060349));
#12840=CARTESIAN_POINT('',(70.6,25.3409077714,-66.4514232060349));
#12841=CARTESIAN_POINT('',(70.6,116.442170429869,-66.4514232060349));
#12842=CARTESIAN_POINT('',(70.6,25.3409077714,-66.4514232060349));
#12843=CARTESIAN_POINT('Origin',(70.8,25.3409077714,-48.9514232060349));
#12844=CARTESIAN_POINT('',(70.6,12.9665391006355,-61.3257918767995));
#12845=CARTESIAN_POINT('',(70.6,12.9665391006355,-61.3257918767995));
#12846=CARTESIAN_POINT('Origin',(70.6,25.3409077714,-48.9514232060349));
#12847=CARTESIAN_POINT('Origin',(70.8,46.6668288567334,-95.3089243453719));
#12848=CARTESIAN_POINT('',(70.6,-6.78219824089389,-41.5770545352702));
#12849=CARTESIAN_POINT('',(70.6,46.8082502129707,-95.1675029891346));
#12850=CARTESIAN_POINT('',(70.6,-6.78219824089389,-41.5770545352702));
#12851=CARTESIAN_POINT('Origin',(70.8,-19.1565669116585,-53.9514232060348));
#12852=CARTESIAN_POINT('',(70.6,-19.1565669116585,-36.4514232060348));
#12853=CARTESIAN_POINT('',(70.6,-19.1565669116585,-36.4514232060348));
#12854=CARTESIAN_POINT('Origin',(70.6,-19.1565669116585,-53.9514232060348));
#12855=CARTESIAN_POINT('Origin',(70.8,37.4421704298704,-36.6514232060349));
#12856=CARTESIAN_POINT('',(70.6,-42.0078295701307,-36.4514232060348));
#12857=CARTESIAN_POINT('',(70.6,37.4421704298704,-36.4514232060349));
#12858=CARTESIAN_POINT('',(70.6,-42.0078295701307,-36.4514232060348));
#12859=CARTESIAN_POINT('Origin',(70.8,-42.0078295701307,-53.9514232060348));
#12860=CARTESIAN_POINT('',(70.6,-59.5078295701307,-53.9514232060348));
#12861=CARTESIAN_POINT('',(70.6,-59.5078295701307,-53.9514232060348));
#12862=CARTESIAN_POINT('Origin',(70.6,-42.0078295701307,-53.9514232060348));
#12863=CARTESIAN_POINT('Origin',(70.8,-59.3078295701307,-74.5335827722348));
#12864=CARTESIAN_POINT('',(70.6,-59.5078295701307,-171.280061470835));
#12865=CARTESIAN_POINT('',(70.6,-59.5078295701307,-74.5335827722348));
#12866=CARTESIAN_POINT('',(70.6,-59.5078295701307,-171.280061470835));
#12867=CARTESIAN_POINT('Origin',(70.8,-42.0078295701307,-171.280061470835));
#12868=CARTESIAN_POINT('',(70.6,-42.0078295701307,-188.780061470835));
#12869=CARTESIAN_POINT('',(70.6,-42.0078295701307,-188.780061470835));
#12870=CARTESIAN_POINT('Origin',(70.6,-42.0078295701307,-171.280061470835));
#12871=CARTESIAN_POINT('Origin',(70.8,13.6421704298696,-188.580061470835));
#12872=CARTESIAN_POINT('',(70.6,-19.1565669116584,-188.780061470835));
#12873=CARTESIAN_POINT('',(70.6,13.6421704298696,-188.780061470835));
#12874=CARTESIAN_POINT('',(70.6,-19.1565669116584,-188.780061470835));
#12875=CARTESIAN_POINT('Origin',(70.8,-19.1565669116584,-171.280061470835));
#12876=CARTESIAN_POINT('',(70.6,-6.78219824089379,-183.654430141599));
#12877=CARTESIAN_POINT('',(70.6,-6.78219824089379,-183.654430141599));
#12878=CARTESIAN_POINT('Origin',(70.6,-19.1565669116584,-171.280061470835));
#12879=CARTESIAN_POINT('Origin',(70.8,31.6668288567333,-144.922560331498));
#12880=CARTESIAN_POINT('',(70.6,12.9665391006354,-163.90569280007));
#12881=CARTESIAN_POINT('',(70.6,31.8082502129706,-145.063981687735));
#12882=CARTESIAN_POINT('',(70.6,12.9665391006354,-163.90569280007));
#12883=CARTESIAN_POINT('Origin',(70.8,25.3409077714,-176.280061470835));
#12884=CARTESIAN_POINT('',(70.6,25.3409077714,-158.780061470835));
#12885=CARTESIAN_POINT('',(70.6,25.3409077714,-158.780061470835));
#12886=CARTESIAN_POINT('Origin',(70.6,25.3409077714,-176.280061470835));
#12887=CARTESIAN_POINT('Origin',(70.8,52.4421704298705,-158.580061470835));
#12888=CARTESIAN_POINT('',(70.6,138.843433088339,-158.780061470835));
#12889=CARTESIAN_POINT('',(70.6,52.4421704298705,-158.780061470835));
#12890=CARTESIAN_POINT('',(70.6,138.843433088339,-158.780061470835));
#12891=CARTESIAN_POINT('Origin',(70.8,138.843433088339,-176.280061470835));
#12892=CARTESIAN_POINT('',(70.6,151.217801759104,-163.90569280007));
#12893=CARTESIAN_POINT('',(70.6,151.217801759104,-163.90569280007));
#12894=CARTESIAN_POINT('Origin',(70.6,138.843433088339,-176.280061470835));
#12895=CARTESIAN_POINT('Origin',(70.8,119.867512003006,-132.272560331498));
#12896=CARTESIAN_POINT('',(70.6,119.726090646769,-132.413981687735));
#12897=CARTESIAN_POINT('Origin',(71.,18.0921704298709,-66.4514232060349));
#12898=CARTESIAN_POINT('',(63.4,12.9665391006355,-61.3257918767995));
#12899=CARTESIAN_POINT('',(71.,12.9665391006355,-61.3257918767995));
#12900=CARTESIAN_POINT('',(63.4,-6.78219824089389,-41.5770545352702));
#12901=CARTESIAN_POINT('',(63.4,46.8082502129707,-95.1675029891346));
#12902=CARTESIAN_POINT('',(71.,-6.78219824089389,-41.5770545352702));
#12903=CARTESIAN_POINT('Origin',(71.,25.3409077714,-48.9514232060349));
#12904=CARTESIAN_POINT('',(63.4,25.3409077714,-66.4514232060349));
#12905=CARTESIAN_POINT('',(71.,25.3409077714,-66.4514232060349));
#12906=CARTESIAN_POINT('Origin',(63.4,25.3409077714,-48.9514232060349));
#12907=CARTESIAN_POINT('Origin',(71.,146.092170429868,-66.4514232060349));
#12908=CARTESIAN_POINT('',(63.4,138.843433088339,-66.4514232060349));
#12909=CARTESIAN_POINT('',(71.,138.843433088339,-66.4514232060349));
#12910=CARTESIAN_POINT('',(63.4,116.442170429869,-66.4514232060349));
#12911=CARTESIAN_POINT('Origin',(71.,138.843433088339,-48.9514232060349));
#12912=CARTESIAN_POINT('',(63.4,151.217801759104,-61.3257918767994));
#12913=CARTESIAN_POINT('',(71.,151.217801759104,-61.3257918767994));
#12914=CARTESIAN_POINT('Origin',(63.4,138.843433088339,-48.9514232060349));
#12915=CARTESIAN_POINT('Origin',(71.,176.092170429868,-36.4514232060349));
#12916=CARTESIAN_POINT('',(63.4,170.966539100633,-41.5770545352703));
#12917=CARTESIAN_POINT('',(71.,170.966539100633,-41.5770545352703));
#12918=CARTESIAN_POINT('',(63.4,134.726090646769,-77.8175029891345));
#12919=CARTESIAN_POINT('Origin',(71.,183.340907771397,-53.9514232060349));
#12920=CARTESIAN_POINT('',(63.4,183.340907771397,-36.4514232060349));
#12921=CARTESIAN_POINT('',(71.,183.340907771397,-36.4514232060349));
#12922=CARTESIAN_POINT('Origin',(63.4,183.340907771397,-53.9514232060349));
#12923=CARTESIAN_POINT('Origin',(71.,215.592170429871,-36.4514232060348));
#12924=CARTESIAN_POINT('',(63.4,215.592170429871,-36.4514232060348));
#12925=CARTESIAN_POINT('',(71.,215.592170429871,-36.4514232060348));
#12926=CARTESIAN_POINT('',(63.4,151.19217042987,-36.4514232060349));
#12927=CARTESIAN_POINT('Origin',(71.,215.592170429871,-53.9514232060348));
#12928=CARTESIAN_POINT('',(63.4,233.092170429871,-53.9514232060349));
#12929=CARTESIAN_POINT('',(71.,233.092170429871,-53.9514232060349));
#12930=CARTESIAN_POINT('Origin',(63.4,215.592170429871,-53.9514232060348));
#12931=CARTESIAN_POINT('Origin',(71.,233.092170429871,-171.280061470835));
#12932=CARTESIAN_POINT('',(63.4,233.092170429871,-171.280061470835));
#12933=CARTESIAN_POINT('',(71.,233.092170429871,-171.280061470835));
#12934=CARTESIAN_POINT('',(63.4,233.092170429871,-141.947901904635));
#12935=CARTESIAN_POINT('Origin',(71.,215.592170429871,-171.280061470835));
#12936=CARTESIAN_POINT('',(63.4,215.592170429871,-188.780061470835));
#12937=CARTESIAN_POINT('',(71.,215.592170429871,-188.780061470835));
#12938=CARTESIAN_POINT('Origin',(63.4,215.592170429871,-171.280061470835));
#12939=CARTESIAN_POINT('Origin',(71.,176.092170429868,-188.780061470835));
#12940=CARTESIAN_POINT('',(63.4,183.340907771397,-188.780061470835));
#12941=CARTESIAN_POINT('',(71.,183.340907771397,-188.780061470835));
#12942=CARTESIAN_POINT('',(63.4,131.442170429869,-188.780061470835));
#12943=CARTESIAN_POINT('Origin',(71.,183.340907771397,-171.280061470835));
#12944=CARTESIAN_POINT('',(63.4,170.966539100633,-183.654430141599));
#12945=CARTESIAN_POINT('',(71.,170.966539100633,-183.654430141599));
#12946=CARTESIAN_POINT('Origin',(63.4,183.340907771397,-171.280061470835));
#12947=CARTESIAN_POINT('Origin',(70.8,183.892170429869,-143.097901904635));
#12948=CARTESIAN_POINT('',(70.6,184.092170429869,-173.580061470835));
#12949=CARTESIAN_POINT('',(71.,183.692170429869,-173.580061470835));
#12950=CARTESIAN_POINT('',(70.6,184.092170429869,-137.580061470835));
#12951=CARTESIAN_POINT('',(70.6,184.092170429869,-143.097901904635));
#12952=CARTESIAN_POINT('',(70.6,184.092170429869,-137.580061470835));
#12953=CARTESIAN_POINT('Origin',(70.8,187.292170429869,-173.580061470835));
#12954=CARTESIAN_POINT('',(70.6,190.492170429869,-173.580061470835));
#12955=CARTESIAN_POINT('',(71.,190.892170429869,-173.580061470835));
#12956=CARTESIAN_POINT('Origin',(70.6,187.292170429869,-173.580061470835));
#12957=CARTESIAN_POINT('Origin',(70.8,190.692170429869,-125.097901733135));
#12958=CARTESIAN_POINT('',(70.6,190.492170429869,-137.580061127835));
#12959=CARTESIAN_POINT('',(71.,190.892170429869,-137.580061127835));
#12960=CARTESIAN_POINT('',(70.6,190.492170429869,-125.097901733135));
#12961=CARTESIAN_POINT('Origin',(70.8,187.292170429869,-137.580061470835));
#12962=CARTESIAN_POINT('Origin',(70.6,187.292170429869,-137.580061470835));
#12963=CARTESIAN_POINT('Origin',(71.,187.292170429869,-137.580061470835));
#12964=CARTESIAN_POINT('',(65.,184.092170429869,-137.580061470835));
#12965=CARTESIAN_POINT('',(71.,184.092170429869,-137.580061470835));
#12966=CARTESIAN_POINT('',(65.,190.492170429869,-137.580061127835));
#12967=CARTESIAN_POINT('Origin',(65.,187.292170429869,-137.580061470835));
#12968=CARTESIAN_POINT('',(71.,190.492170429869,-137.580061127835));
#12969=CARTESIAN_POINT('Origin',(71.,184.092170429869,-173.580061470835));
#12970=CARTESIAN_POINT('',(65.,184.092170429869,-173.580061470835));
#12971=CARTESIAN_POINT('',(71.,184.092170429869,-173.580061470835));
#12972=CARTESIAN_POINT('',(65.,184.092170429869,-143.097901904635));
#12973=CARTESIAN_POINT('Origin',(70.8,183.892170429869,-118.897901904635));
#12974=CARTESIAN_POINT('',(70.6,184.092170429869,-125.180061470835));
#12975=CARTESIAN_POINT('',(71.,183.692170429869,-125.180061470835));
#12976=CARTESIAN_POINT('',(70.6,184.092170429869,-101.815742338445));
#12977=CARTESIAN_POINT('',(70.6,184.092170429869,-118.897901904635));
#12978=CARTESIAN_POINT('',(70.6,184.092170429869,-101.815742338445));
#12979=CARTESIAN_POINT('Origin',(70.8,187.292170429869,-125.180061470835));
#12980=CARTESIAN_POINT('',(70.6,190.492170429869,-125.180061127835));
#12981=CARTESIAN_POINT('',(71.,190.892170429869,-125.180061084961));
#12982=CARTESIAN_POINT('Origin',(70.6,187.292170429869,-125.180061470835));
#12983=CARTESIAN_POINT('Origin',(70.8,190.692170429869,-107.215742338439));
#12984=CARTESIAN_POINT('',(70.6,190.492170429869,-101.815742338445));
#12985=CARTESIAN_POINT('',(71.,190.892170429869,-101.815742338445));
#12986=CARTESIAN_POINT('',(70.6,190.492170429869,-107.215742338439));
#12987=CARTESIAN_POINT('Origin',(70.8,187.292170429869,-101.815742338445));
#12988=CARTESIAN_POINT('Origin',(70.6,187.292170429869,-101.815742338445));
#12989=CARTESIAN_POINT('Origin',(71.,187.292170429869,-101.815742338445));
#12990=CARTESIAN_POINT('',(65.,184.092170429869,-101.815742338445));
#12991=CARTESIAN_POINT('',(71.,184.092170429869,-101.815742338445));
#12992=CARTESIAN_POINT('',(65.,190.492170429869,-101.815742338445));
#12993=CARTESIAN_POINT('Origin',(65.,187.292170429869,-101.815742338445));
#12994=CARTESIAN_POINT('',(71.,190.492170429869,-101.815742338445));
#12995=CARTESIAN_POINT('Origin',(71.,184.092170429869,-125.180061470835));
#12996=CARTESIAN_POINT('',(65.,184.092170429869,-125.180061470835));
#12997=CARTESIAN_POINT('',(71.,184.092170429869,-125.180061470835));
#12998=CARTESIAN_POINT('',(65.,184.092170429869,-118.897901904635));
#12999=CARTESIAN_POINT('Origin',(70.8,-43.9078295700865,-147.615742338435));
#13000=CARTESIAN_POINT('',(70.6,-43.9078295700865,-141.540742338435));
#13001=CARTESIAN_POINT('Origin',(70.6,-43.9078295700865,-147.615742338435));
#13002=CARTESIAN_POINT('',(70.8,-43.9078295700865,-141.340742338435));
#13003=CARTESIAN_POINT('Origin',(71.,-43.9078295700865,-147.615742338435));
#13004=CARTESIAN_POINT('',(63.4,-43.9078295700865,-141.540742338435));
#13005=CARTESIAN_POINT('Origin',(63.4,-43.9078295700865,-147.615742338435));
#13006=CARTESIAN_POINT('',(71.,-43.9078295700865,-141.540742338435));
#13007=CARTESIAN_POINT('Origin',(70.8,206.092170429913,-147.615742338435));
#13008=CARTESIAN_POINT('',(70.6,206.092170429913,-141.540742338435));
#13009=CARTESIAN_POINT('Origin',(70.6,206.092170429913,-147.615742338435));
#13010=CARTESIAN_POINT('',(70.8,206.092170429913,-141.340742338435));
#13011=CARTESIAN_POINT('Origin',(71.,206.092170429913,-147.615742338435));
#13012=CARTESIAN_POINT('',(63.4,206.092170429913,-141.540742338435));
#13013=CARTESIAN_POINT('Origin',(63.4,206.092170429913,-147.615742338435));
#13014=CARTESIAN_POINT('',(71.,206.092170429913,-141.540742338435));
#13015=CARTESIAN_POINT('Origin',(70.8,-43.9078295700865,-77.6157423384349));
#13016=CARTESIAN_POINT('',(70.6,-43.9078295700865,-71.5407423384349));
#13017=CARTESIAN_POINT('Origin',(70.6,-43.9078295700865,-77.6157423384349));
#13018=CARTESIAN_POINT('',(70.8,-43.9078295700865,-71.3407423384349));
#13019=CARTESIAN_POINT('Origin',(71.,-43.9078295700865,-77.6157423384349));
#13020=CARTESIAN_POINT('',(63.4,-43.9078295700865,-71.5407423384349));
#13021=CARTESIAN_POINT('Origin',(63.4,-43.9078295700865,-77.6157423384349));
#13022=CARTESIAN_POINT('',(71.,-43.9078295700865,-71.5407423384349));
#13023=CARTESIAN_POINT('Origin',(70.8,206.092170429913,-77.6157423384349));
#13024=CARTESIAN_POINT('',(70.6,206.092170429913,-71.5407423384349));
#13025=CARTESIAN_POINT('Origin',(70.6,206.092170429913,-77.6157423384349));
#13026=CARTESIAN_POINT('',(70.8,206.092170429913,-71.3407423384349));
#13027=CARTESIAN_POINT('Origin',(71.,206.092170429913,-77.6157423384349));
#13028=CARTESIAN_POINT('',(63.4,206.092170429913,-71.5407423384349));
#13029=CARTESIAN_POINT('Origin',(63.4,206.092170429913,-77.6157423384349));
#13030=CARTESIAN_POINT('',(71.,206.092170429913,-71.5407423384349));
#13031=CARTESIAN_POINT('Origin',(63.2,94.4421704298698,-110.815742338435));
#13032=CARTESIAN_POINT('',(63.4,62.0921704298696,-111.015742338435));
#13033=CARTESIAN_POINT('',(63.4,62.0921704298696,-111.015742338435));
#13034=CARTESIAN_POINT('',(63.4,102.09217042987,-111.015742338435));
#13035=CARTESIAN_POINT('',(63.,102.09217042987,-110.615742338435));
#13036=CARTESIAN_POINT('',(63.4,94.4421704298698,-111.015742338435));
#13037=CARTESIAN_POINT('Origin',(63.2,62.0921704298696,-112.615742338435));
#13038=CARTESIAN_POINT('',(63.4,62.0921704298696,-114.215742338435));
#13039=CARTESIAN_POINT('',(63.4,62.0921704298696,-114.215742338435));
#13040=CARTESIAN_POINT('Origin',(63.4,62.0921704298696,-112.615742338435));
#13041=CARTESIAN_POINT('Origin',(63.2,74.4421704298698,-114.415742338435));
#13042=CARTESIAN_POINT('',(63.4,102.09217042987,-114.215742338435));
#13043=CARTESIAN_POINT('',(63.4,102.09217042987,-114.215742338435));
#13044=CARTESIAN_POINT('',(63.4,74.4421704298698,-114.215742338435));
#13045=CARTESIAN_POINT('Origin',(63.2,102.09217042987,-112.615742338435));
#13046=CARTESIAN_POINT('Origin',(63.4,102.09217042987,-112.615742338435));
#13047=CARTESIAN_POINT('Origin',(63.,62.0921704298696,-112.615742338435));
#13048=CARTESIAN_POINT('',(65.,62.0921704298696,-111.015742338435));
#13049=CARTESIAN_POINT('',(63.,62.0921704298696,-111.015742338435));
#13050=CARTESIAN_POINT('',(65.,62.0921704298696,-114.215742338435));
#13051=CARTESIAN_POINT('Origin',(65.,62.0921704298696,-112.615742338435));
#13052=CARTESIAN_POINT('',(63.,62.0921704298696,-114.215742338435));
#13053=CARTESIAN_POINT('Origin',(63.,102.09217042987,-111.015742338435));
#13054=CARTESIAN_POINT('',(65.,102.09217042987,-111.015742338435));
#13055=CARTESIAN_POINT('',(63.,102.09217042987,-111.015742338435));
#13056=CARTESIAN_POINT('',(65.,92.092170429869,-111.015742338435));
#13057=CARTESIAN_POINT('Origin',(63.2,56.9421704298698,-110.815742338435));
#13058=CARTESIAN_POINT('',(63.4,-12.9078295701304,-111.015742338435));
#13059=CARTESIAN_POINT('',(63.4,-12.9078295701304,-111.015742338435));
#13060=CARTESIAN_POINT('',(63.4,27.0921704298696,-111.015742338435));
#13061=CARTESIAN_POINT('',(63.,27.0921704298696,-110.615742338435));
#13062=CARTESIAN_POINT('',(63.4,56.9421704298698,-111.015742338435));
#13063=CARTESIAN_POINT('Origin',(63.2,-12.9078295701304,-112.615742338435));
#13064=CARTESIAN_POINT('',(63.4,-12.9078295701304,-114.215742338435));
#13065=CARTESIAN_POINT('',(63.4,-12.9078295701304,-114.215742338435));
#13066=CARTESIAN_POINT('Origin',(63.4,-12.9078295701304,-112.615742338435));
#13067=CARTESIAN_POINT('Origin',(63.2,36.9421704298698,-114.415742338435));
#13068=CARTESIAN_POINT('',(63.4,27.0921704298696,-114.215742338435));
#13069=CARTESIAN_POINT('',(63.4,27.0921704298696,-114.215742338435));
#13070=CARTESIAN_POINT('',(63.4,36.9421704298698,-114.215742338435));
#13071=CARTESIAN_POINT('Origin',(63.2,27.0921704298696,-112.615742338435));
#13072=CARTESIAN_POINT('Origin',(63.4,27.0921704298696,-112.615742338435));
#13073=CARTESIAN_POINT('Origin',(63.,-12.9078295701304,-112.615742338435));
#13074=CARTESIAN_POINT('',(65.,-12.9078295701304,-111.015742338435));
#13075=CARTESIAN_POINT('',(63.,-12.9078295701304,-111.015742338435));
#13076=CARTESIAN_POINT('',(65.,-12.9078295701304,-114.215742338435));
#13077=CARTESIAN_POINT('Origin',(65.,-12.9078295701304,-112.615742338435));
#13078=CARTESIAN_POINT('',(63.,-12.9078295701304,-114.215742338435));
#13079=CARTESIAN_POINT('Origin',(63.,27.0921704298696,-111.015742338435));
#13080=CARTESIAN_POINT('',(65.,27.0921704298696,-111.015742338435));
#13081=CARTESIAN_POINT('',(63.,27.0921704298696,-111.015742338435));
#13082=CARTESIAN_POINT('',(65.,17.092170429869,-111.015742338435));
#13083=CARTESIAN_POINT('Origin',(63.2,46.6668288567334,-95.3089243453719));
#13084=CARTESIAN_POINT('',(63.,-7.06504095336852,-41.8598972477449));
#13085=CARTESIAN_POINT('',(63.4,12.9665391006355,-61.3257918767995));
#13086=CARTESIAN_POINT('Origin',(63.2,-19.1565669116585,-53.9514232060348));
#13087=CARTESIAN_POINT('',(63.4,-19.1565669116585,-36.4514232060348));
#13088=CARTESIAN_POINT('',(63.,-19.1565669116585,-36.8514232060348));
#13089=CARTESIAN_POINT('Origin',(63.4,-19.1565669116585,-53.9514232060348));
#13090=CARTESIAN_POINT('Origin',(63.2,37.4421704298704,-36.6514232060349));
#13091=CARTESIAN_POINT('',(63.4,-42.0078295701307,-36.4514232060348));
#13092=CARTESIAN_POINT('',(63.,-42.0078295701307,-36.8514232060349));
#13093=CARTESIAN_POINT('',(63.4,37.4421704298704,-36.4514232060349));
#13094=CARTESIAN_POINT('Origin',(63.2,-42.0078295701307,-53.9514232060348));
#13095=CARTESIAN_POINT('',(63.4,-59.5078295701307,-53.9514232060348));
#13096=CARTESIAN_POINT('',(63.,-59.1078295701307,-53.9514232060348));
#13097=CARTESIAN_POINT('Origin',(63.4,-42.0078295701307,-53.9514232060348));
#13098=CARTESIAN_POINT('Origin',(63.2,-59.3078295701307,-74.5335827722348));
#13099=CARTESIAN_POINT('',(63.4,-59.5078295701307,-171.280061470835));
#13100=CARTESIAN_POINT('',(63.,-59.1078295701307,-171.280061470835));
#13101=CARTESIAN_POINT('',(63.4,-59.5078295701307,-74.5335827722348));
#13102=CARTESIAN_POINT('Origin',(63.2,-42.0078295701307,-171.280061470835));
#13103=CARTESIAN_POINT('',(63.4,-42.0078295701307,-188.780061470835));
#13104=CARTESIAN_POINT('',(63.,-42.0078295701307,-188.380061470835));
#13105=CARTESIAN_POINT('Origin',(63.4,-42.0078295701307,-171.280061470835));
#13106=CARTESIAN_POINT('Origin',(63.2,13.6421704298696,-188.580061470835));
#13107=CARTESIAN_POINT('',(63.4,-19.1565669116584,-188.780061470835));
#13108=CARTESIAN_POINT('',(63.,-19.1565669116584,-188.380061470835));
#13109=CARTESIAN_POINT('',(63.4,13.6421704298696,-188.780061470835));
#13110=CARTESIAN_POINT('Origin',(63.2,-19.1565669116584,-171.280061470835));
#13111=CARTESIAN_POINT('',(63.4,-6.78219824089379,-183.654430141599));
#13112=CARTESIAN_POINT('',(63.,-7.06504095336842,-183.371587429125));
#13113=CARTESIAN_POINT('Origin',(63.4,-19.1565669116584,-171.280061470835));
#13114=CARTESIAN_POINT('Origin',(63.2,31.6668288567333,-144.922560331498));
#13115=CARTESIAN_POINT('',(63.4,12.9665391006354,-163.90569280007));
#13116=CARTESIAN_POINT('',(63.,12.6836963881608,-163.622850087596));
#13117=CARTESIAN_POINT('',(63.4,31.8082502129706,-145.063981687735));
#13118=CARTESIAN_POINT('Origin',(63.2,25.3409077714,-176.280061470835));
#13119=CARTESIAN_POINT('',(63.4,25.3409077714,-158.780061470835));
#13120=CARTESIAN_POINT('',(63.,25.3409077714,-158.380061470835));
#13121=CARTESIAN_POINT('Origin',(63.4,25.3409077714,-176.280061470835));
#13122=CARTESIAN_POINT('Origin',(63.2,52.4421704298705,-158.580061470835));
#13123=CARTESIAN_POINT('',(63.4,138.843433088339,-158.780061470835));
#13124=CARTESIAN_POINT('',(63.,138.843433088339,-158.380061470835));
#13125=CARTESIAN_POINT('',(63.4,52.4421704298705,-158.780061470835));
#13126=CARTESIAN_POINT('Origin',(63.2,138.843433088339,-176.280061470835));
#13127=CARTESIAN_POINT('',(63.4,151.217801759104,-163.90569280007));
#13128=CARTESIAN_POINT('',(63.,151.500644471578,-163.622850087596));
#13129=CARTESIAN_POINT('Origin',(63.4,138.843433088339,-176.280061470835));
#13130=CARTESIAN_POINT('Origin',(63.2,119.867512003006,-132.272560331498));
#13131=CARTESIAN_POINT('',(63.,171.249381813108,-183.371587429125));
#13132=CARTESIAN_POINT('',(63.4,119.726090646769,-132.413981687735));
#13133=CARTESIAN_POINT('Origin',(63.2,183.340907771397,-171.280061470835));
#13134=CARTESIAN_POINT('',(63.,183.340907771397,-188.380061470835));
#13135=CARTESIAN_POINT('Origin',(63.2,131.442170429869,-188.580061470835));
#13136=CARTESIAN_POINT('',(63.,215.592170429871,-188.380061470835));
#13137=CARTESIAN_POINT('Origin',(63.2,215.592170429871,-171.280061470835));
#13138=CARTESIAN_POINT('',(63.,232.692170429871,-171.280061470835));
#13139=CARTESIAN_POINT('Origin',(63.2,232.892170429871,-141.947901904635));
#13140=CARTESIAN_POINT('',(63.,232.692170429871,-53.9514232060349));
#13141=CARTESIAN_POINT('Origin',(63.2,215.592170429871,-53.9514232060348));
#13142=CARTESIAN_POINT('',(63.,215.592170429871,-36.8514232060348));
#13143=CARTESIAN_POINT('Origin',(63.2,151.19217042987,-36.6514232060349));
#13144=CARTESIAN_POINT('',(63.,183.340907771397,-36.8514232060349));
#13145=CARTESIAN_POINT('Origin',(63.2,183.340907771397,-53.9514232060349));
#13146=CARTESIAN_POINT('',(63.,171.249381813107,-41.8598972477449));
#13147=CARTESIAN_POINT('Origin',(63.2,134.867512003006,-77.9589243453718));
#13148=CARTESIAN_POINT('',(63.,151.500644471578,-61.6086345892741));
#13149=CARTESIAN_POINT('Origin',(63.2,138.843433088339,-48.9514232060349));
#13150=CARTESIAN_POINT('',(63.,138.843433088339,-66.8514232060349));
#13151=CARTESIAN_POINT('Origin',(63.2,116.442170429869,-66.6514232060349));
#13152=CARTESIAN_POINT('',(63.,25.3409077714,-66.8514232060349));
#13153=CARTESIAN_POINT('Origin',(63.2,25.3409077714,-48.9514232060349));
#13154=CARTESIAN_POINT('Origin',(63.2,-43.9078295700865,-147.615742338435));
#13155=CARTESIAN_POINT('',(63.2,-43.9078295700865,-141.340742338435));
#13156=CARTESIAN_POINT('Origin',(63.2,-43.9078295700865,-77.6157423384349));
#13157=CARTESIAN_POINT('',(63.2,-43.9078295700865,-71.3407423384349));
#13158=CARTESIAN_POINT('Origin',(63.2,206.092170429913,-147.615742338435));
#13159=CARTESIAN_POINT('',(63.2,206.092170429913,-141.340742338435));
#13160=CARTESIAN_POINT('Origin',(63.2,206.092170429913,-77.6157423384349));
#13161=CARTESIAN_POINT('',(63.2,206.092170429913,-71.3407423384349));
#13162=CARTESIAN_POINT('Origin',(65.,-12.9078295701304,-112.615742338435));
#13163=CARTESIAN_POINT('',(65.,-12.9078258175215,-109.515742338435));
#13164=CARTESIAN_POINT('Origin',(65.,-12.9078295701304,-112.615742338435));
#13165=CARTESIAN_POINT('',(65.,-12.9078258175215,-109.515742338435));
#13166=CARTESIAN_POINT('Origin',(65.,27.0921704776544,-109.515742338435));
#13167=CARTESIAN_POINT('',(65.,17.0921704537614,-109.515742338435));
#13168=CARTESIAN_POINT('Origin',(65.,7.09217042986847,-112.615742338435));
#13169=CARTESIAN_POINT('',(65.,27.0921704298696,-114.215742338435));
#13170=CARTESIAN_POINT('Origin',(65.,27.0921704298696,-112.615742338435));
#13171=CARTESIAN_POINT('',(65.,-2.90782957013096,-114.215742338435));
#13172=CARTESIAN_POINT('Origin',(63.,-12.9078295701304,-114.215742338435));
#13173=CARTESIAN_POINT('',(63.,27.0921704298696,-114.215742338435));
#13174=CARTESIAN_POINT('Origin',(63.,27.0921704298696,-112.615742338435));
#13175=CARTESIAN_POINT('Origin',(65.,62.0921704298696,-112.615742338435));
#13176=CARTESIAN_POINT('',(65.,62.0921741824785,-109.515742338435));
#13177=CARTESIAN_POINT('Origin',(65.,62.0921704298696,-112.615742338435));
#13178=CARTESIAN_POINT('',(65.,62.0921741824785,-109.515742338435));
#13179=CARTESIAN_POINT('Origin',(65.,102.092170477654,-109.515742338435));
#13180=CARTESIAN_POINT('',(65.,92.0921704537614,-109.515742338435));
#13181=CARTESIAN_POINT('Origin',(65.,82.0921704298685,-112.615742338435));
#13182=CARTESIAN_POINT('',(65.,102.09217042987,-114.215742338435));
#13183=CARTESIAN_POINT('Origin',(65.,102.09217042987,-112.615742338435));
#13184=CARTESIAN_POINT('',(65.,72.092170429869,-114.215742338435));
#13185=CARTESIAN_POINT('Origin',(63.,62.0921704298696,-114.215742338435));
#13186=CARTESIAN_POINT('',(63.,102.09217042987,-114.215742338435));
#13187=CARTESIAN_POINT('Origin',(63.,102.09217042987,-112.615742338435));
#13188=CARTESIAN_POINT('Origin',(64.,187.292170429869,-173.580061470835));
#13189=CARTESIAN_POINT('',(65.,184.092170429869,-173.580061470835));
#13190=CARTESIAN_POINT('',(65.,190.492170429869,-173.580061470835));
#13191=CARTESIAN_POINT('Origin',(65.,187.292170429869,-173.580061470835));
#13192=CARTESIAN_POINT('',(63.,192.492170429869,-173.580061470835));
#13193=CARTESIAN_POINT('Origin',(64.,183.092170429869,-143.097901904635));
#13194=CARTESIAN_POINT('',(65.,184.092170429869,-137.580061470835));
#13195=CARTESIAN_POINT('Origin',(64.,187.292170429869,-137.580061470835));
#13196=CARTESIAN_POINT('',(65.,190.492170429869,-137.580061127835));
#13197=CARTESIAN_POINT('Origin',(64.,191.492170429869,-125.097901733135));
#13198=CARTESIAN_POINT('',(65.,190.492170429869,-125.097901733135));
#13199=CARTESIAN_POINT('Origin',(71.,187.292170429869,-173.580061470835));
#13200=CARTESIAN_POINT('',(71.,190.492170429869,-173.580061470835));
#13201=CARTESIAN_POINT('Origin',(64.,187.292170429869,-101.815742338445));
#13202=CARTESIAN_POINT('',(65.,190.492170429869,-101.815742338445));
#13203=CARTESIAN_POINT('',(63.,182.092170429869,-101.815742338445));
#13204=CARTESIAN_POINT('Origin',(64.,191.492170429869,-107.215742338439));
#13205=CARTESIAN_POINT('',(65.,190.492170429869,-125.180061127835));
#13206=CARTESIAN_POINT('',(65.,190.492170429869,-125.180061127835));
#13207=CARTESIAN_POINT('',(65.,190.492170429869,-107.215742338439));
#13208=CARTESIAN_POINT('Origin',(64.,187.292170429869,-125.180061470835));
#13209=CARTESIAN_POINT('',(65.,184.092170429869,-125.180061470835));
#13210=CARTESIAN_POINT('Origin',(65.,187.292170429869,-125.180061470835));
#13211=CARTESIAN_POINT('Origin',(64.,183.092170429869,-118.897901904635));
#13212=CARTESIAN_POINT('Origin',(71.,190.492170429869,-101.815742338445));
#13213=CARTESIAN_POINT('',(71.,190.492170429869,-125.180061127835));
#13214=CARTESIAN_POINT('Origin',(71.,146.092170429868,-158.780061470835));
#13215=CARTESIAN_POINT('',(71.,151.217801759104,-163.90569280007));
#13216=CARTESIAN_POINT('Origin',(71.,138.843433088339,-176.280061470835));
#13217=CARTESIAN_POINT('',(71.,138.843433088339,-158.780061470835));
#13218=CARTESIAN_POINT('Origin',(71.,25.3409077714,-176.280061470835));
#13219=CARTESIAN_POINT('',(71.,12.9665391006354,-163.90569280007));
#13220=CARTESIAN_POINT('',(71.,25.3409077714,-158.780061470835));
#13221=CARTESIAN_POINT('Origin',(71.,18.0921704298709,-158.780061470835));
#13222=CARTESIAN_POINT('Origin',(71.,-19.1565669116584,-171.280061470835));
#13223=CARTESIAN_POINT('',(71.,-19.1565669116584,-188.780061470835));
#13224=CARTESIAN_POINT('',(71.,-6.78219824089379,-183.654430141599));
#13225=CARTESIAN_POINT('Origin',(71.,-11.9078295701293,-188.780061470835));
#13226=CARTESIAN_POINT('Origin',(71.,-19.1565669116585,-53.9514232060348));
#13227=CARTESIAN_POINT('',(71.,-19.1565669116585,-36.4514232060348));
#13228=CARTESIAN_POINT('Origin',(71.,-11.9078295701293,-36.4514232060348));
#13229=CARTESIAN_POINT('',(71.,-42.0078295701307,-36.4514232060348));
#13230=CARTESIAN_POINT('Origin',(71.,-42.0078295701307,-171.280061470835));
#13231=CARTESIAN_POINT('',(71.,-59.5078295701307,-171.280061470835));
#13232=CARTESIAN_POINT('',(71.,-42.0078295701307,-188.780061470835));
#13233=CARTESIAN_POINT('Origin',(71.,-59.5078295701308,-188.780061470835));
#13234=CARTESIAN_POINT('Origin',(71.,-42.0078295701307,-53.9514232060348));
#13235=CARTESIAN_POINT('',(71.,-59.5078295701307,-53.9514232060348));
#13236=CARTESIAN_POINT('Origin',(71.,187.292170429869,-125.180061470835));
#13237=CARTESIAN_POINT('Origin',(71.,190.492170429869,-137.580061127835));
#13238=CARTESIAN_POINT('Origin',(71.,-59.5078295701307,-36.4514232060348));
#13239=CARTESIAN_POINT('',(0.,0.,0.));
#13240=CARTESIAN_POINT('Origin',(0.,-2.60208521396521E-15,-6.));
#13241=CARTESIAN_POINT('',(1.5,-2.78578223383731E-15,-8.));
#13242=CARTESIAN_POINT('Origin',(0.,-2.60208521396521E-15,-8.));
#13243=CARTESIAN_POINT('',(1.5,-2.78578223383731E-15,0.));
#13244=CARTESIAN_POINT('',(1.5,-2.78578223383731E-15,-6.));
#13245=CARTESIAN_POINT('Origin',(0.,-2.60208521396521E-15,0.));
#13246=CARTESIAN_POINT('Origin',(0.,1.5,0.));
#13247=CARTESIAN_POINT('',(2.75,-2.26530734419969E-15,-5.55111512312578E-16));
#13248=CARTESIAN_POINT('Origin',(0.,-2.60208521396521E-15,-5.55111512312578E-16));
#13249=CARTESIAN_POINT('Origin',(0.,0.,3.00866025403784));
#13250=CARTESIAN_POINT('',(1.25,-0.721687836487031,2.90025077762384));
#13251=CARTESIAN_POINT('',(1.25,0.721687836487031,2.90025077762384));
#13252=CARTESIAN_POINT('Ctrl Pts',(1.25,0.721687836490319,2.90025077762479));
#13253=CARTESIAN_POINT('Ctrl Pts',(1.25,0.420015466615956,2.81316546564748));
#13254=CARTESIAN_POINT('Ctrl Pts',(1.25,-0.252657596099839,2.76485340985103));
#13255=CARTESIAN_POINT('Ctrl Pts',(1.25,-0.721687836487057,2.90025077762385));
#13256=CARTESIAN_POINT('',(-8.89844161655325E-16,-1.44337567297406,2.90025077762384));
#13257=CARTESIAN_POINT('Ctrl Pts',(1.25000000000285,-0.721687836485385,
2.90025077762479));
#13258=CARTESIAN_POINT('Ctrl Pts',(0.988744064071785,-0.872524021422572,
2.81316546564747));
#13259=CARTESIAN_POINT('Ctrl Pts',(0.406192103318424,-1.20886055278047,
2.76485340985103));
#13260=CARTESIAN_POINT('Ctrl Pts',(-2.33075789252842E-14,-1.44337567297408,
2.90025077762385));
#13261=CARTESIAN_POINT('',(-1.25,-0.721687836487032,2.90025077762384));
#13262=CARTESIAN_POINT('Ctrl Pts',(2.84566553301647E-12,-1.44337567297571,
2.90025077762479));
#13263=CARTESIAN_POINT('Ctrl Pts',(-0.261255935928211,-1.29253948803852,
2.81316546564748));
#13264=CARTESIAN_POINT('Ctrl Pts',(-0.843807896681572,-0.956202956680627,
2.76485340985103));
#13265=CARTESIAN_POINT('Ctrl Pts',(-1.25000000000002,-0.721687836487019,
2.90025077762385));
#13266=CARTESIAN_POINT('',(-1.25,-2.07770225933236E-16,2.78860528077754));
#13267=CARTESIAN_POINT('Ctrl Pts',(-1.25,-0.72168783649032,2.90025077762479));
#13268=CARTESIAN_POINT('Ctrl Pts',(-1.25,-0.420015466615956,2.81316546564748));
#13269=CARTESIAN_POINT('Ctrl Pts',(-1.25,-0.0780516543755372,2.78860528077754));
#13270=CARTESIAN_POINT('Ctrl Pts',(-1.25,-2.62459601973054E-16,2.78860528077754));
#13271=CARTESIAN_POINT('',(-1.61614639414505,1.97920850854327E-16,3.));
#13272=CARTESIAN_POINT('',(-1.63114639414505,-1.99757821053048E-16,3.00866025403784));
#13273=CARTESIAN_POINT('Origin',(0.,0.,3.));
#13274=CARTESIAN_POINT('',(-1.25,0.721687836487031,2.90025077762384));
#13275=CARTESIAN_POINT('Ctrl Pts',(-1.25,-2.62459601973054E-16,2.78860528077754));
#13276=CARTESIAN_POINT('Ctrl Pts',(-1.25,0.334936490538914,2.78860528077754));
#13277=CARTESIAN_POINT('Ctrl Pts',(-1.25,0.721687836487057,2.90025077762385));
#13278=CARTESIAN_POINT('',(-1.11928475741163E-15,1.44337567297406,2.90025077762384));
#13279=CARTESIAN_POINT('Ctrl Pts',(-1.25000000000285,0.721687836485385,
2.90025077762479));
#13280=CARTESIAN_POINT('Ctrl Pts',(-0.988744064071789,0.872524021422568,
2.81316546564747));
#13281=CARTESIAN_POINT('Ctrl Pts',(-0.406192103318428,1.20886055278047,
2.76485340985103));
#13282=CARTESIAN_POINT('Ctrl Pts',(2.27420570796102E-14,1.44337567297407,
2.90025077762385));
#13283=CARTESIAN_POINT('Ctrl Pts',(-2.84928083338702E-12,1.44337567297571,
2.90025077762479));
#13284=CARTESIAN_POINT('Ctrl Pts',(0.26125593592821,1.29253948803852,2.81316546564747));
#13285=CARTESIAN_POINT('Ctrl Pts',(0.843807896681572,0.956202956680625,
2.76485340985103));
#13286=CARTESIAN_POINT('Ctrl Pts',(1.25000000000002,0.721687836487018,2.90025077762385));
#13287=CARTESIAN_POINT('Origin',(0.,-2.60208521396521E-15,-6.));
#13288=CARTESIAN_POINT('',(2.75,-2.26530734419969E-15,3.));
#13289=CARTESIAN_POINT('',(2.75,-2.93886308373073E-15,-6.));
#13290=CARTESIAN_POINT('Origin',(0.,-2.60208521396521E-15,3.));
#13291=CARTESIAN_POINT('Origin',(0.,-2.60208521396521E-15,-8.));
#13292=CARTESIAN_POINT('Origin',(0.,2.6,3.));
#13293=CARTESIAN_POINT('Origin',(0.,0.,1.5));
#13294=CARTESIAN_POINT('',(-1.0449756604613E-15,1.44337567297406,1.5));
#13295=CARTESIAN_POINT('',(-1.25,0.721687836487031,1.5));
#13296=CARTESIAN_POINT('',(-1.0449756604613E-15,1.44337567297406,1.5));
#13297=CARTESIAN_POINT('',(-1.25,-0.721687836487032,1.5));
#13298=CARTESIAN_POINT('',(-1.25,0.721687836487031,1.5));
#13299=CARTESIAN_POINT('',(-9.06588250012612E-16,-1.44337567297406,1.5));
#13300=CARTESIAN_POINT('',(-1.25,-0.721687836487032,1.5));
#13301=CARTESIAN_POINT('',(1.25,-0.721687836487031,1.5));
#13302=CARTESIAN_POINT('',(-9.06588250012612E-16,-1.44337567297406,1.5));
#13303=CARTESIAN_POINT('',(1.25,0.721687836487031,1.5));
#13304=CARTESIAN_POINT('',(1.25,-0.721687836487031,1.5));
#13305=CARTESIAN_POINT('',(1.25,0.721687836487031,1.5));
#13306=CARTESIAN_POINT('Origin',(-1.25,0.721687836487031,1.5));
#13307=CARTESIAN_POINT('',(-1.25,0.721687836487031,1.5));
#13308=CARTESIAN_POINT('',(-1.25,-0.721687836487032,1.5));
#13309=CARTESIAN_POINT('Origin',(-1.25,-0.721687836487032,1.5));
#13310=CARTESIAN_POINT('',(-9.06588250012612E-16,-1.44337567297406,1.5));
#13311=CARTESIAN_POINT('Origin',(-9.06588250012612E-16,-1.44337567297406,
1.5));
#13312=CARTESIAN_POINT('',(1.25,-0.721687836487031,1.5));
#13313=CARTESIAN_POINT('Origin',(1.25,-0.721687836487031,1.5));
#13314=CARTESIAN_POINT('',(1.25,0.721687836487031,1.5));
#13315=CARTESIAN_POINT('Origin',(1.25,0.721687836487031,1.5));
#13316=CARTESIAN_POINT('',(-1.0449756604613E-15,1.44337567297406,1.5));
#13317=CARTESIAN_POINT('Origin',(-1.0449756604613E-15,1.44337567297406,
1.5));
#13318=CARTESIAN_POINT('',(0.,0.,0.));
#13319=CARTESIAN_POINT('Origin',(0.,-2.60208521396521E-15,-6.));
#13320=CARTESIAN_POINT('',(1.5,-2.78578223383731E-15,-16.));
#13321=CARTESIAN_POINT('Origin',(0.,-2.60208521396521E-15,-16.));
#13322=CARTESIAN_POINT('',(1.5,-2.78578223383731E-15,0.));
#13323=CARTESIAN_POINT('',(1.5,-2.78578223383731E-15,-6.));
#13324=CARTESIAN_POINT('Origin',(0.,-2.60208521396521E-15,0.));
#13325=CARTESIAN_POINT('Origin',(0.,1.5,0.));
#13326=CARTESIAN_POINT('',(2.75,-2.26530734419969E-15,-5.55111512312578E-16));
#13327=CARTESIAN_POINT('Origin',(0.,-2.60208521396521E-15,-5.55111512312578E-16));
#13328=CARTESIAN_POINT('Origin',(0.,0.,3.00866025403784));
#13329=CARTESIAN_POINT('',(1.25,-0.721687836487031,2.90025077762384));
#13330=CARTESIAN_POINT('',(1.25,0.721687836487031,2.90025077762384));
#13331=CARTESIAN_POINT('Ctrl Pts',(1.25,0.721687836490319,2.90025077762479));
#13332=CARTESIAN_POINT('Ctrl Pts',(1.25,0.420015466615956,2.81316546564748));
#13333=CARTESIAN_POINT('Ctrl Pts',(1.25,-0.252657596099839,2.76485340985103));
#13334=CARTESIAN_POINT('Ctrl Pts',(1.25,-0.721687836487057,2.90025077762385));
#13335=CARTESIAN_POINT('',(-8.89844161655325E-16,-1.44337567297406,2.90025077762384));
#13336=CARTESIAN_POINT('Ctrl Pts',(1.25000000000285,-0.721687836485385,
2.90025077762479));
#13337=CARTESIAN_POINT('Ctrl Pts',(0.988744064071785,-0.872524021422572,
2.81316546564747));
#13338=CARTESIAN_POINT('Ctrl Pts',(0.406192103318424,-1.20886055278047,
2.76485340985103));
#13339=CARTESIAN_POINT('Ctrl Pts',(-2.33075789252842E-14,-1.44337567297408,
2.90025077762385));
#13340=CARTESIAN_POINT('',(-1.25,-0.721687836487032,2.90025077762384));
#13341=CARTESIAN_POINT('Ctrl Pts',(2.84566553301647E-12,-1.44337567297571,
2.90025077762479));
#13342=CARTESIAN_POINT('Ctrl Pts',(-0.261255935928211,-1.29253948803852,
2.81316546564748));
#13343=CARTESIAN_POINT('Ctrl Pts',(-0.843807896681572,-0.956202956680627,
2.76485340985103));
#13344=CARTESIAN_POINT('Ctrl Pts',(-1.25000000000002,-0.721687836487019,
2.90025077762385));
#13345=CARTESIAN_POINT('',(-1.25,-2.07770225933236E-16,2.78860528077754));
#13346=CARTESIAN_POINT('Ctrl Pts',(-1.25,-0.72168783649032,2.90025077762479));
#13347=CARTESIAN_POINT('Ctrl Pts',(-1.25,-0.420015466615956,2.81316546564748));
#13348=CARTESIAN_POINT('Ctrl Pts',(-1.25,-0.0780516543755372,2.78860528077754));
#13349=CARTESIAN_POINT('Ctrl Pts',(-1.25,-2.62459601973054E-16,2.78860528077754));
#13350=CARTESIAN_POINT('',(-1.61614639414505,1.97920850854327E-16,3.));
#13351=CARTESIAN_POINT('',(-1.63114639414505,-1.99757821053048E-16,3.00866025403784));
#13352=CARTESIAN_POINT('Origin',(0.,0.,3.));
#13353=CARTESIAN_POINT('',(-1.25,0.721687836487031,2.90025077762384));
#13354=CARTESIAN_POINT('Ctrl Pts',(-1.25,-2.62459601973054E-16,2.78860528077754));
#13355=CARTESIAN_POINT('Ctrl Pts',(-1.25,0.334936490538914,2.78860528077754));
#13356=CARTESIAN_POINT('Ctrl Pts',(-1.25,0.721687836487057,2.90025077762385));
#13357=CARTESIAN_POINT('',(-1.11928475741163E-15,1.44337567297406,2.90025077762384));
#13358=CARTESIAN_POINT('Ctrl Pts',(-1.25000000000285,0.721687836485385,
2.90025077762479));
#13359=CARTESIAN_POINT('Ctrl Pts',(-0.988744064071789,0.872524021422568,
2.81316546564747));
#13360=CARTESIAN_POINT('Ctrl Pts',(-0.406192103318428,1.20886055278047,
2.76485340985103));
#13361=CARTESIAN_POINT('Ctrl Pts',(2.27420570796102E-14,1.44337567297407,
2.90025077762385));
#13362=CARTESIAN_POINT('Ctrl Pts',(-2.84928083338702E-12,1.44337567297571,
2.90025077762479));
#13363=CARTESIAN_POINT('Ctrl Pts',(0.26125593592821,1.29253948803852,2.81316546564747));
#13364=CARTESIAN_POINT('Ctrl Pts',(0.843807896681572,0.956202956680625,
2.76485340985103));
#13365=CARTESIAN_POINT('Ctrl Pts',(1.25000000000002,0.721687836487018,2.90025077762385));
#13366=CARTESIAN_POINT('Origin',(0.,-2.60208521396521E-15,-6.));
#13367=CARTESIAN_POINT('',(2.75,-2.26530734419969E-15,3.));
#13368=CARTESIAN_POINT('',(2.75,-2.93886308373073E-15,-6.));
#13369=CARTESIAN_POINT('Origin',(0.,-2.60208521396521E-15,3.));
#13370=CARTESIAN_POINT('Origin',(0.,-2.60208521396521E-15,-16.));
#13371=CARTESIAN_POINT('Origin',(0.,2.6,3.));
#13372=CARTESIAN_POINT('Origin',(0.,0.,1.5));
#13373=CARTESIAN_POINT('',(-1.0449756604613E-15,1.44337567297406,1.5));
#13374=CARTESIAN_POINT('',(-1.25,0.721687836487031,1.5));
#13375=CARTESIAN_POINT('',(-1.0449756604613E-15,1.44337567297406,1.5));
#13376=CARTESIAN_POINT('',(-1.25,-0.721687836487032,1.5));
#13377=CARTESIAN_POINT('',(-1.25,0.721687836487031,1.5));
#13378=CARTESIAN_POINT('',(-9.06588250012612E-16,-1.44337567297406,1.5));
#13379=CARTESIAN_POINT('',(-1.25,-0.721687836487032,1.5));
#13380=CARTESIAN_POINT('',(1.25,-0.721687836487031,1.5));
#13381=CARTESIAN_POINT('',(-9.06588250012612E-16,-1.44337567297406,1.5));
#13382=CARTESIAN_POINT('',(1.25,0.721687836487031,1.5));
#13383=CARTESIAN_POINT('',(1.25,-0.721687836487031,1.5));
#13384=CARTESIAN_POINT('',(1.25,0.721687836487031,1.5));
#13385=CARTESIAN_POINT('Origin',(-1.25,0.721687836487031,1.5));
#13386=CARTESIAN_POINT('',(-1.25,0.721687836487031,1.5));
#13387=CARTESIAN_POINT('',(-1.25,-0.721687836487032,1.5));
#13388=CARTESIAN_POINT('Origin',(-1.25,-0.721687836487032,1.5));
#13389=CARTESIAN_POINT('',(-9.06588250012612E-16,-1.44337567297406,1.5));
#13390=CARTESIAN_POINT('Origin',(-9.06588250012612E-16,-1.44337567297406,
1.5));
#13391=CARTESIAN_POINT('',(1.25,-0.721687836487031,1.5));
#13392=CARTESIAN_POINT('Origin',(1.25,-0.721687836487031,1.5));
#13393=CARTESIAN_POINT('',(1.25,0.721687836487031,1.5));
#13394=CARTESIAN_POINT('Origin',(1.25,0.721687836487031,1.5));
#13395=CARTESIAN_POINT('',(-1.0449756604613E-15,1.44337567297406,1.5));
#13396=CARTESIAN_POINT('Origin',(-1.0449756604613E-15,1.44337567297406,
1.5));
#13397=CARTESIAN_POINT('',(0.,0.,0.));
#13398=CARTESIAN_POINT('',(0.,0.,0.));
#13399=CARTESIAN_POINT('',(0.,0.,0.));
#13400=CARTESIAN_POINT('',(0.,0.,0.));
#13401=CARTESIAN_POINT('',(0.,0.,0.));
#13402=CARTESIAN_POINT('',(65.0000000000004,18.0921704299134,-112.615742338431));
#13403=CARTESIAN_POINT('',(65.0000000000004,-1.90782957008658,-112.615742338431));
#13404=CARTESIAN_POINT('',(65.,92.0921704299135,-112.615742338431));
#13405=CARTESIAN_POINT('',(65.,72.0921704299135,-112.615742338431));
#13406=UNCERTAINTY_MEASURE_WITH_UNIT(LENGTH_MEASURE(0.01),#13432,
'DISTANCE_ACCURACY_VALUE',
'Maximum model space distance between geometric entities at asserted c
onnectivities');
#13407=UNCERTAINTY_MEASURE_WITH_UNIT(LENGTH_MEASURE(0.01),#13432,
'DISTANCE_ACCURACY_VALUE',
'Maximum model space distance between geometric entities at asserted c
onnectivities');
#13408=UNCERTAINTY_MEASURE_WITH_UNIT(LENGTH_MEASURE(0.01),#13432,
'DISTANCE_ACCURACY_VALUE',
'Maximum model space distance between geometric entities at asserted c
onnectivities');
#13409=UNCERTAINTY_MEASURE_WITH_UNIT(LENGTH_MEASURE(0.01),#13432,
'DISTANCE_ACCURACY_VALUE',
'Maximum model space distance between geometric entities at asserted c
onnectivities');
#13410=UNCERTAINTY_MEASURE_WITH_UNIT(LENGTH_MEASURE(0.01),#13432,
'DISTANCE_ACCURACY_VALUE',
'Maximum model space distance between geometric entities at asserted c
onnectivities');
#13411=UNCERTAINTY_MEASURE_WITH_UNIT(LENGTH_MEASURE(0.01),#13432,
'DISTANCE_ACCURACY_VALUE',
'Maximum model space distance between geometric entities at asserted c
onnectivities');
#13412=UNCERTAINTY_MEASURE_WITH_UNIT(LENGTH_MEASURE(0.01),#13432,
'DISTANCE_ACCURACY_VALUE',
'Maximum model space distance between geometric entities at asserted c
onnectivities');
#13413=UNCERTAINTY_MEASURE_WITH_UNIT(LENGTH_MEASURE(0.01),#13432,
'DISTANCE_ACCURACY_VALUE',
'Maximum model space distance between geometric entities at asserted c
onnectivities');
#13414=UNCERTAINTY_MEASURE_WITH_UNIT(LENGTH_MEASURE(0.01),#13432,
'DISTANCE_ACCURACY_VALUE',
'Maximum model space distance between geometric entities at asserted c
onnectivities');
#13415=UNCERTAINTY_MEASURE_WITH_UNIT(LENGTH_MEASURE(0.01),#13432,
'DISTANCE_ACCURACY_VALUE',
'Maximum model space distance between geometric entities at asserted c
onnectivities');
#13416=UNCERTAINTY_MEASURE_WITH_UNIT(LENGTH_MEASURE(0.01),#13432,
'DISTANCE_ACCURACY_VALUE',
'Maximum model space distance between geometric entities at asserted c
onnectivities');
#13417=UNCERTAINTY_MEASURE_WITH_UNIT(LENGTH_MEASURE(0.01),#13432,
'DISTANCE_ACCURACY_VALUE',
'Maximum model space distance between geometric entities at asserted c
onnectivities');
#13418=UNCERTAINTY_MEASURE_WITH_UNIT(LENGTH_MEASURE(0.01),#13432,
'DISTANCE_ACCURACY_VALUE',
'Maximum model space distance between geometric entities at asserted c
onnectivities');
#13419=(
GEOMETRIC_REPRESENTATION_CONTEXT(3)
GLOBAL_UNCERTAINTY_ASSIGNED_CONTEXT((#13406))
GLOBAL_UNIT_ASSIGNED_CONTEXT((#13432,#13434,#13435))
REPRESENTATION_CONTEXT('','3D')
);
#13420=(
GEOMETRIC_REPRESENTATION_CONTEXT(3)
GLOBAL_UNCERTAINTY_ASSIGNED_CONTEXT((#13407))
GLOBAL_UNIT_ASSIGNED_CONTEXT((#13432,#13434,#13435))
REPRESENTATION_CONTEXT('','3D')
);
#13421=(
GEOMETRIC_REPRESENTATION_CONTEXT(3)
GLOBAL_UNCERTAINTY_ASSIGNED_CONTEXT((#13408))
GLOBAL_UNIT_ASSIGNED_CONTEXT((#13432,#13434,#13435))
REPRESENTATION_CONTEXT('','3D')
);
#13422=(
GEOMETRIC_REPRESENTATION_CONTEXT(3)
GLOBAL_UNCERTAINTY_ASSIGNED_CONTEXT((#13409))
GLOBAL_UNIT_ASSIGNED_CONTEXT((#13432,#13434,#13435))
REPRESENTATION_CONTEXT('','3D')
);
#13423=(
GEOMETRIC_REPRESENTATION_CONTEXT(3)
GLOBAL_UNCERTAINTY_ASSIGNED_CONTEXT((#13410))
GLOBAL_UNIT_ASSIGNED_CONTEXT((#13432,#13434,#13435))
REPRESENTATION_CONTEXT('','3D')
);
#13424=(
GEOMETRIC_REPRESENTATION_CONTEXT(3)
GLOBAL_UNCERTAINTY_ASSIGNED_CONTEXT((#13411))
GLOBAL_UNIT_ASSIGNED_CONTEXT((#13432,#13434,#13435))
REPRESENTATION_CONTEXT('','3D')
);
#13425=(
GEOMETRIC_REPRESENTATION_CONTEXT(3)
GLOBAL_UNCERTAINTY_ASSIGNED_CONTEXT((#13412))
GLOBAL_UNIT_ASSIGNED_CONTEXT((#13432,#13434,#13435))
REPRESENTATION_CONTEXT('','3D')
);
#13426=(
GEOMETRIC_REPRESENTATION_CONTEXT(3)
GLOBAL_UNCERTAINTY_ASSIGNED_CONTEXT((#13413))
GLOBAL_UNIT_ASSIGNED_CONTEXT((#13432,#13434,#13435))
REPRESENTATION_CONTEXT('','3D')
);
#13427=(
GEOMETRIC_REPRESENTATION_CONTEXT(3)
GLOBAL_UNCERTAINTY_ASSIGNED_CONTEXT((#13414))
GLOBAL_UNIT_ASSIGNED_CONTEXT((#13432,#13434,#13435))
REPRESENTATION_CONTEXT('','3D')
);
#13428=(
GEOMETRIC_REPRESENTATION_CONTEXT(3)
GLOBAL_UNCERTAINTY_ASSIGNED_CONTEXT((#13415))
GLOBAL_UNIT_ASSIGNED_CONTEXT((#13432,#13434,#13435))
REPRESENTATION_CONTEXT('','3D')
);
#13429=(
GEOMETRIC_REPRESENTATION_CONTEXT(3)
GLOBAL_UNCERTAINTY_ASSIGNED_CONTEXT((#13416))
GLOBAL_UNIT_ASSIGNED_CONTEXT((#13432,#13434,#13435))
REPRESENTATION_CONTEXT('','3D')
);
#13430=(
GEOMETRIC_REPRESENTATION_CONTEXT(3)
GLOBAL_UNCERTAINTY_ASSIGNED_CONTEXT((#13417))
GLOBAL_UNIT_ASSIGNED_CONTEXT((#13432,#13434,#13435))
REPRESENTATION_CONTEXT('','3D')
);
#13431=(
GEOMETRIC_REPRESENTATION_CONTEXT(3)
GLOBAL_UNCERTAINTY_ASSIGNED_CONTEXT((#13418))
GLOBAL_UNIT_ASSIGNED_CONTEXT((#13432,#13434,#13435))
REPRESENTATION_CONTEXT('','3D')
);
#13432=(
LENGTH_UNIT()
NAMED_UNIT(*)
SI_UNIT(.MILLI.,.METRE.)
);
#13433=(
LENGTH_UNIT()
NAMED_UNIT(*)
SI_UNIT($,.METRE.)
);
#13434=(
NAMED_UNIT(*)
PLANE_ANGLE_UNIT()
SI_UNIT($,.RADIAN.)
);
#13435=(
NAMED_UNIT(*)
SI_UNIT($,.STERADIAN.)
SOLID_ANGLE_UNIT()
);
#13436=SHAPE_DEFINITION_REPRESENTATION(#13448,#13473);
#13437=SHAPE_DEFINITION_REPRESENTATION(#13449,#13474);
#13438=SHAPE_DEFINITION_REPRESENTATION(#13450,#13475);
#13439=SHAPE_DEFINITION_REPRESENTATION(#13451,#13476);
#13440=SHAPE_DEFINITION_REPRESENTATION(#13454,#13477);
#13441=SHAPE_DEFINITION_REPRESENTATION(#13455,#13478);
#13442=SHAPE_DEFINITION_REPRESENTATION(#13456,#13479);
#13443=SHAPE_DEFINITION_REPRESENTATION(#13457,#13480);
#13444=SHAPE_DEFINITION_REPRESENTATION(#13460,#13481);
#13445=SHAPE_DEFINITION_REPRESENTATION(#13461,#13482);
#13446=SHAPE_DEFINITION_REPRESENTATION(#13462,#13483);
#13447=SHAPE_DEFINITION_REPRESENTATION(#13463,#13484);
#13448=PRODUCT_DEFINITION_SHAPE('',$,#13486);
#13449=PRODUCT_DEFINITION_SHAPE('',$,#13487);
#13450=PRODUCT_DEFINITION_SHAPE('',$,#13488);
#13451=PRODUCT_DEFINITION_SHAPE('',$,#13489);
#13452=PRODUCT_DEFINITION_SHAPE($,$,#182);
#13453=PRODUCT_DEFINITION_SHAPE($,$,#183);
#13454=PRODUCT_DEFINITION_SHAPE('',$,#13490);
#13455=PRODUCT_DEFINITION_SHAPE('',$,#13491);
#13456=PRODUCT_DEFINITION_SHAPE('',$,#13492);
#13457=PRODUCT_DEFINITION_SHAPE('',$,#13493);
#13458=PRODUCT_DEFINITION_SHAPE($,$,#184);
#13459=PRODUCT_DEFINITION_SHAPE($,$,#185);
#13460=PRODUCT_DEFINITION_SHAPE('',$,#13494);
#13461=PRODUCT_DEFINITION_SHAPE('',$,#13495);
#13462=PRODUCT_DEFINITION_SHAPE('',$,#13496);
#13463=PRODUCT_DEFINITION_SHAPE('',$,#13497);
#13464=PRODUCT_DEFINITION_SHAPE($,$,#186);
#13465=PRODUCT_DEFINITION_SHAPE($,$,#187);
#13466=PRODUCT_DEFINITION_SHAPE($,$,#188);
#13467=PRODUCT_DEFINITION_SHAPE($,$,#189);
#13468=PRODUCT_DEFINITION_SHAPE($,$,#190);
#13469=PRODUCT_DEFINITION_SHAPE($,$,#191);
#13470=PRODUCT_DEFINITION_SHAPE($,$,#192);
#13471=PRODUCT_DEFINITION_SHAPE($,$,#193);
#13472=PRODUCT_DEFINITION_SHAPE($,$,#194);
#13473=SHAPE_REPRESENTATION('',(#7972,#8753,#8754,#8755,#8756,#8757,#8758,
#8759,#8760,#8761),#13419);
#13474=SHAPE_REPRESENTATION('',(#7973,#7992,#7993),#13420);
#13475=SHAPE_REPRESENTATION('',(#7974),#13421);
#13476=SHAPE_REPRESENTATION('',(#7983),#13422);
#13477=SHAPE_REPRESENTATION('',(#7994),#13423);
#13478=SHAPE_REPRESENTATION('',(#8185,#8220,#8221),#13424);
#13479=SHAPE_REPRESENTATION('',(#8186),#13425);
#13480=SHAPE_REPRESENTATION('',(#8203),#13426);
#13481=SHAPE_REPRESENTATION('',(#8222),#13427);
#13482=SHAPE_REPRESENTATION('',(#8347),#13428);
#13483=SHAPE_REPRESENTATION('',(#8715),#13429);
#13484=SHAPE_REPRESENTATION('',(#8734),#13430);
#13485=PRODUCT_DEFINITION_CONTEXT('part definition',#13523,'design');
#13486=PRODUCT_DEFINITION('BSFC_SetupPortable4_2',
'BSFC_SetupPortable4_2 v29',#13498,#13485);
#13487=PRODUCT_DEFINITION('SpacerFrame','SpacerFrame',#13499,#13485);
#13488=PRODUCT_DEFINITION('Long','Long',#13500,#13485);
#13489=PRODUCT_DEFINITION('Short','Short',#13501,#13485);
#13490=PRODUCT_DEFINITION('FrameLeft','FrameLeft',#13502,#13485);
#13491=PRODUCT_DEFINITION('SpacerAccessory','SpacerAccessory',#13503,#13485);
#13492=PRODUCT_DEFINITION('SpacerAccessory (1)','SpacerAccessory (1)',#13504,
#13485);
#13493=PRODUCT_DEFINITION('SpacerAccessory (1) (1)',
'SpacerAccessory (1) (1)',#13505,#13485);
#13494=PRODUCT_DEFINITION('Handle','Handle',#13506,#13485);
#13495=PRODUCT_DEFINITION('FrameRight','FrameRight',#13507,#13485);
#13496=PRODUCT_DEFINITION(
'91292A111_NO THREADS_18-8 Stainless Steel Socket Head Screw',
'SHCS_M3x8 v1',#13508,#13485);
#13497=PRODUCT_DEFINITION(
'91292A111_NO THREADS_18-8 Stainless Steel Socket Head Screw_1',
'SHCS_M3x16 v1',#13509,#13485);
#13498=PRODUCT_DEFINITION_FORMATION('',$,#13525);
#13499=PRODUCT_DEFINITION_FORMATION('',$,#13526);
#13500=PRODUCT_DEFINITION_FORMATION('',$,#13527);
#13501=PRODUCT_DEFINITION_FORMATION('',$,#13528);
#13502=PRODUCT_DEFINITION_FORMATION('',$,#13529);
#13503=PRODUCT_DEFINITION_FORMATION('',$,#13530);
#13504=PRODUCT_DEFINITION_FORMATION('',$,#13531);
#13505=PRODUCT_DEFINITION_FORMATION('',$,#13532);
#13506=PRODUCT_DEFINITION_FORMATION('',$,#13533);
#13507=PRODUCT_DEFINITION_FORMATION('',$,#13534);
#13508=PRODUCT_DEFINITION_FORMATION('',$,#13535);
#13509=PRODUCT_DEFINITION_FORMATION('',$,#13536);
#13510=PRODUCT_RELATED_PRODUCT_CATEGORY('BSFC_SetupPortable4_2 v29',
'BSFC_SetupPortable4_2 v29',(#13525));
#13511=PRODUCT_RELATED_PRODUCT_CATEGORY('SpacerFrame','SpacerFrame',(#13526));
#13512=PRODUCT_RELATED_PRODUCT_CATEGORY('Long','Long',(#13527));
#13513=PRODUCT_RELATED_PRODUCT_CATEGORY('Short','Short',(#13528));
#13514=PRODUCT_RELATED_PRODUCT_CATEGORY('FrameLeft','FrameLeft',(#13529));
#13515=PRODUCT_RELATED_PRODUCT_CATEGORY('SpacerAccessory',
'SpacerAccessory',(#13530));
#13516=PRODUCT_RELATED_PRODUCT_CATEGORY('SpacerAccessory (1)',
'SpacerAccessory (1)',(#13531));
#13517=PRODUCT_RELATED_PRODUCT_CATEGORY('SpacerAccessory (1) (1)',
'SpacerAccessory (1) (1)',(#13532));
#13518=PRODUCT_RELATED_PRODUCT_CATEGORY('Handle','Handle',(#13533));
#13519=PRODUCT_RELATED_PRODUCT_CATEGORY('FrameRight','FrameRight',(#13534));
#13520=PRODUCT_RELATED_PRODUCT_CATEGORY('SHCS_M3x8 v1','SHCS_M3x8 v1',(#13535));
#13521=PRODUCT_RELATED_PRODUCT_CATEGORY('SHCS_M3x16 v1','SHCS_M3x16 v1',
(#13536));
#13522=APPLICATION_PROTOCOL_DEFINITION('international standard',
'automotive_design',2009,#13523);
#13523=APPLICATION_CONTEXT(
'Core Data for Automotive Mechanical Design Process');
#13524=PRODUCT_CONTEXT('part definition',#13523,'mechanical');
#13525=PRODUCT('BSFC_SetupPortable4_2','BSFC_SetupPortable4_2 v29',$,(#13524));
#13526=PRODUCT('SpacerFrame','SpacerFrame',$,(#13524));
#13527=PRODUCT('Long','Long',$,(#13524));
#13528=PRODUCT('Short','Short',$,(#13524));
#13529=PRODUCT('FrameLeft','FrameLeft',$,(#13524));
#13530=PRODUCT('SpacerAccessory','SpacerAccessory',$,(#13524));
#13531=PRODUCT('SpacerAccessory (1)','SpacerAccessory (1)',$,(#13524));
#13532=PRODUCT('SpacerAccessory (1) (1)','SpacerAccessory (1) (1)',$,(#13524));
#13533=PRODUCT('Handle','Handle',$,(#13524));
#13534=PRODUCT('FrameRight','FrameRight',$,(#13524));
#13535=PRODUCT(
'91292A111_NO THREADS_18-8 Stainless Steel Socket Head Screw',
'SHCS_M3x8 v1','STEP AP203',(#13524));
#13536=PRODUCT(
'91292A111_NO THREADS_18-8 Stainless Steel Socket Head Screw_1',
'SHCS_M3x16 v1','STEP AP203',(#13524));
#13537=PRESENTATION_STYLE_ASSIGNMENT((#13541));
#13538=PRESENTATION_STYLE_ASSIGNMENT((#13542));
#13539=PRESENTATION_STYLE_ASSIGNMENT((#13543));
#13540=PRESENTATION_STYLE_ASSIGNMENT((#13544));
#13541=SURFACE_STYLE_USAGE(.BOTH.,#13545);
#13542=SURFACE_STYLE_USAGE(.BOTH.,#13546);
#13543=SURFACE_STYLE_USAGE(.BOTH.,#13547);
#13544=SURFACE_STYLE_USAGE(.BOTH.,#13548);
#13545=SURFACE_SIDE_STYLE('',(#13549));
#13546=SURFACE_SIDE_STYLE('',(#13550));
#13547=SURFACE_SIDE_STYLE('',(#13551));
#13548=SURFACE_SIDE_STYLE('',(#13552));
#13549=SURFACE_STYLE_FILL_AREA(#13553);
#13550=SURFACE_STYLE_FILL_AREA(#13554);
#13551=SURFACE_STYLE_FILL_AREA(#13555);
#13552=SURFACE_STYLE_FILL_AREA(#13556);
#13553=FILL_AREA_STYLE('Powder Coat - Rough (Black)',(#13557));
#13554=FILL_AREA_STYLE('Steel - Satin',(#13558));
#13555=FILL_AREA_STYLE('Powder Coat - Rough (Black)',(#13559));
#13556=FILL_AREA_STYLE('ABS (White)',(#13560));
#13557=FILL_AREA_STYLE_COLOUR('Powder Coat - Rough (Black)',#13561);
#13558=FILL_AREA_STYLE_COLOUR('Steel - Satin',#13562);
#13559=FILL_AREA_STYLE_COLOUR('Powder Coat - Rough (Black)',#13563);
#13560=FILL_AREA_STYLE_COLOUR('ABS (White)',#13564);
#13561=COLOUR_RGB('Powder Coat - Rough (Black)',0.0980392156862745,0.0980392156862745,
0.0980392156862745);
#13562=COLOUR_RGB('Steel - Satin',0.627450980392157,0.627450980392157,0.627450980392157);
#13563=COLOUR_RGB('Powder Coat - Rough (Black)',0.23921568627451,0.231372549019608,
0.231372549019608);
#13564=COLOUR_RGB('ABS (White)',0.964705882352941,0.964705882352941,0.952941176470588);
ENDSEC;
END-ISO-10303-21;
