ISO-10303-21;
HEADER;
/* Generated by software containing ST-Developer
 * from STEP Tools, Inc. (www.steptools.com) 
 */

FILE_DESCRIPTION(
/* description */ (''),
/* implementation_level */ '2;1');

FILE_NAME(
/* name */ 'BSFC_Portable_SplitFrame.step',
/* time_stamp */ '2026-07-31T16:20:32+03:00',
/* author */ (''),
/* organization */ (''),
/* preprocessor_version */ 'ST-DEVELOPER v20.1',
/* originating_system */ 'Autodesk Translation Framework v15.8.0.0',
/* authorisation */ '');

FILE_SCHEMA (('AUTOMOTIVE_DESIGN { 1 0 10303 214 3 1 1 }'));
ENDSEC;

DATA;
#10=MECHANICAL_DESIGN_GEOMETRIC_PRESENTATION_REPRESENTATION('',(#33,#34,
#35,#36,#37),#19775);
#11=ITEM_DEFINED_TRANSFORMATION($,$,#11765,#12904);
#12=ITEM_DEFINED_TRANSFORMATION($,$,#12007,#12905);
#13=(
REPRESENTATION_RELATIONSHIP($,$,#19789,#19788)
REPRESENTATION_RELATIONSHIP_WITH_TRANSFORMATION(#11)
SHAPE_REPRESENTATION_RELATIONSHIP()
);
#14=(
REPRESENTATION_RELATIONSHIP($,$,#19790,#19788)
REPRESENTATION_RELATIONSHIP_WITH_TRANSFORMATION(#12)
SHAPE_REPRESENTATION_RELATIONSHIP()
);
#15=CONTEXT_DEPENDENT_SHAPE_REPRESENTATION(#13,#19786);
#16=CONTEXT_DEPENDENT_SHAPE_REPRESENTATION(#14,#19787);
#17=NEXT_ASSEMBLY_USAGE_OCCURRENCE('FrameLeft:1','FrameLeft:1',
'FrameLeft:1',#19792,#19793,'FrameLeft:1');
#18=NEXT_ASSEMBLY_USAGE_OCCURRENCE('FrameRight:1','FrameRight:1',
'FrameRight:1',#19792,#19794,'FrameRight:1');
#19=SPHERICAL_SURFACE('',#12802,1.);
#20=SPHERICAL_SURFACE('',#12808,1.);
#21=SPHERICAL_SURFACE('',#12815,1.);
#22=SPHERICAL_SURFACE('',#12821,1.);
#23=SPHERICAL_SURFACE('',#12850,1.);
#24=SPHERICAL_SURFACE('',#12856,1.);
#25=SPHERICAL_SURFACE('',#12863,1.);
#26=SPHERICAL_SURFACE('',#12868,1.);
#27=SHAPE_REPRESENTATION_RELATIONSHIP('SRR','None',#19789,#30);
#28=SHAPE_REPRESENTATION_RELATIONSHIP('SRR','None',#19790,#31);
#29=SHAPE_REPRESENTATION_RELATIONSHIP('SRR','None',#19788,#32);
#30=ADVANCED_BREP_SHAPE_REPRESENTATION('',(#38),#19773);
#31=ADVANCED_BREP_SHAPE_REPRESENTATION('',(#39),#19774);
#32=ADVANCED_BREP_SHAPE_REPRESENTATION('',(#40,#41,#42),#19772);
#33=STYLED_ITEM('',(#19810),#38);
#34=STYLED_ITEM('',(#19810),#39);
#35=STYLED_ITEM('',(#19810),#40);
#36=STYLED_ITEM('',(#19810),#41);
#37=STYLED_ITEM('',(#19810),#42);
#38=MANIFOLD_SOLID_BREP('FrameLeft',#11736);
#39=MANIFOLD_SOLID_BREP('Body2',#11737);
#40=MANIFOLD_SOLID_BREP('FrameRight',#11738);
#41=MANIFOLD_SOLID_BREP('Body5',#11739);
#42=MANIFOLD_SOLID_BREP('BowtieClamp',#11740);
#43=FACE_BOUND('',#1283,.T.);
#44=FACE_BOUND('',#1284,.T.);
#45=FACE_BOUND('',#1285,.T.);
#46=FACE_BOUND('',#1286,.T.);
#47=FACE_BOUND('',#1386,.T.);
#48=FACE_BOUND('',#1387,.T.);
#49=FACE_BOUND('',#1388,.T.);
#50=FACE_BOUND('',#1389,.T.);
#51=FACE_BOUND('',#1466,.T.);
#52=FACE_BOUND('',#1467,.T.);
#53=FACE_BOUND('',#1468,.T.);
#54=FACE_BOUND('',#1469,.T.);
#55=FACE_BOUND('',#1483,.T.);
#56=FACE_BOUND('',#1484,.T.);
#57=FACE_BOUND('',#1485,.T.);
#58=FACE_BOUND('',#1486,.T.);
#59=FACE_BOUND('',#1596,.T.);
#60=FACE_BOUND('',#1602,.T.);
#61=FACE_BOUND('',#1642,.T.);
#62=FACE_BOUND('',#1643,.T.);
#63=FACE_BOUND('',#1644,.T.);
#64=FACE_BOUND('',#1645,.T.);
#65=FACE_BOUND('',#1751,.T.);
#66=FACE_BOUND('',#1752,.T.);
#67=FACE_BOUND('',#1753,.T.);
#68=FACE_BOUND('',#1754,.T.);
#69=FACE_BOUND('',#1846,.T.);
#70=FACE_BOUND('',#1847,.T.);
#71=FACE_BOUND('',#1874,.T.);
#72=FACE_BOUND('',#1875,.T.);
#73=CONICAL_SURFACE('',#11799,1.2,0.785398163397446);
#74=CONICAL_SURFACE('',#11802,1.20000000000001,0.785398163397465);
#75=CONICAL_SURFACE('',#11859,3.40000000000375,0.785398163397444);
#76=CONICAL_SURFACE('',#11862,6.60000000000013,0.785398163397443);
#77=CONICAL_SURFACE('',#11865,6.60000000000005,0.785398163397444);
#78=CONICAL_SURFACE('',#11868,3.40000000000398,0.785398163397443);
#79=CONICAL_SURFACE('',#11875,3.40000000000375,0.785398163397443);
#80=CONICAL_SURFACE('',#11878,6.60000000000013,0.785398163397443);
#81=CONICAL_SURFACE('',#11880,6.60000000000005,0.785398163397443);
#82=CONICAL_SURFACE('',#11883,3.40000000000398,0.785398163397443);
#83=CONICAL_SURFACE('',#11924,4.2,0.785398163397447);
#84=CONICAL_SURFACE('',#11927,4.2,0.785398163397446);
#85=CONICAL_SURFACE('',#11929,4.2,0.785398163397447);
#86=CONICAL_SURFACE('',#11931,4.2,0.785398163397446);
#87=CONICAL_SURFACE('',#11933,17.7,0.78539816339745);
#88=CONICAL_SURFACE('',#11935,17.3,0.785398163397447);
#89=CONICAL_SURFACE('',#11937,17.3,0.785398163397434);
#90=CONICAL_SURFACE('',#11939,17.3,0.785398163397434);
#91=CONICAL_SURFACE('',#11941,17.3,0.785398163397468);
#92=CONICAL_SURFACE('',#11944,17.7,0.785398163397438);
#93=CONICAL_SURFACE('',#11946,6.275,0.785398163397437);
#94=CONICAL_SURFACE('',#11948,6.275,0.785398163397437);
#95=CONICAL_SURFACE('',#11956,17.7,0.785398163397438);
#96=CONICAL_SURFACE('',#11958,17.7,0.78539816339745);
#97=CONICAL_SURFACE('',#11961,17.3,0.785398163397447);
#98=CONICAL_SURFACE('',#11964,17.3,0.785398163397434);
#99=CONICAL_SURFACE('',#11967,17.3,0.785398163397434);
#100=CONICAL_SURFACE('',#11970,17.3,0.785398163397468);
#101=CONICAL_SURFACE('',#11975,3.4,0.785398163397438);
#102=CONICAL_SURFACE('',#11978,3.4,0.785398163397437);
#103=CONICAL_SURFACE('',#11984,3.4,0.785398163397437);
#104=CONICAL_SURFACE('',#11987,3.4,0.785398163397438);
#105=CONICAL_SURFACE('',#11992,6.275,0.785398163397437);
#106=CONICAL_SURFACE('',#11998,6.275,0.785398163397437);
#107=CONICAL_SURFACE('',#12041,1.2,0.785398163397436);
#108=CONICAL_SURFACE('',#12044,1.2,0.785398163397445);
#109=CONICAL_SURFACE('',#12059,3.40000000000375,0.785398163397444);
#110=CONICAL_SURFACE('',#12062,3.40000000000375,0.785398163397443);
#111=CONICAL_SURFACE('',#12066,6.60000000000013,0.785398163397443);
#112=CONICAL_SURFACE('',#12069,6.60000000000013,0.785398163397443);
#113=CONICAL_SURFACE('',#12071,6.60000000000005,0.785398163397444);
#114=CONICAL_SURFACE('',#12074,6.60000000000005,0.785398163397443);
#115=CONICAL_SURFACE('',#12078,3.40000000000398,0.785398163397443);
#116=CONICAL_SURFACE('',#12081,3.40000000000398,0.785398163397443);
#117=CONICAL_SURFACE('',#12231,3.30000000000001,0.785398163397454);
#118=CONICAL_SURFACE('',#12234,3.30000000000228,0.785398163397449);
#119=CONICAL_SURFACE('',#12240,3.3,0.785398163397436);
#120=CONICAL_SURFACE('',#12243,3.30000000000227,0.785398163397437);
#121=CONICAL_SURFACE('',#12250,17.7,0.785398163397453);
#122=CONICAL_SURFACE('',#12253,17.3,0.785398163397446);
#123=CONICAL_SURFACE('',#12256,17.3,0.78539816339745);
#124=CONICAL_SURFACE('',#12259,17.3,0.785398163397442);
#125=CONICAL_SURFACE('',#12262,17.3,0.785398163397467);
#126=CONICAL_SURFACE('',#12265,17.7,0.785398163397441);
#127=CONICAL_SURFACE('',#12272,6.275,0.785398163397437);
#128=CONICAL_SURFACE('',#12276,6.275,0.785398163397437);
#129=CONICAL_SURFACE('',#12281,1.8,0.785398163397448);
#130=CONICAL_SURFACE('',#12284,1.8,0.785398163397437);
#131=CONICAL_SURFACE('',#12290,1.8,0.785398163397448);
#132=CONICAL_SURFACE('',#12293,1.8,0.785398163397448);
#133=CONICAL_SURFACE('',#12299,17.3,0.785398163397446);
#134=CONICAL_SURFACE('',#12302,17.3,0.78539816339745);
#135=CONICAL_SURFACE('',#12305,17.3,0.785398163397442);
#136=CONICAL_SURFACE('',#12308,17.3,0.785398163397467);
#137=CONICAL_SURFACE('',#12311,17.7,0.785398163397441);
#138=CONICAL_SURFACE('',#12315,17.7,0.785398163397453);
#139=CONICAL_SURFACE('',#12316,6.275,0.785398163397437);
#140=CONICAL_SURFACE('',#12317,6.275,0.785398163397437);
#141=CONICAL_SURFACE('',#12375,1.20000000000001,0.785398163397465);
#142=CONICAL_SURFACE('',#12378,1.2,0.785398163397446);
#143=CONICAL_SURFACE('',#12437,3.40000000000375,0.785398163397443);
#144=CONICAL_SURFACE('',#12440,6.60000000000013,0.785398163397443);
#145=CONICAL_SURFACE('',#12442,6.60000000000005,0.785398163397443);
#146=CONICAL_SURFACE('',#12445,3.40000000000398,0.785398163397443);
#147=CONICAL_SURFACE('',#12455,3.40000000000375,0.785398163397444);
#148=CONICAL_SURFACE('',#12458,6.60000000000013,0.785398163397443);
#149=CONICAL_SURFACE('',#12461,6.60000000000005,0.785398163397444);
#150=CONICAL_SURFACE('',#12464,3.40000000000398,0.785398163397443);
#151=CONICAL_SURFACE('',#12485,4.2,0.785398163397447);
#152=CONICAL_SURFACE('',#12487,4.2,0.785398163397446);
#153=CONICAL_SURFACE('',#12493,4.2,0.785398163397447);
#154=CONICAL_SURFACE('',#12496,4.2,0.785398163397446);
#155=CONICAL_SURFACE('',#12497,6.275,0.785398163397437);
#156=CONICAL_SURFACE('',#12499,6.275,0.785398163397437);
#157=CONICAL_SURFACE('',#12501,17.7,0.78539816339745);
#158=CONICAL_SURFACE('',#12504,17.3,0.785398163397447);
#159=CONICAL_SURFACE('',#12507,17.3,0.785398163397434);
#160=CONICAL_SURFACE('',#12510,17.3,0.785398163397434);
#161=CONICAL_SURFACE('',#12513,17.3,0.785398163397468);
#162=CONICAL_SURFACE('',#12516,17.7,0.785398163397438);
#163=CONICAL_SURFACE('',#12519,6.275,0.785398163397437);
#164=CONICAL_SURFACE('',#12523,6.275,0.785398163397437);
#165=CONICAL_SURFACE('',#12528,3.4,0.785398163397437);
#166=CONICAL_SURFACE('',#12531,3.4,0.785398163397438);
#167=CONICAL_SURFACE('',#12537,3.4,0.785398163397438);
#168=CONICAL_SURFACE('',#12540,3.4,0.785398163397437);
#169=CONICAL_SURFACE('',#12558,17.7,0.785398163397438);
#170=CONICAL_SURFACE('',#12560,17.7,0.78539816339745);
#171=CONICAL_SURFACE('',#12563,17.3,0.785398163397447);
#172=CONICAL_SURFACE('',#12566,17.3,0.785398163397434);
#173=CONICAL_SURFACE('',#12569,17.3,0.785398163397434);
#174=CONICAL_SURFACE('',#12572,17.3,0.785398163397468);
#175=CONICAL_SURFACE('',#12648,1.2,0.785398163397445);
#176=CONICAL_SURFACE('',#12651,1.2,0.785398163397436);
#177=CONICAL_SURFACE('',#12664,3.40000000000375,0.785398163397444);
#178=CONICAL_SURFACE('',#12667,3.40000000000375,0.785398163397443);
#179=CONICAL_SURFACE('',#12671,6.60000000000013,0.785398163397443);
#180=CONICAL_SURFACE('',#12674,6.60000000000013,0.785398163397443);
#181=CONICAL_SURFACE('',#12676,6.60000000000005,0.785398163397444);
#182=CONICAL_SURFACE('',#12679,6.60000000000005,0.785398163397443);
#183=CONICAL_SURFACE('',#12683,3.40000000000398,0.785398163397443);
#184=CONICAL_SURFACE('',#12686,3.40000000000398,0.785398163397443);
#185=CONICAL_SURFACE('',#12725,6.275,0.785398163397437);
#186=CONICAL_SURFACE('',#12729,6.275,0.785398163397437);
#187=CONICAL_SURFACE('',#12734,17.7,0.785398163397453);
#188=CONICAL_SURFACE('',#12737,17.3,0.785398163397446);
#189=CONICAL_SURFACE('',#12740,17.3,0.78539816339745);
#190=CONICAL_SURFACE('',#12743,17.3,0.785398163397442);
#191=CONICAL_SURFACE('',#12746,17.3,0.785398163397467);
#192=CONICAL_SURFACE('',#12749,17.7,0.785398163397441);
#193=CONICAL_SURFACE('',#12773,6.275,0.785398163397437);
#194=CONICAL_SURFACE('',#12774,6.275,0.785398163397437);
#195=CONICAL_SURFACE('',#12776,17.7,0.785398163397453);
#196=CONICAL_SURFACE('',#12779,17.3,0.785398163397446);
#197=CONICAL_SURFACE('',#12782,17.3,0.78539816339745);
#198=CONICAL_SURFACE('',#12784,17.3,0.785398163397442);
#199=CONICAL_SURFACE('',#12786,17.3,0.785398163397467);
#200=CONICAL_SURFACE('',#12788,17.7,0.785398163397441);
#201=CONICAL_SURFACE('',#12834,0.7,0.785398163397448);
#202=CONICAL_SURFACE('',#12837,0.700000000000012,0.785398163397429);
#203=CONICAL_SURFACE('',#12872,0.700000000000012,0.785398163397429);
#204=CONICAL_SURFACE('',#12875,0.7,0.785398163397448);
#205=CONICAL_SURFACE('',#12883,0.7,0.785398163397448);
#206=CONICAL_SURFACE('',#12886,0.699999999999995,0.785398163397455);
#207=CONICAL_SURFACE('',#12896,0.7,0.785398163397448);
#208=CONICAL_SURFACE('',#12899,0.699999999999995,0.785398163397455);
#209=PLANE('',#11787);
#210=PLANE('',#11788);
#211=PLANE('',#11789);
#212=PLANE('',#11790);
#213=PLANE('',#11791);
#214=PLANE('',#11794);
#215=PLANE('',#11797);
#216=PLANE('',#11798);
#217=PLANE('',#11801);
#218=PLANE('',#11804);
#219=PLANE('',#11805);
#220=PLANE('',#11806);
#221=PLANE('',#11807);
#222=PLANE('',#11808);
#223=PLANE('',#11809);
#224=PLANE('',#11811);
#225=PLANE('',#11817);
#226=PLANE('',#11818);
#227=PLANE('',#11861);
#228=PLANE('',#11864);
#229=PLANE('',#11867);
#230=PLANE('',#11870);
#231=PLANE('',#11871);
#232=PLANE('',#11872);
#233=PLANE('',#11873);
#234=PLANE('',#11874);
#235=PLANE('',#11877);
#236=PLANE('',#11882);
#237=PLANE('',#11885);
#238=PLANE('',#11886);
#239=PLANE('',#11889);
#240=PLANE('',#11892);
#241=PLANE('',#11895);
#242=PLANE('',#11898);
#243=PLANE('',#11899);
#244=PLANE('',#11903);
#245=PLANE('',#11907);
#246=PLANE('',#11911);
#247=PLANE('',#11915);
#248=PLANE('',#11922);
#249=PLANE('',#11923);
#250=PLANE('',#11926);
#251=PLANE('',#11928);
#252=PLANE('',#11930);
#253=PLANE('',#11934);
#254=PLANE('',#11936);
#255=PLANE('',#11938);
#256=PLANE('',#11940);
#257=PLANE('',#11943);
#258=PLANE('',#11952);
#259=PLANE('',#11955);
#260=PLANE('',#11960);
#261=PLANE('',#11963);
#262=PLANE('',#11966);
#263=PLANE('',#11969);
#264=PLANE('',#11972);
#265=PLANE('',#11977);
#266=PLANE('',#11980);
#267=PLANE('',#11981);
#268=PLANE('',#11986);
#269=PLANE('',#11989);
#270=PLANE('',#11996);
#271=PLANE('',#11999);
#272=PLANE('',#12001);
#273=PLANE('',#12004);
#274=PLANE('',#12005);
#275=PLANE('',#12029);
#276=PLANE('',#12030);
#277=PLANE('',#12031);
#278=PLANE('',#12032);
#279=PLANE('',#12033);
#280=PLANE('',#12036);
#281=PLANE('',#12039);
#282=PLANE('',#12040);
#283=PLANE('',#12043);
#284=PLANE('',#12046);
#285=PLANE('',#12047);
#286=PLANE('',#12048);
#287=PLANE('',#12049);
#288=PLANE('',#12050);
#289=PLANE('',#12051);
#290=PLANE('',#12052);
#291=PLANE('',#12053);
#292=PLANE('',#12054);
#293=PLANE('',#12055);
#294=PLANE('',#12056);
#295=PLANE('',#12057);
#296=PLANE('',#12058);
#297=PLANE('',#12064);
#298=PLANE('',#12065);
#299=PLANE('',#12076);
#300=PLANE('',#12077);
#301=PLANE('',#12083);
#302=PLANE('',#12084);
#303=PLANE('',#12085);
#304=PLANE('',#12086);
#305=PLANE('',#12087);
#306=PLANE('',#12092);
#307=PLANE('',#12093);
#308=PLANE('',#12098);
#309=PLANE('',#12101);
#310=PLANE('',#12102);
#311=PLANE('',#12103);
#312=PLANE('',#12108);
#313=PLANE('',#12111);
#314=PLANE('',#12112);
#315=PLANE('',#12125);
#316=PLANE('',#12126);
#317=PLANE('',#12127);
#318=PLANE('',#12131);
#319=PLANE('',#12135);
#320=PLANE('',#12139);
#321=PLANE('',#12140);
#322=PLANE('',#12145);
#323=PLANE('',#12146);
#324=PLANE('',#12160);
#325=PLANE('',#12161);
#326=PLANE('',#12162);
#327=PLANE('',#12163);
#328=PLANE('',#12164);
#329=PLANE('',#12165);
#330=PLANE('',#12169);
#331=PLANE('',#12173);
#332=PLANE('',#12177);
#333=PLANE('',#12181);
#334=PLANE('',#12182);
#335=PLANE('',#12183);
#336=PLANE('',#12184);
#337=PLANE('',#12185);
#338=PLANE('',#12186);
#339=PLANE('',#12187);
#340=PLANE('',#12191);
#341=PLANE('',#12195);
#342=PLANE('',#12199);
#343=PLANE('',#12203);
#344=PLANE('',#12204);
#345=PLANE('',#12205);
#346=PLANE('',#12206);
#347=PLANE('',#12207);
#348=PLANE('',#12208);
#349=PLANE('',#12209);
#350=PLANE('',#12213);
#351=PLANE('',#12217);
#352=PLANE('',#12221);
#353=PLANE('',#12225);
#354=PLANE('',#12226);
#355=PLANE('',#12227);
#356=PLANE('',#12228);
#357=PLANE('',#12229);
#358=PLANE('',#12233);
#359=PLANE('',#12236);
#360=PLANE('',#12237);
#361=PLANE('',#12242);
#362=PLANE('',#12245);
#363=PLANE('',#12246);
#364=PLANE('',#12249);
#365=PLANE('',#12252);
#366=PLANE('',#12255);
#367=PLANE('',#12258);
#368=PLANE('',#12261);
#369=PLANE('',#12264);
#370=PLANE('',#12267);
#371=PLANE('',#12268);
#372=PLANE('',#12271);
#373=PLANE('',#12280);
#374=PLANE('',#12283);
#375=PLANE('',#12288);
#376=PLANE('',#12289);
#377=PLANE('',#12292);
#378=PLANE('',#12297);
#379=PLANE('',#12298);
#380=PLANE('',#12301);
#381=PLANE('',#12304);
#382=PLANE('',#12307);
#383=PLANE('',#12310);
#384=PLANE('',#12313);
#385=PLANE('',#12314);
#386=PLANE('',#12320);
#387=PLANE('',#12321);
#388=PLANE('',#12323);
#389=PLANE('',#12327);
#390=PLANE('',#12328);
#391=PLANE('',#12330);
#392=PLANE('',#12334);
#393=PLANE('',#12336);
#394=PLANE('',#12338);
#395=PLANE('',#12340);
#396=PLANE('',#12362);
#397=PLANE('',#12363);
#398=PLANE('',#12364);
#399=PLANE('',#12365);
#400=PLANE('',#12366);
#401=PLANE('',#12369);
#402=PLANE('',#12372);
#403=PLANE('',#12373);
#404=PLANE('',#12374);
#405=PLANE('',#12377);
#406=PLANE('',#12380);
#407=PLANE('',#12381);
#408=PLANE('',#12382);
#409=PLANE('',#12383);
#410=PLANE('',#12385);
#411=PLANE('',#12387);
#412=PLANE('',#12388);
#413=PLANE('',#12406);
#414=PLANE('',#12435);
#415=PLANE('',#12436);
#416=PLANE('',#12439);
#417=PLANE('',#12444);
#418=PLANE('',#12447);
#419=PLANE('',#12451);
#420=PLANE('',#12452);
#421=PLANE('',#12453);
#422=PLANE('',#12454);
#423=PLANE('',#12457);
#424=PLANE('',#12460);
#425=PLANE('',#12463);
#426=PLANE('',#12466);
#427=PLANE('',#12468);
#428=PLANE('',#12471);
#429=PLANE('',#12473);
#430=PLANE('',#12474);
#431=PLANE('',#12475);
#432=PLANE('',#12482);
#433=PLANE('',#12483);
#434=PLANE('',#12484);
#435=PLANE('',#12486);
#436=PLANE('',#12492);
#437=PLANE('',#12495);
#438=PLANE('',#12503);
#439=PLANE('',#12506);
#440=PLANE('',#12509);
#441=PLANE('',#12512);
#442=PLANE('',#12515);
#443=PLANE('',#12525);
#444=PLANE('',#12530);
#445=PLANE('',#12533);
#446=PLANE('',#12534);
#447=PLANE('',#12539);
#448=PLANE('',#12542);
#449=PLANE('',#12545);
#450=PLANE('',#12548);
#451=PLANE('',#12551);
#452=PLANE('',#12554);
#453=PLANE('',#12557);
#454=PLANE('',#12562);
#455=PLANE('',#12565);
#456=PLANE('',#12568);
#457=PLANE('',#12571);
#458=PLANE('',#12574);
#459=PLANE('',#12581);
#460=PLANE('',#12582);
#461=PLANE('',#12585);
#462=PLANE('',#12586);
#463=PLANE('',#12589);
#464=PLANE('',#12593);
#465=PLANE('',#12597);
#466=PLANE('',#12599);
#467=PLANE('',#12601);
#468=PLANE('',#12602);
#469=PLANE('',#12603);
#470=PLANE('',#12604);
#471=PLANE('',#12605);
#472=PLANE('',#12606);
#473=PLANE('',#12608);
#474=PLANE('',#12610);
#475=PLANE('',#12611);
#476=PLANE('',#12613);
#477=PLANE('',#12636);
#478=PLANE('',#12637);
#479=PLANE('',#12638);
#480=PLANE('',#12639);
#481=PLANE('',#12640);
#482=PLANE('',#12643);
#483=PLANE('',#12646);
#484=PLANE('',#12647);
#485=PLANE('',#12650);
#486=PLANE('',#12653);
#487=PLANE('',#12654);
#488=PLANE('',#12655);
#489=PLANE('',#12656);
#490=PLANE('',#12657);
#491=PLANE('',#12658);
#492=PLANE('',#12659);
#493=PLANE('',#12660);
#494=PLANE('',#12661);
#495=PLANE('',#12662);
#496=PLANE('',#12663);
#497=PLANE('',#12669);
#498=PLANE('',#12670);
#499=PLANE('',#12681);
#500=PLANE('',#12682);
#501=PLANE('',#12688);
#502=PLANE('',#12689);
#503=PLANE('',#12690);
#504=PLANE('',#12693);
#505=PLANE('',#12694);
#506=PLANE('',#12699);
#507=PLANE('',#12700);
#508=PLANE('',#12705);
#509=PLANE('',#12706);
#510=PLANE('',#12707);
#511=PLANE('',#12708);
#512=PLANE('',#12713);
#513=PLANE('',#12716);
#514=PLANE('',#12733);
#515=PLANE('',#12736);
#516=PLANE('',#12739);
#517=PLANE('',#12742);
#518=PLANE('',#12745);
#519=PLANE('',#12748);
#520=PLANE('',#12751);
#521=PLANE('',#12752);
#522=PLANE('',#12755);
#523=PLANE('',#12758);
#524=PLANE('',#12761);
#525=PLANE('',#12764);
#526=PLANE('',#12775);
#527=PLANE('',#12778);
#528=PLANE('',#12781);
#529=PLANE('',#12783);
#530=PLANE('',#12785);
#531=PLANE('',#12787);
#532=PLANE('',#12789);
#533=PLANE('',#12791);
#534=PLANE('',#12793);
#535=PLANE('',#12826);
#536=PLANE('',#12827);
#537=PLANE('',#12830);
#538=PLANE('',#12833);
#539=PLANE('',#12836);
#540=PLANE('',#12839);
#541=PLANE('',#12840);
#542=PLANE('',#12841);
#543=PLANE('',#12874);
#544=PLANE('',#12877);
#545=PLANE('',#12878);
#546=PLANE('',#12879);
#547=PLANE('',#12880);
#548=PLANE('',#12881);
#549=PLANE('',#12882);
#550=PLANE('',#12885);
#551=PLANE('',#12888);
#552=PLANE('',#12889);
#553=PLANE('',#12891);
#554=PLANE('',#12893);
#555=PLANE('',#12894);
#556=PLANE('',#12895);
#557=PLANE('',#12898);
#558=PLANE('',#12901);
#559=PLANE('',#12902);
#560=PLANE('',#12903);
#561=TOROIDAL_SURFACE('',#11773,2.,1.);
#562=TOROIDAL_SURFACE('',#11779,2.,1.);
#563=TOROIDAL_SURFACE('',#11838,2.64852813742785,0.6);
#564=TOROIDAL_SURFACE('',#11844,7.35147186257619,0.6);
#565=TOROIDAL_SURFACE('',#11847,7.35147186257626,0.6);
#566=TOROIDAL_SURFACE('',#11853,2.64852813742761,0.6);
#567=TOROIDAL_SURFACE('',#12015,2.,1.);
#568=TOROIDAL_SURFACE('',#12021,2.,1.);
#569=TOROIDAL_SURFACE('',#12351,2.,1.);
#570=TOROIDAL_SURFACE('',#12357,2.,1.);
#571=TOROIDAL_SURFACE('',#12412,2.64852813742785,0.6);
#572=TOROIDAL_SURFACE('',#12418,7.35147186257619,0.6);
#573=TOROIDAL_SURFACE('',#12423,7.35147186257626,0.6);
#574=TOROIDAL_SURFACE('',#12429,2.64852813742761,0.6);
#575=TOROIDAL_SURFACE('',#12625,2.,1.);
#576=TOROIDAL_SURFACE('',#12631,2.,1.);
#577=FACE_OUTER_BOUND('',#1252,.T.);
#578=FACE_OUTER_BOUND('',#1253,.T.);
#579=FACE_OUTER_BOUND('',#1254,.T.);
#580=FACE_OUTER_BOUND('',#1255,.T.);
#581=FACE_OUTER_BOUND('',#1256,.T.);
#582=FACE_OUTER_BOUND('',#1257,.T.);
#583=FACE_OUTER_BOUND('',#1258,.T.);
#584=FACE_OUTER_BOUND('',#1259,.T.);
#585=FACE_OUTER_BOUND('',#1260,.T.);
#586=FACE_OUTER_BOUND('',#1261,.T.);
#587=FACE_OUTER_BOUND('',#1262,.T.);
#588=FACE_OUTER_BOUND('',#1263,.T.);
#589=FACE_OUTER_BOUND('',#1264,.T.);
#590=FACE_OUTER_BOUND('',#1265,.T.);
#591=FACE_OUTER_BOUND('',#1266,.T.);
#592=FACE_OUTER_BOUND('',#1267,.T.);
#593=FACE_OUTER_BOUND('',#1268,.T.);
#594=FACE_OUTER_BOUND('',#1269,.T.);
#595=FACE_OUTER_BOUND('',#1270,.T.);
#596=FACE_OUTER_BOUND('',#1271,.T.);
#597=FACE_OUTER_BOUND('',#1272,.T.);
#598=FACE_OUTER_BOUND('',#1273,.T.);
#599=FACE_OUTER_BOUND('',#1274,.T.);
#600=FACE_OUTER_BOUND('',#1275,.T.);
#601=FACE_OUTER_BOUND('',#1276,.T.);
#602=FACE_OUTER_BOUND('',#1277,.T.);
#603=FACE_OUTER_BOUND('',#1278,.T.);
#604=FACE_OUTER_BOUND('',#1279,.T.);
#605=FACE_OUTER_BOUND('',#1280,.T.);
#606=FACE_OUTER_BOUND('',#1281,.T.);
#607=FACE_OUTER_BOUND('',#1282,.T.);
#608=FACE_OUTER_BOUND('',#1287,.T.);
#609=FACE_OUTER_BOUND('',#1288,.T.);
#610=FACE_OUTER_BOUND('',#1289,.T.);
#611=FACE_OUTER_BOUND('',#1290,.T.);
#612=FACE_OUTER_BOUND('',#1291,.T.);
#613=FACE_OUTER_BOUND('',#1292,.T.);
#614=FACE_OUTER_BOUND('',#1293,.T.);
#615=FACE_OUTER_BOUND('',#1294,.T.);
#616=FACE_OUTER_BOUND('',#1295,.T.);
#617=FACE_OUTER_BOUND('',#1296,.T.);
#618=FACE_OUTER_BOUND('',#1297,.T.);
#619=FACE_OUTER_BOUND('',#1298,.T.);
#620=FACE_OUTER_BOUND('',#1299,.T.);
#621=FACE_OUTER_BOUND('',#1300,.T.);
#622=FACE_OUTER_BOUND('',#1301,.T.);
#623=FACE_OUTER_BOUND('',#1302,.T.);
#624=FACE_OUTER_BOUND('',#1303,.T.);
#625=FACE_OUTER_BOUND('',#1304,.T.);
#626=FACE_OUTER_BOUND('',#1305,.T.);
#627=FACE_OUTER_BOUND('',#1306,.T.);
#628=FACE_OUTER_BOUND('',#1307,.T.);
#629=FACE_OUTER_BOUND('',#1308,.T.);
#630=FACE_OUTER_BOUND('',#1309,.T.);
#631=FACE_OUTER_BOUND('',#1310,.T.);
#632=FACE_OUTER_BOUND('',#1311,.T.);
#633=FACE_OUTER_BOUND('',#1312,.T.);
#634=FACE_OUTER_BOUND('',#1313,.T.);
#635=FACE_OUTER_BOUND('',#1314,.T.);
#636=FACE_OUTER_BOUND('',#1315,.T.);
#637=FACE_OUTER_BOUND('',#1316,.T.);
#638=FACE_OUTER_BOUND('',#1317,.T.);
#639=FACE_OUTER_BOUND('',#1318,.T.);
#640=FACE_OUTER_BOUND('',#1319,.T.);
#641=FACE_OUTER_BOUND('',#1320,.T.);
#642=FACE_OUTER_BOUND('',#1321,.T.);
#643=FACE_OUTER_BOUND('',#1322,.T.);
#644=FACE_OUTER_BOUND('',#1323,.T.);
#645=FACE_OUTER_BOUND('',#1324,.T.);
#646=FACE_OUTER_BOUND('',#1325,.T.);
#647=FACE_OUTER_BOUND('',#1326,.T.);
#648=FACE_OUTER_BOUND('',#1327,.T.);
#649=FACE_OUTER_BOUND('',#1328,.T.);
#650=FACE_OUTER_BOUND('',#1329,.T.);
#651=FACE_OUTER_BOUND('',#1330,.T.);
#652=FACE_OUTER_BOUND('',#1331,.T.);
#653=FACE_OUTER_BOUND('',#1332,.T.);
#654=FACE_OUTER_BOUND('',#1333,.T.);
#655=FACE_OUTER_BOUND('',#1334,.T.);
#656=FACE_OUTER_BOUND('',#1335,.T.);
#657=FACE_OUTER_BOUND('',#1336,.T.);
#658=FACE_OUTER_BOUND('',#1337,.T.);
#659=FACE_OUTER_BOUND('',#1338,.T.);
#660=FACE_OUTER_BOUND('',#1339,.T.);
#661=FACE_OUTER_BOUND('',#1340,.T.);
#662=FACE_OUTER_BOUND('',#1341,.T.);
#663=FACE_OUTER_BOUND('',#1342,.T.);
#664=FACE_OUTER_BOUND('',#1343,.T.);
#665=FACE_OUTER_BOUND('',#1344,.T.);
#666=FACE_OUTER_BOUND('',#1345,.T.);
#667=FACE_OUTER_BOUND('',#1346,.T.);
#668=FACE_OUTER_BOUND('',#1347,.T.);
#669=FACE_OUTER_BOUND('',#1348,.T.);
#670=FACE_OUTER_BOUND('',#1349,.T.);
#671=FACE_OUTER_BOUND('',#1350,.T.);
#672=FACE_OUTER_BOUND('',#1351,.T.);
#673=FACE_OUTER_BOUND('',#1352,.T.);
#674=FACE_OUTER_BOUND('',#1353,.T.);
#675=FACE_OUTER_BOUND('',#1354,.T.);
#676=FACE_OUTER_BOUND('',#1355,.T.);
#677=FACE_OUTER_BOUND('',#1356,.T.);
#678=FACE_OUTER_BOUND('',#1357,.T.);
#679=FACE_OUTER_BOUND('',#1358,.T.);
#680=FACE_OUTER_BOUND('',#1359,.T.);
#681=FACE_OUTER_BOUND('',#1360,.T.);
#682=FACE_OUTER_BOUND('',#1361,.T.);
#683=FACE_OUTER_BOUND('',#1362,.T.);
#684=FACE_OUTER_BOUND('',#1363,.T.);
#685=FACE_OUTER_BOUND('',#1364,.T.);
#686=FACE_OUTER_BOUND('',#1365,.T.);
#687=FACE_OUTER_BOUND('',#1366,.T.);
#688=FACE_OUTER_BOUND('',#1367,.T.);
#689=FACE_OUTER_BOUND('',#1368,.T.);
#690=FACE_OUTER_BOUND('',#1369,.T.);
#691=FACE_OUTER_BOUND('',#1370,.T.);
#692=FACE_OUTER_BOUND('',#1371,.T.);
#693=FACE_OUTER_BOUND('',#1372,.T.);
#694=FACE_OUTER_BOUND('',#1373,.T.);
#695=FACE_OUTER_BOUND('',#1374,.T.);
#696=FACE_OUTER_BOUND('',#1375,.T.);
#697=FACE_OUTER_BOUND('',#1376,.T.);
#698=FACE_OUTER_BOUND('',#1377,.T.);
#699=FACE_OUTER_BOUND('',#1378,.T.);
#700=FACE_OUTER_BOUND('',#1379,.T.);
#701=FACE_OUTER_BOUND('',#1380,.T.);
#702=FACE_OUTER_BOUND('',#1381,.T.);
#703=FACE_OUTER_BOUND('',#1382,.T.);
#704=FACE_OUTER_BOUND('',#1383,.T.);
#705=FACE_OUTER_BOUND('',#1384,.T.);
#706=FACE_OUTER_BOUND('',#1385,.T.);
#707=FACE_OUTER_BOUND('',#1390,.T.);
#708=FACE_OUTER_BOUND('',#1391,.T.);
#709=FACE_OUTER_BOUND('',#1392,.T.);
#710=FACE_OUTER_BOUND('',#1393,.T.);
#711=FACE_OUTER_BOUND('',#1394,.T.);
#712=FACE_OUTER_BOUND('',#1395,.T.);
#713=FACE_OUTER_BOUND('',#1396,.T.);
#714=FACE_OUTER_BOUND('',#1397,.T.);
#715=FACE_OUTER_BOUND('',#1398,.T.);
#716=FACE_OUTER_BOUND('',#1399,.T.);
#717=FACE_OUTER_BOUND('',#1400,.T.);
#718=FACE_OUTER_BOUND('',#1401,.T.);
#719=FACE_OUTER_BOUND('',#1402,.T.);
#720=FACE_OUTER_BOUND('',#1403,.T.);
#721=FACE_OUTER_BOUND('',#1404,.T.);
#722=FACE_OUTER_BOUND('',#1405,.T.);
#723=FACE_OUTER_BOUND('',#1406,.T.);
#724=FACE_OUTER_BOUND('',#1407,.T.);
#725=FACE_OUTER_BOUND('',#1408,.T.);
#726=FACE_OUTER_BOUND('',#1409,.T.);
#727=FACE_OUTER_BOUND('',#1410,.T.);
#728=FACE_OUTER_BOUND('',#1411,.T.);
#729=FACE_OUTER_BOUND('',#1412,.T.);
#730=FACE_OUTER_BOUND('',#1413,.T.);
#731=FACE_OUTER_BOUND('',#1414,.T.);
#732=FACE_OUTER_BOUND('',#1415,.T.);
#733=FACE_OUTER_BOUND('',#1416,.T.);
#734=FACE_OUTER_BOUND('',#1417,.T.);
#735=FACE_OUTER_BOUND('',#1418,.T.);
#736=FACE_OUTER_BOUND('',#1419,.T.);
#737=FACE_OUTER_BOUND('',#1420,.T.);
#738=FACE_OUTER_BOUND('',#1421,.T.);
#739=FACE_OUTER_BOUND('',#1422,.T.);
#740=FACE_OUTER_BOUND('',#1423,.T.);
#741=FACE_OUTER_BOUND('',#1424,.T.);
#742=FACE_OUTER_BOUND('',#1425,.T.);
#743=FACE_OUTER_BOUND('',#1426,.T.);
#744=FACE_OUTER_BOUND('',#1427,.T.);
#745=FACE_OUTER_BOUND('',#1428,.T.);
#746=FACE_OUTER_BOUND('',#1429,.T.);
#747=FACE_OUTER_BOUND('',#1430,.T.);
#748=FACE_OUTER_BOUND('',#1431,.T.);
#749=FACE_OUTER_BOUND('',#1432,.T.);
#750=FACE_OUTER_BOUND('',#1433,.T.);
#751=FACE_OUTER_BOUND('',#1434,.T.);
#752=FACE_OUTER_BOUND('',#1435,.T.);
#753=FACE_OUTER_BOUND('',#1436,.T.);
#754=FACE_OUTER_BOUND('',#1437,.T.);
#755=FACE_OUTER_BOUND('',#1438,.T.);
#756=FACE_OUTER_BOUND('',#1439,.T.);
#757=FACE_OUTER_BOUND('',#1440,.T.);
#758=FACE_OUTER_BOUND('',#1441,.T.);
#759=FACE_OUTER_BOUND('',#1442,.T.);
#760=FACE_OUTER_BOUND('',#1443,.T.);
#761=FACE_OUTER_BOUND('',#1444,.T.);
#762=FACE_OUTER_BOUND('',#1445,.T.);
#763=FACE_OUTER_BOUND('',#1446,.T.);
#764=FACE_OUTER_BOUND('',#1447,.T.);
#765=FACE_OUTER_BOUND('',#1448,.T.);
#766=FACE_OUTER_BOUND('',#1449,.T.);
#767=FACE_OUTER_BOUND('',#1450,.T.);
#768=FACE_OUTER_BOUND('',#1451,.T.);
#769=FACE_OUTER_BOUND('',#1452,.T.);
#770=FACE_OUTER_BOUND('',#1453,.T.);
#771=FACE_OUTER_BOUND('',#1454,.T.);
#772=FACE_OUTER_BOUND('',#1455,.T.);
#773=FACE_OUTER_BOUND('',#1456,.T.);
#774=FACE_OUTER_BOUND('',#1457,.T.);
#775=FACE_OUTER_BOUND('',#1458,.T.);
#776=FACE_OUTER_BOUND('',#1459,.T.);
#777=FACE_OUTER_BOUND('',#1460,.T.);
#778=FACE_OUTER_BOUND('',#1461,.T.);
#779=FACE_OUTER_BOUND('',#1462,.T.);
#780=FACE_OUTER_BOUND('',#1463,.T.);
#781=FACE_OUTER_BOUND('',#1464,.T.);
#782=FACE_OUTER_BOUND('',#1465,.T.);
#783=FACE_OUTER_BOUND('',#1470,.T.);
#784=FACE_OUTER_BOUND('',#1471,.T.);
#785=FACE_OUTER_BOUND('',#1472,.T.);
#786=FACE_OUTER_BOUND('',#1473,.T.);
#787=FACE_OUTER_BOUND('',#1474,.T.);
#788=FACE_OUTER_BOUND('',#1475,.T.);
#789=FACE_OUTER_BOUND('',#1476,.T.);
#790=FACE_OUTER_BOUND('',#1477,.T.);
#791=FACE_OUTER_BOUND('',#1478,.T.);
#792=FACE_OUTER_BOUND('',#1479,.T.);
#793=FACE_OUTER_BOUND('',#1480,.T.);
#794=FACE_OUTER_BOUND('',#1481,.T.);
#795=FACE_OUTER_BOUND('',#1482,.T.);
#796=FACE_OUTER_BOUND('',#1487,.T.);
#797=FACE_OUTER_BOUND('',#1488,.T.);
#798=FACE_OUTER_BOUND('',#1489,.T.);
#799=FACE_OUTER_BOUND('',#1490,.T.);
#800=FACE_OUTER_BOUND('',#1491,.T.);
#801=FACE_OUTER_BOUND('',#1492,.T.);
#802=FACE_OUTER_BOUND('',#1493,.T.);
#803=FACE_OUTER_BOUND('',#1494,.T.);
#804=FACE_OUTER_BOUND('',#1495,.T.);
#805=FACE_OUTER_BOUND('',#1496,.T.);
#806=FACE_OUTER_BOUND('',#1497,.T.);
#807=FACE_OUTER_BOUND('',#1498,.T.);
#808=FACE_OUTER_BOUND('',#1499,.T.);
#809=FACE_OUTER_BOUND('',#1500,.T.);
#810=FACE_OUTER_BOUND('',#1501,.T.);
#811=FACE_OUTER_BOUND('',#1502,.T.);
#812=FACE_OUTER_BOUND('',#1503,.T.);
#813=FACE_OUTER_BOUND('',#1504,.T.);
#814=FACE_OUTER_BOUND('',#1505,.T.);
#815=FACE_OUTER_BOUND('',#1506,.T.);
#816=FACE_OUTER_BOUND('',#1507,.T.);
#817=FACE_OUTER_BOUND('',#1508,.T.);
#818=FACE_OUTER_BOUND('',#1509,.T.);
#819=FACE_OUTER_BOUND('',#1510,.T.);
#820=FACE_OUTER_BOUND('',#1511,.T.);
#821=FACE_OUTER_BOUND('',#1512,.T.);
#822=FACE_OUTER_BOUND('',#1513,.T.);
#823=FACE_OUTER_BOUND('',#1514,.T.);
#824=FACE_OUTER_BOUND('',#1515,.T.);
#825=FACE_OUTER_BOUND('',#1516,.T.);
#826=FACE_OUTER_BOUND('',#1517,.T.);
#827=FACE_OUTER_BOUND('',#1518,.T.);
#828=FACE_OUTER_BOUND('',#1519,.T.);
#829=FACE_OUTER_BOUND('',#1520,.T.);
#830=FACE_OUTER_BOUND('',#1521,.T.);
#831=FACE_OUTER_BOUND('',#1522,.T.);
#832=FACE_OUTER_BOUND('',#1523,.T.);
#833=FACE_OUTER_BOUND('',#1524,.T.);
#834=FACE_OUTER_BOUND('',#1525,.T.);
#835=FACE_OUTER_BOUND('',#1526,.T.);
#836=FACE_OUTER_BOUND('',#1527,.T.);
#837=FACE_OUTER_BOUND('',#1528,.T.);
#838=FACE_OUTER_BOUND('',#1529,.T.);
#839=FACE_OUTER_BOUND('',#1530,.T.);
#840=FACE_OUTER_BOUND('',#1531,.T.);
#841=FACE_OUTER_BOUND('',#1532,.T.);
#842=FACE_OUTER_BOUND('',#1533,.T.);
#843=FACE_OUTER_BOUND('',#1534,.T.);
#844=FACE_OUTER_BOUND('',#1535,.T.);
#845=FACE_OUTER_BOUND('',#1536,.T.);
#846=FACE_OUTER_BOUND('',#1537,.T.);
#847=FACE_OUTER_BOUND('',#1538,.T.);
#848=FACE_OUTER_BOUND('',#1539,.T.);
#849=FACE_OUTER_BOUND('',#1540,.T.);
#850=FACE_OUTER_BOUND('',#1541,.T.);
#851=FACE_OUTER_BOUND('',#1542,.T.);
#852=FACE_OUTER_BOUND('',#1543,.T.);
#853=FACE_OUTER_BOUND('',#1544,.T.);
#854=FACE_OUTER_BOUND('',#1545,.T.);
#855=FACE_OUTER_BOUND('',#1546,.T.);
#856=FACE_OUTER_BOUND('',#1547,.T.);
#857=FACE_OUTER_BOUND('',#1548,.T.);
#858=FACE_OUTER_BOUND('',#1549,.T.);
#859=FACE_OUTER_BOUND('',#1550,.T.);
#860=FACE_OUTER_BOUND('',#1551,.T.);
#861=FACE_OUTER_BOUND('',#1552,.T.);
#862=FACE_OUTER_BOUND('',#1553,.T.);
#863=FACE_OUTER_BOUND('',#1554,.T.);
#864=FACE_OUTER_BOUND('',#1555,.T.);
#865=FACE_OUTER_BOUND('',#1556,.T.);
#866=FACE_OUTER_BOUND('',#1557,.T.);
#867=FACE_OUTER_BOUND('',#1558,.T.);
#868=FACE_OUTER_BOUND('',#1559,.T.);
#869=FACE_OUTER_BOUND('',#1560,.T.);
#870=FACE_OUTER_BOUND('',#1561,.T.);
#871=FACE_OUTER_BOUND('',#1562,.T.);
#872=FACE_OUTER_BOUND('',#1563,.T.);
#873=FACE_OUTER_BOUND('',#1564,.T.);
#874=FACE_OUTER_BOUND('',#1565,.T.);
#875=FACE_OUTER_BOUND('',#1566,.T.);
#876=FACE_OUTER_BOUND('',#1567,.T.);
#877=FACE_OUTER_BOUND('',#1568,.T.);
#878=FACE_OUTER_BOUND('',#1569,.T.);
#879=FACE_OUTER_BOUND('',#1570,.T.);
#880=FACE_OUTER_BOUND('',#1571,.T.);
#881=FACE_OUTER_BOUND('',#1572,.T.);
#882=FACE_OUTER_BOUND('',#1573,.T.);
#883=FACE_OUTER_BOUND('',#1574,.T.);
#884=FACE_OUTER_BOUND('',#1575,.T.);
#885=FACE_OUTER_BOUND('',#1576,.T.);
#886=FACE_OUTER_BOUND('',#1577,.T.);
#887=FACE_OUTER_BOUND('',#1578,.T.);
#888=FACE_OUTER_BOUND('',#1579,.T.);
#889=FACE_OUTER_BOUND('',#1580,.T.);
#890=FACE_OUTER_BOUND('',#1581,.T.);
#891=FACE_OUTER_BOUND('',#1582,.T.);
#892=FACE_OUTER_BOUND('',#1583,.T.);
#893=FACE_OUTER_BOUND('',#1584,.T.);
#894=FACE_OUTER_BOUND('',#1585,.T.);
#895=FACE_OUTER_BOUND('',#1586,.T.);
#896=FACE_OUTER_BOUND('',#1587,.T.);
#897=FACE_OUTER_BOUND('',#1588,.T.);
#898=FACE_OUTER_BOUND('',#1589,.T.);
#899=FACE_OUTER_BOUND('',#1590,.T.);
#900=FACE_OUTER_BOUND('',#1591,.T.);
#901=FACE_OUTER_BOUND('',#1592,.T.);
#902=FACE_OUTER_BOUND('',#1593,.T.);
#903=FACE_OUTER_BOUND('',#1594,.T.);
#904=FACE_OUTER_BOUND('',#1595,.T.);
#905=FACE_OUTER_BOUND('',#1597,.T.);
#906=FACE_OUTER_BOUND('',#1598,.T.);
#907=FACE_OUTER_BOUND('',#1599,.T.);
#908=FACE_OUTER_BOUND('',#1600,.T.);
#909=FACE_OUTER_BOUND('',#1601,.T.);
#910=FACE_OUTER_BOUND('',#1603,.T.);
#911=FACE_OUTER_BOUND('',#1604,.T.);
#912=FACE_OUTER_BOUND('',#1605,.T.);
#913=FACE_OUTER_BOUND('',#1606,.T.);
#914=FACE_OUTER_BOUND('',#1607,.T.);
#915=FACE_OUTER_BOUND('',#1608,.T.);
#916=FACE_OUTER_BOUND('',#1609,.T.);
#917=FACE_OUTER_BOUND('',#1610,.T.);
#918=FACE_OUTER_BOUND('',#1611,.T.);
#919=FACE_OUTER_BOUND('',#1612,.T.);
#920=FACE_OUTER_BOUND('',#1613,.T.);
#921=FACE_OUTER_BOUND('',#1614,.T.);
#922=FACE_OUTER_BOUND('',#1615,.T.);
#923=FACE_OUTER_BOUND('',#1616,.T.);
#924=FACE_OUTER_BOUND('',#1617,.T.);
#925=FACE_OUTER_BOUND('',#1618,.T.);
#926=FACE_OUTER_BOUND('',#1619,.T.);
#927=FACE_OUTER_BOUND('',#1620,.T.);
#928=FACE_OUTER_BOUND('',#1621,.T.);
#929=FACE_OUTER_BOUND('',#1622,.T.);
#930=FACE_OUTER_BOUND('',#1623,.T.);
#931=FACE_OUTER_BOUND('',#1624,.T.);
#932=FACE_OUTER_BOUND('',#1625,.T.);
#933=FACE_OUTER_BOUND('',#1626,.T.);
#934=FACE_OUTER_BOUND('',#1627,.T.);
#935=FACE_OUTER_BOUND('',#1628,.T.);
#936=FACE_OUTER_BOUND('',#1629,.T.);
#937=FACE_OUTER_BOUND('',#1630,.T.);
#938=FACE_OUTER_BOUND('',#1631,.T.);
#939=FACE_OUTER_BOUND('',#1632,.T.);
#940=FACE_OUTER_BOUND('',#1633,.T.);
#941=FACE_OUTER_BOUND('',#1634,.T.);
#942=FACE_OUTER_BOUND('',#1635,.T.);
#943=FACE_OUTER_BOUND('',#1636,.T.);
#944=FACE_OUTER_BOUND('',#1637,.T.);
#945=FACE_OUTER_BOUND('',#1638,.T.);
#946=FACE_OUTER_BOUND('',#1639,.T.);
#947=FACE_OUTER_BOUND('',#1640,.T.);
#948=FACE_OUTER_BOUND('',#1641,.T.);
#949=FACE_OUTER_BOUND('',#1646,.T.);
#950=FACE_OUTER_BOUND('',#1647,.T.);
#951=FACE_OUTER_BOUND('',#1648,.T.);
#952=FACE_OUTER_BOUND('',#1649,.T.);
#953=FACE_OUTER_BOUND('',#1650,.T.);
#954=FACE_OUTER_BOUND('',#1651,.T.);
#955=FACE_OUTER_BOUND('',#1652,.T.);
#956=FACE_OUTER_BOUND('',#1653,.T.);
#957=FACE_OUTER_BOUND('',#1654,.T.);
#958=FACE_OUTER_BOUND('',#1655,.T.);
#959=FACE_OUTER_BOUND('',#1656,.T.);
#960=FACE_OUTER_BOUND('',#1657,.T.);
#961=FACE_OUTER_BOUND('',#1658,.T.);
#962=FACE_OUTER_BOUND('',#1659,.T.);
#963=FACE_OUTER_BOUND('',#1660,.T.);
#964=FACE_OUTER_BOUND('',#1661,.T.);
#965=FACE_OUTER_BOUND('',#1662,.T.);
#966=FACE_OUTER_BOUND('',#1663,.T.);
#967=FACE_OUTER_BOUND('',#1664,.T.);
#968=FACE_OUTER_BOUND('',#1665,.T.);
#969=FACE_OUTER_BOUND('',#1666,.T.);
#970=FACE_OUTER_BOUND('',#1667,.T.);
#971=FACE_OUTER_BOUND('',#1668,.T.);
#972=FACE_OUTER_BOUND('',#1669,.T.);
#973=FACE_OUTER_BOUND('',#1670,.T.);
#974=FACE_OUTER_BOUND('',#1671,.T.);
#975=FACE_OUTER_BOUND('',#1672,.T.);
#976=FACE_OUTER_BOUND('',#1673,.T.);
#977=FACE_OUTER_BOUND('',#1674,.T.);
#978=FACE_OUTER_BOUND('',#1675,.T.);
#979=FACE_OUTER_BOUND('',#1676,.T.);
#980=FACE_OUTER_BOUND('',#1677,.T.);
#981=FACE_OUTER_BOUND('',#1678,.T.);
#982=FACE_OUTER_BOUND('',#1679,.T.);
#983=FACE_OUTER_BOUND('',#1680,.T.);
#984=FACE_OUTER_BOUND('',#1681,.T.);
#985=FACE_OUTER_BOUND('',#1682,.T.);
#986=FACE_OUTER_BOUND('',#1683,.T.);
#987=FACE_OUTER_BOUND('',#1684,.T.);
#988=FACE_OUTER_BOUND('',#1685,.T.);
#989=FACE_OUTER_BOUND('',#1686,.T.);
#990=FACE_OUTER_BOUND('',#1687,.T.);
#991=FACE_OUTER_BOUND('',#1688,.T.);
#992=FACE_OUTER_BOUND('',#1689,.T.);
#993=FACE_OUTER_BOUND('',#1690,.T.);
#994=FACE_OUTER_BOUND('',#1691,.T.);
#995=FACE_OUTER_BOUND('',#1692,.T.);
#996=FACE_OUTER_BOUND('',#1693,.T.);
#997=FACE_OUTER_BOUND('',#1694,.T.);
#998=FACE_OUTER_BOUND('',#1695,.T.);
#999=FACE_OUTER_BOUND('',#1696,.T.);
#1000=FACE_OUTER_BOUND('',#1697,.T.);
#1001=FACE_OUTER_BOUND('',#1698,.T.);
#1002=FACE_OUTER_BOUND('',#1699,.T.);
#1003=FACE_OUTER_BOUND('',#1700,.T.);
#1004=FACE_OUTER_BOUND('',#1701,.T.);
#1005=FACE_OUTER_BOUND('',#1702,.T.);
#1006=FACE_OUTER_BOUND('',#1703,.T.);
#1007=FACE_OUTER_BOUND('',#1704,.T.);
#1008=FACE_OUTER_BOUND('',#1705,.T.);
#1009=FACE_OUTER_BOUND('',#1706,.T.);
#1010=FACE_OUTER_BOUND('',#1707,.T.);
#1011=FACE_OUTER_BOUND('',#1708,.T.);
#1012=FACE_OUTER_BOUND('',#1709,.T.);
#1013=FACE_OUTER_BOUND('',#1710,.T.);
#1014=FACE_OUTER_BOUND('',#1711,.T.);
#1015=FACE_OUTER_BOUND('',#1712,.T.);
#1016=FACE_OUTER_BOUND('',#1713,.T.);
#1017=FACE_OUTER_BOUND('',#1714,.T.);
#1018=FACE_OUTER_BOUND('',#1715,.T.);
#1019=FACE_OUTER_BOUND('',#1716,.T.);
#1020=FACE_OUTER_BOUND('',#1717,.T.);
#1021=FACE_OUTER_BOUND('',#1718,.T.);
#1022=FACE_OUTER_BOUND('',#1719,.T.);
#1023=FACE_OUTER_BOUND('',#1720,.T.);
#1024=FACE_OUTER_BOUND('',#1721,.T.);
#1025=FACE_OUTER_BOUND('',#1722,.T.);
#1026=FACE_OUTER_BOUND('',#1723,.T.);
#1027=FACE_OUTER_BOUND('',#1724,.T.);
#1028=FACE_OUTER_BOUND('',#1725,.T.);
#1029=FACE_OUTER_BOUND('',#1726,.T.);
#1030=FACE_OUTER_BOUND('',#1727,.T.);
#1031=FACE_OUTER_BOUND('',#1728,.T.);
#1032=FACE_OUTER_BOUND('',#1729,.T.);
#1033=FACE_OUTER_BOUND('',#1730,.T.);
#1034=FACE_OUTER_BOUND('',#1731,.T.);
#1035=FACE_OUTER_BOUND('',#1732,.T.);
#1036=FACE_OUTER_BOUND('',#1733,.T.);
#1037=FACE_OUTER_BOUND('',#1734,.T.);
#1038=FACE_OUTER_BOUND('',#1735,.T.);
#1039=FACE_OUTER_BOUND('',#1736,.T.);
#1040=FACE_OUTER_BOUND('',#1737,.T.);
#1041=FACE_OUTER_BOUND('',#1738,.T.);
#1042=FACE_OUTER_BOUND('',#1739,.T.);
#1043=FACE_OUTER_BOUND('',#1740,.T.);
#1044=FACE_OUTER_BOUND('',#1741,.T.);
#1045=FACE_OUTER_BOUND('',#1742,.T.);
#1046=FACE_OUTER_BOUND('',#1743,.T.);
#1047=FACE_OUTER_BOUND('',#1744,.T.);
#1048=FACE_OUTER_BOUND('',#1745,.T.);
#1049=FACE_OUTER_BOUND('',#1746,.T.);
#1050=FACE_OUTER_BOUND('',#1747,.T.);
#1051=FACE_OUTER_BOUND('',#1748,.T.);
#1052=FACE_OUTER_BOUND('',#1749,.T.);
#1053=FACE_OUTER_BOUND('',#1750,.T.);
#1054=FACE_OUTER_BOUND('',#1755,.T.);
#1055=FACE_OUTER_BOUND('',#1756,.T.);
#1056=FACE_OUTER_BOUND('',#1757,.T.);
#1057=FACE_OUTER_BOUND('',#1758,.T.);
#1058=FACE_OUTER_BOUND('',#1759,.T.);
#1059=FACE_OUTER_BOUND('',#1760,.T.);
#1060=FACE_OUTER_BOUND('',#1761,.T.);
#1061=FACE_OUTER_BOUND('',#1762,.T.);
#1062=FACE_OUTER_BOUND('',#1763,.T.);
#1063=FACE_OUTER_BOUND('',#1764,.T.);
#1064=FACE_OUTER_BOUND('',#1765,.T.);
#1065=FACE_OUTER_BOUND('',#1766,.T.);
#1066=FACE_OUTER_BOUND('',#1767,.T.);
#1067=FACE_OUTER_BOUND('',#1768,.T.);
#1068=FACE_OUTER_BOUND('',#1769,.T.);
#1069=FACE_OUTER_BOUND('',#1770,.T.);
#1070=FACE_OUTER_BOUND('',#1771,.T.);
#1071=FACE_OUTER_BOUND('',#1772,.T.);
#1072=FACE_OUTER_BOUND('',#1773,.T.);
#1073=FACE_OUTER_BOUND('',#1774,.T.);
#1074=FACE_OUTER_BOUND('',#1775,.T.);
#1075=FACE_OUTER_BOUND('',#1776,.T.);
#1076=FACE_OUTER_BOUND('',#1777,.T.);
#1077=FACE_OUTER_BOUND('',#1778,.T.);
#1078=FACE_OUTER_BOUND('',#1779,.T.);
#1079=FACE_OUTER_BOUND('',#1780,.T.);
#1080=FACE_OUTER_BOUND('',#1781,.T.);
#1081=FACE_OUTER_BOUND('',#1782,.T.);
#1082=FACE_OUTER_BOUND('',#1783,.T.);
#1083=FACE_OUTER_BOUND('',#1784,.T.);
#1084=FACE_OUTER_BOUND('',#1785,.T.);
#1085=FACE_OUTER_BOUND('',#1786,.T.);
#1086=FACE_OUTER_BOUND('',#1787,.T.);
#1087=FACE_OUTER_BOUND('',#1788,.T.);
#1088=FACE_OUTER_BOUND('',#1789,.T.);
#1089=FACE_OUTER_BOUND('',#1790,.T.);
#1090=FACE_OUTER_BOUND('',#1791,.T.);
#1091=FACE_OUTER_BOUND('',#1792,.T.);
#1092=FACE_OUTER_BOUND('',#1793,.T.);
#1093=FACE_OUTER_BOUND('',#1794,.T.);
#1094=FACE_OUTER_BOUND('',#1795,.T.);
#1095=FACE_OUTER_BOUND('',#1796,.T.);
#1096=FACE_OUTER_BOUND('',#1797,.T.);
#1097=FACE_OUTER_BOUND('',#1798,.T.);
#1098=FACE_OUTER_BOUND('',#1799,.T.);
#1099=FACE_OUTER_BOUND('',#1800,.T.);
#1100=FACE_OUTER_BOUND('',#1801,.T.);
#1101=FACE_OUTER_BOUND('',#1802,.T.);
#1102=FACE_OUTER_BOUND('',#1803,.T.);
#1103=FACE_OUTER_BOUND('',#1804,.T.);
#1104=FACE_OUTER_BOUND('',#1805,.T.);
#1105=FACE_OUTER_BOUND('',#1806,.T.);
#1106=FACE_OUTER_BOUND('',#1807,.T.);
#1107=FACE_OUTER_BOUND('',#1808,.T.);
#1108=FACE_OUTER_BOUND('',#1809,.T.);
#1109=FACE_OUTER_BOUND('',#1810,.T.);
#1110=FACE_OUTER_BOUND('',#1811,.T.);
#1111=FACE_OUTER_BOUND('',#1812,.T.);
#1112=FACE_OUTER_BOUND('',#1813,.T.);
#1113=FACE_OUTER_BOUND('',#1814,.T.);
#1114=FACE_OUTER_BOUND('',#1815,.T.);
#1115=FACE_OUTER_BOUND('',#1816,.T.);
#1116=FACE_OUTER_BOUND('',#1817,.T.);
#1117=FACE_OUTER_BOUND('',#1818,.T.);
#1118=FACE_OUTER_BOUND('',#1819,.T.);
#1119=FACE_OUTER_BOUND('',#1820,.T.);
#1120=FACE_OUTER_BOUND('',#1821,.T.);
#1121=FACE_OUTER_BOUND('',#1822,.T.);
#1122=FACE_OUTER_BOUND('',#1823,.T.);
#1123=FACE_OUTER_BOUND('',#1824,.T.);
#1124=FACE_OUTER_BOUND('',#1825,.T.);
#1125=FACE_OUTER_BOUND('',#1826,.T.);
#1126=FACE_OUTER_BOUND('',#1827,.T.);
#1127=FACE_OUTER_BOUND('',#1828,.T.);
#1128=FACE_OUTER_BOUND('',#1829,.T.);
#1129=FACE_OUTER_BOUND('',#1830,.T.);
#1130=FACE_OUTER_BOUND('',#1831,.T.);
#1131=FACE_OUTER_BOUND('',#1832,.T.);
#1132=FACE_OUTER_BOUND('',#1833,.T.);
#1133=FACE_OUTER_BOUND('',#1834,.T.);
#1134=FACE_OUTER_BOUND('',#1835,.T.);
#1135=FACE_OUTER_BOUND('',#1836,.T.);
#1136=FACE_OUTER_BOUND('',#1837,.T.);
#1137=FACE_OUTER_BOUND('',#1838,.T.);
#1138=FACE_OUTER_BOUND('',#1839,.T.);
#1139=FACE_OUTER_BOUND('',#1840,.T.);
#1140=FACE_OUTER_BOUND('',#1841,.T.);
#1141=FACE_OUTER_BOUND('',#1842,.T.);
#1142=FACE_OUTER_BOUND('',#1843,.T.);
#1143=FACE_OUTER_BOUND('',#1844,.T.);
#1144=FACE_OUTER_BOUND('',#1845,.T.);
#1145=FACE_OUTER_BOUND('',#1848,.T.);
#1146=FACE_OUTER_BOUND('',#1849,.T.);
#1147=FACE_OUTER_BOUND('',#1850,.T.);
#1148=FACE_OUTER_BOUND('',#1851,.T.);
#1149=FACE_OUTER_BOUND('',#1852,.T.);
#1150=FACE_OUTER_BOUND('',#1853,.T.);
#1151=FACE_OUTER_BOUND('',#1854,.T.);
#1152=FACE_OUTER_BOUND('',#1855,.T.);
#1153=FACE_OUTER_BOUND('',#1856,.T.);
#1154=FACE_OUTER_BOUND('',#1857,.T.);
#1155=FACE_OUTER_BOUND('',#1858,.T.);
#1156=FACE_OUTER_BOUND('',#1859,.T.);
#1157=FACE_OUTER_BOUND('',#1860,.T.);
#1158=FACE_OUTER_BOUND('',#1861,.T.);
#1159=FACE_OUTER_BOUND('',#1862,.T.);
#1160=FACE_OUTER_BOUND('',#1863,.T.);
#1161=FACE_OUTER_BOUND('',#1864,.T.);
#1162=FACE_OUTER_BOUND('',#1865,.T.);
#1163=FACE_OUTER_BOUND('',#1866,.T.);
#1164=FACE_OUTER_BOUND('',#1867,.T.);
#1165=FACE_OUTER_BOUND('',#1868,.T.);
#1166=FACE_OUTER_BOUND('',#1869,.T.);
#1167=FACE_OUTER_BOUND('',#1870,.T.);
#1168=FACE_OUTER_BOUND('',#1871,.T.);
#1169=FACE_OUTER_BOUND('',#1872,.T.);
#1170=FACE_OUTER_BOUND('',#1873,.T.);
#1171=FACE_OUTER_BOUND('',#1876,.T.);
#1172=FACE_OUTER_BOUND('',#1877,.T.);
#1173=FACE_OUTER_BOUND('',#1878,.T.);
#1174=FACE_OUTER_BOUND('',#1879,.T.);
#1175=FACE_OUTER_BOUND('',#1880,.T.);
#1176=FACE_OUTER_BOUND('',#1881,.T.);
#1177=FACE_OUTER_BOUND('',#1882,.T.);
#1178=FACE_OUTER_BOUND('',#1883,.T.);
#1179=FACE_OUTER_BOUND('',#1884,.T.);
#1180=FACE_OUTER_BOUND('',#1885,.T.);
#1181=FACE_OUTER_BOUND('',#1886,.T.);
#1182=FACE_OUTER_BOUND('',#1887,.T.);
#1183=FACE_OUTER_BOUND('',#1888,.T.);
#1184=FACE_OUTER_BOUND('',#1889,.T.);
#1185=FACE_OUTER_BOUND('',#1890,.T.);
#1186=FACE_OUTER_BOUND('',#1891,.T.);
#1187=FACE_OUTER_BOUND('',#1892,.T.);
#1188=FACE_OUTER_BOUND('',#1893,.T.);
#1189=FACE_OUTER_BOUND('',#1894,.T.);
#1190=FACE_OUTER_BOUND('',#1895,.T.);
#1191=FACE_OUTER_BOUND('',#1896,.T.);
#1192=FACE_OUTER_BOUND('',#1897,.T.);
#1193=FACE_OUTER_BOUND('',#1898,.T.);
#1194=FACE_OUTER_BOUND('',#1899,.T.);
#1195=FACE_OUTER_BOUND('',#1900,.T.);
#1196=FACE_OUTER_BOUND('',#1901,.T.);
#1197=FACE_OUTER_BOUND('',#1902,.T.);
#1198=FACE_OUTER_BOUND('',#1903,.T.);
#1199=FACE_OUTER_BOUND('',#1904,.T.);
#1200=FACE_OUTER_BOUND('',#1905,.T.);
#1201=FACE_OUTER_BOUND('',#1906,.T.);
#1202=FACE_OUTER_BOUND('',#1907,.T.);
#1203=FACE_OUTER_BOUND('',#1908,.T.);
#1204=FACE_OUTER_BOUND('',#1909,.T.);
#1205=FACE_OUTER_BOUND('',#1910,.T.);
#1206=FACE_OUTER_BOUND('',#1911,.T.);
#1207=FACE_OUTER_BOUND('',#1912,.T.);
#1208=FACE_OUTER_BOUND('',#1913,.T.);
#1209=FACE_OUTER_BOUND('',#1914,.T.);
#1210=FACE_OUTER_BOUND('',#1915,.T.);
#1211=FACE_OUTER_BOUND('',#1916,.T.);
#1212=FACE_OUTER_BOUND('',#1917,.T.);
#1213=FACE_OUTER_BOUND('',#1918,.T.);
#1214=FACE_OUTER_BOUND('',#1919,.T.);
#1215=FACE_OUTER_BOUND('',#1920,.T.);
#1216=FACE_OUTER_BOUND('',#1921,.T.);
#1217=FACE_OUTER_BOUND('',#1922,.T.);
#1218=FACE_OUTER_BOUND('',#1923,.T.);
#1219=FACE_OUTER_BOUND('',#1924,.T.);
#1220=FACE_OUTER_BOUND('',#1925,.T.);
#1221=FACE_OUTER_BOUND('',#1926,.T.);
#1222=FACE_OUTER_BOUND('',#1927,.T.);
#1223=FACE_OUTER_BOUND('',#1928,.T.);
#1224=FACE_OUTER_BOUND('',#1929,.T.);
#1225=FACE_OUTER_BOUND('',#1930,.T.);
#1226=FACE_OUTER_BOUND('',#1931,.T.);
#1227=FACE_OUTER_BOUND('',#1932,.T.);
#1228=FACE_OUTER_BOUND('',#1933,.T.);
#1229=FACE_OUTER_BOUND('',#1934,.T.);
#1230=FACE_OUTER_BOUND('',#1935,.T.);
#1231=FACE_OUTER_BOUND('',#1936,.T.);
#1232=FACE_OUTER_BOUND('',#1937,.T.);
#1233=FACE_OUTER_BOUND('',#1938,.T.);
#1234=FACE_OUTER_BOUND('',#1939,.T.);
#1235=FACE_OUTER_BOUND('',#1940,.T.);
#1236=FACE_OUTER_BOUND('',#1941,.T.);
#1237=FACE_OUTER_BOUND('',#1942,.T.);
#1238=FACE_OUTER_BOUND('',#1943,.T.);
#1239=FACE_OUTER_BOUND('',#1944,.T.);
#1240=FACE_OUTER_BOUND('',#1945,.T.);
#1241=FACE_OUTER_BOUND('',#1946,.T.);
#1242=FACE_OUTER_BOUND('',#1947,.T.);
#1243=FACE_OUTER_BOUND('',#1948,.T.);
#1244=FACE_OUTER_BOUND('',#1949,.T.);
#1245=FACE_OUTER_BOUND('',#1950,.T.);
#1246=FACE_OUTER_BOUND('',#1951,.T.);
#1247=FACE_OUTER_BOUND('',#1952,.T.);
#1248=FACE_OUTER_BOUND('',#1953,.T.);
#1249=FACE_OUTER_BOUND('',#1954,.T.);
#1250=FACE_OUTER_BOUND('',#1955,.T.);
#1251=FACE_OUTER_BOUND('',#1956,.T.);
#1252=EDGE_LOOP('',(#7536,#7537,#7538,#7539,#7540));
#1253=EDGE_LOOP('',(#7541,#7542,#7543,#7544));
#1254=EDGE_LOOP('',(#7545,#7546,#7547,#7548));
#1255=EDGE_LOOP('',(#7549,#7550,#7551,#7552));
#1256=EDGE_LOOP('',(#7553,#7554,#7555,#7556));
#1257=EDGE_LOOP('',(#7557,#7558,#7559,#7560));
#1258=EDGE_LOOP('',(#7561,#7562,#7563,#7564,#7565));
#1259=EDGE_LOOP('',(#7566,#7567,#7568,#7569));
#1260=EDGE_LOOP('',(#7570,#7571,#7572,#7573,#7574));
#1261=EDGE_LOOP('',(#7575,#7576,#7577,#7578,#7579,#7580));
#1262=EDGE_LOOP('',(#7581,#7582,#7583,#7584,#7585,#7586));
#1263=EDGE_LOOP('',(#7587,#7588,#7589,#7590));
#1264=EDGE_LOOP('',(#7591,#7592,#7593,#7594));
#1265=EDGE_LOOP('',(#7595,#7596,#7597,#7598));
#1266=EDGE_LOOP('',(#7599,#7600,#7601,#7602));
#1267=EDGE_LOOP('',(#7603,#7604,#7605,#7606));
#1268=EDGE_LOOP('',(#7607,#7608,#7609,#7610));
#1269=EDGE_LOOP('',(#7611,#7612,#7613,#7614));
#1270=EDGE_LOOP('',(#7615,#7616,#7617,#7618));
#1271=EDGE_LOOP('',(#7619,#7620,#7621,#7622));
#1272=EDGE_LOOP('',(#7623,#7624,#7625,#7626));
#1273=EDGE_LOOP('',(#7627,#7628,#7629,#7630));
#1274=EDGE_LOOP('',(#7631,#7632,#7633,#7634,#7635,#7636));
#1275=EDGE_LOOP('',(#7637,#7638,#7639,#7640,#7641));
#1276=EDGE_LOOP('',(#7642,#7643,#7644,#7645,#7646,#7647,#7648,#7649));
#1277=EDGE_LOOP('',(#7650,#7651,#7652,#7653));
#1278=EDGE_LOOP('',(#7654,#7655,#7656,#7657));
#1279=EDGE_LOOP('',(#7658,#7659,#7660,#7661));
#1280=EDGE_LOOP('',(#7662,#7663,#7664,#7665));
#1281=EDGE_LOOP('',(#7666,#7667,#7668,#7669,#7670,#7671));
#1282=EDGE_LOOP('',(#7672,#7673,#7674,#7675,#7676,#7677,#7678,#7679,#7680,
#7681,#7682,#7683,#7684,#7685,#7686,#7687,#7688,#7689,#7690,#7691,#7692,
#7693,#7694,#7695,#7696,#7697,#7698,#7699));
#1283=EDGE_LOOP('',(#7700));
#1284=EDGE_LOOP('',(#7701,#7702,#7703,#7704));
#1285=EDGE_LOOP('',(#7705,#7706,#7707,#7708));
#1286=EDGE_LOOP('',(#7709));
#1287=EDGE_LOOP('',(#7710,#7711,#7712,#7713));
#1288=EDGE_LOOP('',(#7714,#7715,#7716,#7717));
#1289=EDGE_LOOP('',(#7718,#7719,#7720,#7721));
#1290=EDGE_LOOP('',(#7722,#7723,#7724,#7725));
#1291=EDGE_LOOP('',(#7726,#7727,#7728,#7729));
#1292=EDGE_LOOP('',(#7730,#7731,#7732,#7733));
#1293=EDGE_LOOP('',(#7734,#7735,#7736,#7737));
#1294=EDGE_LOOP('',(#7738,#7739,#7740,#7741));
#1295=EDGE_LOOP('',(#7742,#7743,#7744,#7745));
#1296=EDGE_LOOP('',(#7746,#7747,#7748,#7749));
#1297=EDGE_LOOP('',(#7750,#7751,#7752,#7753));
#1298=EDGE_LOOP('',(#7754,#7755,#7756,#7757,#7758,#7759,#7760,#7761,#7762,
#7763));
#1299=EDGE_LOOP('',(#7764,#7765,#7766,#7767));
#1300=EDGE_LOOP('',(#7768,#7769,#7770,#7771));
#1301=EDGE_LOOP('',(#7772,#7773,#7774,#7775));
#1302=EDGE_LOOP('',(#7776,#7777,#7778,#7779));
#1303=EDGE_LOOP('',(#7780,#7781,#7782,#7783));
#1304=EDGE_LOOP('',(#7784,#7785,#7786,#7787));
#1305=EDGE_LOOP('',(#7788,#7789,#7790,#7791));
#1306=EDGE_LOOP('',(#7792,#7793,#7794,#7795));
#1307=EDGE_LOOP('',(#7796,#7797,#7798,#7799));
#1308=EDGE_LOOP('',(#7800,#7801,#7802,#7803));
#1309=EDGE_LOOP('',(#7804,#7805,#7806,#7807));
#1310=EDGE_LOOP('',(#7808,#7809,#7810,#7811));
#1311=EDGE_LOOP('',(#7812,#7813,#7814,#7815));
#1312=EDGE_LOOP('',(#7816,#7817,#7818,#7819));
#1313=EDGE_LOOP('',(#7820,#7821,#7822,#7823));
#1314=EDGE_LOOP('',(#7824,#7825,#7826,#7827,#7828));
#1315=EDGE_LOOP('',(#7829,#7830,#7831,#7832));
#1316=EDGE_LOOP('',(#7833,#7834,#7835,#7836));
#1317=EDGE_LOOP('',(#7837,#7838,#7839,#7840));
#1318=EDGE_LOOP('',(#7841,#7842,#7843,#7844));
#1319=EDGE_LOOP('',(#7845,#7846,#7847,#7848));
#1320=EDGE_LOOP('',(#7849,#7850,#7851,#7852));
#1321=EDGE_LOOP('',(#7853,#7854,#7855,#7856));
#1322=EDGE_LOOP('',(#7857,#7858,#7859,#7860,#7861));
#1323=EDGE_LOOP('',(#7862,#7863,#7864,#7865));
#1324=EDGE_LOOP('',(#7866,#7867,#7868,#7869));
#1325=EDGE_LOOP('',(#7870,#7871,#7872,#7873));
#1326=EDGE_LOOP('',(#7874,#7875,#7876,#7877));
#1327=EDGE_LOOP('',(#7878,#7879,#7880,#7881));
#1328=EDGE_LOOP('',(#7882,#7883,#7884,#7885));
#1329=EDGE_LOOP('',(#7886,#7887,#7888,#7889));
#1330=EDGE_LOOP('',(#7890,#7891,#7892,#7893,#7894,#7895));
#1331=EDGE_LOOP('',(#7896,#7897,#7898,#7899));
#1332=EDGE_LOOP('',(#7900,#7901,#7902,#7903));
#1333=EDGE_LOOP('',(#7904,#7905,#7906,#7907));
#1334=EDGE_LOOP('',(#7908,#7909,#7910,#7911));
#1335=EDGE_LOOP('',(#7912,#7913,#7914,#7915));
#1336=EDGE_LOOP('',(#7916,#7917,#7918,#7919));
#1337=EDGE_LOOP('',(#7920,#7921,#7922,#7923));
#1338=EDGE_LOOP('',(#7924,#7925,#7926,#7927));
#1339=EDGE_LOOP('',(#7928,#7929,#7930,#7931));
#1340=EDGE_LOOP('',(#7932,#7933,#7934,#7935));
#1341=EDGE_LOOP('',(#7936,#7937,#7938,#7939));
#1342=EDGE_LOOP('',(#7940,#7941,#7942,#7943));
#1343=EDGE_LOOP('',(#7944,#7945,#7946,#7947));
#1344=EDGE_LOOP('',(#7948,#7949,#7950,#7951));
#1345=EDGE_LOOP('',(#7952,#7953,#7954,#7955));
#1346=EDGE_LOOP('',(#7956,#7957,#7958,#7959));
#1347=EDGE_LOOP('',(#7960,#7961,#7962,#7963));
#1348=EDGE_LOOP('',(#7964,#7965,#7966,#7967));
#1349=EDGE_LOOP('',(#7968,#7969,#7970,#7971));
#1350=EDGE_LOOP('',(#7972,#7973,#7974,#7975));
#1351=EDGE_LOOP('',(#7976,#7977,#7978,#7979));
#1352=EDGE_LOOP('',(#7980,#7981,#7982,#7983));
#1353=EDGE_LOOP('',(#7984,#7985,#7986,#7987));
#1354=EDGE_LOOP('',(#7988,#7989,#7990,#7991));
#1355=EDGE_LOOP('',(#7992,#7993,#7994,#7995));
#1356=EDGE_LOOP('',(#7996,#7997,#7998,#7999));
#1357=EDGE_LOOP('',(#8000,#8001,#8002,#8003));
#1358=EDGE_LOOP('',(#8004,#8005,#8006,#8007,#8008,#8009));
#1359=EDGE_LOOP('',(#8010,#8011,#8012,#8013));
#1360=EDGE_LOOP('',(#8014,#8015,#8016,#8017));
#1361=EDGE_LOOP('',(#8018,#8019,#8020,#8021));
#1362=EDGE_LOOP('',(#8022,#8023,#8024,#8025));
#1363=EDGE_LOOP('',(#8026,#8027,#8028,#8029));
#1364=EDGE_LOOP('',(#8030,#8031,#8032,#8033));
#1365=EDGE_LOOP('',(#8034,#8035,#8036,#8037));
#1366=EDGE_LOOP('',(#8038,#8039,#8040,#8041));
#1367=EDGE_LOOP('',(#8042,#8043,#8044,#8045));
#1368=EDGE_LOOP('',(#8046,#8047,#8048,#8049));
#1369=EDGE_LOOP('',(#8050,#8051,#8052,#8053));
#1370=EDGE_LOOP('',(#8054,#8055,#8056,#8057));
#1371=EDGE_LOOP('',(#8058,#8059,#8060,#8061));
#1372=EDGE_LOOP('',(#8062,#8063,#8064,#8065));
#1373=EDGE_LOOP('',(#8066,#8067,#8068,#8069));
#1374=EDGE_LOOP('',(#8070,#8071,#8072,#8073));
#1375=EDGE_LOOP('',(#8074,#8075,#8076,#8077));
#1376=EDGE_LOOP('',(#8078,#8079,#8080,#8081));
#1377=EDGE_LOOP('',(#8082,#8083,#8084,#8085));
#1378=EDGE_LOOP('',(#8086,#8087,#8088,#8089));
#1379=EDGE_LOOP('',(#8090,#8091,#8092,#8093));
#1380=EDGE_LOOP('',(#8094,#8095,#8096,#8097));
#1381=EDGE_LOOP('',(#8098,#8099,#8100,#8101));
#1382=EDGE_LOOP('',(#8102,#8103,#8104,#8105));
#1383=EDGE_LOOP('',(#8106,#8107,#8108,#8109));
#1384=EDGE_LOOP('',(#8110,#8111,#8112,#8113));
#1385=EDGE_LOOP('',(#8114,#8115,#8116,#8117,#8118,#8119,#8120,#8121,#8122,
#8123,#8124,#8125,#8126,#8127,#8128,#8129,#8130,#8131,#8132,#8133));
#1386=EDGE_LOOP('',(#8134,#8135,#8136,#8137));
#1387=EDGE_LOOP('',(#8138,#8139,#8140,#8141));
#1388=EDGE_LOOP('',(#8142));
#1389=EDGE_LOOP('',(#8143));
#1390=EDGE_LOOP('',(#8144,#8145,#8146,#8147));
#1391=EDGE_LOOP('',(#8148,#8149,#8150,#8151,#8152));
#1392=EDGE_LOOP('',(#8153,#8154,#8155,#8156));
#1393=EDGE_LOOP('',(#8157,#8158,#8159,#8160));
#1394=EDGE_LOOP('',(#8161,#8162,#8163,#8164));
#1395=EDGE_LOOP('',(#8165,#8166,#8167,#8168));
#1396=EDGE_LOOP('',(#8169,#8170,#8171,#8172,#8173));
#1397=EDGE_LOOP('',(#8174,#8175,#8176,#8177));
#1398=EDGE_LOOP('',(#8178,#8179,#8180,#8181));
#1399=EDGE_LOOP('',(#8182,#8183,#8184,#8185,#8186));
#1400=EDGE_LOOP('',(#8187,#8188,#8189,#8190));
#1401=EDGE_LOOP('',(#8191,#8192,#8193,#8194));
#1402=EDGE_LOOP('',(#8195,#8196,#8197,#8198));
#1403=EDGE_LOOP('',(#8199,#8200,#8201,#8202));
#1404=EDGE_LOOP('',(#8203,#8204,#8205,#8206));
#1405=EDGE_LOOP('',(#8207,#8208,#8209,#8210,#8211));
#1406=EDGE_LOOP('',(#8212,#8213,#8214,#8215));
#1407=EDGE_LOOP('',(#8216,#8217,#8218,#8219,#8220));
#1408=EDGE_LOOP('',(#8221,#8222,#8223,#8224,#8225,#8226));
#1409=EDGE_LOOP('',(#8227,#8228,#8229));
#1410=EDGE_LOOP('',(#8230,#8231,#8232,#8233,#8234,#8235,#8236));
#1411=EDGE_LOOP('',(#8237,#8238,#8239,#8240));
#1412=EDGE_LOOP('',(#8241,#8242,#8243,#8244));
#1413=EDGE_LOOP('',(#8245,#8246,#8247,#8248));
#1414=EDGE_LOOP('',(#8249,#8250,#8251,#8252,#8253,#8254,#8255));
#1415=EDGE_LOOP('',(#8256,#8257,#8258,#8259));
#1416=EDGE_LOOP('',(#8260,#8261,#8262,#8263));
#1417=EDGE_LOOP('',(#8264,#8265,#8266,#8267));
#1418=EDGE_LOOP('',(#8268,#8269,#8270,#8271));
#1419=EDGE_LOOP('',(#8272,#8273,#8274,#8275));
#1420=EDGE_LOOP('',(#8276,#8277,#8278,#8279));
#1421=EDGE_LOOP('',(#8280,#8281,#8282));
#1422=EDGE_LOOP('',(#8283,#8284,#8285,#8286,#8287));
#1423=EDGE_LOOP('',(#8288,#8289,#8290));
#1424=EDGE_LOOP('',(#8291,#8292,#8293,#8294,#8295,#8296,#8297,#8298));
#1425=EDGE_LOOP('',(#8299,#8300,#8301));
#1426=EDGE_LOOP('',(#8302,#8303,#8304,#8305,#8306,#8307,#8308,#8309,#8310,
#8311));
#1427=EDGE_LOOP('',(#8312,#8313,#8314,#8315,#8316,#8317));
#1428=EDGE_LOOP('',(#8318,#8319,#8320,#8321));
#1429=EDGE_LOOP('',(#8322,#8323,#8324,#8325));
#1430=EDGE_LOOP('',(#8326,#8327,#8328,#8329));
#1431=EDGE_LOOP('',(#8330,#8331,#8332,#8333));
#1432=EDGE_LOOP('',(#8334,#8335,#8336,#8337));
#1433=EDGE_LOOP('',(#8338,#8339,#8340,#8341));
#1434=EDGE_LOOP('',(#8342,#8343,#8344,#8345));
#1435=EDGE_LOOP('',(#8346,#8347,#8348,#8349));
#1436=EDGE_LOOP('',(#8350,#8351,#8352,#8353));
#1437=EDGE_LOOP('',(#8354,#8355,#8356,#8357));
#1438=EDGE_LOOP('',(#8358,#8359,#8360,#8361));
#1439=EDGE_LOOP('',(#8362,#8363,#8364,#8365));
#1440=EDGE_LOOP('',(#8366,#8367,#8368,#8369));
#1441=EDGE_LOOP('',(#8370,#8371,#8372,#8373));
#1442=EDGE_LOOP('',(#8374,#8375,#8376,#8377));
#1443=EDGE_LOOP('',(#8378,#8379,#8380,#8381));
#1444=EDGE_LOOP('',(#8382,#8383,#8384,#8385,#8386,#8387,#8388,#8389));
#1445=EDGE_LOOP('',(#8390,#8391,#8392,#8393,#8394,#8395,#8396));
#1446=EDGE_LOOP('',(#8397,#8398,#8399,#8400,#8401,#8402,#8403,#8404,#8405,
#8406,#8407,#8408,#8409,#8410,#8411,#8412,#8413,#8414,#8415,#8416,#8417,
#8418,#8419,#8420,#8421,#8422,#8423,#8424,#8425,#8426,#8427,#8428,#8429,
#8430,#8431,#8432,#8433,#8434));
#1447=EDGE_LOOP('',(#8435,#8436,#8437,#8438,#8439));
#1448=EDGE_LOOP('',(#8440,#8441,#8442,#8443,#8444));
#1449=EDGE_LOOP('',(#8445,#8446,#8447,#8448));
#1450=EDGE_LOOP('',(#8449,#8450,#8451,#8452));
#1451=EDGE_LOOP('',(#8453,#8454,#8455,#8456));
#1452=EDGE_LOOP('',(#8457,#8458,#8459,#8460));
#1453=EDGE_LOOP('',(#8461,#8462,#8463,#8464));
#1454=EDGE_LOOP('',(#8465,#8466,#8467,#8468));
#1455=EDGE_LOOP('',(#8469,#8470,#8471,#8472));
#1456=EDGE_LOOP('',(#8473,#8474,#8475,#8476));
#1457=EDGE_LOOP('',(#8477,#8478,#8479,#8480,#8481));
#1458=EDGE_LOOP('',(#8482,#8483,#8484,#8485,#8486));
#1459=EDGE_LOOP('',(#8487,#8488,#8489,#8490));
#1460=EDGE_LOOP('',(#8491,#8492,#8493,#8494));
#1461=EDGE_LOOP('',(#8495,#8496,#8497,#8498));
#1462=EDGE_LOOP('',(#8499,#8500,#8501,#8502));
#1463=EDGE_LOOP('',(#8503,#8504,#8505,#8506));
#1464=EDGE_LOOP('',(#8507,#8508,#8509,#8510));
#1465=EDGE_LOOP('',(#8511,#8512,#8513,#8514,#8515,#8516,#8517,#8518,#8519,
#8520,#8521,#8522,#8523,#8524,#8525,#8526,#8527,#8528,#8529,#8530,#8531,
#8532));
#1466=EDGE_LOOP('',(#8533,#8534,#8535,#8536));
#1467=EDGE_LOOP('',(#8537));
#1468=EDGE_LOOP('',(#8538));
#1469=EDGE_LOOP('',(#8539,#8540,#8541,#8542));
#1470=EDGE_LOOP('',(#8543,#8544,#8545,#8546,#8547,#8548,#8549,#8550,#8551,
#8552,#8553,#8554,#8555,#8556,#8557,#8558,#8559,#8560,#8561,#8562,#8563,
#8564,#8565,#8566,#8567,#8568,#8569,#8570,#8571,#8572,#8573,#8574,#8575,
#8576,#8577,#8578,#8579,#8580));
#1471=EDGE_LOOP('',(#8581,#8582,#8583,#8584));
#1472=EDGE_LOOP('',(#8585,#8586,#8587,#8588));
#1473=EDGE_LOOP('',(#8589,#8590,#8591,#8592));
#1474=EDGE_LOOP('',(#8593,#8594,#8595,#8596));
#1475=EDGE_LOOP('',(#8597,#8598,#8599,#8600));
#1476=EDGE_LOOP('',(#8601,#8602,#8603,#8604));
#1477=EDGE_LOOP('',(#8605,#8606,#8607,#8608));
#1478=EDGE_LOOP('',(#8609,#8610,#8611,#8612,#8613,#8614,#8615,#8616,#8617));
#1479=EDGE_LOOP('',(#8618,#8619,#8620,#8621,#8622,#8623,#8624,#8625,#8626,
#8627,#8628,#8629,#8630,#8631,#8632,#8633,#8634,#8635,#8636,#8637,#8638,
#8639,#8640,#8641,#8642,#8643,#8644,#8645,#8646,#8647,#8648,#8649,#8650,
#8651,#8652,#8653));
#1480=EDGE_LOOP('',(#8654,#8655,#8656,#8657));
#1481=EDGE_LOOP('',(#8658,#8659,#8660,#8661,#8662,#8663,#8664,#8665,#8666));
#1482=EDGE_LOOP('',(#8667,#8668,#8669,#8670,#8671,#8672,#8673,#8674,#8675,
#8676,#8677,#8678,#8679,#8680,#8681,#8682,#8683,#8684,#8685,#8686,#8687,
#8688,#8689,#8690,#8691,#8692,#8693,#8694,#8695,#8696,#8697,#8698,#8699,
#8700,#8701,#8702,#8703,#8704,#8705,#8706,#8707,#8708,#8709,#8710,#8711,
#8712,#8713,#8714,#8715,#8716,#8717,#8718,#8719,#8720,#8721,#8722,#8723,
#8724,#8725,#8726,#8727,#8728,#8729,#8730,#8731,#8732));
#1483=EDGE_LOOP('',(#8733,#8734,#8735,#8736));
#1484=EDGE_LOOP('',(#8737));
#1485=EDGE_LOOP('',(#8738));
#1486=EDGE_LOOP('',(#8739,#8740,#8741,#8742));
#1487=EDGE_LOOP('',(#8743,#8744,#8745,#8746,#8747,#8748,#8749,#8750,#8751));
#1488=EDGE_LOOP('',(#8752,#8753,#8754,#8755));
#1489=EDGE_LOOP('',(#8756,#8757,#8758,#8759,#8760,#8761,#8762,#8763,#8764));
#1490=EDGE_LOOP('',(#8765,#8766,#8767,#8768));
#1491=EDGE_LOOP('',(#8769,#8770,#8771,#8772));
#1492=EDGE_LOOP('',(#8773,#8774,#8775,#8776));
#1493=EDGE_LOOP('',(#8777,#8778,#8779,#8780));
#1494=EDGE_LOOP('',(#8781,#8782,#8783,#8784));
#1495=EDGE_LOOP('',(#8785,#8786,#8787,#8788));
#1496=EDGE_LOOP('',(#8789,#8790,#8791,#8792));
#1497=EDGE_LOOP('',(#8793,#8794,#8795,#8796));
#1498=EDGE_LOOP('',(#8797,#8798,#8799,#8800,#8801,#8802,#8803,#8804,#8805));
#1499=EDGE_LOOP('',(#8806,#8807,#8808,#8809));
#1500=EDGE_LOOP('',(#8810,#8811,#8812,#8813,#8814,#8815,#8816,#8817,#8818));
#1501=EDGE_LOOP('',(#8819,#8820,#8821,#8822,#8823,#8824,#8825,#8826,#8827));
#1502=EDGE_LOOP('',(#8828,#8829,#8830,#8831));
#1503=EDGE_LOOP('',(#8832,#8833,#8834,#8835,#8836,#8837,#8838,#8839,#8840));
#1504=EDGE_LOOP('',(#8841,#8842,#8843,#8844));
#1505=EDGE_LOOP('',(#8845,#8846,#8847,#8848));
#1506=EDGE_LOOP('',(#8849,#8850,#8851,#8852));
#1507=EDGE_LOOP('',(#8853,#8854,#8855,#8856));
#1508=EDGE_LOOP('',(#8857,#8858,#8859,#8860));
#1509=EDGE_LOOP('',(#8861,#8862,#8863,#8864));
#1510=EDGE_LOOP('',(#8865,#8866,#8867,#8868));
#1511=EDGE_LOOP('',(#8869,#8870,#8871,#8872));
#1512=EDGE_LOOP('',(#8873,#8874,#8875,#8876,#8877,#8878,#8879,#8880,#8881));
#1513=EDGE_LOOP('',(#8882,#8883,#8884,#8885));
#1514=EDGE_LOOP('',(#8886,#8887,#8888,#8889,#8890,#8891,#8892,#8893,#8894));
#1515=EDGE_LOOP('',(#8895,#8896,#8897,#8898,#8899,#8900,#8901,#8902,#8903));
#1516=EDGE_LOOP('',(#8904,#8905,#8906,#8907));
#1517=EDGE_LOOP('',(#8908,#8909,#8910,#8911,#8912,#8913,#8914,#8915,#8916));
#1518=EDGE_LOOP('',(#8917,#8918,#8919,#8920));
#1519=EDGE_LOOP('',(#8921,#8922,#8923,#8924));
#1520=EDGE_LOOP('',(#8925,#8926,#8927,#8928));
#1521=EDGE_LOOP('',(#8929,#8930,#8931,#8932));
#1522=EDGE_LOOP('',(#8933,#8934,#8935,#8936));
#1523=EDGE_LOOP('',(#8937,#8938,#8939,#8940));
#1524=EDGE_LOOP('',(#8941,#8942,#8943,#8944));
#1525=EDGE_LOOP('',(#8945,#8946,#8947,#8948));
#1526=EDGE_LOOP('',(#8949,#8950,#8951,#8952,#8953,#8954,#8955,#8956,#8957));
#1527=EDGE_LOOP('',(#8958,#8959,#8960,#8961));
#1528=EDGE_LOOP('',(#8962,#8963,#8964,#8965,#8966,#8967,#8968,#8969,#8970));
#1529=EDGE_LOOP('',(#8971,#8972,#8973,#8974,#8975,#8976,#8977,#8978,#8979));
#1530=EDGE_LOOP('',(#8980,#8981,#8982,#8983));
#1531=EDGE_LOOP('',(#8984,#8985,#8986,#8987,#8988,#8989,#8990,#8991,#8992));
#1532=EDGE_LOOP('',(#8993,#8994,#8995,#8996));
#1533=EDGE_LOOP('',(#8997,#8998,#8999,#9000));
#1534=EDGE_LOOP('',(#9001,#9002,#9003,#9004));
#1535=EDGE_LOOP('',(#9005,#9006,#9007,#9008));
#1536=EDGE_LOOP('',(#9009,#9010,#9011,#9012));
#1537=EDGE_LOOP('',(#9013,#9014,#9015,#9016));
#1538=EDGE_LOOP('',(#9017,#9018,#9019,#9020));
#1539=EDGE_LOOP('',(#9021,#9022,#9023,#9024));
#1540=EDGE_LOOP('',(#9025,#9026,#9027,#9028));
#1541=EDGE_LOOP('',(#9029,#9030,#9031,#9032));
#1542=EDGE_LOOP('',(#9033,#9034,#9035,#9036));
#1543=EDGE_LOOP('',(#9037,#9038,#9039,#9040));
#1544=EDGE_LOOP('',(#9041,#9042,#9043,#9044));
#1545=EDGE_LOOP('',(#9045,#9046,#9047,#9048));
#1546=EDGE_LOOP('',(#9049,#9050,#9051,#9052));
#1547=EDGE_LOOP('',(#9053,#9054,#9055,#9056));
#1548=EDGE_LOOP('',(#9057,#9058,#9059,#9060));
#1549=EDGE_LOOP('',(#9061,#9062,#9063,#9064));
#1550=EDGE_LOOP('',(#9065,#9066,#9067,#9068));
#1551=EDGE_LOOP('',(#9069,#9070,#9071,#9072));
#1552=EDGE_LOOP('',(#9073,#9074,#9075,#9076));
#1553=EDGE_LOOP('',(#9077,#9078,#9079,#9080));
#1554=EDGE_LOOP('',(#9081,#9082,#9083,#9084));
#1555=EDGE_LOOP('',(#9085,#9086,#9087,#9088));
#1556=EDGE_LOOP('',(#9089,#9090,#9091,#9092));
#1557=EDGE_LOOP('',(#9093,#9094,#9095,#9096));
#1558=EDGE_LOOP('',(#9097,#9098,#9099,#9100));
#1559=EDGE_LOOP('',(#9101,#9102,#9103,#9104));
#1560=EDGE_LOOP('',(#9105,#9106,#9107,#9108));
#1561=EDGE_LOOP('',(#9109,#9110,#9111,#9112,#9113,#9114,#9115));
#1562=EDGE_LOOP('',(#9116,#9117,#9118,#9119));
#1563=EDGE_LOOP('',(#9120,#9121,#9122,#9123));
#1564=EDGE_LOOP('',(#9124,#9125,#9126,#9127));
#1565=EDGE_LOOP('',(#9128,#9129,#9130,#9131));
#1566=EDGE_LOOP('',(#9132,#9133,#9134,#9135));
#1567=EDGE_LOOP('',(#9136,#9137,#9138,#9139));
#1568=EDGE_LOOP('',(#9140,#9141,#9142,#9143));
#1569=EDGE_LOOP('',(#9144,#9145,#9146,#9147));
#1570=EDGE_LOOP('',(#9148,#9149,#9150,#9151));
#1571=EDGE_LOOP('',(#9152,#9153,#9154,#9155));
#1572=EDGE_LOOP('',(#9156,#9157,#9158,#9159));
#1573=EDGE_LOOP('',(#9160,#9161,#9162,#9163));
#1574=EDGE_LOOP('',(#9164,#9165,#9166,#9167));
#1575=EDGE_LOOP('',(#9168,#9169,#9170,#9171));
#1576=EDGE_LOOP('',(#9172,#9173,#9174,#9175));
#1577=EDGE_LOOP('',(#9176,#9177,#9178,#9179));
#1578=EDGE_LOOP('',(#9180,#9181,#9182,#9183));
#1579=EDGE_LOOP('',(#9184,#9185,#9186,#9187));
#1580=EDGE_LOOP('',(#9188,#9189,#9190,#9191));
#1581=EDGE_LOOP('',(#9192,#9193,#9194,#9195));
#1582=EDGE_LOOP('',(#9196,#9197,#9198,#9199));
#1583=EDGE_LOOP('',(#9200,#9201,#9202,#9203));
#1584=EDGE_LOOP('',(#9204,#9205,#9206,#9207));
#1585=EDGE_LOOP('',(#9208,#9209,#9210,#9211));
#1586=EDGE_LOOP('',(#9212,#9213,#9214,#9215));
#1587=EDGE_LOOP('',(#9216,#9217,#9218,#9219));
#1588=EDGE_LOOP('',(#9220,#9221,#9222,#9223));
#1589=EDGE_LOOP('',(#9224,#9225,#9226,#9227));
#1590=EDGE_LOOP('',(#9228,#9229,#9230,#9231));
#1591=EDGE_LOOP('',(#9232,#9233,#9234,#9235));
#1592=EDGE_LOOP('',(#9236,#9237,#9238,#9239));
#1593=EDGE_LOOP('',(#9240,#9241,#9242,#9243));
#1594=EDGE_LOOP('',(#9244,#9245,#9246,#9247));
#1595=EDGE_LOOP('',(#9248,#9249,#9250,#9251));
#1596=EDGE_LOOP('',(#9252,#9253,#9254,#9255));
#1597=EDGE_LOOP('',(#9256,#9257,#9258,#9259));
#1598=EDGE_LOOP('',(#9260,#9261,#9262,#9263));
#1599=EDGE_LOOP('',(#9264,#9265,#9266,#9267));
#1600=EDGE_LOOP('',(#9268,#9269,#9270,#9271));
#1601=EDGE_LOOP('',(#9272,#9273,#9274,#9275));
#1602=EDGE_LOOP('',(#9276,#9277,#9278,#9279));
#1603=EDGE_LOOP('',(#9280,#9281,#9282,#9283));
#1604=EDGE_LOOP('',(#9284,#9285,#9286,#9287));
#1605=EDGE_LOOP('',(#9288,#9289,#9290,#9291));
#1606=EDGE_LOOP('',(#9292,#9293,#9294,#9295));
#1607=EDGE_LOOP('',(#9296,#9297,#9298,#9299));
#1608=EDGE_LOOP('',(#9300,#9301,#9302,#9303));
#1609=EDGE_LOOP('',(#9304,#9305,#9306,#9307));
#1610=EDGE_LOOP('',(#9308,#9309,#9310,#9311));
#1611=EDGE_LOOP('',(#9312,#9313,#9314,#9315));
#1612=EDGE_LOOP('',(#9316,#9317,#9318,#9319));
#1613=EDGE_LOOP('',(#9320,#9321,#9322,#9323));
#1614=EDGE_LOOP('',(#9324,#9325,#9326,#9327,#9328));
#1615=EDGE_LOOP('',(#9329,#9330,#9331,#9332));
#1616=EDGE_LOOP('',(#9333,#9334,#9335,#9336,#9337));
#1617=EDGE_LOOP('',(#9338,#9339,#9340,#9341));
#1618=EDGE_LOOP('',(#9342,#9343,#9344,#9345));
#1619=EDGE_LOOP('',(#9346,#9347,#9348,#9349));
#1620=EDGE_LOOP('',(#9350,#9351,#9352,#9353));
#1621=EDGE_LOOP('',(#9354,#9355,#9356,#9357));
#1622=EDGE_LOOP('',(#9358,#9359,#9360,#9361,#9362));
#1623=EDGE_LOOP('',(#9363,#9364,#9365,#9366,#9367,#9368));
#1624=EDGE_LOOP('',(#9369,#9370,#9371,#9372,#9373,#9374));
#1625=EDGE_LOOP('',(#9375,#9376,#9377,#9378));
#1626=EDGE_LOOP('',(#9379,#9380,#9381,#9382));
#1627=EDGE_LOOP('',(#9383,#9384,#9385,#9386));
#1628=EDGE_LOOP('',(#9387,#9388,#9389,#9390));
#1629=EDGE_LOOP('',(#9391,#9392,#9393,#9394));
#1630=EDGE_LOOP('',(#9395,#9396,#9397,#9398));
#1631=EDGE_LOOP('',(#9399,#9400,#9401,#9402));
#1632=EDGE_LOOP('',(#9403,#9404,#9405,#9406));
#1633=EDGE_LOOP('',(#9407,#9408,#9409,#9410));
#1634=EDGE_LOOP('',(#9411,#9412,#9413,#9414));
#1635=EDGE_LOOP('',(#9415,#9416,#9417,#9418));
#1636=EDGE_LOOP('',(#9419,#9420,#9421,#9422,#9423,#9424));
#1637=EDGE_LOOP('',(#9425,#9426,#9427,#9428,#9429));
#1638=EDGE_LOOP('',(#9430,#9431,#9432,#9433));
#1639=EDGE_LOOP('',(#9434,#9435,#9436,#9437));
#1640=EDGE_LOOP('',(#9438,#9439,#9440,#9441,#9442,#9443,#9444,#9445));
#1641=EDGE_LOOP('',(#9446,#9447,#9448,#9449,#9450,#9451,#9452,#9453,#9454,
#9455,#9456,#9457,#9458,#9459,#9460,#9461,#9462,#9463,#9464,#9465,#9466,
#9467,#9468,#9469,#9470,#9471,#9472,#9473,#9474,#9475,#9476,#9477,#9478,
#9479,#9480,#9481,#9482,#9483,#9484,#9485));
#1642=EDGE_LOOP('',(#9486));
#1643=EDGE_LOOP('',(#9487,#9488,#9489,#9490));
#1644=EDGE_LOOP('',(#9491,#9492,#9493,#9494));
#1645=EDGE_LOOP('',(#9495));
#1646=EDGE_LOOP('',(#9496,#9497,#9498,#9499,#9500,#9501));
#1647=EDGE_LOOP('',(#9502,#9503,#9504,#9505));
#1648=EDGE_LOOP('',(#9506,#9507,#9508,#9509));
#1649=EDGE_LOOP('',(#9510,#9511,#9512,#9513));
#1650=EDGE_LOOP('',(#9514,#9515,#9516,#9517));
#1651=EDGE_LOOP('',(#9518,#9519,#9520,#9521));
#1652=EDGE_LOOP('',(#9522,#9523,#9524,#9525));
#1653=EDGE_LOOP('',(#9526,#9527,#9528,#9529));
#1654=EDGE_LOOP('',(#9530,#9531,#9532,#9533));
#1655=EDGE_LOOP('',(#9534,#9535,#9536,#9537));
#1656=EDGE_LOOP('',(#9538,#9539,#9540,#9541));
#1657=EDGE_LOOP('',(#9542,#9543,#9544,#9545));
#1658=EDGE_LOOP('',(#9546,#9547,#9548,#9549));
#1659=EDGE_LOOP('',(#9550,#9551,#9552,#9553));
#1660=EDGE_LOOP('',(#9554,#9555,#9556,#9557));
#1661=EDGE_LOOP('',(#9558,#9559,#9560,#9561));
#1662=EDGE_LOOP('',(#9562,#9563,#9564,#9565));
#1663=EDGE_LOOP('',(#9566,#9567,#9568,#9569));
#1664=EDGE_LOOP('',(#9570,#9571,#9572,#9573));
#1665=EDGE_LOOP('',(#9574,#9575,#9576,#9577));
#1666=EDGE_LOOP('',(#9578,#9579,#9580,#9581));
#1667=EDGE_LOOP('',(#9582,#9583,#9584,#9585));
#1668=EDGE_LOOP('',(#9586,#9587,#9588,#9589,#9590,#9591,#9592,#9593));
#1669=EDGE_LOOP('',(#9594,#9595,#9596,#9597));
#1670=EDGE_LOOP('',(#9598,#9599,#9600,#9601));
#1671=EDGE_LOOP('',(#9602,#9603,#9604,#9605));
#1672=EDGE_LOOP('',(#9606,#9607,#9608,#9609));
#1673=EDGE_LOOP('',(#9610,#9611,#9612,#9613));
#1674=EDGE_LOOP('',(#9614,#9615,#9616,#9617,#9618,#9619,#9620,#9621,#9622,
#9623));
#1675=EDGE_LOOP('',(#9624,#9625,#9626,#9627));
#1676=EDGE_LOOP('',(#9628,#9629,#9630,#9631));
#1677=EDGE_LOOP('',(#9632,#9633,#9634,#9635));
#1678=EDGE_LOOP('',(#9636,#9637,#9638,#9639,#9640));
#1679=EDGE_LOOP('',(#9641,#9642,#9643,#9644));
#1680=EDGE_LOOP('',(#9645,#9646,#9647,#9648));
#1681=EDGE_LOOP('',(#9649,#9650,#9651,#9652));
#1682=EDGE_LOOP('',(#9653,#9654,#9655,#9656));
#1683=EDGE_LOOP('',(#9657,#9658,#9659,#9660));
#1684=EDGE_LOOP('',(#9661,#9662,#9663,#9664));
#1685=EDGE_LOOP('',(#9665,#9666,#9667,#9668));
#1686=EDGE_LOOP('',(#9669,#9670,#9671,#9672,#9673));
#1687=EDGE_LOOP('',(#9674,#9675,#9676,#9677));
#1688=EDGE_LOOP('',(#9678,#9679,#9680,#9681));
#1689=EDGE_LOOP('',(#9682,#9683,#9684,#9685,#9686,#9687));
#1690=EDGE_LOOP('',(#9688,#9689,#9690,#9691));
#1691=EDGE_LOOP('',(#9692,#9693,#9694,#9695));
#1692=EDGE_LOOP('',(#9696,#9697,#9698,#9699));
#1693=EDGE_LOOP('',(#9700,#9701,#9702,#9703));
#1694=EDGE_LOOP('',(#9704,#9705,#9706,#9707));
#1695=EDGE_LOOP('',(#9708,#9709,#9710,#9711));
#1696=EDGE_LOOP('',(#9712,#9713,#9714,#9715));
#1697=EDGE_LOOP('',(#9716,#9717,#9718,#9719));
#1698=EDGE_LOOP('',(#9720,#9721,#9722,#9723));
#1699=EDGE_LOOP('',(#9724,#9725,#9726,#9727));
#1700=EDGE_LOOP('',(#9728,#9729,#9730,#9731));
#1701=EDGE_LOOP('',(#9732,#9733,#9734,#9735));
#1702=EDGE_LOOP('',(#9736,#9737,#9738,#9739));
#1703=EDGE_LOOP('',(#9740,#9741,#9742,#9743));
#1704=EDGE_LOOP('',(#9744,#9745,#9746,#9747));
#1705=EDGE_LOOP('',(#9748,#9749,#9750,#9751));
#1706=EDGE_LOOP('',(#9752,#9753,#9754,#9755));
#1707=EDGE_LOOP('',(#9756,#9757,#9758,#9759));
#1708=EDGE_LOOP('',(#9760,#9761,#9762,#9763));
#1709=EDGE_LOOP('',(#9764,#9765,#9766,#9767));
#1710=EDGE_LOOP('',(#9768,#9769,#9770,#9771));
#1711=EDGE_LOOP('',(#9772,#9773,#9774,#9775));
#1712=EDGE_LOOP('',(#9776,#9777,#9778,#9779));
#1713=EDGE_LOOP('',(#9780,#9781,#9782,#9783));
#1714=EDGE_LOOP('',(#9784,#9785,#9786,#9787));
#1715=EDGE_LOOP('',(#9788,#9789,#9790,#9791));
#1716=EDGE_LOOP('',(#9792,#9793,#9794,#9795));
#1717=EDGE_LOOP('',(#9796,#9797,#9798,#9799));
#1718=EDGE_LOOP('',(#9800,#9801,#9802,#9803));
#1719=EDGE_LOOP('',(#9804,#9805,#9806,#9807));
#1720=EDGE_LOOP('',(#9808,#9809,#9810,#9811));
#1721=EDGE_LOOP('',(#9812,#9813,#9814,#9815));
#1722=EDGE_LOOP('',(#9816,#9817,#9818,#9819));
#1723=EDGE_LOOP('',(#9820,#9821,#9822,#9823));
#1724=EDGE_LOOP('',(#9824,#9825,#9826,#9827));
#1725=EDGE_LOOP('',(#9828,#9829,#9830,#9831));
#1726=EDGE_LOOP('',(#9832,#9833,#9834,#9835));
#1727=EDGE_LOOP('',(#9836,#9837,#9838,#9839));
#1728=EDGE_LOOP('',(#9840,#9841,#9842,#9843));
#1729=EDGE_LOOP('',(#9844,#9845,#9846,#9847));
#1730=EDGE_LOOP('',(#9848,#9849,#9850,#9851));
#1731=EDGE_LOOP('',(#9852,#9853,#9854,#9855));
#1732=EDGE_LOOP('',(#9856,#9857,#9858,#9859));
#1733=EDGE_LOOP('',(#9860,#9861,#9862,#9863));
#1734=EDGE_LOOP('',(#9864,#9865,#9866,#9867));
#1735=EDGE_LOOP('',(#9868,#9869,#9870,#9871));
#1736=EDGE_LOOP('',(#9872,#9873,#9874,#9875));
#1737=EDGE_LOOP('',(#9876,#9877,#9878,#9879));
#1738=EDGE_LOOP('',(#9880,#9881,#9882,#9883,#9884,#9885));
#1739=EDGE_LOOP('',(#9886,#9887,#9888,#9889));
#1740=EDGE_LOOP('',(#9890,#9891,#9892,#9893));
#1741=EDGE_LOOP('',(#9894,#9895,#9896,#9897));
#1742=EDGE_LOOP('',(#9898,#9899,#9900,#9901));
#1743=EDGE_LOOP('',(#9902,#9903,#9904,#9905));
#1744=EDGE_LOOP('',(#9906,#9907,#9908,#9909));
#1745=EDGE_LOOP('',(#9910,#9911,#9912,#9913));
#1746=EDGE_LOOP('',(#9914,#9915,#9916,#9917));
#1747=EDGE_LOOP('',(#9918,#9919,#9920,#9921));
#1748=EDGE_LOOP('',(#9922,#9923,#9924,#9925));
#1749=EDGE_LOOP('',(#9926,#9927,#9928,#9929));
#1750=EDGE_LOOP('',(#9930,#9931,#9932,#9933,#9934,#9935,#9936,#9937,#9938,
#9939,#9940,#9941,#9942,#9943,#9944,#9945,#9946,#9947,#9948,#9949));
#1751=EDGE_LOOP('',(#9950,#9951,#9952,#9953));
#1752=EDGE_LOOP('',(#9954));
#1753=EDGE_LOOP('',(#9955));
#1754=EDGE_LOOP('',(#9956,#9957,#9958,#9959));
#1755=EDGE_LOOP('',(#9960,#9961,#9962,#9963));
#1756=EDGE_LOOP('',(#9964,#9965,#9966,#9967));
#1757=EDGE_LOOP('',(#9968,#9969,#9970,#9971,#9972,#9973,#9974,#9975,#9976));
#1758=EDGE_LOOP('',(#9977,#9978,#9979,#9980));
#1759=EDGE_LOOP('',(#9981,#9982,#9983,#9984,#9985,#9986,#9987,#9988,#9989));
#1760=EDGE_LOOP('',(#9990,#9991,#9992,#9993,#9994,#9995,#9996,#9997,#9998));
#1761=EDGE_LOOP('',(#9999,#10000,#10001,#10002));
#1762=EDGE_LOOP('',(#10003,#10004,#10005,#10006,#10007,#10008,#10009,#10010,
#10011));
#1763=EDGE_LOOP('',(#10012,#10013,#10014,#10015));
#1764=EDGE_LOOP('',(#10016,#10017,#10018,#10019));
#1765=EDGE_LOOP('',(#10020,#10021,#10022,#10023));
#1766=EDGE_LOOP('',(#10024,#10025,#10026,#10027));
#1767=EDGE_LOOP('',(#10028,#10029,#10030,#10031));
#1768=EDGE_LOOP('',(#10032,#10033,#10034,#10035));
#1769=EDGE_LOOP('',(#10036,#10037,#10038,#10039));
#1770=EDGE_LOOP('',(#10040,#10041,#10042,#10043,#10044,#10045,#10046,#10047,
#10048,#10049,#10050,#10051,#10052,#10053,#10054));
#1771=EDGE_LOOP('',(#10055,#10056,#10057,#10058,#10059,#10060,#10061,#10062,
#10063,#10064,#10065,#10066));
#1772=EDGE_LOOP('',(#10067,#10068,#10069,#10070,#10071,#10072,#10073,#10074,
#10075,#10076,#10077,#10078,#10079,#10080,#10081));
#1773=EDGE_LOOP('',(#10082,#10083,#10084,#10085,#10086));
#1774=EDGE_LOOP('',(#10087,#10088,#10089,#10090));
#1775=EDGE_LOOP('',(#10091,#10092,#10093,#10094));
#1776=EDGE_LOOP('',(#10095,#10096,#10097,#10098));
#1777=EDGE_LOOP('',(#10099,#10100,#10101,#10102,#10103));
#1778=EDGE_LOOP('',(#10104,#10105,#10106,#10107));
#1779=EDGE_LOOP('',(#10108,#10109,#10110,#10111));
#1780=EDGE_LOOP('',(#10112,#10113,#10114,#10115));
#1781=EDGE_LOOP('',(#10116,#10117,#10118,#10119));
#1782=EDGE_LOOP('',(#10120,#10121,#10122,#10123,#10124));
#1783=EDGE_LOOP('',(#10125,#10126,#10127,#10128));
#1784=EDGE_LOOP('',(#10129,#10130,#10131,#10132,#10133));
#1785=EDGE_LOOP('',(#10134,#10135,#10136,#10137));
#1786=EDGE_LOOP('',(#10138,#10139,#10140,#10141));
#1787=EDGE_LOOP('',(#10142,#10143,#10144,#10145));
#1788=EDGE_LOOP('',(#10146,#10147,#10148,#10149));
#1789=EDGE_LOOP('',(#10150,#10151,#10152,#10153));
#1790=EDGE_LOOP('',(#10154,#10155,#10156,#10157,#10158));
#1791=EDGE_LOOP('',(#10159,#10160,#10161,#10162,#10163,#10164));
#1792=EDGE_LOOP('',(#10165,#10166,#10167));
#1793=EDGE_LOOP('',(#10168,#10169,#10170,#10171,#10172,#10173,#10174));
#1794=EDGE_LOOP('',(#10175,#10176,#10177,#10178));
#1795=EDGE_LOOP('',(#10179,#10180,#10181,#10182));
#1796=EDGE_LOOP('',(#10183,#10184,#10185,#10186));
#1797=EDGE_LOOP('',(#10187,#10188,#10189,#10190,#10191,#10192,#10193));
#1798=EDGE_LOOP('',(#10194,#10195,#10196,#10197));
#1799=EDGE_LOOP('',(#10198,#10199,#10200,#10201));
#1800=EDGE_LOOP('',(#10202,#10203,#10204,#10205));
#1801=EDGE_LOOP('',(#10206,#10207,#10208,#10209));
#1802=EDGE_LOOP('',(#10210,#10211,#10212,#10213));
#1803=EDGE_LOOP('',(#10214,#10215,#10216,#10217));
#1804=EDGE_LOOP('',(#10218,#10219,#10220));
#1805=EDGE_LOOP('',(#10221,#10222,#10223,#10224,#10225));
#1806=EDGE_LOOP('',(#10226,#10227,#10228));
#1807=EDGE_LOOP('',(#10229,#10230,#10231,#10232,#10233,#10234,#10235,#10236));
#1808=EDGE_LOOP('',(#10237,#10238,#10239));
#1809=EDGE_LOOP('',(#10240,#10241,#10242,#10243,#10244,#10245,#10246,#10247,
#10248,#10249));
#1810=EDGE_LOOP('',(#10250,#10251,#10252,#10253,#10254,#10255));
#1811=EDGE_LOOP('',(#10256,#10257,#10258,#10259));
#1812=EDGE_LOOP('',(#10260,#10261,#10262,#10263));
#1813=EDGE_LOOP('',(#10264,#10265,#10266,#10267));
#1814=EDGE_LOOP('',(#10268,#10269,#10270,#10271));
#1815=EDGE_LOOP('',(#10272,#10273,#10274,#10275));
#1816=EDGE_LOOP('',(#10276,#10277,#10278,#10279));
#1817=EDGE_LOOP('',(#10280,#10281,#10282,#10283));
#1818=EDGE_LOOP('',(#10284,#10285,#10286,#10287));
#1819=EDGE_LOOP('',(#10288,#10289,#10290,#10291));
#1820=EDGE_LOOP('',(#10292,#10293,#10294,#10295));
#1821=EDGE_LOOP('',(#10296,#10297,#10298,#10299));
#1822=EDGE_LOOP('',(#10300,#10301,#10302,#10303));
#1823=EDGE_LOOP('',(#10304,#10305,#10306,#10307));
#1824=EDGE_LOOP('',(#10308,#10309,#10310,#10311));
#1825=EDGE_LOOP('',(#10312,#10313,#10314,#10315));
#1826=EDGE_LOOP('',(#10316,#10317,#10318,#10319));
#1827=EDGE_LOOP('',(#10320,#10321,#10322,#10323,#10324));
#1828=EDGE_LOOP('',(#10325,#10326,#10327,#10328));
#1829=EDGE_LOOP('',(#10329,#10330,#10331,#10332));
#1830=EDGE_LOOP('',(#10333,#10334,#10335,#10336));
#1831=EDGE_LOOP('',(#10337,#10338,#10339,#10340));
#1832=EDGE_LOOP('',(#10341,#10342,#10343,#10344));
#1833=EDGE_LOOP('',(#10345,#10346,#10347,#10348));
#1834=EDGE_LOOP('',(#10349,#10350,#10351,#10352,#10353,#10354,#10355));
#1835=EDGE_LOOP('',(#10356,#10357,#10358,#10359));
#1836=EDGE_LOOP('',(#10360,#10361,#10362,#10363));
#1837=EDGE_LOOP('',(#10364,#10365,#10366,#10367,#10368));
#1838=EDGE_LOOP('',(#10369,#10370,#10371,#10372,#10373));
#1839=EDGE_LOOP('',(#10374,#10375,#10376,#10377));
#1840=EDGE_LOOP('',(#10378,#10379,#10380,#10381));
#1841=EDGE_LOOP('',(#10382,#10383,#10384,#10385));
#1842=EDGE_LOOP('',(#10386,#10387,#10388,#10389));
#1843=EDGE_LOOP('',(#10390,#10391,#10392,#10393,#10394));
#1844=EDGE_LOOP('',(#10395,#10396,#10397,#10398));
#1845=EDGE_LOOP('',(#10399,#10400,#10401,#10402,#10403,#10404,#10405,#10406,
#10407,#10408,#10409,#10410,#10411,#10412,#10413,#10414,#10415,#10416,#10417,
#10418,#10419,#10420));
#1846=EDGE_LOOP('',(#10421));
#1847=EDGE_LOOP('',(#10422));
#1848=EDGE_LOOP('',(#10423,#10424,#10425,#10426));
#1849=EDGE_LOOP('',(#10427,#10428,#10429,#10430));
#1850=EDGE_LOOP('',(#10431,#10432,#10433,#10434));
#1851=EDGE_LOOP('',(#10435,#10436,#10437,#10438));
#1852=EDGE_LOOP('',(#10439,#10440,#10441,#10442));
#1853=EDGE_LOOP('',(#10443,#10444,#10445,#10446));
#1854=EDGE_LOOP('',(#10447,#10448,#10449,#10450));
#1855=EDGE_LOOP('',(#10451,#10452,#10453,#10454));
#1856=EDGE_LOOP('',(#10455,#10456,#10457,#10458));
#1857=EDGE_LOOP('',(#10459,#10460,#10461,#10462));
#1858=EDGE_LOOP('',(#10463,#10464,#10465,#10466));
#1859=EDGE_LOOP('',(#10467,#10468,#10469,#10470));
#1860=EDGE_LOOP('',(#10471,#10472,#10473,#10474));
#1861=EDGE_LOOP('',(#10475,#10476,#10477,#10478));
#1862=EDGE_LOOP('',(#10479,#10480,#10481,#10482));
#1863=EDGE_LOOP('',(#10483,#10484,#10485,#10486));
#1864=EDGE_LOOP('',(#10487,#10488,#10489,#10490));
#1865=EDGE_LOOP('',(#10491,#10492,#10493,#10494));
#1866=EDGE_LOOP('',(#10495,#10496,#10497,#10498));
#1867=EDGE_LOOP('',(#10499,#10500,#10501,#10502));
#1868=EDGE_LOOP('',(#10503,#10504,#10505,#10506));
#1869=EDGE_LOOP('',(#10507,#10508,#10509,#10510));
#1870=EDGE_LOOP('',(#10511,#10512,#10513,#10514));
#1871=EDGE_LOOP('',(#10515,#10516,#10517,#10518));
#1872=EDGE_LOOP('',(#10519,#10520,#10521,#10522));
#1873=EDGE_LOOP('',(#10523,#10524,#10525,#10526,#10527,#10528,#10529,#10530,
#10531,#10532,#10533,#10534,#10535,#10536,#10537,#10538,#10539,#10540,#10541,
#10542,#10543,#10544,#10545,#10546,#10547,#10548,#10549,#10550,#10551,#10552));
#1874=EDGE_LOOP('',(#10553));
#1875=EDGE_LOOP('',(#10554));
#1876=EDGE_LOOP('',(#10555,#10556,#10557,#10558));
#1877=EDGE_LOOP('',(#10559,#10560,#10561,#10562));
#1878=EDGE_LOOP('',(#10563,#10564,#10565,#10566));
#1879=EDGE_LOOP('',(#10567,#10568,#10569,#10570));
#1880=EDGE_LOOP('',(#10571,#10572,#10573,#10574));
#1881=EDGE_LOOP('',(#10575,#10576,#10577,#10578));
#1882=EDGE_LOOP('',(#10579,#10580,#10581,#10582));
#1883=EDGE_LOOP('',(#10583,#10584,#10585,#10586));
#1884=EDGE_LOOP('',(#10587,#10588,#10589,#10590));
#1885=EDGE_LOOP('',(#10591,#10592,#10593,#10594));
#1886=EDGE_LOOP('',(#10595,#10596,#10597,#10598));
#1887=EDGE_LOOP('',(#10599,#10600,#10601,#10602));
#1888=EDGE_LOOP('',(#10603,#10604,#10605,#10606));
#1889=EDGE_LOOP('',(#10607,#10608,#10609,#10610));
#1890=EDGE_LOOP('',(#10611,#10612,#10613,#10614));
#1891=EDGE_LOOP('',(#10615,#10616,#10617,#10618));
#1892=EDGE_LOOP('',(#10619,#10620,#10621,#10622));
#1893=EDGE_LOOP('',(#10623,#10624,#10625,#10626));
#1894=EDGE_LOOP('',(#10627,#10628,#10629,#10630,#10631,#10632,#10633));
#1895=EDGE_LOOP('',(#10634,#10635,#10636,#10637));
#1896=EDGE_LOOP('',(#10638,#10639,#10640,#10641));
#1897=EDGE_LOOP('',(#10642,#10643,#10644,#10645));
#1898=EDGE_LOOP('',(#10646,#10647,#10648,#10649));
#1899=EDGE_LOOP('',(#10650,#10651,#10652,#10653));
#1900=EDGE_LOOP('',(#10654,#10655,#10656,#10657));
#1901=EDGE_LOOP('',(#10658,#10659,#10660,#10661));
#1902=EDGE_LOOP('',(#10662,#10663,#10664,#10665));
#1903=EDGE_LOOP('',(#10666,#10667,#10668,#10669));
#1904=EDGE_LOOP('',(#10670,#10671,#10672,#10673));
#1905=EDGE_LOOP('',(#10674,#10675,#10676,#10677));
#1906=EDGE_LOOP('',(#10678,#10679,#10680,#10681));
#1907=EDGE_LOOP('',(#10682,#10683,#10684,#10685));
#1908=EDGE_LOOP('',(#10686,#10687,#10688,#10689));
#1909=EDGE_LOOP('',(#10690,#10691,#10692,#10693));
#1910=EDGE_LOOP('',(#10694,#10695,#10696,#10697));
#1911=EDGE_LOOP('',(#10698,#10699,#10700,#10701));
#1912=EDGE_LOOP('',(#10702,#10703,#10704,#10705));
#1913=EDGE_LOOP('',(#10706,#10707,#10708,#10709));
#1914=EDGE_LOOP('',(#10710,#10711,#10712,#10713));
#1915=EDGE_LOOP('',(#10714,#10715,#10716,#10717));
#1916=EDGE_LOOP('',(#10718,#10719,#10720,#10721));
#1917=EDGE_LOOP('',(#10722,#10723,#10724,#10725));
#1918=EDGE_LOOP('',(#10726,#10727,#10728,#10729));
#1919=EDGE_LOOP('',(#10730,#10731,#10732,#10733));
#1920=EDGE_LOOP('',(#10734,#10735,#10736,#10737));
#1921=EDGE_LOOP('',(#10738,#10739,#10740,#10741));
#1922=EDGE_LOOP('',(#10742,#10743,#10744,#10745));
#1923=EDGE_LOOP('',(#10746,#10747,#10748,#10749));
#1924=EDGE_LOOP('',(#10750,#10751,#10752,#10753));
#1925=EDGE_LOOP('',(#10754,#10755,#10756,#10757));
#1926=EDGE_LOOP('',(#10758,#10759,#10760,#10761));
#1927=EDGE_LOOP('',(#10762,#10763,#10764,#10765));
#1928=EDGE_LOOP('',(#10766,#10767,#10768,#10769));
#1929=EDGE_LOOP('',(#10770,#10771,#10772,#10773));
#1930=EDGE_LOOP('',(#10774,#10775,#10776,#10777));
#1931=EDGE_LOOP('',(#10778,#10779,#10780,#10781));
#1932=EDGE_LOOP('',(#10782,#10783,#10784,#10785));
#1933=EDGE_LOOP('',(#10786,#10787,#10788,#10789));
#1934=EDGE_LOOP('',(#10790,#10791,#10792,#10793));
#1935=EDGE_LOOP('',(#10794,#10795,#10796,#10797));
#1936=EDGE_LOOP('',(#10798,#10799,#10800,#10801));
#1937=EDGE_LOOP('',(#10802,#10803,#10804,#10805));
#1938=EDGE_LOOP('',(#10806,#10807,#10808,#10809));
#1939=EDGE_LOOP('',(#10810,#10811,#10812,#10813));
#1940=EDGE_LOOP('',(#10814,#10815,#10816,#10817));
#1941=EDGE_LOOP('',(#10818,#10819,#10820,#10821));
#1942=EDGE_LOOP('',(#10822,#10823,#10824,#10825));
#1943=EDGE_LOOP('',(#10826,#10827,#10828,#10829));
#1944=EDGE_LOOP('',(#10830,#10831,#10832,#10833));
#1945=EDGE_LOOP('',(#10834,#10835,#10836,#10837));
#1946=EDGE_LOOP('',(#10838,#10839,#10840,#10841));
#1947=EDGE_LOOP('',(#10842,#10843,#10844,#10845));
#1948=EDGE_LOOP('',(#10846,#10847,#10848,#10849));
#1949=EDGE_LOOP('',(#10850,#10851,#10852,#10853,#10854,#10855,#10856,#10857,
#10858,#10859,#10860,#10861));
#1950=EDGE_LOOP('',(#10862,#10863,#10864,#10865));
#1951=EDGE_LOOP('',(#10866,#10867,#10868,#10869));
#1952=EDGE_LOOP('',(#10870,#10871,#10872,#10873));
#1953=EDGE_LOOP('',(#10874,#10875,#10876,#10877));
#1954=EDGE_LOOP('',(#10878,#10879,#10880,#10881));
#1955=EDGE_LOOP('',(#10882,#10883,#10884,#10885));
#1956=EDGE_LOOP('',(#10886,#10887,#10888,#10889,#10890,#10891,#10892,#10893,
#10894,#10895,#10896,#10897));
#1957=ELLIPSE('',#11768,1.06417777247586,1.);
#1958=ELLIPSE('',#11769,1.41421356237309,1.);
#1959=ELLIPSE('',#11772,1.06417777247592,1.);
#1960=ELLIPSE('',#11785,1.41421356237309,1.);
#1961=ELLIPSE('',#11810,0.783244373599366,0.6);
#1962=ELLIPSE('',#11812,0.783244373599363,0.6);
#1963=ELLIPSE('',#12010,1.06417777247592,1.);
#1964=ELLIPSE('',#12011,1.41421356237309,1.);
#1965=ELLIPSE('',#12014,1.06417777247594,1.);
#1966=ELLIPSE('',#12027,1.41421356237309,1.);
#1967=ELLIPSE('',#12343,1.06417777247591,1.);
#1968=ELLIPSE('',#12344,1.41421356237309,1.);
#1969=ELLIPSE('',#12347,1.06417777247595,1.);
#1970=ELLIPSE('',#12349,1.41421356237309,1.);
#1971=ELLIPSE('',#12384,0.783244373599363,0.6);
#1972=ELLIPSE('',#12386,0.783244373599366,0.6);
#1973=ELLIPSE('',#12617,1.06417777247589,1.);
#1974=ELLIPSE('',#12618,1.41421356237309,1.);
#1975=ELLIPSE('',#12621,1.0641777724759,1.);
#1976=ELLIPSE('',#12623,1.41421356237309,1.);
#1977=ELLIPSE('',#12796,1.06417777247592,1.);
#1978=ELLIPSE('',#12798,1.0641777724759,1.);
#1979=ELLIPSE('',#12801,1.0641777724759,1.);
#1980=ELLIPSE('',#12814,1.0641777724759,1.);
#1981=ELLIPSE('',#12843,1.0641777724759,1.);
#1982=ELLIPSE('',#12844,1.06417777247591,1.);
#1983=ELLIPSE('',#12847,1.06417777247592,1.);
#1984=ELLIPSE('',#12861,1.06417777247591,1.);
#1985=LINE('',#16416,#3204);
#1986=LINE('',#16420,#3205);
#1987=LINE('',#16425,#3206);
#1988=LINE('',#16429,#3207);
#1989=LINE('',#16439,#3208);
#1990=LINE('',#16442,#3209);
#1991=LINE('',#16450,#3210);
#1992=LINE('',#16451,#3211);
#1993=LINE('',#16456,#3212);
#1994=LINE('',#16458,#3213);
#1995=LINE('',#16462,#3214);
#1996=LINE('',#16464,#3215);
#1997=LINE('',#16465,#3216);
#1998=LINE('',#16468,#3217);
#1999=LINE('',#16470,#3218);
#2000=LINE('',#16471,#3219);
#2001=LINE('',#16474,#3220);
#2002=LINE('',#16476,#3221);
#2003=LINE('',#16478,#3222);
#2004=LINE('',#16479,#3223);
#2005=LINE('',#16482,#3224);
#2006=LINE('',#16484,#3225);
#2007=LINE('',#16486,#3226);
#2008=LINE('',#16487,#3227);
#2009=LINE('',#16490,#3228);
#2010=LINE('',#16491,#3229);
#2011=LINE('',#16494,#3230);
#2012=LINE('',#16498,#3231);
#2013=LINE('',#16499,#3232);
#2014=LINE('',#16502,#3233);
#2015=LINE('',#16506,#3234);
#2016=LINE('',#16507,#3235);
#2017=LINE('',#16510,#3236);
#2018=LINE('',#16512,#3237);
#2019=LINE('',#16513,#3238);
#2020=LINE('',#16516,#3239);
#2021=LINE('',#16520,#3240);
#2022=LINE('',#16521,#3241);
#2023=LINE('',#16524,#3242);
#2024=LINE('',#16527,#3243);
#2025=LINE('',#16530,#3244);
#2026=LINE('',#16531,#3245);
#2027=LINE('',#16534,#3246);
#2028=LINE('',#16536,#3247);
#2029=LINE('',#16538,#3248);
#2030=LINE('',#16539,#3249);
#2031=LINE('',#16542,#3250);
#2032=LINE('',#16544,#3251);
#2033=LINE('',#16545,#3252);
#2034=LINE('',#16547,#3253);
#2035=LINE('',#16550,#3254);
#2036=LINE('',#16552,#3255);
#2037=LINE('',#16556,#3256);
#2038=LINE('',#16560,#3257);
#2039=LINE('',#16564,#3258);
#2040=LINE('',#16567,#3259);
#2041=LINE('',#16569,#3260);
#2042=LINE('',#16574,#3261);
#2043=LINE('',#16578,#3262);
#2044=LINE('',#16582,#3263);
#2045=LINE('',#16586,#3264);
#2046=LINE('',#16590,#3265);
#2047=LINE('',#16594,#3266);
#2048=LINE('',#16598,#3267);
#2049=LINE('',#16602,#3268);
#2050=LINE('',#16606,#3269);
#2051=LINE('',#16614,#3270);
#2052=LINE('',#16617,#3271);
#2053=LINE('',#16622,#3272);
#2054=LINE('',#16625,#3273);
#2055=LINE('',#16633,#3274);
#2056=LINE('',#16636,#3275);
#2057=LINE('',#16645,#3276);
#2058=LINE('',#16648,#3277);
#2059=LINE('',#16660,#3278);
#2060=LINE('',#16663,#3279);
#2061=LINE('',#16674,#3280);
#2062=LINE('',#16675,#3281);
#2063=LINE('',#16678,#3282);
#2064=LINE('',#16681,#3283);
#2065=LINE('',#16684,#3284);
#2066=LINE('',#16685,#3285);
#2067=LINE('',#16688,#3286);
#2068=LINE('',#16692,#3287);
#2069=LINE('',#16693,#3288);
#2070=LINE('',#16696,#3289);
#2071=LINE('',#16700,#3290);
#2072=LINE('',#16701,#3291);
#2073=LINE('',#16704,#3292);
#2074=LINE('',#16708,#3293);
#2075=LINE('',#16709,#3294);
#2076=LINE('',#16712,#3295);
#2077=LINE('',#16713,#3296);
#2078=LINE('',#16716,#3297);
#2079=LINE('',#16717,#3298);
#2080=LINE('',#16720,#3299);
#2081=LINE('',#16721,#3300);
#2082=LINE('',#16724,#3301);
#2083=LINE('',#16726,#3302);
#2084=LINE('',#16727,#3303);
#2085=LINE('',#16731,#3304);
#2086=LINE('',#16734,#3305);
#2087=LINE('',#16735,#3306);
#2088=LINE('',#16741,#3307);
#2089=LINE('',#16744,#3308);
#2090=LINE('',#16745,#3309);
#2091=LINE('',#16749,#3310);
#2092=LINE('',#16752,#3311);
#2093=LINE('',#16754,#3312);
#2094=LINE('',#16756,#3313);
#2095=LINE('',#16757,#3314);
#2096=LINE('',#16760,#3315);
#2097=LINE('',#16764,#3316);
#2098=LINE('',#16765,#3317);
#2099=LINE('',#16768,#3318);
#2100=LINE('',#16772,#3319);
#2101=LINE('',#16773,#3320);
#2102=LINE('',#16776,#3321);
#2103=LINE('',#16780,#3322);
#2104=LINE('',#16781,#3323);
#2105=LINE('',#16784,#3324);
#2106=LINE('',#16788,#3325);
#2107=LINE('',#16790,#3326);
#2108=LINE('',#16791,#3327);
#2109=LINE('',#16795,#3328);
#2110=LINE('',#16797,#3329);
#2111=LINE('',#16799,#3330);
#2112=LINE('',#16800,#3331);
#2113=LINE('',#16805,#3332);
#2114=LINE('',#16809,#3333);
#2115=LINE('',#16811,#3334);
#2116=LINE('',#16812,#3335);
#2117=LINE('',#16817,#3336);
#2118=LINE('',#16821,#3337);
#2119=LINE('',#16823,#3338);
#2120=LINE('',#16824,#3339);
#2121=LINE('',#16830,#3340);
#2122=LINE('',#16833,#3341);
#2123=LINE('',#16836,#3342);
#2124=LINE('',#16838,#3343);
#2125=LINE('',#16839,#3344);
#2126=LINE('',#16844,#3345);
#2127=LINE('',#16847,#3346);
#2128=LINE('',#16850,#3347);
#2129=LINE('',#16852,#3348);
#2130=LINE('',#16853,#3349);
#2131=LINE('',#16862,#3350);
#2132=LINE('',#16865,#3351);
#2133=LINE('',#16868,#3352);
#2134=LINE('',#16870,#3353);
#2135=LINE('',#16871,#3354);
#2136=LINE('',#16873,#3355);
#2137=LINE('',#16875,#3356);
#2138=LINE('',#16876,#3357);
#2139=LINE('',#16878,#3358);
#2140=LINE('',#16881,#3359);
#2141=LINE('',#16884,#3360);
#2142=LINE('',#16885,#3361);
#2143=LINE('',#16887,#3362);
#2144=LINE('',#16890,#3363);
#2145=LINE('',#16891,#3364);
#2146=LINE('',#16895,#3365);
#2147=LINE('',#16896,#3366);
#2148=LINE('',#16898,#3367);
#2149=LINE('',#16900,#3368);
#2150=LINE('',#16902,#3369);
#2151=LINE('',#16904,#3370);
#2152=LINE('',#16906,#3371);
#2153=LINE('',#16908,#3372);
#2154=LINE('',#16910,#3373);
#2155=LINE('',#16913,#3374);
#2156=LINE('',#16917,#3375);
#2157=LINE('',#16918,#3376);
#2158=LINE('',#16921,#3377);
#2159=LINE('',#16925,#3378);
#2160=LINE('',#16929,#3379);
#2161=LINE('',#16934,#3380);
#2162=LINE('',#16937,#3381);
#2163=LINE('',#16938,#3382);
#2164=LINE('',#16941,#3383);
#2165=LINE('',#16944,#3384);
#2166=LINE('',#16946,#3385);
#2167=LINE('',#16947,#3386);
#2168=LINE('',#16952,#3387);
#2169=LINE('',#16956,#3388);
#2170=LINE('',#16957,#3389);
#2171=LINE('',#16960,#3390);
#2172=LINE('',#16964,#3391);
#2173=LINE('',#16965,#3392);
#2174=LINE('',#16968,#3393);
#2175=LINE('',#16972,#3394);
#2176=LINE('',#16973,#3395);
#2177=LINE('',#16976,#3396);
#2178=LINE('',#16980,#3397);
#2179=LINE('',#16981,#3398);
#2180=LINE('',#16986,#3399);
#2181=LINE('',#16987,#3400);
#2182=LINE('',#16992,#3401);
#2183=LINE('',#16995,#3402);
#2184=LINE('',#16998,#3403);
#2185=LINE('',#16999,#3404);
#2186=LINE('',#17003,#3405);
#2187=LINE('',#17005,#3406);
#2188=LINE('',#17008,#3407);
#2189=LINE('',#17009,#3408);
#2190=LINE('',#17014,#3409);
#2191=LINE('',#17017,#3410);
#2192=LINE('',#17020,#3411);
#2193=LINE('',#17021,#3412);
#2194=LINE('',#17025,#3413);
#2195=LINE('',#17027,#3414);
#2196=LINE('',#17030,#3415);
#2197=LINE('',#17035,#3416);
#2198=LINE('',#17038,#3417);
#2199=LINE('',#17044,#3418);
#2200=LINE('',#17046,#3419);
#2201=LINE('',#17048,#3420);
#2202=LINE('',#17049,#3421);
#2203=LINE('',#17051,#3422);
#2204=LINE('',#17054,#3423);
#2205=LINE('',#17057,#3424);
#2206=LINE('',#17065,#3425);
#2207=LINE('',#17069,#3426);
#2208=LINE('',#17074,#3427);
#2209=LINE('',#17078,#3428);
#2210=LINE('',#17088,#3429);
#2211=LINE('',#17091,#3430);
#2212=LINE('',#17099,#3431);
#2213=LINE('',#17100,#3432);
#2214=LINE('',#17105,#3433);
#2215=LINE('',#17107,#3434);
#2216=LINE('',#17111,#3435);
#2217=LINE('',#17113,#3436);
#2218=LINE('',#17114,#3437);
#2219=LINE('',#17117,#3438);
#2220=LINE('',#17119,#3439);
#2221=LINE('',#17120,#3440);
#2222=LINE('',#17123,#3441);
#2223=LINE('',#17125,#3442);
#2224=LINE('',#17127,#3443);
#2225=LINE('',#17128,#3444);
#2226=LINE('',#17130,#3445);
#2227=LINE('',#17133,#3446);
#2228=LINE('',#17135,#3447);
#2229=LINE('',#17137,#3448);
#2230=LINE('',#17138,#3449);
#2231=LINE('',#17141,#3450);
#2232=LINE('',#17145,#3451);
#2233=LINE('',#17146,#3452);
#2234=LINE('',#17149,#3453);
#2235=LINE('',#17153,#3454);
#2236=LINE('',#17155,#3455);
#2237=LINE('',#17157,#3456);
#2238=LINE('',#17159,#3457);
#2239=LINE('',#17160,#3458);
#2240=LINE('',#17163,#3459);
#2241=LINE('',#17165,#3460);
#2242=LINE('',#17166,#3461);
#2243=LINE('',#17169,#3462);
#2244=LINE('',#17173,#3463);
#2245=LINE('',#17174,#3464);
#2246=LINE('',#17177,#3465);
#2247=LINE('',#17180,#3466);
#2248=LINE('',#17183,#3467);
#2249=LINE('',#17184,#3468);
#2250=LINE('',#17186,#3469);
#2251=LINE('',#17189,#3470);
#2252=LINE('',#17191,#3471);
#2253=LINE('',#17192,#3472);
#2254=LINE('',#17195,#3473);
#2255=LINE('',#17196,#3474);
#2256=LINE('',#17199,#3475);
#2257=LINE('',#17200,#3476);
#2258=LINE('',#17202,#3477);
#2259=LINE('',#17205,#3478);
#2260=LINE('',#17207,#3479);
#2261=LINE('',#17209,#3480);
#2262=LINE('',#17210,#3481);
#2263=LINE('',#17212,#3482);
#2264=LINE('',#17216,#3483);
#2265=LINE('',#17218,#3484);
#2266=LINE('',#17220,#3485);
#2267=LINE('',#17221,#3486);
#2268=LINE('',#17225,#3487);
#2269=LINE('',#17227,#3488);
#2270=LINE('',#17229,#3489);
#2271=LINE('',#17230,#3490);
#2272=LINE('',#17234,#3491);
#2273=LINE('',#17236,#3492);
#2274=LINE('',#17238,#3493);
#2275=LINE('',#17239,#3494);
#2276=LINE('',#17242,#3495);
#2277=LINE('',#17244,#3496);
#2278=LINE('',#17245,#3497);
#2279=LINE('',#17249,#3498);
#2280=LINE('',#17254,#3499);
#2281=LINE('',#17259,#3500);
#2282=LINE('',#17260,#3501);
#2283=LINE('',#17261,#3502);
#2284=LINE('',#17264,#3503);
#2285=LINE('',#17265,#3504);
#2286=LINE('',#17274,#3505);
#2287=LINE('',#17279,#3506);
#2288=LINE('',#17284,#3507);
#2289=LINE('',#17285,#3508);
#2290=LINE('',#17286,#3509);
#2291=LINE('',#17289,#3510);
#2292=LINE('',#17290,#3511);
#2293=LINE('',#17293,#3512);
#2294=LINE('',#17300,#3513);
#2295=LINE('',#17302,#3514);
#2296=LINE('',#17303,#3515);
#2297=LINE('',#17305,#3516);
#2298=LINE('',#17306,#3517);
#2299=LINE('',#17309,#3518);
#2300=LINE('',#17311,#3519);
#2301=LINE('',#17313,#3520);
#2302=LINE('',#17315,#3521);
#2303=LINE('',#17316,#3522);
#2304=LINE('',#17319,#3523);
#2305=LINE('',#17321,#3524);
#2306=LINE('',#17323,#3525);
#2307=LINE('',#17325,#3526);
#2308=LINE('',#17327,#3527);
#2309=LINE('',#17329,#3528);
#2310=LINE('',#17331,#3529);
#2311=LINE('',#17333,#3530);
#2312=LINE('',#17335,#3531);
#2313=LINE('',#17337,#3532);
#2314=LINE('',#17339,#3533);
#2315=LINE('',#17341,#3534);
#2316=LINE('',#17343,#3535);
#2317=LINE('',#17345,#3536);
#2318=LINE('',#17347,#3537);
#2319=LINE('',#17349,#3538);
#2320=LINE('',#17351,#3539);
#2321=LINE('',#17353,#3540);
#2322=LINE('',#17355,#3541);
#2323=LINE('',#17357,#3542);
#2324=LINE('',#17359,#3543);
#2325=LINE('',#17361,#3544);
#2326=LINE('',#17363,#3545);
#2327=LINE('',#17365,#3546);
#2328=LINE('',#17367,#3547);
#2329=LINE('',#17369,#3548);
#2330=LINE('',#17371,#3549);
#2331=LINE('',#17373,#3550);
#2332=LINE('',#17375,#3551);
#2333=LINE('',#17377,#3552);
#2334=LINE('',#17379,#3553);
#2335=LINE('',#17381,#3554);
#2336=LINE('',#17383,#3555);
#2337=LINE('',#17385,#3556);
#2338=LINE('',#17387,#3557);
#2339=LINE('',#17388,#3558);
#2340=LINE('',#17391,#3559);
#2341=LINE('',#17393,#3560);
#2342=LINE('',#17394,#3561);
#2343=LINE('',#17397,#3562);
#2344=LINE('',#17399,#3563);
#2345=LINE('',#17400,#3564);
#2346=LINE('',#17403,#3565);
#2347=LINE('',#17408,#3566);
#2348=LINE('',#17411,#3567);
#2349=LINE('',#17412,#3568);
#2350=LINE('',#17415,#3569);
#2351=LINE('',#17416,#3570);
#2352=LINE('',#17419,#3571);
#2353=LINE('',#17425,#3572);
#2354=LINE('',#17426,#3573);
#2355=LINE('',#17429,#3574);
#2356=LINE('',#17433,#3575);
#2357=LINE('',#17435,#3576);
#2358=LINE('',#17437,#3577);
#2359=LINE('',#17438,#3578);
#2360=LINE('',#17441,#3579);
#2361=LINE('',#17443,#3580);
#2362=LINE('',#17445,#3581);
#2363=LINE('',#17446,#3582);
#2364=LINE('',#17449,#3583);
#2365=LINE('',#17450,#3584);
#2366=LINE('',#17455,#3585);
#2367=LINE('',#17458,#3586);
#2368=LINE('',#17461,#3587);
#2369=LINE('',#17462,#3588);
#2370=LINE('',#17466,#3589);
#2371=LINE('',#17469,#3590);
#2372=LINE('',#17473,#3591);
#2373=LINE('',#17477,#3592);
#2374=LINE('',#17481,#3593);
#2375=LINE('',#17485,#3594);
#2376=LINE('',#17489,#3595);
#2377=LINE('',#17492,#3596);
#2378=LINE('',#17497,#3597);
#2379=LINE('',#17500,#3598);
#2380=LINE('',#17509,#3599);
#2381=LINE('',#17512,#3600);
#2382=LINE('',#17515,#3601);
#2383=LINE('',#17517,#3602);
#2384=LINE('',#17519,#3603);
#2385=LINE('',#17521,#3604);
#2386=LINE('',#17523,#3605);
#2387=LINE('',#17525,#3606);
#2388=LINE('',#17527,#3607);
#2389=LINE('',#17529,#3608);
#2390=LINE('',#17531,#3609);
#2391=LINE('',#17533,#3610);
#2392=LINE('',#17535,#3611);
#2393=LINE('',#17537,#3612);
#2394=LINE('',#17539,#3613);
#2395=LINE('',#17541,#3614);
#2396=LINE('',#17543,#3615);
#2397=LINE('',#17545,#3616);
#2398=LINE('',#17547,#3617);
#2399=LINE('',#17549,#3618);
#2400=LINE('',#17551,#3619);
#2401=LINE('',#17553,#3620);
#2402=LINE('',#17555,#3621);
#2403=LINE('',#17557,#3622);
#2404=LINE('',#17559,#3623);
#2405=LINE('',#17561,#3624);
#2406=LINE('',#17563,#3625);
#2407=LINE('',#17565,#3626);
#2408=LINE('',#17567,#3627);
#2409=LINE('',#17569,#3628);
#2410=LINE('',#17571,#3629);
#2411=LINE('',#17573,#3630);
#2412=LINE('',#17575,#3631);
#2413=LINE('',#17577,#3632);
#2414=LINE('',#17579,#3633);
#2415=LINE('',#17581,#3634);
#2416=LINE('',#17582,#3635);
#2417=LINE('',#17586,#3636);
#2418=LINE('',#17587,#3637);
#2419=LINE('',#17588,#3638);
#2420=LINE('',#17592,#3639);
#2421=LINE('',#17593,#3640);
#2422=LINE('',#17594,#3641);
#2423=LINE('',#17599,#3642);
#2424=LINE('',#17602,#3643);
#2425=LINE('',#17603,#3644);
#2426=LINE('',#17608,#3645);
#2427=LINE('',#17611,#3646);
#2428=LINE('',#17612,#3647);
#2429=LINE('',#17618,#3648);
#2430=LINE('',#17621,#3649);
#2431=LINE('',#17623,#3650);
#2432=LINE('',#17625,#3651);
#2433=LINE('',#17626,#3652);
#2434=LINE('',#17629,#3653);
#2435=LINE('',#17631,#3654);
#2436=LINE('',#17632,#3655);
#2437=LINE('',#17634,#3656);
#2438=LINE('',#17636,#3657);
#2439=LINE('',#17637,#3658);
#2440=LINE('',#17639,#3659);
#2441=LINE('',#17641,#3660);
#2442=LINE('',#17642,#3661);
#2443=LINE('',#17644,#3662);
#2444=LINE('',#17646,#3663);
#2445=LINE('',#17647,#3664);
#2446=LINE('',#17649,#3665);
#2447=LINE('',#17651,#3666);
#2448=LINE('',#17653,#3667);
#2449=LINE('',#17654,#3668);
#2450=LINE('',#17656,#3669);
#2451=LINE('',#17658,#3670);
#2452=LINE('',#17659,#3671);
#2453=LINE('',#17661,#3672);
#2454=LINE('',#17663,#3673);
#2455=LINE('',#17664,#3674);
#2456=LINE('',#17670,#3675);
#2457=LINE('',#17673,#3676);
#2458=LINE('',#17674,#3677);
#2459=LINE('',#17677,#3678);
#2460=LINE('',#17681,#3679);
#2461=LINE('',#17685,#3680);
#2462=LINE('',#17689,#3681);
#2463=LINE('',#17693,#3682);
#2464=LINE('',#17697,#3683);
#2465=LINE('',#17700,#3684);
#2466=LINE('',#17702,#3685);
#2467=LINE('',#17704,#3686);
#2468=LINE('',#17705,#3687);
#2469=LINE('',#17707,#3688);
#2470=LINE('',#17709,#3689);
#2471=LINE('',#17710,#3690);
#2472=LINE('',#17712,#3691);
#2473=LINE('',#17714,#3692);
#2474=LINE('',#17715,#3693);
#2475=LINE('',#17717,#3694);
#2476=LINE('',#17718,#3695);
#2477=LINE('',#17721,#3696);
#2478=LINE('',#17722,#3697);
#2479=LINE('',#17724,#3698);
#2480=LINE('',#17726,#3699);
#2481=LINE('',#17727,#3700);
#2482=LINE('',#17729,#3701);
#2483=LINE('',#17731,#3702);
#2484=LINE('',#17732,#3703);
#2485=LINE('',#17734,#3704);
#2486=LINE('',#17736,#3705);
#2487=LINE('',#17737,#3706);
#2488=LINE('',#17740,#3707);
#2489=LINE('',#17744,#3708);
#2490=LINE('',#17752,#3709);
#2491=LINE('',#17756,#3710);
#2492=LINE('',#17759,#3711);
#2493=LINE('',#17762,#3712);
#2494=LINE('',#17767,#3713);
#2495=LINE('',#17768,#3714);
#2496=LINE('',#17769,#3715);
#2497=LINE('',#17773,#3716);
#2498=LINE('',#17774,#3717);
#2499=LINE('',#17775,#3718);
#2500=LINE('',#17780,#3719);
#2501=LINE('',#17783,#3720);
#2502=LINE('',#17784,#3721);
#2503=LINE('',#17789,#3722);
#2504=LINE('',#17792,#3723);
#2505=LINE('',#17793,#3724);
#2506=LINE('',#17798,#3725);
#2507=LINE('',#17801,#3726);
#2508=LINE('',#17807,#3727);
#2509=LINE('',#17809,#3728);
#2510=LINE('',#17811,#3729);
#2511=LINE('',#17814,#3730);
#2512=LINE('',#17819,#3731);
#2513=LINE('',#17820,#3732);
#2514=LINE('',#17821,#3733);
#2515=LINE('',#17825,#3734);
#2516=LINE('',#17826,#3735);
#2517=LINE('',#17827,#3736);
#2518=LINE('',#17832,#3737);
#2519=LINE('',#17835,#3738);
#2520=LINE('',#17836,#3739);
#2521=LINE('',#17841,#3740);
#2522=LINE('',#17844,#3741);
#2523=LINE('',#17845,#3742);
#2524=LINE('',#17850,#3743);
#2525=LINE('',#17853,#3744);
#2526=LINE('',#17858,#3745);
#2527=LINE('',#17861,#3746);
#2528=LINE('',#17863,#3747);
#2529=LINE('',#17866,#3748);
#2530=LINE('',#17871,#3749);
#2531=LINE('',#17872,#3750);
#2532=LINE('',#17873,#3751);
#2533=LINE('',#17877,#3752);
#2534=LINE('',#17878,#3753);
#2535=LINE('',#17879,#3754);
#2536=LINE('',#17884,#3755);
#2537=LINE('',#17887,#3756);
#2538=LINE('',#17888,#3757);
#2539=LINE('',#17893,#3758);
#2540=LINE('',#17896,#3759);
#2541=LINE('',#17897,#3760);
#2542=LINE('',#17902,#3761);
#2543=LINE('',#17905,#3762);
#2544=LINE('',#17910,#3763);
#2545=LINE('',#17913,#3764);
#2546=LINE('',#17915,#3765);
#2547=LINE('',#17918,#3766);
#2548=LINE('',#17923,#3767);
#2549=LINE('',#17925,#3768);
#2550=LINE('',#17929,#3769);
#2551=LINE('',#17930,#3770);
#2552=LINE('',#17933,#3771);
#2553=LINE('',#17936,#3772);
#2554=LINE('',#17939,#3773);
#2555=LINE('',#17941,#3774);
#2556=LINE('',#17942,#3775);
#2557=LINE('',#17945,#3776);
#2558=LINE('',#17949,#3777);
#2559=LINE('',#17951,#3778);
#2560=LINE('',#17955,#3779);
#2561=LINE('',#17956,#3780);
#2562=LINE('',#17959,#3781);
#2563=LINE('',#17962,#3782);
#2564=LINE('',#17965,#3783);
#2565=LINE('',#17967,#3784);
#2566=LINE('',#17968,#3785);
#2567=LINE('',#17971,#3786);
#2568=LINE('',#17975,#3787);
#2569=LINE('',#17976,#3788);
#2570=LINE('',#17979,#3789);
#2571=LINE('',#17983,#3790);
#2572=LINE('',#17984,#3791);
#2573=LINE('',#17987,#3792);
#2574=LINE('',#17991,#3793);
#2575=LINE('',#17992,#3794);
#2576=LINE('',#17995,#3795);
#2577=LINE('',#17999,#3796);
#2578=LINE('',#18000,#3797);
#2579=LINE('',#18003,#3798);
#2580=LINE('',#18007,#3799);
#2581=LINE('',#18008,#3800);
#2582=LINE('',#18011,#3801);
#2583=LINE('',#18015,#3802);
#2584=LINE('',#18016,#3803);
#2585=LINE('',#18018,#3804);
#2586=LINE('',#18023,#3805);
#2587=LINE('',#18025,#3806);
#2588=LINE('',#18026,#3807);
#2589=LINE('',#18029,#3808);
#2590=LINE('',#18032,#3809);
#2591=LINE('',#18036,#3810);
#2592=LINE('',#18040,#3811);
#2593=LINE('',#18044,#3812);
#2594=LINE('',#18048,#3813);
#2595=LINE('',#18051,#3814);
#2596=LINE('',#18053,#3815);
#2597=LINE('',#18054,#3816);
#2598=LINE('',#18057,#3817);
#2599=LINE('',#18061,#3818);
#2600=LINE('',#18062,#3819);
#2601=LINE('',#18067,#3820);
#2602=LINE('',#18070,#3821);
#2603=LINE('',#18073,#3822);
#2604=LINE('',#18074,#3823);
#2605=LINE('',#18077,#3824);
#2606=LINE('',#18079,#3825);
#2607=LINE('',#18080,#3826);
#2608=LINE('',#18083,#3827);
#2609=LINE('',#18087,#3828);
#2610=LINE('',#18088,#3829);
#2611=LINE('',#18093,#3830);
#2612=LINE('',#18096,#3831);
#2613=LINE('',#18099,#3832);
#2614=LINE('',#18100,#3833);
#2615=LINE('',#18102,#3834);
#2616=LINE('',#18103,#3835);
#2617=LINE('',#18106,#3836);
#2618=LINE('',#18110,#3837);
#2619=LINE('',#18111,#3838);
#2620=LINE('',#18114,#3839);
#2621=LINE('',#18118,#3840);
#2622=LINE('',#18119,#3841);
#2623=LINE('',#18122,#3842);
#2624=LINE('',#18126,#3843);
#2625=LINE('',#18127,#3844);
#2626=LINE('',#18130,#3845);
#2627=LINE('',#18134,#3846);
#2628=LINE('',#18135,#3847);
#2629=LINE('',#18137,#3848);
#2630=LINE('',#18141,#3849);
#2631=LINE('',#18144,#3850);
#2632=LINE('',#18146,#3851);
#2633=LINE('',#18150,#3852);
#2634=LINE('',#18152,#3853);
#2635=LINE('',#18156,#3854);
#2636=LINE('',#18158,#3855);
#2637=LINE('',#18163,#3856);
#2638=LINE('',#18165,#3857);
#2639=LINE('',#18169,#3858);
#2640=LINE('',#18171,#3859);
#2641=LINE('',#18174,#3860);
#2642=LINE('',#18176,#3861);
#2643=LINE('',#18177,#3862);
#2644=LINE('',#18180,#3863);
#2645=LINE('',#18182,#3864);
#2646=LINE('',#18184,#3865);
#2647=LINE('',#18185,#3866);
#2648=LINE('',#18188,#3867);
#2649=LINE('',#18195,#3868);
#2650=LINE('',#18199,#3869);
#2651=LINE('',#18204,#3870);
#2652=LINE('',#18208,#3871);
#2653=LINE('',#18214,#3872);
#2654=LINE('',#18216,#3873);
#2655=LINE('',#18226,#3874);
#2656=LINE('',#18229,#3875);
#2657=LINE('',#18237,#3876);
#2658=LINE('',#18238,#3877);
#2659=LINE('',#18241,#3878);
#2660=LINE('',#18243,#3879);
#2661=LINE('',#18244,#3880);
#2662=LINE('',#18247,#3881);
#2663=LINE('',#18249,#3882);
#2664=LINE('',#18250,#3883);
#2665=LINE('',#18253,#3884);
#2666=LINE('',#18255,#3885);
#2667=LINE('',#18257,#3886);
#2668=LINE('',#18258,#3887);
#2669=LINE('',#18261,#3888);
#2670=LINE('',#18263,#3889);
#2671=LINE('',#18265,#3890);
#2672=LINE('',#18266,#3891);
#2673=LINE('',#18269,#3892);
#2674=LINE('',#18270,#3893);
#2675=LINE('',#18273,#3894);
#2676=LINE('',#18277,#3895);
#2677=LINE('',#18278,#3896);
#2678=LINE('',#18281,#3897);
#2679=LINE('',#18285,#3898);
#2680=LINE('',#18286,#3899);
#2681=LINE('',#18289,#3900);
#2682=LINE('',#18291,#3901);
#2683=LINE('',#18292,#3902);
#2684=LINE('',#18295,#3903);
#2685=LINE('',#18296,#3904);
#2686=LINE('',#18299,#3905);
#2687=LINE('',#18303,#3906);
#2688=LINE('',#18304,#3907);
#2689=LINE('',#18307,#3908);
#2690=LINE('',#18310,#3909);
#2691=LINE('',#18313,#3910);
#2692=LINE('',#18315,#3911);
#2693=LINE('',#18317,#3912);
#2694=LINE('',#18318,#3913);
#2695=LINE('',#18321,#3914);
#2696=LINE('',#18323,#3915);
#2697=LINE('',#18324,#3916);
#2698=LINE('',#18327,#3917);
#2699=LINE('',#18330,#3918);
#2700=LINE('',#18333,#3919);
#2701=LINE('',#18336,#3920);
#2702=LINE('',#18341,#3921);
#2703=LINE('',#18345,#3922);
#2704=LINE('',#18347,#3923);
#2705=LINE('',#18349,#3924);
#2706=LINE('',#18351,#3925);
#2707=LINE('',#18353,#3926);
#2708=LINE('',#18355,#3927);
#2709=LINE('',#18359,#3928);
#2710=LINE('',#18361,#3929);
#2711=LINE('',#18363,#3930);
#2712=LINE('',#18365,#3931);
#2713=LINE('',#18367,#3932);
#2714=LINE('',#18369,#3933);
#2715=LINE('',#18373,#3934);
#2716=LINE('',#18377,#3935);
#2717=LINE('',#18381,#3936);
#2718=LINE('',#18385,#3937);
#2719=LINE('',#18389,#3938);
#2720=LINE('',#18393,#3939);
#2721=LINE('',#18397,#3940);
#2722=LINE('',#18405,#3941);
#2723=LINE('',#18408,#3942);
#2724=LINE('',#18413,#3943);
#2725=LINE('',#18416,#3944);
#2726=LINE('',#18421,#3945);
#2727=LINE('',#18422,#3946);
#2728=LINE('',#18425,#3947);
#2729=LINE('',#18432,#3948);
#2730=LINE('',#18435,#3949);
#2731=LINE('',#18444,#3950);
#2732=LINE('',#18447,#3951);
#2733=LINE('',#18454,#3952);
#2734=LINE('',#18463,#3953);
#2735=LINE('',#18466,#3954);
#2736=LINE('',#18477,#3955);
#2737=LINE('',#18478,#3956);
#2738=LINE('',#18481,#3957);
#2739=LINE('',#18483,#3958);
#2740=LINE('',#18484,#3959);
#2741=LINE('',#18487,#3960);
#2742=LINE('',#18488,#3961);
#2743=LINE('',#18491,#3962);
#2744=LINE('',#18495,#3963);
#2745=LINE('',#18496,#3964);
#2746=LINE('',#18501,#3965);
#2747=LINE('',#18505,#3966);
#2748=LINE('',#18506,#3967);
#2749=LINE('',#18509,#3968);
#2750=LINE('',#18513,#3969);
#2751=LINE('',#18514,#3970);
#2752=LINE('',#18520,#3971);
#2753=LINE('',#18523,#3972);
#2754=LINE('',#18526,#3973);
#2755=LINE('',#18528,#3974);
#2756=LINE('',#18529,#3975);
#2757=LINE('',#18532,#3976);
#2758=LINE('',#18533,#3977);
#2759=LINE('',#18535,#3978);
#2760=LINE('',#18537,#3979);
#2761=LINE('',#18538,#3980);
#2762=LINE('',#18541,#3981);
#2763=LINE('',#18542,#3982);
#2764=LINE('',#18545,#3983);
#2765=LINE('',#18546,#3984);
#2766=LINE('',#18550,#3985);
#2767=LINE('',#18553,#3986);
#2768=LINE('',#18554,#3987);
#2769=LINE('',#18558,#3988);
#2770=LINE('',#18561,#3989);
#2771=LINE('',#18562,#3990);
#2772=LINE('',#18566,#3991);
#2773=LINE('',#18569,#3992);
#2774=LINE('',#18570,#3993);
#2775=LINE('',#18574,#3994);
#2776=LINE('',#18576,#3995);
#2777=LINE('',#18577,#3996);
#2778=LINE('',#18579,#3997);
#2779=LINE('',#18581,#3998);
#2780=LINE('',#18584,#3999);
#2781=LINE('',#18586,#4000);
#2782=LINE('',#18588,#4001);
#2783=LINE('',#18590,#4002);
#2784=LINE('',#18593,#4003);
#2785=LINE('',#18594,#4004);
#2786=LINE('',#18595,#4005);
#2787=LINE('',#18599,#4006);
#2788=LINE('',#18601,#4007);
#2789=LINE('',#18603,#4008);
#2790=LINE('',#18604,#4009);
#2791=LINE('',#18610,#4010);
#2792=LINE('',#18613,#4011);
#2793=LINE('',#18618,#4012);
#2794=LINE('',#18621,#4013);
#2795=LINE('',#18624,#4014);
#2796=LINE('',#18626,#4015);
#2797=LINE('',#18627,#4016);
#2798=LINE('',#18630,#4017);
#2799=LINE('',#18632,#4018);
#2800=LINE('',#18633,#4019);
#2801=LINE('',#18636,#4020);
#2802=LINE('',#18637,#4021);
#2803=LINE('',#18638,#4022);
#2804=LINE('',#18640,#4023);
#2805=LINE('',#18642,#4024);
#2806=LINE('',#18650,#4025);
#2807=LINE('',#18652,#4026);
#2808=LINE('',#18653,#4027);
#2809=LINE('',#18657,#4028);
#2810=LINE('',#18659,#4029);
#2811=LINE('',#18660,#4030);
#2812=LINE('',#18665,#4031);
#2813=LINE('',#18669,#4032);
#2814=LINE('',#18672,#4033);
#2815=LINE('',#18676,#4034);
#2816=LINE('',#18677,#4035);
#2817=LINE('',#18680,#4036);
#2818=LINE('',#18684,#4037);
#2819=LINE('',#18685,#4038);
#2820=LINE('',#18689,#4039);
#2821=LINE('',#18692,#4040);
#2822=LINE('',#18693,#4041);
#2823=LINE('',#18697,#4042);
#2824=LINE('',#18700,#4043);
#2825=LINE('',#18701,#4044);
#2826=LINE('',#18703,#4045);
#2827=LINE('',#18706,#4046);
#2828=LINE('',#18710,#4047);
#2829=LINE('',#18714,#4048);
#2830=LINE('',#18718,#4049);
#2831=LINE('',#18722,#4050);
#2832=LINE('',#18726,#4051);
#2833=LINE('',#18727,#4052);
#2834=LINE('',#18732,#4053);
#2835=LINE('',#18734,#4054);
#2836=LINE('',#18738,#4055);
#2837=LINE('',#18739,#4056);
#2838=LINE('',#18742,#4057);
#2839=LINE('',#18745,#4058);
#2840=LINE('',#18748,#4059);
#2841=LINE('',#18749,#4060);
#2842=LINE('',#18754,#4061);
#2843=LINE('',#18756,#4062);
#2844=LINE('',#18760,#4063);
#2845=LINE('',#18761,#4064);
#2846=LINE('',#18764,#4065);
#2847=LINE('',#18767,#4066);
#2848=LINE('',#18771,#4067);
#2849=LINE('',#18774,#4068);
#2850=LINE('',#18775,#4069);
#2851=LINE('',#18779,#4070);
#2852=LINE('',#18782,#4071);
#2853=LINE('',#18783,#4072);
#2854=LINE('',#18787,#4073);
#2855=LINE('',#18790,#4074);
#2856=LINE('',#18791,#4075);
#2857=LINE('',#18795,#4076);
#2858=LINE('',#18798,#4077);
#2859=LINE('',#18799,#4078);
#2860=LINE('',#18803,#4079);
#2861=LINE('',#18806,#4080);
#2862=LINE('',#18808,#4081);
#2863=LINE('',#18809,#4082);
#2864=LINE('',#18813,#4083);
#2865=LINE('',#18816,#4084);
#2866=LINE('',#18819,#4085);
#2867=LINE('',#18822,#4086);
#2868=LINE('',#18823,#4087);
#2869=LINE('',#18827,#4088);
#2870=LINE('',#18830,#4089);
#2871=LINE('',#18831,#4090);
#2872=LINE('',#18834,#4091);
#2873=LINE('',#18838,#4092);
#2874=LINE('',#18839,#4093);
#2875=LINE('',#18842,#4094);
#2876=LINE('',#18846,#4095);
#2877=LINE('',#18847,#4096);
#2878=LINE('',#18852,#4097);
#2879=LINE('',#18854,#4098);
#2880=LINE('',#18858,#4099);
#2881=LINE('',#18862,#4100);
#2882=LINE('',#18866,#4101);
#2883=LINE('',#18870,#4102);
#2884=LINE('',#18873,#4103);
#2885=LINE('',#18877,#4104);
#2886=LINE('',#18878,#4105);
#2887=LINE('',#18879,#4106);
#2888=LINE('',#18884,#4107);
#2889=LINE('',#18886,#4108);
#2890=LINE('',#18890,#4109);
#2891=LINE('',#18892,#4110);
#2892=LINE('',#18893,#4111);
#2893=LINE('',#18897,#4112);
#2894=LINE('',#18898,#4113);
#2895=LINE('',#18899,#4114);
#2896=LINE('',#18904,#4115);
#2897=LINE('',#18906,#4116);
#2898=LINE('',#18910,#4117);
#2899=LINE('',#18912,#4118);
#2900=LINE('',#18913,#4119);
#2901=LINE('',#18918,#4120);
#2902=LINE('',#18920,#4121);
#2903=LINE('',#18922,#4122);
#2904=LINE('',#18926,#4123);
#2905=LINE('',#18927,#4124);
#2906=LINE('',#18929,#4125);
#2907=LINE('',#18934,#4126);
#2908=LINE('',#18936,#4127);
#2909=LINE('',#18938,#4128);
#2910=LINE('',#18942,#4129);
#2911=LINE('',#18943,#4130);
#2912=LINE('',#18945,#4131);
#2913=LINE('',#18947,#4132);
#2914=LINE('',#18948,#4133);
#2915=LINE('',#18950,#4134);
#2916=LINE('',#18952,#4135);
#2917=LINE('',#18953,#4136);
#2918=LINE('',#18955,#4137);
#2919=LINE('',#18957,#4138);
#2920=LINE('',#18959,#4139);
#2921=LINE('',#18961,#4140);
#2922=LINE('',#18962,#4141);
#2923=LINE('',#18964,#4142);
#2924=LINE('',#18965,#4143);
#2925=LINE('',#18968,#4144);
#2926=LINE('',#18970,#4145);
#2927=LINE('',#18971,#4146);
#2928=LINE('',#18973,#4147);
#2929=LINE('',#18975,#4148);
#2930=LINE('',#18978,#4149);
#2931=LINE('',#18980,#4150);
#2932=LINE('',#18982,#4151);
#2933=LINE('',#18989,#4152);
#2934=LINE('',#18993,#4153);
#2935=LINE('',#18998,#4154);
#2936=LINE('',#19002,#4155);
#2937=LINE('',#19008,#4156);
#2938=LINE('',#19010,#4157);
#2939=LINE('',#19020,#4158);
#2940=LINE('',#19023,#4159);
#2941=LINE('',#19031,#4160);
#2942=LINE('',#19032,#4161);
#2943=LINE('',#19035,#4162);
#2944=LINE('',#19037,#4163);
#2945=LINE('',#19038,#4164);
#2946=LINE('',#19041,#4165);
#2947=LINE('',#19043,#4166);
#2948=LINE('',#19044,#4167);
#2949=LINE('',#19047,#4168);
#2950=LINE('',#19049,#4169);
#2951=LINE('',#19051,#4170);
#2952=LINE('',#19052,#4171);
#2953=LINE('',#19054,#4172);
#2954=LINE('',#19057,#4173);
#2955=LINE('',#19059,#4174);
#2956=LINE('',#19061,#4175);
#2957=LINE('',#19062,#4176);
#2958=LINE('',#19065,#4177);
#2959=LINE('',#19069,#4178);
#2960=LINE('',#19070,#4179);
#2961=LINE('',#19073,#4180);
#2962=LINE('',#19077,#4181);
#2963=LINE('',#19079,#4182);
#2964=LINE('',#19081,#4183);
#2965=LINE('',#19083,#4184);
#2966=LINE('',#19084,#4185);
#2967=LINE('',#19087,#4186);
#2968=LINE('',#19089,#4187);
#2969=LINE('',#19090,#4188);
#2970=LINE('',#19093,#4189);
#2971=LINE('',#19097,#4190);
#2972=LINE('',#19098,#4191);
#2973=LINE('',#19101,#4192);
#2974=LINE('',#19104,#4193);
#2975=LINE('',#19107,#4194);
#2976=LINE('',#19108,#4195);
#2977=LINE('',#19110,#4196);
#2978=LINE('',#19113,#4197);
#2979=LINE('',#19115,#4198);
#2980=LINE('',#19116,#4199);
#2981=LINE('',#19119,#4200);
#2982=LINE('',#19120,#4201);
#2983=LINE('',#19123,#4202);
#2984=LINE('',#19124,#4203);
#2985=LINE('',#19126,#4204);
#2986=LINE('',#19129,#4205);
#2987=LINE('',#19131,#4206);
#2988=LINE('',#19133,#4207);
#2989=LINE('',#19134,#4208);
#2990=LINE('',#19136,#4209);
#2991=LINE('',#19140,#4210);
#2992=LINE('',#19142,#4211);
#2993=LINE('',#19144,#4212);
#2994=LINE('',#19145,#4213);
#2995=LINE('',#19148,#4214);
#2996=LINE('',#19150,#4215);
#2997=LINE('',#19151,#4216);
#2998=LINE('',#19155,#4217);
#2999=LINE('',#19160,#4218);
#3000=LINE('',#19165,#4219);
#3001=LINE('',#19166,#4220);
#3002=LINE('',#19167,#4221);
#3003=LINE('',#19170,#4222);
#3004=LINE('',#19171,#4223);
#3005=LINE('',#19180,#4224);
#3006=LINE('',#19185,#4225);
#3007=LINE('',#19190,#4226);
#3008=LINE('',#19191,#4227);
#3009=LINE('',#19192,#4228);
#3010=LINE('',#19195,#4229);
#3011=LINE('',#19196,#4230);
#3012=LINE('',#19200,#4231);
#3013=LINE('',#19205,#4232);
#3014=LINE('',#19210,#4233);
#3015=LINE('',#19211,#4234);
#3016=LINE('',#19212,#4235);
#3017=LINE('',#19215,#4236);
#3018=LINE('',#19216,#4237);
#3019=LINE('',#19219,#4238);
#3020=LINE('',#19221,#4239);
#3021=LINE('',#19223,#4240);
#3022=LINE('',#19224,#4241);
#3023=LINE('',#19228,#4242);
#3024=LINE('',#19231,#4243);
#3025=LINE('',#19232,#4244);
#3026=LINE('',#19235,#4245);
#3027=LINE('',#19237,#4246);
#3028=LINE('',#19238,#4247);
#3029=LINE('',#19243,#4248);
#3030=LINE('',#19247,#4249);
#3031=LINE('',#19248,#4250);
#3032=LINE('',#19251,#4251);
#3033=LINE('',#19253,#4252);
#3034=LINE('',#19255,#4253);
#3035=LINE('',#19257,#4254);
#3036=LINE('',#19258,#4255);
#3037=LINE('',#19262,#4256);
#3038=LINE('',#19265,#4257);
#3039=LINE('',#19269,#4258);
#3040=LINE('',#19271,#4259);
#3041=LINE('',#19272,#4260);
#3042=LINE('',#19275,#4261);
#3043=LINE('',#19277,#4262);
#3044=LINE('',#19278,#4263);
#3045=LINE('',#19281,#4264);
#3046=LINE('',#19282,#4265);
#3047=LINE('',#19285,#4266);
#3048=LINE('',#19286,#4267);
#3049=LINE('',#19293,#4268);
#3050=LINE('',#19295,#4269);
#3051=LINE('',#19297,#4270);
#3052=LINE('',#19298,#4271);
#3053=LINE('',#19303,#4272);
#3054=LINE('',#19307,#4273);
#3055=LINE('',#19311,#4274);
#3056=LINE('',#19315,#4275);
#3057=LINE('',#19319,#4276);
#3058=LINE('',#19323,#4277);
#3059=LINE('',#19326,#4278);
#3060=LINE('',#19333,#4279);
#3061=LINE('',#19338,#4280);
#3062=LINE('',#19341,#4281);
#3063=LINE('',#19346,#4282);
#3064=LINE('',#19349,#4283);
#3065=LINE('',#19350,#4284);
#3066=LINE('',#19353,#4285);
#3067=LINE('',#19357,#4286);
#3068=LINE('',#19358,#4287);
#3069=LINE('',#19361,#4288);
#3070=LINE('',#19365,#4289);
#3071=LINE('',#19366,#4290);
#3072=LINE('',#19369,#4291);
#3073=LINE('',#19373,#4292);
#3074=LINE('',#19374,#4293);
#3075=LINE('',#19377,#4294);
#3076=LINE('',#19381,#4295);
#3077=LINE('',#19382,#4296);
#3078=LINE('',#19385,#4297);
#3079=LINE('',#19389,#4298);
#3080=LINE('',#19390,#4299);
#3081=LINE('',#19392,#4300);
#3082=LINE('',#19397,#4301);
#3083=LINE('',#19399,#4302);
#3084=LINE('',#19400,#4303);
#3085=LINE('',#19403,#4304);
#3086=LINE('',#19407,#4305);
#3087=LINE('',#19408,#4306);
#3088=LINE('',#19411,#4307);
#3089=LINE('',#19415,#4308);
#3090=LINE('',#19416,#4309);
#3091=LINE('',#19419,#4310);
#3092=LINE('',#19423,#4311);
#3093=LINE('',#19424,#4312);
#3094=LINE('',#19429,#4313);
#3095=LINE('',#19433,#4314);
#3096=LINE('',#19437,#4315);
#3097=LINE('',#19441,#4316);
#3098=LINE('',#19445,#4317);
#3099=LINE('',#19449,#4318);
#3100=LINE('',#19452,#4319);
#3101=LINE('',#19458,#4320);
#3102=LINE('',#19460,#4321);
#3103=LINE('',#19463,#4322);
#3104=LINE('',#19464,#4323);
#3105=LINE('',#19468,#4324);
#3106=LINE('',#19471,#4325);
#3107=LINE('',#19472,#4326);
#3108=LINE('',#19475,#4327);
#3109=LINE('',#19477,#4328);
#3110=LINE('',#19479,#4329);
#3111=LINE('',#19481,#4330);
#3112=LINE('',#19483,#4331);
#3113=LINE('',#19485,#4332);
#3114=LINE('',#19487,#4333);
#3115=LINE('',#19489,#4334);
#3116=LINE('',#19491,#4335);
#3117=LINE('',#19494,#4336);
#3118=LINE('',#19496,#4337);
#3119=LINE('',#19498,#4338);
#3120=LINE('',#19503,#4339);
#3121=LINE('',#19507,#4340);
#3122=LINE('',#19511,#4341);
#3123=LINE('',#19513,#4342);
#3124=LINE('',#19518,#4343);
#3125=LINE('',#19522,#4344);
#3126=LINE('',#19532,#4345);
#3127=LINE('',#19535,#4346);
#3128=LINE('',#19543,#4347);
#3129=LINE('',#19544,#4348);
#3130=LINE('',#19547,#4349);
#3131=LINE('',#19549,#4350);
#3132=LINE('',#19559,#4351);
#3133=LINE('',#19562,#4352);
#3134=LINE('',#19570,#4353);
#3135=LINE('',#19571,#4354);
#3136=LINE('',#19574,#4355);
#3137=LINE('',#19576,#4356);
#3138=LINE('',#19577,#4357);
#3139=LINE('',#19580,#4358);
#3140=LINE('',#19581,#4359);
#3141=LINE('',#19584,#4360);
#3142=LINE('',#19588,#4361);
#3143=LINE('',#19589,#4362);
#3144=LINE('',#19592,#4363);
#3145=LINE('',#19596,#4364);
#3146=LINE('',#19597,#4365);
#3147=LINE('',#19600,#4366);
#3148=LINE('',#19603,#4367);
#3149=LINE('',#19606,#4368);
#3150=LINE('',#19607,#4369);
#3151=LINE('',#19610,#4370);
#3152=LINE('',#19614,#4371);
#3153=LINE('',#19615,#4372);
#3154=LINE('',#19618,#4373);
#3155=LINE('',#19619,#4374);
#3156=LINE('',#19622,#4375);
#3157=LINE('',#19623,#4376);
#3158=LINE('',#19626,#4377);
#3159=LINE('',#19630,#4378);
#3160=LINE('',#19636,#4379);
#3161=LINE('',#19640,#4380);
#3162=LINE('',#19643,#4381);
#3163=LINE('',#19652,#4382);
#3164=LINE('',#19655,#4383);
#3165=LINE('',#19663,#4384);
#3166=LINE('',#19666,#4385);
#3167=LINE('',#19668,#4386);
#3168=LINE('',#19676,#4387);
#3169=LINE('',#19682,#4388);
#3170=LINE('',#19685,#4389);
#3171=LINE('',#19688,#4390);
#3172=LINE('',#19691,#4391);
#3173=LINE('',#19692,#4392);
#3174=LINE('',#19695,#4393);
#3175=LINE('',#19699,#4394);
#3176=LINE('',#19700,#4395);
#3177=LINE('',#19703,#4396);
#3178=LINE('',#19704,#4397);
#3179=LINE('',#19707,#4398);
#3180=LINE('',#19708,#4399);
#3181=LINE('',#19710,#4400);
#3182=LINE('',#19713,#4401);
#3183=LINE('',#19715,#4402);
#3184=LINE('',#19716,#4403);
#3185=LINE('',#19719,#4404);
#3186=LINE('',#19720,#4405);
#3187=LINE('',#19724,#4406);
#3188=LINE('',#19727,#4407);
#3189=LINE('',#19728,#4408);
#3190=LINE('',#19732,#4409);
#3191=LINE('',#19734,#4410);
#3192=LINE('',#19736,#4411);
#3193=LINE('',#19738,#4412);
#3194=LINE('',#19740,#4413);
#3195=LINE('',#19745,#4414);
#3196=LINE('',#19746,#4415);
#3197=LINE('',#19749,#4416);
#3198=LINE('',#19753,#4417);
#3199=LINE('',#19754,#4418);
#3200=LINE('',#19757,#4419);
#3201=LINE('',#19761,#4420);
#3202=LINE('',#19762,#4421);
#3203=LINE('',#19764,#4422);
#3204=VECTOR('',#12914,10.);
#3205=VECTOR('',#12917,10.);
#3206=VECTOR('',#12922,10.);
#3207=VECTOR('',#12925,10.);
#3208=VECTOR('',#12938,10.);
#3209=VECTOR('',#12941,10.);
#3210=VECTOR('',#12952,10.);
#3211=VECTOR('',#12953,10.);
#3212=VECTOR('',#12958,10.);
#3213=VECTOR('',#12959,10.);
#3214=VECTOR('',#12964,10.);
#3215=VECTOR('',#12965,10.);
#3216=VECTOR('',#12966,10.);
#3217=VECTOR('',#12969,10.);
#3218=VECTOR('',#12970,10.);
#3219=VECTOR('',#12971,10.);
#3220=VECTOR('',#12974,10.);
#3221=VECTOR('',#12975,10.);
#3222=VECTOR('',#12976,10.);
#3223=VECTOR('',#12977,10.);
#3224=VECTOR('',#12980,10.);
#3225=VECTOR('',#12981,10.);
#3226=VECTOR('',#12982,10.);
#3227=VECTOR('',#12983,10.);
#3228=VECTOR('',#12986,10.);
#3229=VECTOR('',#12987,10.);
#3230=VECTOR('',#12990,10.);
#3231=VECTOR('',#12995,10.);
#3232=VECTOR('',#12996,10.);
#3233=VECTOR('',#12999,10.);
#3234=VECTOR('',#13004,10.);
#3235=VECTOR('',#13005,10.);
#3236=VECTOR('',#13008,10.);
#3237=VECTOR('',#13009,10.);
#3238=VECTOR('',#13010,10.);
#3239=VECTOR('',#13013,10.);
#3240=VECTOR('',#13018,10.);
#3241=VECTOR('',#13019,10.);
#3242=VECTOR('',#13022,10.);
#3243=VECTOR('',#13027,10.);
#3244=VECTOR('',#13030,10.);
#3245=VECTOR('',#13031,10.);
#3246=VECTOR('',#13034,10.);
#3247=VECTOR('',#13035,10.);
#3248=VECTOR('',#13036,10.);
#3249=VECTOR('',#13037,10.);
#3250=VECTOR('',#13040,10.);
#3251=VECTOR('',#13041,10.);
#3252=VECTOR('',#13042,10.);
#3253=VECTOR('',#13045,10.);
#3254=VECTOR('',#13048,10.);
#3255=VECTOR('',#13049,10.);
#3256=VECTOR('',#13054,10.);
#3257=VECTOR('',#13059,10.);
#3258=VECTOR('',#13064,10.);
#3259=VECTOR('',#13067,10.);
#3260=VECTOR('',#13070,10.);
#3261=VECTOR('',#13075,10.);
#3262=VECTOR('',#13078,10.);
#3263=VECTOR('',#13081,10.);
#3264=VECTOR('',#13084,10.);
#3265=VECTOR('',#13087,10.);
#3266=VECTOR('',#13090,10.);
#3267=VECTOR('',#13093,10.);
#3268=VECTOR('',#13096,10.);
#3269=VECTOR('',#13099,10.);
#3270=VECTOR('',#13106,10.);
#3271=VECTOR('',#13109,10.);
#3272=VECTOR('',#13112,10.);
#3273=VECTOR('',#13115,10.);
#3274=VECTOR('',#13122,10.);
#3275=VECTOR('',#13125,10.);
#3276=VECTOR('',#13136,10.);
#3277=VECTOR('',#13139,10.);
#3278=VECTOR('',#13156,10.);
#3279=VECTOR('',#13159,10.);
#3280=VECTOR('',#13172,10.);
#3281=VECTOR('',#13173,10.);
#3282=VECTOR('',#13176,10.);
#3283=VECTOR('',#13179,10.);
#3284=VECTOR('',#13182,10.);
#3285=VECTOR('',#13183,10.);
#3286=VECTOR('',#13186,10.);
#3287=VECTOR('',#13191,10.);
#3288=VECTOR('',#13192,10.);
#3289=VECTOR('',#13195,10.);
#3290=VECTOR('',#13200,10.);
#3291=VECTOR('',#13201,10.);
#3292=VECTOR('',#13204,10.);
#3293=VECTOR('',#13209,10.);
#3294=VECTOR('',#13210,10.);
#3295=VECTOR('',#13213,10.);
#3296=VECTOR('',#13214,10.);
#3297=VECTOR('',#13217,10.);
#3298=VECTOR('',#13218,10.);
#3299=VECTOR('',#13221,10.);
#3300=VECTOR('',#13222,10.);
#3301=VECTOR('',#13225,10.);
#3302=VECTOR('',#13226,10.);
#3303=VECTOR('',#13227,10.);
#3304=VECTOR('',#13232,10.);
#3305=VECTOR('',#13235,10.);
#3306=VECTOR('',#13236,10.);
#3307=VECTOR('',#13245,10.);
#3308=VECTOR('',#13248,10.);
#3309=VECTOR('',#13249,10.);
#3310=VECTOR('',#13256,10.);
#3311=VECTOR('',#13259,10.);
#3312=VECTOR('',#13260,10.);
#3313=VECTOR('',#13261,10.);
#3314=VECTOR('',#13262,10.);
#3315=VECTOR('',#13265,10.);
#3316=VECTOR('',#13270,10.);
#3317=VECTOR('',#13271,10.);
#3318=VECTOR('',#13274,10.);
#3319=VECTOR('',#13279,10.);
#3320=VECTOR('',#13280,10.);
#3321=VECTOR('',#13283,10.);
#3322=VECTOR('',#13288,10.);
#3323=VECTOR('',#13289,10.);
#3324=VECTOR('',#13292,10.);
#3325=VECTOR('',#13297,10.);
#3326=VECTOR('',#13298,10.);
#3327=VECTOR('',#13299,10.);
#3328=VECTOR('',#13302,10.);
#3329=VECTOR('',#13303,10.);
#3330=VECTOR('',#13304,10.);
#3331=VECTOR('',#13305,10.);
#3332=VECTOR('',#13310,10.);
#3333=VECTOR('',#13315,10.);
#3334=VECTOR('',#13316,10.);
#3335=VECTOR('',#13317,10.);
#3336=VECTOR('',#13322,10.);
#3337=VECTOR('',#13327,10.);
#3338=VECTOR('',#13328,10.);
#3339=VECTOR('',#13329,10.);
#3340=VECTOR('',#13334,10.);
#3341=VECTOR('',#13337,10.);
#3342=VECTOR('',#13340,10.);
#3343=VECTOR('',#13341,10.);
#3344=VECTOR('',#13342,10.);
#3345=VECTOR('',#13347,10.);
#3346=VECTOR('',#13350,10.);
#3347=VECTOR('',#13353,10.);
#3348=VECTOR('',#13354,10.);
#3349=VECTOR('',#13355,10.);
#3350=VECTOR('',#13366,10.);
#3351=VECTOR('',#13369,10.);
#3352=VECTOR('',#13372,10.);
#3353=VECTOR('',#13373,10.);
#3354=VECTOR('',#13374,10.);
#3355=VECTOR('',#13377,10.);
#3356=VECTOR('',#13378,10.);
#3357=VECTOR('',#13379,10.);
#3358=VECTOR('',#13382,10.);
#3359=VECTOR('',#13387,10.);
#3360=VECTOR('',#13392,10.);
#3361=VECTOR('',#13393,10.);
#3362=VECTOR('',#13396,10.);
#3363=VECTOR('',#13399,10.);
#3364=VECTOR('',#13400,10.);
#3365=VECTOR('',#13407,10.);
#3366=VECTOR('',#13408,10.);
#3367=VECTOR('',#13411,10.);
#3368=VECTOR('',#13414,10.);
#3369=VECTOR('',#13417,10.);
#3370=VECTOR('',#13420,10.);
#3371=VECTOR('',#13423,10.);
#3372=VECTOR('',#13426,10.);
#3373=VECTOR('',#13429,10.);
#3374=VECTOR('',#13432,10.);
#3375=VECTOR('',#13437,10.);
#3376=VECTOR('',#13438,10.);
#3377=VECTOR('',#13441,10.);
#3378=VECTOR('',#13446,6.275);
#3379=VECTOR('',#13451,6.275);
#3380=VECTOR('',#13458,10.);
#3381=VECTOR('',#13461,10.);
#3382=VECTOR('',#13462,10.);
#3383=VECTOR('',#13467,10.);
#3384=VECTOR('',#13470,10.);
#3385=VECTOR('',#13471,10.);
#3386=VECTOR('',#13472,10.);
#3387=VECTOR('',#13479,10.);
#3388=VECTOR('',#13484,10.);
#3389=VECTOR('',#13485,10.);
#3390=VECTOR('',#13488,10.);
#3391=VECTOR('',#13493,10.);
#3392=VECTOR('',#13494,10.);
#3393=VECTOR('',#13497,10.);
#3394=VECTOR('',#13502,10.);
#3395=VECTOR('',#13503,10.);
#3396=VECTOR('',#13506,10.);
#3397=VECTOR('',#13511,10.);
#3398=VECTOR('',#13512,10.);
#3399=VECTOR('',#13519,10.);
#3400=VECTOR('',#13520,10.);
#3401=VECTOR('',#13527,10.);
#3402=VECTOR('',#13530,10.);
#3403=VECTOR('',#13533,10.);
#3404=VECTOR('',#13534,10.);
#3405=VECTOR('',#13539,10.);
#3406=VECTOR('',#13542,10.);
#3407=VECTOR('',#13545,10.);
#3408=VECTOR('',#13546,10.);
#3409=VECTOR('',#13553,10.);
#3410=VECTOR('',#13556,10.);
#3411=VECTOR('',#13559,10.);
#3412=VECTOR('',#13560,10.);
#3413=VECTOR('',#13565,10.);
#3414=VECTOR('',#13568,10.);
#3415=VECTOR('',#13571,6.075);
#3416=VECTOR('',#13578,6.275);
#3417=VECTOR('',#13581,6.075);
#3418=VECTOR('',#13590,6.275);
#3419=VECTOR('',#13593,10.);
#3420=VECTOR('',#13596,10.);
#3421=VECTOR('',#13597,10.);
#3422=VECTOR('',#13600,10.);
#3423=VECTOR('',#13605,10.);
#3424=VECTOR('',#13610,10.);
#3425=VECTOR('',#13619,10.);
#3426=VECTOR('',#13622,10.);
#3427=VECTOR('',#13627,10.);
#3428=VECTOR('',#13630,10.);
#3429=VECTOR('',#13643,10.);
#3430=VECTOR('',#13646,10.);
#3431=VECTOR('',#13657,10.);
#3432=VECTOR('',#13658,10.);
#3433=VECTOR('',#13663,10.);
#3434=VECTOR('',#13664,10.);
#3435=VECTOR('',#13669,10.);
#3436=VECTOR('',#13670,10.);
#3437=VECTOR('',#13671,10.);
#3438=VECTOR('',#13674,10.);
#3439=VECTOR('',#13675,10.);
#3440=VECTOR('',#13676,10.);
#3441=VECTOR('',#13679,10.);
#3442=VECTOR('',#13680,10.);
#3443=VECTOR('',#13681,10.);
#3444=VECTOR('',#13682,10.);
#3445=VECTOR('',#13685,10.);
#3446=VECTOR('',#13688,10.);
#3447=VECTOR('',#13689,10.);
#3448=VECTOR('',#13690,10.);
#3449=VECTOR('',#13691,10.);
#3450=VECTOR('',#13694,10.);
#3451=VECTOR('',#13699,10.);
#3452=VECTOR('',#13700,10.);
#3453=VECTOR('',#13703,10.);
#3454=VECTOR('',#13708,10.);
#3455=VECTOR('',#13709,10.);
#3456=VECTOR('',#13710,10.);
#3457=VECTOR('',#13711,10.);
#3458=VECTOR('',#13712,10.);
#3459=VECTOR('',#13715,10.);
#3460=VECTOR('',#13716,10.);
#3461=VECTOR('',#13717,10.);
#3462=VECTOR('',#13720,10.);
#3463=VECTOR('',#13725,10.);
#3464=VECTOR('',#13726,10.);
#3465=VECTOR('',#13729,10.);
#3466=VECTOR('',#13734,10.);
#3467=VECTOR('',#13737,10.);
#3468=VECTOR('',#13738,10.);
#3469=VECTOR('',#13741,10.);
#3470=VECTOR('',#13744,10.);
#3471=VECTOR('',#13745,10.);
#3472=VECTOR('',#13746,10.);
#3473=VECTOR('',#13749,10.);
#3474=VECTOR('',#13750,10.);
#3475=VECTOR('',#13753,10.);
#3476=VECTOR('',#13754,10.);
#3477=VECTOR('',#13757,10.);
#3478=VECTOR('',#13760,10.);
#3479=VECTOR('',#13761,10.);
#3480=VECTOR('',#13762,10.);
#3481=VECTOR('',#13763,10.);
#3482=VECTOR('',#13766,10.);
#3483=VECTOR('',#13769,10.);
#3484=VECTOR('',#13770,10.);
#3485=VECTOR('',#13771,10.);
#3486=VECTOR('',#13772,10.);
#3487=VECTOR('',#13775,10.);
#3488=VECTOR('',#13776,10.);
#3489=VECTOR('',#13777,10.);
#3490=VECTOR('',#13778,10.);
#3491=VECTOR('',#13781,10.);
#3492=VECTOR('',#13782,10.);
#3493=VECTOR('',#13783,10.);
#3494=VECTOR('',#13784,10.);
#3495=VECTOR('',#13787,10.);
#3496=VECTOR('',#13788,10.);
#3497=VECTOR('',#13789,10.);
#3498=VECTOR('',#13792,10.);
#3499=VECTOR('',#13799,10.);
#3500=VECTOR('',#13804,10.);
#3501=VECTOR('',#13805,10.);
#3502=VECTOR('',#13806,10.);
#3503=VECTOR('',#13809,10.);
#3504=VECTOR('',#13810,10.);
#3505=VECTOR('',#13823,10.);
#3506=VECTOR('',#13830,10.);
#3507=VECTOR('',#13835,10.);
#3508=VECTOR('',#13836,10.);
#3509=VECTOR('',#13837,10.);
#3510=VECTOR('',#13840,10.);
#3511=VECTOR('',#13841,10.);
#3512=VECTOR('',#13844,10.);
#3513=VECTOR('',#13855,10.);
#3514=VECTOR('',#13856,10.);
#3515=VECTOR('',#13857,10.);
#3516=VECTOR('',#13858,10.);
#3517=VECTOR('',#13859,10.);
#3518=VECTOR('',#13862,10.);
#3519=VECTOR('',#13863,10.);
#3520=VECTOR('',#13864,10.);
#3521=VECTOR('',#13865,10.);
#3522=VECTOR('',#13866,10.);
#3523=VECTOR('',#13869,10.);
#3524=VECTOR('',#13870,10.);
#3525=VECTOR('',#13871,10.);
#3526=VECTOR('',#13872,10.);
#3527=VECTOR('',#13873,10.);
#3528=VECTOR('',#13874,10.);
#3529=VECTOR('',#13875,10.);
#3530=VECTOR('',#13876,10.);
#3531=VECTOR('',#13877,10.);
#3532=VECTOR('',#13878,10.);
#3533=VECTOR('',#13879,10.);
#3534=VECTOR('',#13880,10.);
#3535=VECTOR('',#13881,10.);
#3536=VECTOR('',#13882,10.);
#3537=VECTOR('',#13883,10.);
#3538=VECTOR('',#13884,10.);
#3539=VECTOR('',#13885,10.);
#3540=VECTOR('',#13886,10.);
#3541=VECTOR('',#13887,10.);
#3542=VECTOR('',#13888,10.);
#3543=VECTOR('',#13889,10.);
#3544=VECTOR('',#13890,10.);
#3545=VECTOR('',#13891,10.);
#3546=VECTOR('',#13892,10.);
#3547=VECTOR('',#13893,10.);
#3548=VECTOR('',#13894,10.);
#3549=VECTOR('',#13895,10.);
#3550=VECTOR('',#13896,10.);
#3551=VECTOR('',#13897,10.);
#3552=VECTOR('',#13898,10.);
#3553=VECTOR('',#13899,10.);
#3554=VECTOR('',#13900,10.);
#3555=VECTOR('',#13901,10.);
#3556=VECTOR('',#13902,10.);
#3557=VECTOR('',#13903,10.);
#3558=VECTOR('',#13904,10.);
#3559=VECTOR('',#13907,10.);
#3560=VECTOR('',#13908,10.);
#3561=VECTOR('',#13909,10.);
#3562=VECTOR('',#13912,10.);
#3563=VECTOR('',#13913,10.);
#3564=VECTOR('',#13914,10.);
#3565=VECTOR('',#13917,10.);
#3566=VECTOR('',#13924,10.);
#3567=VECTOR('',#13927,10.);
#3568=VECTOR('',#13928,10.);
#3569=VECTOR('',#13931,10.);
#3570=VECTOR('',#13932,10.);
#3571=VECTOR('',#13935,10.);
#3572=VECTOR('',#13944,10.);
#3573=VECTOR('',#13945,10.);
#3574=VECTOR('',#13948,10.);
#3575=VECTOR('',#13953,10.);
#3576=VECTOR('',#13954,10.);
#3577=VECTOR('',#13955,10.);
#3578=VECTOR('',#13956,10.);
#3579=VECTOR('',#13959,10.);
#3580=VECTOR('',#13960,10.);
#3581=VECTOR('',#13961,10.);
#3582=VECTOR('',#13962,10.);
#3583=VECTOR('',#13965,10.);
#3584=VECTOR('',#13966,10.);
#3585=VECTOR('',#13973,10.);
#3586=VECTOR('',#13976,10.);
#3587=VECTOR('',#13979,10.);
#3588=VECTOR('',#13980,10.);
#3589=VECTOR('',#13987,10.);
#3590=VECTOR('',#13990,10.);
#3591=VECTOR('',#13993,10.);
#3592=VECTOR('',#13996,10.);
#3593=VECTOR('',#13999,10.);
#3594=VECTOR('',#14002,10.);
#3595=VECTOR('',#14005,10.);
#3596=VECTOR('',#14008,10.);
#3597=VECTOR('',#14011,10.);
#3598=VECTOR('',#14014,10.);
#3599=VECTOR('',#14021,10.);
#3600=VECTOR('',#14024,10.);
#3601=VECTOR('',#14027,10.);
#3602=VECTOR('',#14028,10.);
#3603=VECTOR('',#14029,10.);
#3604=VECTOR('',#14030,10.);
#3605=VECTOR('',#14031,10.);
#3606=VECTOR('',#14032,10.);
#3607=VECTOR('',#14033,10.);
#3608=VECTOR('',#14034,10.);
#3609=VECTOR('',#14035,10.);
#3610=VECTOR('',#14036,10.);
#3611=VECTOR('',#14037,10.);
#3612=VECTOR('',#14038,10.);
#3613=VECTOR('',#14039,10.);
#3614=VECTOR('',#14040,10.);
#3615=VECTOR('',#14041,10.);
#3616=VECTOR('',#14042,10.);
#3617=VECTOR('',#14043,10.);
#3618=VECTOR('',#14044,10.);
#3619=VECTOR('',#14045,10.);
#3620=VECTOR('',#14046,10.);
#3621=VECTOR('',#14047,10.);
#3622=VECTOR('',#14048,10.);
#3623=VECTOR('',#14049,10.);
#3624=VECTOR('',#14050,10.);
#3625=VECTOR('',#14051,10.);
#3626=VECTOR('',#14052,10.);
#3627=VECTOR('',#14053,10.);
#3628=VECTOR('',#14054,10.);
#3629=VECTOR('',#14055,10.);
#3630=VECTOR('',#14056,10.);
#3631=VECTOR('',#14057,10.);
#3632=VECTOR('',#14058,10.);
#3633=VECTOR('',#14059,10.);
#3634=VECTOR('',#14060,10.);
#3635=VECTOR('',#14061,10.);
#3636=VECTOR('',#14064,10.);
#3637=VECTOR('',#14065,10.);
#3638=VECTOR('',#14066,10.);
#3639=VECTOR('',#14069,10.);
#3640=VECTOR('',#14070,10.);
#3641=VECTOR('',#14071,10.);
#3642=VECTOR('',#14076,10.);
#3643=VECTOR('',#14081,10.);
#3644=VECTOR('',#14082,10.);
#3645=VECTOR('',#14087,10.);
#3646=VECTOR('',#14092,10.);
#3647=VECTOR('',#14093,10.);
#3648=VECTOR('',#14098,10.);
#3649=VECTOR('',#14101,10.);
#3650=VECTOR('',#14104,10.);
#3651=VECTOR('',#14105,10.);
#3652=VECTOR('',#14106,10.);
#3653=VECTOR('',#14109,10.);
#3654=VECTOR('',#14110,10.);
#3655=VECTOR('',#14111,10.);
#3656=VECTOR('',#14112,10.);
#3657=VECTOR('',#14113,10.);
#3658=VECTOR('',#14114,10.);
#3659=VECTOR('',#14115,10.);
#3660=VECTOR('',#14116,10.);
#3661=VECTOR('',#14117,10.);
#3662=VECTOR('',#14118,10.);
#3663=VECTOR('',#14119,10.);
#3664=VECTOR('',#14120,10.);
#3665=VECTOR('',#14123,10.);
#3666=VECTOR('',#14124,10.);
#3667=VECTOR('',#14125,10.);
#3668=VECTOR('',#14126,10.);
#3669=VECTOR('',#14127,10.);
#3670=VECTOR('',#14128,10.);
#3671=VECTOR('',#14129,10.);
#3672=VECTOR('',#14130,10.);
#3673=VECTOR('',#14131,10.);
#3674=VECTOR('',#14132,10.);
#3675=VECTOR('',#14139,10.);
#3676=VECTOR('',#14142,10.);
#3677=VECTOR('',#14143,10.);
#3678=VECTOR('',#14146,10.);
#3679=VECTOR('',#14149,10.);
#3680=VECTOR('',#14152,10.);
#3681=VECTOR('',#14155,10.);
#3682=VECTOR('',#14158,10.);
#3683=VECTOR('',#14161,10.);
#3684=VECTOR('',#14164,10.);
#3685=VECTOR('',#14165,10.);
#3686=VECTOR('',#14166,10.);
#3687=VECTOR('',#14167,10.);
#3688=VECTOR('',#14168,10.);
#3689=VECTOR('',#14169,10.);
#3690=VECTOR('',#14170,10.);
#3691=VECTOR('',#14171,10.);
#3692=VECTOR('',#14172,10.);
#3693=VECTOR('',#14173,10.);
#3694=VECTOR('',#14174,10.);
#3695=VECTOR('',#14175,10.);
#3696=VECTOR('',#14178,10.);
#3697=VECTOR('',#14179,10.);
#3698=VECTOR('',#14180,10.);
#3699=VECTOR('',#14181,10.);
#3700=VECTOR('',#14182,10.);
#3701=VECTOR('',#14183,10.);
#3702=VECTOR('',#14184,10.);
#3703=VECTOR('',#14185,10.);
#3704=VECTOR('',#14186,10.);
#3705=VECTOR('',#14187,10.);
#3706=VECTOR('',#14188,10.);
#3707=VECTOR('',#14189,10.);
#3708=VECTOR('',#14192,10.);
#3709=VECTOR('',#14199,10.);
#3710=VECTOR('',#14202,10.);
#3711=VECTOR('',#14207,10.);
#3712=VECTOR('',#14212,10.);
#3713=VECTOR('',#14217,10.);
#3714=VECTOR('',#14218,10.);
#3715=VECTOR('',#14219,10.);
#3716=VECTOR('',#14222,10.);
#3717=VECTOR('',#14223,10.);
#3718=VECTOR('',#14224,10.);
#3719=VECTOR('',#14229,10.);
#3720=VECTOR('',#14234,10.);
#3721=VECTOR('',#14235,10.);
#3722=VECTOR('',#14240,10.);
#3723=VECTOR('',#14245,10.);
#3724=VECTOR('',#14246,10.);
#3725=VECTOR('',#14251,10.);
#3726=VECTOR('',#14256,10.);
#3727=VECTOR('',#14263,10.);
#3728=VECTOR('',#14266,10.);
#3729=VECTOR('',#14269,10.);
#3730=VECTOR('',#14274,10.);
#3731=VECTOR('',#14279,10.);
#3732=VECTOR('',#14280,10.);
#3733=VECTOR('',#14281,10.);
#3734=VECTOR('',#14284,10.);
#3735=VECTOR('',#14285,10.);
#3736=VECTOR('',#14286,10.);
#3737=VECTOR('',#14291,10.);
#3738=VECTOR('',#14296,10.);
#3739=VECTOR('',#14297,10.);
#3740=VECTOR('',#14302,10.);
#3741=VECTOR('',#14307,10.);
#3742=VECTOR('',#14308,10.);
#3743=VECTOR('',#14313,10.);
#3744=VECTOR('',#14318,10.);
#3745=VECTOR('',#14323,10.);
#3746=VECTOR('',#14328,10.);
#3747=VECTOR('',#14331,10.);
#3748=VECTOR('',#14336,10.);
#3749=VECTOR('',#14341,10.);
#3750=VECTOR('',#14342,10.);
#3751=VECTOR('',#14343,10.);
#3752=VECTOR('',#14346,10.);
#3753=VECTOR('',#14347,10.);
#3754=VECTOR('',#14348,10.);
#3755=VECTOR('',#14353,10.);
#3756=VECTOR('',#14358,10.);
#3757=VECTOR('',#14359,10.);
#3758=VECTOR('',#14364,10.);
#3759=VECTOR('',#14369,10.);
#3760=VECTOR('',#14370,10.);
#3761=VECTOR('',#14375,10.);
#3762=VECTOR('',#14380,10.);
#3763=VECTOR('',#14385,10.);
#3764=VECTOR('',#14390,10.);
#3765=VECTOR('',#14393,10.);
#3766=VECTOR('',#14398,10.);
#3767=VECTOR('',#14405,10.);
#3768=VECTOR('',#14406,10.);
#3769=VECTOR('',#14411,10.);
#3770=VECTOR('',#14412,10.);
#3771=VECTOR('',#14415,10.);
#3772=VECTOR('',#14420,10.);
#3773=VECTOR('',#14423,10.);
#3774=VECTOR('',#14424,10.);
#3775=VECTOR('',#14425,10.);
#3776=VECTOR('',#14428,10.);
#3777=VECTOR('',#14433,10.);
#3778=VECTOR('',#14434,10.);
#3779=VECTOR('',#14439,10.);
#3780=VECTOR('',#14440,10.);
#3781=VECTOR('',#14443,10.);
#3782=VECTOR('',#14448,10.);
#3783=VECTOR('',#14451,10.);
#3784=VECTOR('',#14452,10.);
#3785=VECTOR('',#14453,10.);
#3786=VECTOR('',#14456,10.);
#3787=VECTOR('',#14461,10.);
#3788=VECTOR('',#14462,10.);
#3789=VECTOR('',#14465,10.);
#3790=VECTOR('',#14470,10.);
#3791=VECTOR('',#14471,10.);
#3792=VECTOR('',#14474,10.);
#3793=VECTOR('',#14479,10.);
#3794=VECTOR('',#14480,10.);
#3795=VECTOR('',#14483,10.);
#3796=VECTOR('',#14488,10.);
#3797=VECTOR('',#14489,10.);
#3798=VECTOR('',#14492,10.);
#3799=VECTOR('',#14497,10.);
#3800=VECTOR('',#14498,10.);
#3801=VECTOR('',#14501,10.);
#3802=VECTOR('',#14506,10.);
#3803=VECTOR('',#14507,10.);
#3804=VECTOR('',#14510,10.);
#3805=VECTOR('',#14517,10.);
#3806=VECTOR('',#14518,10.);
#3807=VECTOR('',#14519,10.);
#3808=VECTOR('',#14522,10.);
#3809=VECTOR('',#14527,10.);
#3810=VECTOR('',#14532,6.275);
#3811=VECTOR('',#14537,6.075);
#3812=VECTOR('',#14542,6.275);
#3813=VECTOR('',#14547,6.075);
#3814=VECTOR('',#14550,10.);
#3815=VECTOR('',#14551,10.);
#3816=VECTOR('',#14552,10.);
#3817=VECTOR('',#14555,10.);
#3818=VECTOR('',#14560,10.);
#3819=VECTOR('',#14561,10.);
#3820=VECTOR('',#14568,10.);
#3821=VECTOR('',#14571,10.);
#3822=VECTOR('',#14574,10.);
#3823=VECTOR('',#14575,10.);
#3824=VECTOR('',#14578,10.);
#3825=VECTOR('',#14579,10.);
#3826=VECTOR('',#14580,10.);
#3827=VECTOR('',#14583,10.);
#3828=VECTOR('',#14588,10.);
#3829=VECTOR('',#14589,10.);
#3830=VECTOR('',#14596,10.);
#3831=VECTOR('',#14599,10.);
#3832=VECTOR('',#14602,10.);
#3833=VECTOR('',#14603,10.);
#3834=VECTOR('',#14606,10.);
#3835=VECTOR('',#14607,10.);
#3836=VECTOR('',#14610,10.);
#3837=VECTOR('',#14615,10.);
#3838=VECTOR('',#14616,10.);
#3839=VECTOR('',#14619,10.);
#3840=VECTOR('',#14624,10.);
#3841=VECTOR('',#14625,10.);
#3842=VECTOR('',#14628,10.);
#3843=VECTOR('',#14633,10.);
#3844=VECTOR('',#14634,10.);
#3845=VECTOR('',#14637,10.);
#3846=VECTOR('',#14642,10.);
#3847=VECTOR('',#14643,10.);
#3848=VECTOR('',#14646,10.);
#3849=VECTOR('',#14653,10.);
#3850=VECTOR('',#14658,6.275);
#3851=VECTOR('',#14661,6.275);
#3852=VECTOR('',#14666,10.);
#3853=VECTOR('',#14669,10.);
#3854=VECTOR('',#14674,10.);
#3855=VECTOR('',#14677,10.);
#3856=VECTOR('',#14684,10.);
#3857=VECTOR('',#14687,10.);
#3858=VECTOR('',#14692,10.);
#3859=VECTOR('',#14695,10.);
#3860=VECTOR('',#14700,10.);
#3861=VECTOR('',#14703,10.);
#3862=VECTOR('',#14704,10.);
#3863=VECTOR('',#14709,10.);
#3864=VECTOR('',#14712,10.);
#3865=VECTOR('',#14715,10.);
#3866=VECTOR('',#14716,10.);
#3867=VECTOR('',#14721,10.);
#3868=VECTOR('',#14728,10.);
#3869=VECTOR('',#14731,10.);
#3870=VECTOR('',#14736,10.);
#3871=VECTOR('',#14739,10.);
#3872=VECTOR('',#14746,10.);
#3873=VECTOR('',#14747,10.);
#3874=VECTOR('',#14760,10.);
#3875=VECTOR('',#14763,10.);
#3876=VECTOR('',#14774,10.);
#3877=VECTOR('',#14775,10.);
#3878=VECTOR('',#14778,10.);
#3879=VECTOR('',#14779,10.);
#3880=VECTOR('',#14780,10.);
#3881=VECTOR('',#14783,10.);
#3882=VECTOR('',#14784,10.);
#3883=VECTOR('',#14785,10.);
#3884=VECTOR('',#14788,10.);
#3885=VECTOR('',#14789,10.);
#3886=VECTOR('',#14790,10.);
#3887=VECTOR('',#14791,10.);
#3888=VECTOR('',#14794,10.);
#3889=VECTOR('',#14795,10.);
#3890=VECTOR('',#14796,10.);
#3891=VECTOR('',#14797,10.);
#3892=VECTOR('',#14800,10.);
#3893=VECTOR('',#14801,10.);
#3894=VECTOR('',#14804,10.);
#3895=VECTOR('',#14809,10.);
#3896=VECTOR('',#14810,10.);
#3897=VECTOR('',#14813,10.);
#3898=VECTOR('',#14818,10.);
#3899=VECTOR('',#14819,10.);
#3900=VECTOR('',#14822,10.);
#3901=VECTOR('',#14823,10.);
#3902=VECTOR('',#14824,10.);
#3903=VECTOR('',#14827,10.);
#3904=VECTOR('',#14828,10.);
#3905=VECTOR('',#14831,10.);
#3906=VECTOR('',#14836,10.);
#3907=VECTOR('',#14837,10.);
#3908=VECTOR('',#14840,10.);
#3909=VECTOR('',#14845,10.);
#3910=VECTOR('',#14848,10.);
#3911=VECTOR('',#14849,10.);
#3912=VECTOR('',#14850,10.);
#3913=VECTOR('',#14851,10.);
#3914=VECTOR('',#14854,10.);
#3915=VECTOR('',#14855,10.);
#3916=VECTOR('',#14856,10.);
#3917=VECTOR('',#14859,10.);
#3918=VECTOR('',#14862,10.);
#3919=VECTOR('',#14865,10.);
#3920=VECTOR('',#14870,10.);
#3921=VECTOR('',#14875,10.);
#3922=VECTOR('',#14878,10.);
#3923=VECTOR('',#14879,10.);
#3924=VECTOR('',#14880,10.);
#3925=VECTOR('',#14881,10.);
#3926=VECTOR('',#14882,10.);
#3927=VECTOR('',#14883,10.);
#3928=VECTOR('',#14886,10.);
#3929=VECTOR('',#14887,10.);
#3930=VECTOR('',#14888,10.);
#3931=VECTOR('',#14889,10.);
#3932=VECTOR('',#14890,10.);
#3933=VECTOR('',#14891,10.);
#3934=VECTOR('',#14894,10.);
#3935=VECTOR('',#14897,10.);
#3936=VECTOR('',#14900,10.);
#3937=VECTOR('',#14903,10.);
#3938=VECTOR('',#14906,10.);
#3939=VECTOR('',#14909,10.);
#3940=VECTOR('',#14912,10.);
#3941=VECTOR('',#14919,10.);
#3942=VECTOR('',#14922,10.);
#3943=VECTOR('',#14925,10.);
#3944=VECTOR('',#14928,10.);
#3945=VECTOR('',#14933,10.);
#3946=VECTOR('',#14934,10.);
#3947=VECTOR('',#14937,10.);
#3948=VECTOR('',#14944,10.);
#3949=VECTOR('',#14947,10.);
#3950=VECTOR('',#14958,10.);
#3951=VECTOR('',#14961,10.);
#3952=VECTOR('',#14972,10.);
#3953=VECTOR('',#14983,10.);
#3954=VECTOR('',#14986,10.);
#3955=VECTOR('',#14999,10.);
#3956=VECTOR('',#15000,10.);
#3957=VECTOR('',#15003,10.);
#3958=VECTOR('',#15004,10.);
#3959=VECTOR('',#15005,10.);
#3960=VECTOR('',#15008,10.);
#3961=VECTOR('',#15009,10.);
#3962=VECTOR('',#15012,10.);
#3963=VECTOR('',#15017,10.);
#3964=VECTOR('',#15018,10.);
#3965=VECTOR('',#15025,10.);
#3966=VECTOR('',#15030,10.);
#3967=VECTOR('',#15031,10.);
#3968=VECTOR('',#15034,10.);
#3969=VECTOR('',#15039,10.);
#3970=VECTOR('',#15040,10.);
#3971=VECTOR('',#15045,10.);
#3972=VECTOR('',#15048,10.);
#3973=VECTOR('',#15051,10.);
#3974=VECTOR('',#15052,10.);
#3975=VECTOR('',#15053,10.);
#3976=VECTOR('',#15056,10.);
#3977=VECTOR('',#15057,10.);
#3978=VECTOR('',#15058,10.);
#3979=VECTOR('',#15059,10.);
#3980=VECTOR('',#15060,10.);
#3981=VECTOR('',#15063,10.);
#3982=VECTOR('',#15064,10.);
#3983=VECTOR('',#15067,10.);
#3984=VECTOR('',#15068,10.);
#3985=VECTOR('',#15073,10.);
#3986=VECTOR('',#15076,10.);
#3987=VECTOR('',#15077,10.);
#3988=VECTOR('',#15082,10.);
#3989=VECTOR('',#15085,10.);
#3990=VECTOR('',#15086,10.);
#3991=VECTOR('',#15091,10.);
#3992=VECTOR('',#15094,10.);
#3993=VECTOR('',#15095,10.);
#3994=VECTOR('',#15102,10.);
#3995=VECTOR('',#15103,10.);
#3996=VECTOR('',#15104,10.);
#3997=VECTOR('',#15107,10.);
#3998=VECTOR('',#15110,10.);
#3999=VECTOR('',#15115,10.);
#4000=VECTOR('',#15118,10.);
#4001=VECTOR('',#15121,10.);
#4002=VECTOR('',#15124,10.);
#4003=VECTOR('',#15127,10.);
#4004=VECTOR('',#15128,10.);
#4005=VECTOR('',#15129,10.);
#4006=VECTOR('',#15132,10.);
#4007=VECTOR('',#15133,10.);
#4008=VECTOR('',#15134,10.);
#4009=VECTOR('',#15135,10.);
#4010=VECTOR('',#15140,10.);
#4011=VECTOR('',#15143,10.);
#4012=VECTOR('',#15148,10.);
#4013=VECTOR('',#15151,10.);
#4014=VECTOR('',#15154,10.);
#4015=VECTOR('',#15155,10.);
#4016=VECTOR('',#15156,10.);
#4017=VECTOR('',#15159,10.);
#4018=VECTOR('',#15160,10.);
#4019=VECTOR('',#15161,10.);
#4020=VECTOR('',#15164,10.);
#4021=VECTOR('',#15165,10.);
#4022=VECTOR('',#15166,10.);
#4023=VECTOR('',#15169,10.);
#4024=VECTOR('',#15172,10.);
#4025=VECTOR('',#15183,10.);
#4026=VECTOR('',#15186,10.);
#4027=VECTOR('',#15187,10.);
#4028=VECTOR('',#15192,10.);
#4029=VECTOR('',#15195,10.);
#4030=VECTOR('',#15196,10.);
#4031=VECTOR('',#15203,6.275);
#4032=VECTOR('',#15208,6.275);
#4033=VECTOR('',#15211,10.);
#4034=VECTOR('',#15216,10.);
#4035=VECTOR('',#15217,10.);
#4036=VECTOR('',#15220,10.);
#4037=VECTOR('',#15225,10.);
#4038=VECTOR('',#15226,10.);
#4039=VECTOR('',#15231,10.);
#4040=VECTOR('',#15234,10.);
#4041=VECTOR('',#15235,10.);
#4042=VECTOR('',#15240,10.);
#4043=VECTOR('',#15243,10.);
#4044=VECTOR('',#15244,10.);
#4045=VECTOR('',#15247,10.);
#4046=VECTOR('',#15252,10.);
#4047=VECTOR('',#15257,6.075);
#4048=VECTOR('',#15262,6.275);
#4049=VECTOR('',#15267,6.075);
#4050=VECTOR('',#15272,6.275);
#4051=VECTOR('',#15277,10.);
#4052=VECTOR('',#15278,10.);
#4053=VECTOR('',#15285,10.);
#4054=VECTOR('',#15286,10.);
#4055=VECTOR('',#15291,10.);
#4056=VECTOR('',#15292,10.);
#4057=VECTOR('',#15295,10.);
#4058=VECTOR('',#15300,10.);
#4059=VECTOR('',#15303,10.);
#4060=VECTOR('',#15304,10.);
#4061=VECTOR('',#15311,10.);
#4062=VECTOR('',#15312,10.);
#4063=VECTOR('',#15317,10.);
#4064=VECTOR('',#15318,10.);
#4065=VECTOR('',#15321,10.);
#4066=VECTOR('',#15326,10.);
#4067=VECTOR('',#15331,10.);
#4068=VECTOR('',#15334,10.);
#4069=VECTOR('',#15335,10.);
#4070=VECTOR('',#15340,10.);
#4071=VECTOR('',#15343,10.);
#4072=VECTOR('',#15344,10.);
#4073=VECTOR('',#15349,10.);
#4074=VECTOR('',#15352,10.);
#4075=VECTOR('',#15353,10.);
#4076=VECTOR('',#15358,10.);
#4077=VECTOR('',#15361,10.);
#4078=VECTOR('',#15362,10.);
#4079=VECTOR('',#15367,10.);
#4080=VECTOR('',#15370,10.);
#4081=VECTOR('',#15371,10.);
#4082=VECTOR('',#15372,10.);
#4083=VECTOR('',#15377,10.);
#4084=VECTOR('',#15380,10.);
#4085=VECTOR('',#15383,10.);
#4086=VECTOR('',#15386,10.);
#4087=VECTOR('',#15387,10.);
#4088=VECTOR('',#15392,10.);
#4089=VECTOR('',#15395,10.);
#4090=VECTOR('',#15396,10.);
#4091=VECTOR('',#15399,10.);
#4092=VECTOR('',#15404,10.);
#4093=VECTOR('',#15405,10.);
#4094=VECTOR('',#15408,10.);
#4095=VECTOR('',#15413,10.);
#4096=VECTOR('',#15414,10.);
#4097=VECTOR('',#15421,10.);
#4098=VECTOR('',#15422,10.);
#4099=VECTOR('',#15425,10.);
#4100=VECTOR('',#15428,10.);
#4101=VECTOR('',#15431,10.);
#4102=VECTOR('',#15436,10.);
#4103=VECTOR('',#15439,10.);
#4104=VECTOR('',#15442,10.);
#4105=VECTOR('',#15443,10.);
#4106=VECTOR('',#15444,10.);
#4107=VECTOR('',#15449,10.);
#4108=VECTOR('',#15450,10.);
#4109=VECTOR('',#15453,10.);
#4110=VECTOR('',#15454,10.);
#4111=VECTOR('',#15455,10.);
#4112=VECTOR('',#15458,10.);
#4113=VECTOR('',#15459,10.);
#4114=VECTOR('',#15460,10.);
#4115=VECTOR('',#15465,10.);
#4116=VECTOR('',#15466,10.);
#4117=VECTOR('',#15469,10.);
#4118=VECTOR('',#15470,10.);
#4119=VECTOR('',#15471,10.);
#4120=VECTOR('',#15476,10.);
#4121=VECTOR('',#15477,10.);
#4122=VECTOR('',#15478,10.);
#4123=VECTOR('',#15481,10.);
#4124=VECTOR('',#15482,10.);
#4125=VECTOR('',#15485,10.);
#4126=VECTOR('',#15490,10.);
#4127=VECTOR('',#15491,10.);
#4128=VECTOR('',#15492,10.);
#4129=VECTOR('',#15495,10.);
#4130=VECTOR('',#15496,10.);
#4131=VECTOR('',#15499,10.);
#4132=VECTOR('',#15502,10.);
#4133=VECTOR('',#15503,10.);
#4134=VECTOR('',#15506,10.);
#4135=VECTOR('',#15509,10.);
#4136=VECTOR('',#15510,10.);
#4137=VECTOR('',#15513,10.);
#4138=VECTOR('',#15516,10.);
#4139=VECTOR('',#15519,10.);
#4140=VECTOR('',#15522,10.);
#4141=VECTOR('',#15523,10.);
#4142=VECTOR('',#15526,10.);
#4143=VECTOR('',#15527,10.);
#4144=VECTOR('',#15532,10.);
#4145=VECTOR('',#15535,10.);
#4146=VECTOR('',#15536,10.);
#4147=VECTOR('',#15539,10.);
#4148=VECTOR('',#15542,10.);
#4149=VECTOR('',#15547,10.);
#4150=VECTOR('',#15550,10.);
#4151=VECTOR('',#15553,10.);
#4152=VECTOR('',#15560,10.);
#4153=VECTOR('',#15563,10.);
#4154=VECTOR('',#15568,10.);
#4155=VECTOR('',#15571,10.);
#4156=VECTOR('',#15578,10.);
#4157=VECTOR('',#15579,10.);
#4158=VECTOR('',#15592,10.);
#4159=VECTOR('',#15595,10.);
#4160=VECTOR('',#15606,10.);
#4161=VECTOR('',#15607,10.);
#4162=VECTOR('',#15610,10.);
#4163=VECTOR('',#15611,10.);
#4164=VECTOR('',#15612,10.);
#4165=VECTOR('',#15615,10.);
#4166=VECTOR('',#15616,10.);
#4167=VECTOR('',#15617,10.);
#4168=VECTOR('',#15620,10.);
#4169=VECTOR('',#15621,10.);
#4170=VECTOR('',#15622,10.);
#4171=VECTOR('',#15623,10.);
#4172=VECTOR('',#15626,10.);
#4173=VECTOR('',#15629,10.);
#4174=VECTOR('',#15630,10.);
#4175=VECTOR('',#15631,10.);
#4176=VECTOR('',#15632,10.);
#4177=VECTOR('',#15635,10.);
#4178=VECTOR('',#15640,10.);
#4179=VECTOR('',#15641,10.);
#4180=VECTOR('',#15644,10.);
#4181=VECTOR('',#15649,10.);
#4182=VECTOR('',#15650,10.);
#4183=VECTOR('',#15651,10.);
#4184=VECTOR('',#15652,10.);
#4185=VECTOR('',#15653,10.);
#4186=VECTOR('',#15656,10.);
#4187=VECTOR('',#15657,10.);
#4188=VECTOR('',#15658,10.);
#4189=VECTOR('',#15661,10.);
#4190=VECTOR('',#15666,10.);
#4191=VECTOR('',#15667,10.);
#4192=VECTOR('',#15670,10.);
#4193=VECTOR('',#15675,10.);
#4194=VECTOR('',#15678,10.);
#4195=VECTOR('',#15679,10.);
#4196=VECTOR('',#15682,10.);
#4197=VECTOR('',#15685,10.);
#4198=VECTOR('',#15686,10.);
#4199=VECTOR('',#15687,10.);
#4200=VECTOR('',#15690,10.);
#4201=VECTOR('',#15691,10.);
#4202=VECTOR('',#15694,10.);
#4203=VECTOR('',#15695,10.);
#4204=VECTOR('',#15698,10.);
#4205=VECTOR('',#15701,10.);
#4206=VECTOR('',#15702,10.);
#4207=VECTOR('',#15703,10.);
#4208=VECTOR('',#15704,10.);
#4209=VECTOR('',#15707,10.);
#4210=VECTOR('',#15710,10.);
#4211=VECTOR('',#15711,10.);
#4212=VECTOR('',#15712,10.);
#4213=VECTOR('',#15713,10.);
#4214=VECTOR('',#15716,10.);
#4215=VECTOR('',#15717,10.);
#4216=VECTOR('',#15718,10.);
#4217=VECTOR('',#15721,10.);
#4218=VECTOR('',#15728,10.);
#4219=VECTOR('',#15733,10.);
#4220=VECTOR('',#15734,10.);
#4221=VECTOR('',#15735,10.);
#4222=VECTOR('',#15738,10.);
#4223=VECTOR('',#15739,10.);
#4224=VECTOR('',#15752,10.);
#4225=VECTOR('',#15759,10.);
#4226=VECTOR('',#15764,10.);
#4227=VECTOR('',#15765,10.);
#4228=VECTOR('',#15766,10.);
#4229=VECTOR('',#15769,10.);
#4230=VECTOR('',#15770,10.);
#4231=VECTOR('',#15773,10.);
#4232=VECTOR('',#15780,10.);
#4233=VECTOR('',#15785,10.);
#4234=VECTOR('',#15786,10.);
#4235=VECTOR('',#15787,10.);
#4236=VECTOR('',#15790,10.);
#4237=VECTOR('',#15791,10.);
#4238=VECTOR('',#15794,10.);
#4239=VECTOR('',#15795,10.);
#4240=VECTOR('',#15796,10.);
#4241=VECTOR('',#15797,10.);
#4242=VECTOR('',#15802,10.);
#4243=VECTOR('',#15805,10.);
#4244=VECTOR('',#15806,10.);
#4245=VECTOR('',#15809,10.);
#4246=VECTOR('',#15810,10.);
#4247=VECTOR('',#15811,10.);
#4248=VECTOR('',#15818,10.);
#4249=VECTOR('',#15823,10.);
#4250=VECTOR('',#15824,10.);
#4251=VECTOR('',#15827,10.);
#4252=VECTOR('',#15828,10.);
#4253=VECTOR('',#15829,10.);
#4254=VECTOR('',#15830,10.);
#4255=VECTOR('',#15831,10.);
#4256=VECTOR('',#15836,10.);
#4257=VECTOR('',#15839,10.);
#4258=VECTOR('',#15844,10.);
#4259=VECTOR('',#15845,10.);
#4260=VECTOR('',#15846,10.);
#4261=VECTOR('',#15849,10.);
#4262=VECTOR('',#15850,10.);
#4263=VECTOR('',#15851,10.);
#4264=VECTOR('',#15854,10.);
#4265=VECTOR('',#15855,10.);
#4266=VECTOR('',#15858,10.);
#4267=VECTOR('',#15859,10.);
#4268=VECTOR('',#15870,10.);
#4269=VECTOR('',#15871,10.);
#4270=VECTOR('',#15872,10.);
#4271=VECTOR('',#15873,10.);
#4272=VECTOR('',#15880,10.);
#4273=VECTOR('',#15883,10.);
#4274=VECTOR('',#15886,10.);
#4275=VECTOR('',#15889,10.);
#4276=VECTOR('',#15892,10.);
#4277=VECTOR('',#15895,10.);
#4278=VECTOR('',#15898,10.);
#4279=VECTOR('',#15905,6.27499999999999);
#4280=VECTOR('',#15912,6.075);
#4281=VECTOR('',#15915,6.27499999999999);
#4282=VECTOR('',#15922,6.075);
#4283=VECTOR('',#15925,10.);
#4284=VECTOR('',#15926,10.);
#4285=VECTOR('',#15929,10.);
#4286=VECTOR('',#15934,10.);
#4287=VECTOR('',#15935,10.);
#4288=VECTOR('',#15938,10.);
#4289=VECTOR('',#15943,10.);
#4290=VECTOR('',#15944,10.);
#4291=VECTOR('',#15947,10.);
#4292=VECTOR('',#15952,10.);
#4293=VECTOR('',#15953,10.);
#4294=VECTOR('',#15956,10.);
#4295=VECTOR('',#15961,10.);
#4296=VECTOR('',#15962,10.);
#4297=VECTOR('',#15965,10.);
#4298=VECTOR('',#15970,10.);
#4299=VECTOR('',#15971,10.);
#4300=VECTOR('',#15974,10.);
#4301=VECTOR('',#15981,10.);
#4302=VECTOR('',#15982,10.);
#4303=VECTOR('',#15983,10.);
#4304=VECTOR('',#15986,10.);
#4305=VECTOR('',#15991,10.);
#4306=VECTOR('',#15992,10.);
#4307=VECTOR('',#15995,10.);
#4308=VECTOR('',#16000,10.);
#4309=VECTOR('',#16001,10.);
#4310=VECTOR('',#16004,10.);
#4311=VECTOR('',#16009,10.);
#4312=VECTOR('',#16010,10.);
#4313=VECTOR('',#16017,10.);
#4314=VECTOR('',#16020,10.);
#4315=VECTOR('',#16023,10.);
#4316=VECTOR('',#16026,10.);
#4317=VECTOR('',#16029,10.);
#4318=VECTOR('',#16032,10.);
#4319=VECTOR('',#16035,10.);
#4320=VECTOR('',#16042,6.27499999999999);
#4321=VECTOR('',#16045,6.27499999999999);
#4322=VECTOR('',#16048,10.);
#4323=VECTOR('',#16049,10.);
#4324=VECTOR('',#16054,10.);
#4325=VECTOR('',#16057,10.);
#4326=VECTOR('',#16058,10.);
#4327=VECTOR('',#16063,10.);
#4328=VECTOR('',#16066,10.);
#4329=VECTOR('',#16069,10.);
#4330=VECTOR('',#16072,10.);
#4331=VECTOR('',#16075,10.);
#4332=VECTOR('',#16078,10.);
#4333=VECTOR('',#16081,10.);
#4334=VECTOR('',#16084,10.);
#4335=VECTOR('',#16087,10.);
#4336=VECTOR('',#16092,10.);
#4337=VECTOR('',#16095,10.);
#4338=VECTOR('',#16098,10.);
#4339=VECTOR('',#16103,10.);
#4340=VECTOR('',#16106,10.);
#4341=VECTOR('',#16111,10.);
#4342=VECTOR('',#16112,10.);
#4343=VECTOR('',#16117,10.);
#4344=VECTOR('',#16120,10.);
#4345=VECTOR('',#16133,10.);
#4346=VECTOR('',#16136,10.);
#4347=VECTOR('',#16147,10.);
#4348=VECTOR('',#16148,10.);
#4349=VECTOR('',#16151,10.);
#4350=VECTOR('',#16152,10.);
#4351=VECTOR('',#16165,10.);
#4352=VECTOR('',#16168,10.);
#4353=VECTOR('',#16179,10.);
#4354=VECTOR('',#16180,10.);
#4355=VECTOR('',#16183,10.);
#4356=VECTOR('',#16184,10.);
#4357=VECTOR('',#16185,10.);
#4358=VECTOR('',#16188,10.);
#4359=VECTOR('',#16189,10.);
#4360=VECTOR('',#16192,10.);
#4361=VECTOR('',#16197,10.);
#4362=VECTOR('',#16198,10.);
#4363=VECTOR('',#16201,10.);
#4364=VECTOR('',#16206,10.);
#4365=VECTOR('',#16207,10.);
#4366=VECTOR('',#16210,10.);
#4367=VECTOR('',#16213,10.);
#4368=VECTOR('',#16216,10.);
#4369=VECTOR('',#16217,10.);
#4370=VECTOR('',#16220,10.);
#4371=VECTOR('',#16225,10.);
#4372=VECTOR('',#16226,10.);
#4373=VECTOR('',#16229,10.);
#4374=VECTOR('',#16230,10.);
#4375=VECTOR('',#16233,10.);
#4376=VECTOR('',#16234,10.);
#4377=VECTOR('',#16237,10.);
#4378=VECTOR('',#16240,10.);
#4379=VECTOR('',#16247,10.);
#4380=VECTOR('',#16252,10.);
#4381=VECTOR('',#16255,10.);
#4382=VECTOR('',#16266,10.);
#4383=VECTOR('',#16269,10.);
#4384=VECTOR('',#16280,10.);
#4385=VECTOR('',#16283,10.);
#4386=VECTOR('',#16286,10.);
#4387=VECTOR('',#16297,10.);
#4388=VECTOR('',#16306,10.);
#4389=VECTOR('',#16309,10.);
#4390=VECTOR('',#16312,10.);
#4391=VECTOR('',#16315,10.);
#4392=VECTOR('',#16316,10.);
#4393=VECTOR('',#16319,10.);
#4394=VECTOR('',#16324,10.);
#4395=VECTOR('',#16325,10.);
#4396=VECTOR('',#16328,10.);
#4397=VECTOR('',#16329,10.);
#4398=VECTOR('',#16332,10.);
#4399=VECTOR('',#16333,10.);
#4400=VECTOR('',#16336,10.);
#4401=VECTOR('',#16339,10.);
#4402=VECTOR('',#16340,10.);
#4403=VECTOR('',#16341,10.);
#4404=VECTOR('',#16344,10.);
#4405=VECTOR('',#16345,10.);
#4406=VECTOR('',#16350,10.);
#4407=VECTOR('',#16353,10.);
#4408=VECTOR('',#16354,10.);
#4409=VECTOR('',#16361,10.);
#4410=VECTOR('',#16364,10.);
#4411=VECTOR('',#16367,10.);
#4412=VECTOR('',#16370,10.);
#4413=VECTOR('',#16373,10.);
#4414=VECTOR('',#16380,10.);
#4415=VECTOR('',#16381,10.);
#4416=VECTOR('',#16384,10.);
#4417=VECTOR('',#16389,10.);
#4418=VECTOR('',#16390,10.);
#4419=VECTOR('',#16393,10.);
#4420=VECTOR('',#16398,10.);
#4421=VECTOR('',#16399,10.);
#4422=VECTOR('',#16402,10.);
#4423=CIRCLE('',#11767,1.);
#4424=CIRCLE('',#11771,0.999999999999991);
#4425=CIRCLE('',#11774,1.);
#4426=CIRCLE('',#11775,0.999999999999979);
#4427=CIRCLE('',#11776,1.29289321881346);
#4428=CIRCLE('',#11778,0.999999999999996);
#4429=CIRCLE('',#11780,1.);
#4430=CIRCLE('',#11781,1.00000000000001);
#4431=CIRCLE('',#11782,1.29289321881348);
#4432=CIRCLE('',#11786,1.);
#4433=CIRCLE('',#11793,1.);
#4434=CIRCLE('',#11796,1.);
#4435=CIRCLE('',#11800,1.4);
#4436=CIRCLE('',#11803,1.40000000000001);
#4437=CIRCLE('',#11814,0.59999999999985);
#4438=CIRCLE('',#11816,0.600000000000003);
#4439=CIRCLE('',#11819,4.99999999999998);
#4440=CIRCLE('',#11820,5.00000000000405);
#4441=CIRCLE('',#11821,17.9);
#4442=CIRCLE('',#11822,17.1);
#4443=CIRCLE('',#11823,17.1);
#4444=CIRCLE('',#11824,17.1);
#4445=CIRCLE('',#11825,17.1);
#4446=CIRCLE('',#11826,17.9);
#4447=CIRCLE('',#11827,5.000000000004);
#4448=CIRCLE('',#11828,5.);
#4449=CIRCLE('',#11829,6.47499999999999);
#4450=CIRCLE('',#11830,5.2);
#4451=CIRCLE('',#11831,5.2);
#4452=CIRCLE('',#11832,5.2);
#4453=CIRCLE('',#11833,5.2);
#4454=CIRCLE('',#11834,6.47499999999999);
#4455=CIRCLE('',#11836,0.6);
#4456=CIRCLE('',#11837,0.600000000000001);
#4457=CIRCLE('',#11839,2.22426406871591);
#4458=CIRCLE('',#11840,0.600000000000006);
#4459=CIRCLE('',#11841,2.22426406871591);
#4460=CIRCLE('',#11843,0.599999999999994);
#4461=CIRCLE('',#11845,7.77573593128813);
#4462=CIRCLE('',#11846,7.77573593128813);
#4463=CIRCLE('',#11848,7.77573593128819);
#4464=CIRCLE('',#11849,0.599999999999984);
#4465=CIRCLE('',#11850,7.77573593128819);
#4466=CIRCLE('',#11852,0.600000000000019);
#4467=CIRCLE('',#11854,2.22426406871568);
#4468=CIRCLE('',#11855,0.600000000000017);
#4469=CIRCLE('',#11856,2.22426406871568);
#4470=CIRCLE('',#11858,0.6);
#4471=CIRCLE('',#11860,5.00000000000405);
#4472=CIRCLE('',#11863,4.99999999999998);
#4473=CIRCLE('',#11866,5.);
#4474=CIRCLE('',#11869,5.000000000004);
#4475=CIRCLE('',#11876,5.00000000000405);
#4476=CIRCLE('',#11879,4.99999999999998);
#4477=CIRCLE('',#11881,5.);
#4478=CIRCLE('',#11884,5.000000000004);
#4479=CIRCLE('',#11888,5.00000000000405);
#4480=CIRCLE('',#11891,4.99999999999998);
#4481=CIRCLE('',#11894,5.);
#4482=CIRCLE('',#11897,5.000000000004);
#4483=CIRCLE('',#11901,17.5);
#4484=CIRCLE('',#11902,17.5);
#4485=CIRCLE('',#11905,17.5);
#4486=CIRCLE('',#11906,17.5);
#4487=CIRCLE('',#11909,3.2);
#4488=CIRCLE('',#11910,3.2);
#4489=CIRCLE('',#11913,17.5);
#4490=CIRCLE('',#11914,17.5);
#4491=CIRCLE('',#11917,17.5);
#4492=CIRCLE('',#11918,17.5);
#4493=CIRCLE('',#11920,3.2);
#4494=CIRCLE('',#11921,3.2);
#4495=CIRCLE('',#11925,3.2);
#4496=CIRCLE('',#11932,3.2);
#4497=CIRCLE('',#11942,17.5);
#4498=CIRCLE('',#11945,17.5);
#4499=CIRCLE('',#11947,6.075);
#4500=CIRCLE('',#11949,6.075);
#4501=CIRCLE('',#11951,17.5);
#4502=CIRCLE('',#11954,17.5);
#4503=CIRCLE('',#11957,17.9);
#4504=CIRCLE('',#11959,17.9);
#4505=CIRCLE('',#11962,17.1);
#4506=CIRCLE('',#11965,17.1);
#4507=CIRCLE('',#11968,17.1);
#4508=CIRCLE('',#11971,17.1);
#4509=CIRCLE('',#11974,3.2);
#4510=CIRCLE('',#11976,3.59999999999999);
#4511=CIRCLE('',#11979,3.59999999999999);
#4512=CIRCLE('',#11983,3.2);
#4513=CIRCLE('',#11985,3.59999999999999);
#4514=CIRCLE('',#11988,3.59999999999999);
#4515=CIRCLE('',#11991,6.075);
#4516=CIRCLE('',#11993,6.47499999999999);
#4517=CIRCLE('',#11995,6.075);
#4518=CIRCLE('',#11997,6.47499999999999);
#4519=CIRCLE('',#12009,1.);
#4520=CIRCLE('',#12013,0.999999999999991);
#4521=CIRCLE('',#12016,1.);
#4522=CIRCLE('',#12017,1.00000000000001);
#4523=CIRCLE('',#12018,1.29289321881344);
#4524=CIRCLE('',#12020,0.999999999999996);
#4525=CIRCLE('',#12022,1.);
#4526=CIRCLE('',#12023,1.00000000000002);
#4527=CIRCLE('',#12024,1.29289321881345);
#4528=CIRCLE('',#12028,1.);
#4529=CIRCLE('',#12035,1.);
#4530=CIRCLE('',#12038,1.);
#4531=CIRCLE('',#12042,1.39999999999999);
#4532=CIRCLE('',#12045,1.4);
#4533=CIRCLE('',#12060,5.00000000000405);
#4534=CIRCLE('',#12061,1.80000000000378);
#4535=CIRCLE('',#12063,5.00000000000405);
#4536=CIRCLE('',#12067,4.99999999999998);
#4537=CIRCLE('',#12068,8.20000000000011);
#4538=CIRCLE('',#12070,4.99999999999998);
#4539=CIRCLE('',#12072,5.);
#4540=CIRCLE('',#12073,8.20000000000002);
#4541=CIRCLE('',#12075,5.);
#4542=CIRCLE('',#12079,5.000000000004);
#4543=CIRCLE('',#12080,1.80000000000396);
#4544=CIRCLE('',#12082,5.000000000004);
#4545=CIRCLE('',#12089,5.00000000000405);
#4546=CIRCLE('',#12091,5.00000000000405);
#4547=CIRCLE('',#12095,4.99999999999998);
#4548=CIRCLE('',#12097,4.99999999999998);
#4549=CIRCLE('',#12100,5.);
#4550=CIRCLE('',#12105,5.000000000004);
#4551=CIRCLE('',#12107,5.000000000004);
#4552=CIRCLE('',#12110,5.);
#4553=CIRCLE('',#12113,17.9);
#4554=CIRCLE('',#12114,17.1);
#4555=CIRCLE('',#12115,17.1);
#4556=CIRCLE('',#12116,17.1);
#4557=CIRCLE('',#12117,17.1);
#4558=CIRCLE('',#12118,17.9);
#4559=CIRCLE('',#12119,3.50000000000001);
#4560=CIRCLE('',#12120,3.50000000000228);
#4561=CIRCLE('',#12121,6.47499999999999);
#4562=CIRCLE('',#12122,6.47499999999999);
#4563=CIRCLE('',#12123,3.5);
#4564=CIRCLE('',#12124,3.50000000000227);
#4565=CIRCLE('',#12129,1.);
#4566=CIRCLE('',#12130,1.);
#4567=CIRCLE('',#12133,1.);
#4568=CIRCLE('',#12134,1.);
#4569=CIRCLE('',#12137,3.);
#4570=CIRCLE('',#12138,3.);
#4571=CIRCLE('',#12141,3.99999999999999);
#4572=CIRCLE('',#12143,3.);
#4573=CIRCLE('',#12144,3.);
#4574=CIRCLE('',#12147,17.9);
#4575=CIRCLE('',#12148,17.1);
#4576=CIRCLE('',#12149,17.1);
#4577=CIRCLE('',#12150,17.1);
#4578=CIRCLE('',#12151,17.1);
#4579=CIRCLE('',#12152,17.9);
#4580=CIRCLE('',#12153,3.99999999999999);
#4581=CIRCLE('',#12154,2.);
#4582=CIRCLE('',#12155,1.99999999999999);
#4583=CIRCLE('',#12156,6.47499999999999);
#4584=CIRCLE('',#12157,6.47499999999999);
#4585=CIRCLE('',#12158,2.);
#4586=CIRCLE('',#12159,2.);
#4587=CIRCLE('',#12167,1.);
#4588=CIRCLE('',#12168,1.);
#4589=CIRCLE('',#12171,1.);
#4590=CIRCLE('',#12172,1.);
#4591=CIRCLE('',#12175,3.);
#4592=CIRCLE('',#12176,3.);
#4593=CIRCLE('',#12179,3.);
#4594=CIRCLE('',#12180,3.);
#4595=CIRCLE('',#12189,1.);
#4596=CIRCLE('',#12190,1.);
#4597=CIRCLE('',#12193,1.);
#4598=CIRCLE('',#12194,1.);
#4599=CIRCLE('',#12197,3.);
#4600=CIRCLE('',#12198,3.);
#4601=CIRCLE('',#12201,3.);
#4602=CIRCLE('',#12202,3.);
#4603=CIRCLE('',#12211,1.);
#4604=CIRCLE('',#12212,1.);
#4605=CIRCLE('',#12215,1.);
#4606=CIRCLE('',#12216,1.);
#4607=CIRCLE('',#12219,3.);
#4608=CIRCLE('',#12220,3.);
#4609=CIRCLE('',#12223,3.);
#4610=CIRCLE('',#12224,3.);
#4611=CIRCLE('',#12232,3.10000000000001);
#4612=CIRCLE('',#12235,3.10000000000228);
#4613=CIRCLE('',#12239,3.10000000000001);
#4614=CIRCLE('',#12241,3.10000000000001);
#4615=CIRCLE('',#12244,3.10000000000228);
#4616=CIRCLE('',#12248,3.10000000000001);
#4617=CIRCLE('',#12251,17.5);
#4618=CIRCLE('',#12254,17.5);
#4619=CIRCLE('',#12257,17.5);
#4620=CIRCLE('',#12260,17.5);
#4621=CIRCLE('',#12263,17.5);
#4622=CIRCLE('',#12266,17.5);
#4623=CIRCLE('',#12270,17.5);
#4624=CIRCLE('',#12273,6.075);
#4625=CIRCLE('',#12275,6.075);
#4626=CIRCLE('',#12277,6.075);
#4627=CIRCLE('',#12279,6.075);
#4628=CIRCLE('',#12282,1.6);
#4629=CIRCLE('',#12285,1.6);
#4630=CIRCLE('',#12287,1.6);
#4631=CIRCLE('',#12291,1.6);
#4632=CIRCLE('',#12294,1.6);
#4633=CIRCLE('',#12296,1.6);
#4634=CIRCLE('',#12300,17.5);
#4635=CIRCLE('',#12303,17.5);
#4636=CIRCLE('',#12306,17.5);
#4637=CIRCLE('',#12309,17.5);
#4638=CIRCLE('',#12312,17.5);
#4639=CIRCLE('',#12319,3.10000000000228);
#4640=CIRCLE('',#12322,1.6);
#4641=CIRCLE('',#12326,3.10000000000228);
#4642=CIRCLE('',#12329,1.6);
#4643=CIRCLE('',#12342,1.);
#4644=CIRCLE('',#12346,0.999999999999993);
#4645=CIRCLE('',#12350,1.);
#4646=CIRCLE('',#12352,1.);
#4647=CIRCLE('',#12353,0.999999999999996);
#4648=CIRCLE('',#12354,1.29289321881347);
#4649=CIRCLE('',#12356,0.999999999999996);
#4650=CIRCLE('',#12358,1.);
#4651=CIRCLE('',#12359,1.00000000000002);
#4652=CIRCLE('',#12360,1.29289321881346);
#4653=CIRCLE('',#12368,1.);
#4654=CIRCLE('',#12371,1.);
#4655=CIRCLE('',#12376,1.40000000000001);
#4656=CIRCLE('',#12379,1.4);
#4657=CIRCLE('',#12389,5.);
#4658=CIRCLE('',#12390,5.000000000004);
#4659=CIRCLE('',#12391,4.);
#4660=CIRCLE('',#12392,17.9);
#4661=CIRCLE('',#12393,17.1);
#4662=CIRCLE('',#12394,17.1);
#4663=CIRCLE('',#12395,17.1);
#4664=CIRCLE('',#12396,17.1);
#4665=CIRCLE('',#12397,17.9);
#4666=CIRCLE('',#12398,5.00000000000405);
#4667=CIRCLE('',#12399,4.99999999999998);
#4668=CIRCLE('',#12400,6.47499999999999);
#4669=CIRCLE('',#12401,5.2);
#4670=CIRCLE('',#12402,5.2);
#4671=CIRCLE('',#12403,5.2);
#4672=CIRCLE('',#12404,5.2);
#4673=CIRCLE('',#12405,6.47499999999999);
#4674=CIRCLE('',#12408,0.600000000000003);
#4675=CIRCLE('',#12410,0.6);
#4676=CIRCLE('',#12411,0.600000000000003);
#4677=CIRCLE('',#12413,2.22426406871591);
#4678=CIRCLE('',#12414,0.600000000000007);
#4679=CIRCLE('',#12415,2.22426406871591);
#4680=CIRCLE('',#12417,0.599999999999994);
#4681=CIRCLE('',#12419,7.77573593128813);
#4682=CIRCLE('',#12420,7.77573593128813);
#4683=CIRCLE('',#12422,0.599999999999852);
#4684=CIRCLE('',#12424,7.77573593128819);
#4685=CIRCLE('',#12425,0.599999999999981);
#4686=CIRCLE('',#12426,7.77573593128819);
#4687=CIRCLE('',#12428,0.600000000000019);
#4688=CIRCLE('',#12430,2.22426406871568);
#4689=CIRCLE('',#12431,0.600000000000015);
#4690=CIRCLE('',#12432,2.22426406871568);
#4691=CIRCLE('',#12434,0.6);
#4692=CIRCLE('',#12438,5.00000000000405);
#4693=CIRCLE('',#12441,4.99999999999998);
#4694=CIRCLE('',#12443,5.);
#4695=CIRCLE('',#12446,5.000000000004);
#4696=CIRCLE('',#12449,0.6);
#4697=CIRCLE('',#12450,0.6);
#4698=CIRCLE('',#12456,5.00000000000405);
#4699=CIRCLE('',#12459,4.99999999999998);
#4700=CIRCLE('',#12462,5.);
#4701=CIRCLE('',#12465,5.000000000004);
#4702=CIRCLE('',#12477,3.2);
#4703=CIRCLE('',#12478,3.2);
#4704=CIRCLE('',#12480,17.5);
#4705=CIRCLE('',#12481,17.5);
#4706=CIRCLE('',#12488,3.2);
#4707=CIRCLE('',#12490,3.2);
#4708=CIRCLE('',#12491,3.2);
#4709=CIRCLE('',#12494,3.2);
#4710=CIRCLE('',#12498,6.075);
#4711=CIRCLE('',#12500,6.075);
#4712=CIRCLE('',#12502,17.5);
#4713=CIRCLE('',#12505,17.5);
#4714=CIRCLE('',#12508,17.5);
#4715=CIRCLE('',#12511,17.5);
#4716=CIRCLE('',#12514,17.5);
#4717=CIRCLE('',#12518,6.075);
#4718=CIRCLE('',#12520,6.47499999999999);
#4719=CIRCLE('',#12522,6.075);
#4720=CIRCLE('',#12524,6.47499999999999);
#4721=CIRCLE('',#12527,3.2);
#4722=CIRCLE('',#12529,3.59999999999999);
#4723=CIRCLE('',#12532,3.59999999999999);
#4724=CIRCLE('',#12536,3.2);
#4725=CIRCLE('',#12538,3.59999999999999);
#4726=CIRCLE('',#12541,3.59999999999999);
#4727=CIRCLE('',#12544,17.5);
#4728=CIRCLE('',#12547,17.5);
#4729=CIRCLE('',#12550,17.5);
#4730=CIRCLE('',#12553,17.5);
#4731=CIRCLE('',#12556,17.5);
#4732=CIRCLE('',#12559,17.9);
#4733=CIRCLE('',#12561,17.9);
#4734=CIRCLE('',#12564,17.1);
#4735=CIRCLE('',#12567,17.1);
#4736=CIRCLE('',#12570,17.1);
#4737=CIRCLE('',#12573,17.1);
#4738=CIRCLE('',#12575,5.000000000004);
#4739=CIRCLE('',#12576,5.);
#4740=CIRCLE('',#12577,4.99999999999998);
#4741=CIRCLE('',#12578,5.00000000000405);
#4742=CIRCLE('',#12580,4.);
#4743=CIRCLE('',#12583,3.);
#4744=CIRCLE('',#12584,1.);
#4745=CIRCLE('',#12587,3.);
#4746=CIRCLE('',#12588,1.);
#4747=CIRCLE('',#12590,3.);
#4748=CIRCLE('',#12591,1.);
#4749=CIRCLE('',#12594,3.);
#4750=CIRCLE('',#12595,1.);
#4751=CIRCLE('',#12616,1.);
#4752=CIRCLE('',#12620,1.);
#4753=CIRCLE('',#12624,1.);
#4754=CIRCLE('',#12626,1.);
#4755=CIRCLE('',#12627,0.999999999999996);
#4756=CIRCLE('',#12628,1.29289321881345);
#4757=CIRCLE('',#12630,0.999999999999996);
#4758=CIRCLE('',#12632,1.);
#4759=CIRCLE('',#12633,1.);
#4760=CIRCLE('',#12634,1.29289321881345);
#4761=CIRCLE('',#12642,1.);
#4762=CIRCLE('',#12645,1.);
#4763=CIRCLE('',#12649,1.4);
#4764=CIRCLE('',#12652,1.39999999999999);
#4765=CIRCLE('',#12665,1.80000000000378);
#4766=CIRCLE('',#12666,5.00000000000405);
#4767=CIRCLE('',#12668,5.00000000000405);
#4768=CIRCLE('',#12672,8.20000000000011);
#4769=CIRCLE('',#12673,4.99999999999998);
#4770=CIRCLE('',#12675,4.99999999999998);
#4771=CIRCLE('',#12677,8.20000000000002);
#4772=CIRCLE('',#12678,5.);
#4773=CIRCLE('',#12680,5.);
#4774=CIRCLE('',#12684,1.80000000000396);
#4775=CIRCLE('',#12685,5.000000000004);
#4776=CIRCLE('',#12687,5.000000000004);
#4777=CIRCLE('',#12692,5.000000000004);
#4778=CIRCLE('',#12696,5.);
#4779=CIRCLE('',#12698,5.);
#4780=CIRCLE('',#12702,4.99999999999998);
#4781=CIRCLE('',#12704,4.99999999999998);
#4782=CIRCLE('',#12710,5.00000000000405);
#4783=CIRCLE('',#12712,5.00000000000405);
#4784=CIRCLE('',#12715,5.000000000004);
#4785=CIRCLE('',#12717,17.9);
#4786=CIRCLE('',#12718,17.1);
#4787=CIRCLE('',#12719,17.1);
#4788=CIRCLE('',#12720,17.1);
#4789=CIRCLE('',#12721,17.1);
#4790=CIRCLE('',#12722,17.9);
#4791=CIRCLE('',#12723,6.47499999999999);
#4792=CIRCLE('',#12724,6.47499999999999);
#4793=CIRCLE('',#12726,6.075);
#4794=CIRCLE('',#12728,6.075);
#4795=CIRCLE('',#12730,6.075);
#4796=CIRCLE('',#12732,6.075);
#4797=CIRCLE('',#12735,17.5);
#4798=CIRCLE('',#12738,17.5);
#4799=CIRCLE('',#12741,17.5);
#4800=CIRCLE('',#12744,17.5);
#4801=CIRCLE('',#12747,17.5);
#4802=CIRCLE('',#12750,17.5);
#4803=CIRCLE('',#12754,17.5);
#4804=CIRCLE('',#12757,17.5);
#4805=CIRCLE('',#12760,17.5);
#4806=CIRCLE('',#12763,17.5);
#4807=CIRCLE('',#12765,17.9);
#4808=CIRCLE('',#12766,17.1);
#4809=CIRCLE('',#12767,17.1);
#4810=CIRCLE('',#12768,17.1);
#4811=CIRCLE('',#12769,17.1);
#4812=CIRCLE('',#12770,17.9);
#4813=CIRCLE('',#12771,6.47499999999999);
#4814=CIRCLE('',#12772,6.47499999999999);
#4815=CIRCLE('',#12777,17.5);
#4816=CIRCLE('',#12780,17.5);
#4817=CIRCLE('',#12795,0.999999999999991);
#4818=CIRCLE('',#12800,1.);
#4819=CIRCLE('',#12803,0.999999999999998);
#4820=CIRCLE('',#12804,0.999999999999996);
#4821=CIRCLE('',#12805,0.707106781186543);
#4822=CIRCLE('',#12807,0.999999999999996);
#4823=CIRCLE('',#12809,1.00000000000001);
#4824=CIRCLE('',#12810,1.00000000000002);
#4825=CIRCLE('',#12811,0.707106781186552);
#4826=CIRCLE('',#12816,0.999999999999998);
#4827=CIRCLE('',#12817,0.999999999999996);
#4828=CIRCLE('',#12818,0.70710678118656);
#4829=CIRCLE('',#12820,0.999999999999979);
#4830=CIRCLE('',#12822,1.00000000000001);
#4831=CIRCLE('',#12823,1.00000000000001);
#4832=CIRCLE('',#12824,0.707106781186568);
#4833=CIRCLE('',#12829,1.00000000000001);
#4834=CIRCLE('',#12832,0.999999999999998);
#4835=CIRCLE('',#12835,0.399999999999999);
#4836=CIRCLE('',#12838,0.400000000000023);
#4837=CIRCLE('',#12846,0.999999999999991);
#4838=CIRCLE('',#12849,0.999999999999993);
#4839=CIRCLE('',#12851,1.00000000000001);
#4840=CIRCLE('',#12852,1.00000000000001);
#4841=CIRCLE('',#12853,0.707106781186568);
#4842=CIRCLE('',#12855,0.999999999999996);
#4843=CIRCLE('',#12857,0.999999999999998);
#4844=CIRCLE('',#12858,0.999999999999991);
#4845=CIRCLE('',#12859,0.70710678118656);
#4846=CIRCLE('',#12864,0.999999999999996);
#4847=CIRCLE('',#12865,0.707106781186545);
#4848=CIRCLE('',#12867,0.999999999999996);
#4849=CIRCLE('',#12869,1.);
#4850=CIRCLE('',#12870,0.707106781186543);
#4851=CIRCLE('',#12873,0.400000000000023);
#4852=CIRCLE('',#12876,0.399999999999999);
#4853=CIRCLE('',#12884,0.4);
#4854=CIRCLE('',#12887,0.399999999999991);
#4855=CIRCLE('',#12897,0.4);
#4856=CIRCLE('',#12900,0.399999999999991);
#4857=VERTEX_POINT('',#16412);
#4858=VERTEX_POINT('',#16413);
#4859=VERTEX_POINT('',#16415);
#4860=VERTEX_POINT('',#16417);
#4861=VERTEX_POINT('',#16419);
#4862=VERTEX_POINT('',#16423);
#4863=VERTEX_POINT('',#16424);
#4864=VERTEX_POINT('',#16426);
#4865=VERTEX_POINT('',#16428);
#4866=VERTEX_POINT('',#16432);
#4867=VERTEX_POINT('',#16434);
#4868=VERTEX_POINT('',#16438);
#4869=VERTEX_POINT('',#16440);
#4870=VERTEX_POINT('',#16444);
#4871=VERTEX_POINT('',#16446);
#4872=VERTEX_POINT('',#16453);
#4873=VERTEX_POINT('',#16454);
#4874=VERTEX_POINT('',#16457);
#4875=VERTEX_POINT('',#16461);
#4876=VERTEX_POINT('',#16463);
#4877=VERTEX_POINT('',#16467);
#4878=VERTEX_POINT('',#16469);
#4879=VERTEX_POINT('',#16473);
#4880=VERTEX_POINT('',#16475);
#4881=VERTEX_POINT('',#16477);
#4882=VERTEX_POINT('',#16481);
#4883=VERTEX_POINT('',#16483);
#4884=VERTEX_POINT('',#16485);
#4885=VERTEX_POINT('',#16489);
#4886=VERTEX_POINT('',#16493);
#4887=VERTEX_POINT('',#16497);
#4888=VERTEX_POINT('',#16501);
#4889=VERTEX_POINT('',#16505);
#4890=VERTEX_POINT('',#16509);
#4891=VERTEX_POINT('',#16511);
#4892=VERTEX_POINT('',#16515);
#4893=VERTEX_POINT('',#16519);
#4894=VERTEX_POINT('',#16523);
#4895=VERTEX_POINT('',#16529);
#4896=VERTEX_POINT('',#16533);
#4897=VERTEX_POINT('',#16535);
#4898=VERTEX_POINT('',#16537);
#4899=VERTEX_POINT('',#16541);
#4900=VERTEX_POINT('',#16543);
#4901=VERTEX_POINT('',#16549);
#4902=VERTEX_POINT('',#16551);
#4903=VERTEX_POINT('',#16555);
#4904=VERTEX_POINT('',#16559);
#4905=VERTEX_POINT('',#16563);
#4906=VERTEX_POINT('',#16565);
#4907=VERTEX_POINT('',#16571);
#4908=VERTEX_POINT('',#16573);
#4909=VERTEX_POINT('',#16575);
#4910=VERTEX_POINT('',#16577);
#4911=VERTEX_POINT('',#16579);
#4912=VERTEX_POINT('',#16581);
#4913=VERTEX_POINT('',#16583);
#4914=VERTEX_POINT('',#16585);
#4915=VERTEX_POINT('',#16587);
#4916=VERTEX_POINT('',#16589);
#4917=VERTEX_POINT('',#16591);
#4918=VERTEX_POINT('',#16593);
#4919=VERTEX_POINT('',#16595);
#4920=VERTEX_POINT('',#16597);
#4921=VERTEX_POINT('',#16599);
#4922=VERTEX_POINT('',#16601);
#4923=VERTEX_POINT('',#16603);
#4924=VERTEX_POINT('',#16605);
#4925=VERTEX_POINT('',#16608);
#4926=VERTEX_POINT('',#16610);
#4927=VERTEX_POINT('',#16611);
#4928=VERTEX_POINT('',#16613);
#4929=VERTEX_POINT('',#16615);
#4930=VERTEX_POINT('',#16618);
#4931=VERTEX_POINT('',#16619);
#4932=VERTEX_POINT('',#16621);
#4933=VERTEX_POINT('',#16623);
#4934=VERTEX_POINT('',#16626);
#4935=VERTEX_POINT('',#16629);
#4936=VERTEX_POINT('',#16630);
#4937=VERTEX_POINT('',#16632);
#4938=VERTEX_POINT('',#16634);
#4939=VERTEX_POINT('',#16638);
#4940=VERTEX_POINT('',#16640);
#4941=VERTEX_POINT('',#16644);
#4942=VERTEX_POINT('',#16646);
#4943=VERTEX_POINT('',#16653);
#4944=VERTEX_POINT('',#16655);
#4945=VERTEX_POINT('',#16659);
#4946=VERTEX_POINT('',#16661);
#4947=VERTEX_POINT('',#16665);
#4948=VERTEX_POINT('',#16667);
#4949=VERTEX_POINT('',#16671);
#4950=VERTEX_POINT('',#16672);
#4951=VERTEX_POINT('',#16677);
#4952=VERTEX_POINT('',#16679);
#4953=VERTEX_POINT('',#16683);
#4954=VERTEX_POINT('',#16687);
#4955=VERTEX_POINT('',#16691);
#4956=VERTEX_POINT('',#16695);
#4957=VERTEX_POINT('',#16699);
#4958=VERTEX_POINT('',#16703);
#4959=VERTEX_POINT('',#16707);
#4960=VERTEX_POINT('',#16711);
#4961=VERTEX_POINT('',#16715);
#4962=VERTEX_POINT('',#16719);
#4963=VERTEX_POINT('',#16723);
#4964=VERTEX_POINT('',#16725);
#4965=VERTEX_POINT('',#16729);
#4966=VERTEX_POINT('',#16733);
#4967=VERTEX_POINT('',#16739);
#4968=VERTEX_POINT('',#16743);
#4969=VERTEX_POINT('',#16751);
#4970=VERTEX_POINT('',#16753);
#4971=VERTEX_POINT('',#16755);
#4972=VERTEX_POINT('',#16759);
#4973=VERTEX_POINT('',#16763);
#4974=VERTEX_POINT('',#16767);
#4975=VERTEX_POINT('',#16771);
#4976=VERTEX_POINT('',#16775);
#4977=VERTEX_POINT('',#16779);
#4978=VERTEX_POINT('',#16783);
#4979=VERTEX_POINT('',#16787);
#4980=VERTEX_POINT('',#16789);
#4981=VERTEX_POINT('',#16793);
#4982=VERTEX_POINT('',#16794);
#4983=VERTEX_POINT('',#16796);
#4984=VERTEX_POINT('',#16798);
#4985=VERTEX_POINT('',#16802);
#4986=VERTEX_POINT('',#16804);
#4987=VERTEX_POINT('',#16808);
#4988=VERTEX_POINT('',#16810);
#4989=VERTEX_POINT('',#16814);
#4990=VERTEX_POINT('',#16816);
#4991=VERTEX_POINT('',#16820);
#4992=VERTEX_POINT('',#16822);
#4993=VERTEX_POINT('',#16826);
#4994=VERTEX_POINT('',#16827);
#4995=VERTEX_POINT('',#16829);
#4996=VERTEX_POINT('',#16831);
#4997=VERTEX_POINT('',#16835);
#4998=VERTEX_POINT('',#16837);
#4999=VERTEX_POINT('',#16841);
#5000=VERTEX_POINT('',#16843);
#5001=VERTEX_POINT('',#16845);
#5002=VERTEX_POINT('',#16849);
#5003=VERTEX_POINT('',#16851);
#5004=VERTEX_POINT('',#16858);
#5005=VERTEX_POINT('',#16859);
#5006=VERTEX_POINT('',#16861);
#5007=VERTEX_POINT('',#16863);
#5008=VERTEX_POINT('',#16867);
#5009=VERTEX_POINT('',#16869);
#5010=VERTEX_POINT('',#16874);
#5011=VERTEX_POINT('',#16889);
#5012=VERTEX_POINT('',#16912);
#5013=VERTEX_POINT('',#16916);
#5014=VERTEX_POINT('',#16920);
#5015=VERTEX_POINT('',#16924);
#5016=VERTEX_POINT('',#16928);
#5017=VERTEX_POINT('',#16932);
#5018=VERTEX_POINT('',#16936);
#5019=VERTEX_POINT('',#16943);
#5020=VERTEX_POINT('',#16945);
#5021=VERTEX_POINT('',#16951);
#5022=VERTEX_POINT('',#16955);
#5023=VERTEX_POINT('',#16959);
#5024=VERTEX_POINT('',#16963);
#5025=VERTEX_POINT('',#16967);
#5026=VERTEX_POINT('',#16971);
#5027=VERTEX_POINT('',#16975);
#5028=VERTEX_POINT('',#16979);
#5029=VERTEX_POINT('',#16985);
#5030=VERTEX_POINT('',#16991);
#5031=VERTEX_POINT('',#16993);
#5032=VERTEX_POINT('',#16997);
#5033=VERTEX_POINT('',#17001);
#5034=VERTEX_POINT('',#17007);
#5035=VERTEX_POINT('',#17013);
#5036=VERTEX_POINT('',#17015);
#5037=VERTEX_POINT('',#17019);
#5038=VERTEX_POINT('',#17023);
#5039=VERTEX_POINT('',#17029);
#5040=VERTEX_POINT('',#17033);
#5041=VERTEX_POINT('',#17037);
#5042=VERTEX_POINT('',#17041);
#5043=VERTEX_POINT('',#17061);
#5044=VERTEX_POINT('',#17062);
#5045=VERTEX_POINT('',#17064);
#5046=VERTEX_POINT('',#17066);
#5047=VERTEX_POINT('',#17068);
#5048=VERTEX_POINT('',#17072);
#5049=VERTEX_POINT('',#17073);
#5050=VERTEX_POINT('',#17075);
#5051=VERTEX_POINT('',#17077);
#5052=VERTEX_POINT('',#17081);
#5053=VERTEX_POINT('',#17083);
#5054=VERTEX_POINT('',#17087);
#5055=VERTEX_POINT('',#17089);
#5056=VERTEX_POINT('',#17093);
#5057=VERTEX_POINT('',#17095);
#5058=VERTEX_POINT('',#17102);
#5059=VERTEX_POINT('',#17103);
#5060=VERTEX_POINT('',#17106);
#5061=VERTEX_POINT('',#17110);
#5062=VERTEX_POINT('',#17112);
#5063=VERTEX_POINT('',#17116);
#5064=VERTEX_POINT('',#17118);
#5065=VERTEX_POINT('',#17122);
#5066=VERTEX_POINT('',#17124);
#5067=VERTEX_POINT('',#17126);
#5068=VERTEX_POINT('',#17132);
#5069=VERTEX_POINT('',#17134);
#5070=VERTEX_POINT('',#17136);
#5071=VERTEX_POINT('',#17140);
#5072=VERTEX_POINT('',#17144);
#5073=VERTEX_POINT('',#17148);
#5074=VERTEX_POINT('',#17152);
#5075=VERTEX_POINT('',#17154);
#5076=VERTEX_POINT('',#17156);
#5077=VERTEX_POINT('',#17158);
#5078=VERTEX_POINT('',#17162);
#5079=VERTEX_POINT('',#17164);
#5080=VERTEX_POINT('',#17168);
#5081=VERTEX_POINT('',#17172);
#5082=VERTEX_POINT('',#17176);
#5083=VERTEX_POINT('',#17182);
#5084=VERTEX_POINT('',#17188);
#5085=VERTEX_POINT('',#17190);
#5086=VERTEX_POINT('',#17194);
#5087=VERTEX_POINT('',#17198);
#5088=VERTEX_POINT('',#17204);
#5089=VERTEX_POINT('',#17206);
#5090=VERTEX_POINT('',#17208);
#5091=VERTEX_POINT('',#17214);
#5092=VERTEX_POINT('',#17215);
#5093=VERTEX_POINT('',#17217);
#5094=VERTEX_POINT('',#17219);
#5095=VERTEX_POINT('',#17223);
#5096=VERTEX_POINT('',#17224);
#5097=VERTEX_POINT('',#17226);
#5098=VERTEX_POINT('',#17228);
#5099=VERTEX_POINT('',#17232);
#5100=VERTEX_POINT('',#17233);
#5101=VERTEX_POINT('',#17235);
#5102=VERTEX_POINT('',#17237);
#5103=VERTEX_POINT('',#17241);
#5104=VERTEX_POINT('',#17243);
#5105=VERTEX_POINT('',#17247);
#5106=VERTEX_POINT('',#17248);
#5107=VERTEX_POINT('',#17253);
#5108=VERTEX_POINT('',#17257);
#5109=VERTEX_POINT('',#17258);
#5110=VERTEX_POINT('',#17263);
#5111=VERTEX_POINT('',#17272);
#5112=VERTEX_POINT('',#17273);
#5113=VERTEX_POINT('',#17278);
#5114=VERTEX_POINT('',#17282);
#5115=VERTEX_POINT('',#17283);
#5116=VERTEX_POINT('',#17288);
#5117=VERTEX_POINT('',#17292);
#5118=VERTEX_POINT('',#17299);
#5119=VERTEX_POINT('',#17301);
#5120=VERTEX_POINT('',#17304);
#5121=VERTEX_POINT('',#17308);
#5122=VERTEX_POINT('',#17310);
#5123=VERTEX_POINT('',#17312);
#5124=VERTEX_POINT('',#17314);
#5125=VERTEX_POINT('',#17318);
#5126=VERTEX_POINT('',#17320);
#5127=VERTEX_POINT('',#17322);
#5128=VERTEX_POINT('',#17324);
#5129=VERTEX_POINT('',#17326);
#5130=VERTEX_POINT('',#17328);
#5131=VERTEX_POINT('',#17330);
#5132=VERTEX_POINT('',#17332);
#5133=VERTEX_POINT('',#17334);
#5134=VERTEX_POINT('',#17336);
#5135=VERTEX_POINT('',#17338);
#5136=VERTEX_POINT('',#17340);
#5137=VERTEX_POINT('',#17342);
#5138=VERTEX_POINT('',#17344);
#5139=VERTEX_POINT('',#17346);
#5140=VERTEX_POINT('',#17348);
#5141=VERTEX_POINT('',#17350);
#5142=VERTEX_POINT('',#17352);
#5143=VERTEX_POINT('',#17354);
#5144=VERTEX_POINT('',#17356);
#5145=VERTEX_POINT('',#17358);
#5146=VERTEX_POINT('',#17360);
#5147=VERTEX_POINT('',#17362);
#5148=VERTEX_POINT('',#17364);
#5149=VERTEX_POINT('',#17366);
#5150=VERTEX_POINT('',#17368);
#5151=VERTEX_POINT('',#17370);
#5152=VERTEX_POINT('',#17372);
#5153=VERTEX_POINT('',#17374);
#5154=VERTEX_POINT('',#17376);
#5155=VERTEX_POINT('',#17378);
#5156=VERTEX_POINT('',#17380);
#5157=VERTEX_POINT('',#17382);
#5158=VERTEX_POINT('',#17384);
#5159=VERTEX_POINT('',#17386);
#5160=VERTEX_POINT('',#17390);
#5161=VERTEX_POINT('',#17392);
#5162=VERTEX_POINT('',#17396);
#5163=VERTEX_POINT('',#17398);
#5164=VERTEX_POINT('',#17402);
#5165=VERTEX_POINT('',#17406);
#5166=VERTEX_POINT('',#17410);
#5167=VERTEX_POINT('',#17414);
#5168=VERTEX_POINT('',#17418);
#5169=VERTEX_POINT('',#17424);
#5170=VERTEX_POINT('',#17428);
#5171=VERTEX_POINT('',#17432);
#5172=VERTEX_POINT('',#17434);
#5173=VERTEX_POINT('',#17436);
#5174=VERTEX_POINT('',#17440);
#5175=VERTEX_POINT('',#17442);
#5176=VERTEX_POINT('',#17444);
#5177=VERTEX_POINT('',#17448);
#5178=VERTEX_POINT('',#17454);
#5179=VERTEX_POINT('',#17456);
#5180=VERTEX_POINT('',#17460);
#5181=VERTEX_POINT('',#17468);
#5182=VERTEX_POINT('',#17470);
#5183=VERTEX_POINT('',#17472);
#5184=VERTEX_POINT('',#17474);
#5185=VERTEX_POINT('',#17476);
#5186=VERTEX_POINT('',#17478);
#5187=VERTEX_POINT('',#17480);
#5188=VERTEX_POINT('',#17482);
#5189=VERTEX_POINT('',#17484);
#5190=VERTEX_POINT('',#17486);
#5191=VERTEX_POINT('',#17488);
#5192=VERTEX_POINT('',#17490);
#5193=VERTEX_POINT('',#17493);
#5194=VERTEX_POINT('',#17494);
#5195=VERTEX_POINT('',#17496);
#5196=VERTEX_POINT('',#17498);
#5197=VERTEX_POINT('',#17501);
#5198=VERTEX_POINT('',#17503);
#5199=VERTEX_POINT('',#17505);
#5200=VERTEX_POINT('',#17506);
#5201=VERTEX_POINT('',#17508);
#5202=VERTEX_POINT('',#17510);
#5203=VERTEX_POINT('',#17514);
#5204=VERTEX_POINT('',#17516);
#5205=VERTEX_POINT('',#17518);
#5206=VERTEX_POINT('',#17520);
#5207=VERTEX_POINT('',#17522);
#5208=VERTEX_POINT('',#17524);
#5209=VERTEX_POINT('',#17526);
#5210=VERTEX_POINT('',#17528);
#5211=VERTEX_POINT('',#17530);
#5212=VERTEX_POINT('',#17532);
#5213=VERTEX_POINT('',#17534);
#5214=VERTEX_POINT('',#17536);
#5215=VERTEX_POINT('',#17538);
#5216=VERTEX_POINT('',#17540);
#5217=VERTEX_POINT('',#17542);
#5218=VERTEX_POINT('',#17544);
#5219=VERTEX_POINT('',#17546);
#5220=VERTEX_POINT('',#17548);
#5221=VERTEX_POINT('',#17550);
#5222=VERTEX_POINT('',#17552);
#5223=VERTEX_POINT('',#17554);
#5224=VERTEX_POINT('',#17556);
#5225=VERTEX_POINT('',#17558);
#5226=VERTEX_POINT('',#17560);
#5227=VERTEX_POINT('',#17562);
#5228=VERTEX_POINT('',#17564);
#5229=VERTEX_POINT('',#17566);
#5230=VERTEX_POINT('',#17568);
#5231=VERTEX_POINT('',#17570);
#5232=VERTEX_POINT('',#17572);
#5233=VERTEX_POINT('',#17574);
#5234=VERTEX_POINT('',#17576);
#5235=VERTEX_POINT('',#17578);
#5236=VERTEX_POINT('',#17580);
#5237=VERTEX_POINT('',#17584);
#5238=VERTEX_POINT('',#17585);
#5239=VERTEX_POINT('',#17590);
#5240=VERTEX_POINT('',#17591);
#5241=VERTEX_POINT('',#17596);
#5242=VERTEX_POINT('',#17598);
#5243=VERTEX_POINT('',#17605);
#5244=VERTEX_POINT('',#17607);
#5245=VERTEX_POINT('',#17614);
#5246=VERTEX_POINT('',#17615);
#5247=VERTEX_POINT('',#17617);
#5248=VERTEX_POINT('',#17619);
#5249=VERTEX_POINT('',#17624);
#5250=VERTEX_POINT('',#17628);
#5251=VERTEX_POINT('',#17630);
#5252=VERTEX_POINT('',#17633);
#5253=VERTEX_POINT('',#17635);
#5254=VERTEX_POINT('',#17638);
#5255=VERTEX_POINT('',#17640);
#5256=VERTEX_POINT('',#17643);
#5257=VERTEX_POINT('',#17645);
#5258=VERTEX_POINT('',#17650);
#5259=VERTEX_POINT('',#17652);
#5260=VERTEX_POINT('',#17655);
#5261=VERTEX_POINT('',#17657);
#5262=VERTEX_POINT('',#17660);
#5263=VERTEX_POINT('',#17662);
#5264=VERTEX_POINT('',#17666);
#5265=VERTEX_POINT('',#17668);
#5266=VERTEX_POINT('',#17672);
#5267=VERTEX_POINT('',#17676);
#5268=VERTEX_POINT('',#17678);
#5269=VERTEX_POINT('',#17680);
#5270=VERTEX_POINT('',#17682);
#5271=VERTEX_POINT('',#17684);
#5272=VERTEX_POINT('',#17686);
#5273=VERTEX_POINT('',#17688);
#5274=VERTEX_POINT('',#17690);
#5275=VERTEX_POINT('',#17692);
#5276=VERTEX_POINT('',#17694);
#5277=VERTEX_POINT('',#17696);
#5278=VERTEX_POINT('',#17698);
#5279=VERTEX_POINT('',#17701);
#5280=VERTEX_POINT('',#17703);
#5281=VERTEX_POINT('',#17706);
#5282=VERTEX_POINT('',#17708);
#5283=VERTEX_POINT('',#17711);
#5284=VERTEX_POINT('',#17713);
#5285=VERTEX_POINT('',#17716);
#5286=VERTEX_POINT('',#17720);
#5287=VERTEX_POINT('',#17723);
#5288=VERTEX_POINT('',#17725);
#5289=VERTEX_POINT('',#17728);
#5290=VERTEX_POINT('',#17730);
#5291=VERTEX_POINT('',#17733);
#5292=VERTEX_POINT('',#17735);
#5293=VERTEX_POINT('',#17738);
#5294=VERTEX_POINT('',#17739);
#5295=VERTEX_POINT('',#17741);
#5296=VERTEX_POINT('',#17743);
#5297=VERTEX_POINT('',#17746);
#5298=VERTEX_POINT('',#17748);
#5299=VERTEX_POINT('',#17750);
#5300=VERTEX_POINT('',#17751);
#5301=VERTEX_POINT('',#17753);
#5302=VERTEX_POINT('',#17755);
#5303=VERTEX_POINT('',#17765);
#5304=VERTEX_POINT('',#17766);
#5305=VERTEX_POINT('',#17771);
#5306=VERTEX_POINT('',#17772);
#5307=VERTEX_POINT('',#17777);
#5308=VERTEX_POINT('',#17779);
#5309=VERTEX_POINT('',#17786);
#5310=VERTEX_POINT('',#17788);
#5311=VERTEX_POINT('',#17795);
#5312=VERTEX_POINT('',#17797);
#5313=VERTEX_POINT('',#17803);
#5314=VERTEX_POINT('',#17805);
#5315=VERTEX_POINT('',#17817);
#5316=VERTEX_POINT('',#17818);
#5317=VERTEX_POINT('',#17823);
#5318=VERTEX_POINT('',#17824);
#5319=VERTEX_POINT('',#17829);
#5320=VERTEX_POINT('',#17831);
#5321=VERTEX_POINT('',#17838);
#5322=VERTEX_POINT('',#17840);
#5323=VERTEX_POINT('',#17847);
#5324=VERTEX_POINT('',#17849);
#5325=VERTEX_POINT('',#17855);
#5326=VERTEX_POINT('',#17857);
#5327=VERTEX_POINT('',#17869);
#5328=VERTEX_POINT('',#17870);
#5329=VERTEX_POINT('',#17875);
#5330=VERTEX_POINT('',#17876);
#5331=VERTEX_POINT('',#17881);
#5332=VERTEX_POINT('',#17883);
#5333=VERTEX_POINT('',#17890);
#5334=VERTEX_POINT('',#17892);
#5335=VERTEX_POINT('',#17899);
#5336=VERTEX_POINT('',#17901);
#5337=VERTEX_POINT('',#17907);
#5338=VERTEX_POINT('',#17909);
#5339=VERTEX_POINT('',#17922);
#5340=VERTEX_POINT('',#17924);
#5341=VERTEX_POINT('',#17928);
#5342=VERTEX_POINT('',#17932);
#5343=VERTEX_POINT('',#17938);
#5344=VERTEX_POINT('',#17940);
#5345=VERTEX_POINT('',#17944);
#5346=VERTEX_POINT('',#17948);
#5347=VERTEX_POINT('',#17950);
#5348=VERTEX_POINT('',#17954);
#5349=VERTEX_POINT('',#17958);
#5350=VERTEX_POINT('',#17964);
#5351=VERTEX_POINT('',#17966);
#5352=VERTEX_POINT('',#17970);
#5353=VERTEX_POINT('',#17974);
#5354=VERTEX_POINT('',#17978);
#5355=VERTEX_POINT('',#17982);
#5356=VERTEX_POINT('',#17986);
#5357=VERTEX_POINT('',#17990);
#5358=VERTEX_POINT('',#17994);
#5359=VERTEX_POINT('',#17998);
#5360=VERTEX_POINT('',#18002);
#5361=VERTEX_POINT('',#18006);
#5362=VERTEX_POINT('',#18010);
#5363=VERTEX_POINT('',#18014);
#5364=VERTEX_POINT('',#18022);
#5365=VERTEX_POINT('',#18024);
#5366=VERTEX_POINT('',#18028);
#5367=VERTEX_POINT('',#18034);
#5368=VERTEX_POINT('',#18038);
#5369=VERTEX_POINT('',#18042);
#5370=VERTEX_POINT('',#18046);
#5371=VERTEX_POINT('',#18050);
#5372=VERTEX_POINT('',#18052);
#5373=VERTEX_POINT('',#18056);
#5374=VERTEX_POINT('',#18060);
#5375=VERTEX_POINT('',#18066);
#5376=VERTEX_POINT('',#18068);
#5377=VERTEX_POINT('',#18072);
#5378=VERTEX_POINT('',#18076);
#5379=VERTEX_POINT('',#18078);
#5380=VERTEX_POINT('',#18082);
#5381=VERTEX_POINT('',#18086);
#5382=VERTEX_POINT('',#18092);
#5383=VERTEX_POINT('',#18094);
#5384=VERTEX_POINT('',#18098);
#5385=VERTEX_POINT('',#18105);
#5386=VERTEX_POINT('',#18109);
#5387=VERTEX_POINT('',#18113);
#5388=VERTEX_POINT('',#18117);
#5389=VERTEX_POINT('',#18121);
#5390=VERTEX_POINT('',#18125);
#5391=VERTEX_POINT('',#18129);
#5392=VERTEX_POINT('',#18133);
#5393=VERTEX_POINT('',#18148);
#5394=VERTEX_POINT('',#18154);
#5395=VERTEX_POINT('',#18161);
#5396=VERTEX_POINT('',#18167);
#5397=VERTEX_POINT('',#18191);
#5398=VERTEX_POINT('',#18192);
#5399=VERTEX_POINT('',#18194);
#5400=VERTEX_POINT('',#18196);
#5401=VERTEX_POINT('',#18198);
#5402=VERTEX_POINT('',#18202);
#5403=VERTEX_POINT('',#18203);
#5404=VERTEX_POINT('',#18205);
#5405=VERTEX_POINT('',#18207);
#5406=VERTEX_POINT('',#18211);
#5407=VERTEX_POINT('',#18212);
#5408=VERTEX_POINT('',#18215);
#5409=VERTEX_POINT('',#18219);
#5410=VERTEX_POINT('',#18221);
#5411=VERTEX_POINT('',#18225);
#5412=VERTEX_POINT('',#18227);
#5413=VERTEX_POINT('',#18231);
#5414=VERTEX_POINT('',#18233);
#5415=VERTEX_POINT('',#18240);
#5416=VERTEX_POINT('',#18242);
#5417=VERTEX_POINT('',#18246);
#5418=VERTEX_POINT('',#18248);
#5419=VERTEX_POINT('',#18252);
#5420=VERTEX_POINT('',#18254);
#5421=VERTEX_POINT('',#18256);
#5422=VERTEX_POINT('',#18260);
#5423=VERTEX_POINT('',#18262);
#5424=VERTEX_POINT('',#18264);
#5425=VERTEX_POINT('',#18268);
#5426=VERTEX_POINT('',#18272);
#5427=VERTEX_POINT('',#18276);
#5428=VERTEX_POINT('',#18280);
#5429=VERTEX_POINT('',#18284);
#5430=VERTEX_POINT('',#18288);
#5431=VERTEX_POINT('',#18290);
#5432=VERTEX_POINT('',#18294);
#5433=VERTEX_POINT('',#18298);
#5434=VERTEX_POINT('',#18302);
#5435=VERTEX_POINT('',#18306);
#5436=VERTEX_POINT('',#18312);
#5437=VERTEX_POINT('',#18314);
#5438=VERTEX_POINT('',#18316);
#5439=VERTEX_POINT('',#18320);
#5440=VERTEX_POINT('',#18322);
#5441=VERTEX_POINT('',#18326);
#5442=VERTEX_POINT('',#18328);
#5443=VERTEX_POINT('',#18332);
#5444=VERTEX_POINT('',#18338);
#5445=VERTEX_POINT('',#18340);
#5446=VERTEX_POINT('',#18342);
#5447=VERTEX_POINT('',#18344);
#5448=VERTEX_POINT('',#18346);
#5449=VERTEX_POINT('',#18348);
#5450=VERTEX_POINT('',#18350);
#5451=VERTEX_POINT('',#18352);
#5452=VERTEX_POINT('',#18354);
#5453=VERTEX_POINT('',#18356);
#5454=VERTEX_POINT('',#18358);
#5455=VERTEX_POINT('',#18360);
#5456=VERTEX_POINT('',#18362);
#5457=VERTEX_POINT('',#18364);
#5458=VERTEX_POINT('',#18366);
#5459=VERTEX_POINT('',#18368);
#5460=VERTEX_POINT('',#18370);
#5461=VERTEX_POINT('',#18372);
#5462=VERTEX_POINT('',#18374);
#5463=VERTEX_POINT('',#18376);
#5464=VERTEX_POINT('',#18378);
#5465=VERTEX_POINT('',#18380);
#5466=VERTEX_POINT('',#18382);
#5467=VERTEX_POINT('',#18384);
#5468=VERTEX_POINT('',#18386);
#5469=VERTEX_POINT('',#18388);
#5470=VERTEX_POINT('',#18390);
#5471=VERTEX_POINT('',#18392);
#5472=VERTEX_POINT('',#18394);
#5473=VERTEX_POINT('',#18396);
#5474=VERTEX_POINT('',#18399);
#5475=VERTEX_POINT('',#18401);
#5476=VERTEX_POINT('',#18402);
#5477=VERTEX_POINT('',#18404);
#5478=VERTEX_POINT('',#18406);
#5479=VERTEX_POINT('',#18409);
#5480=VERTEX_POINT('',#18410);
#5481=VERTEX_POINT('',#18412);
#5482=VERTEX_POINT('',#18414);
#5483=VERTEX_POINT('',#18417);
#5484=VERTEX_POINT('',#18420);
#5485=VERTEX_POINT('',#18424);
#5486=VERTEX_POINT('',#18428);
#5487=VERTEX_POINT('',#18429);
#5488=VERTEX_POINT('',#18431);
#5489=VERTEX_POINT('',#18433);
#5490=VERTEX_POINT('',#18437);
#5491=VERTEX_POINT('',#18439);
#5492=VERTEX_POINT('',#18443);
#5493=VERTEX_POINT('',#18445);
#5494=VERTEX_POINT('',#18452);
#5495=VERTEX_POINT('',#18456);
#5496=VERTEX_POINT('',#18458);
#5497=VERTEX_POINT('',#18462);
#5498=VERTEX_POINT('',#18464);
#5499=VERTEX_POINT('',#18468);
#5500=VERTEX_POINT('',#18470);
#5501=VERTEX_POINT('',#18474);
#5502=VERTEX_POINT('',#18475);
#5503=VERTEX_POINT('',#18480);
#5504=VERTEX_POINT('',#18482);
#5505=VERTEX_POINT('',#18486);
#5506=VERTEX_POINT('',#18490);
#5507=VERTEX_POINT('',#18494);
#5508=VERTEX_POINT('',#18500);
#5509=VERTEX_POINT('',#18504);
#5510=VERTEX_POINT('',#18508);
#5511=VERTEX_POINT('',#18512);
#5512=VERTEX_POINT('',#18516);
#5513=VERTEX_POINT('',#18517);
#5514=VERTEX_POINT('',#18519);
#5515=VERTEX_POINT('',#18521);
#5516=VERTEX_POINT('',#18525);
#5517=VERTEX_POINT('',#18527);
#5518=VERTEX_POINT('',#18531);
#5519=VERTEX_POINT('',#18534);
#5520=VERTEX_POINT('',#18536);
#5521=VERTEX_POINT('',#18540);
#5522=VERTEX_POINT('',#18544);
#5523=VERTEX_POINT('',#18548);
#5524=VERTEX_POINT('',#18552);
#5525=VERTEX_POINT('',#18556);
#5526=VERTEX_POINT('',#18560);
#5527=VERTEX_POINT('',#18564);
#5528=VERTEX_POINT('',#18568);
#5529=VERTEX_POINT('',#18575);
#5530=VERTEX_POINT('',#18592);
#5531=VERTEX_POINT('',#18597);
#5532=VERTEX_POINT('',#18598);
#5533=VERTEX_POINT('',#18600);
#5534=VERTEX_POINT('',#18602);
#5535=VERTEX_POINT('',#18606);
#5536=VERTEX_POINT('',#18607);
#5537=VERTEX_POINT('',#18609);
#5538=VERTEX_POINT('',#18611);
#5539=VERTEX_POINT('',#18615);
#5540=VERTEX_POINT('',#18616);
#5541=VERTEX_POINT('',#18619);
#5542=VERTEX_POINT('',#18623);
#5543=VERTEX_POINT('',#18625);
#5544=VERTEX_POINT('',#18629);
#5545=VERTEX_POINT('',#18631);
#5546=VERTEX_POINT('',#18635);
#5547=VERTEX_POINT('',#18646);
#5548=VERTEX_POINT('',#18648);
#5549=VERTEX_POINT('',#18655);
#5550=VERTEX_POINT('',#18663);
#5551=VERTEX_POINT('',#18667);
#5552=VERTEX_POINT('',#18671);
#5553=VERTEX_POINT('',#18675);
#5554=VERTEX_POINT('',#18679);
#5555=VERTEX_POINT('',#18683);
#5556=VERTEX_POINT('',#18687);
#5557=VERTEX_POINT('',#18691);
#5558=VERTEX_POINT('',#18695);
#5559=VERTEX_POINT('',#18699);
#5560=VERTEX_POINT('',#18709);
#5561=VERTEX_POINT('',#18713);
#5562=VERTEX_POINT('',#18717);
#5563=VERTEX_POINT('',#18721);
#5564=VERTEX_POINT('',#18725);
#5565=VERTEX_POINT('',#18731);
#5566=VERTEX_POINT('',#18733);
#5567=VERTEX_POINT('',#18737);
#5568=VERTEX_POINT('',#18741);
#5569=VERTEX_POINT('',#18747);
#5570=VERTEX_POINT('',#18753);
#5571=VERTEX_POINT('',#18755);
#5572=VERTEX_POINT('',#18759);
#5573=VERTEX_POINT('',#18763);
#5574=VERTEX_POINT('',#18769);
#5575=VERTEX_POINT('',#18773);
#5576=VERTEX_POINT('',#18777);
#5577=VERTEX_POINT('',#18781);
#5578=VERTEX_POINT('',#18785);
#5579=VERTEX_POINT('',#18789);
#5580=VERTEX_POINT('',#18793);
#5581=VERTEX_POINT('',#18797);
#5582=VERTEX_POINT('',#18801);
#5583=VERTEX_POINT('',#18805);
#5584=VERTEX_POINT('',#18807);
#5585=VERTEX_POINT('',#18811);
#5586=VERTEX_POINT('',#18815);
#5587=VERTEX_POINT('',#18817);
#5588=VERTEX_POINT('',#18821);
#5589=VERTEX_POINT('',#18825);
#5590=VERTEX_POINT('',#18829);
#5591=VERTEX_POINT('',#18833);
#5592=VERTEX_POINT('',#18837);
#5593=VERTEX_POINT('',#18841);
#5594=VERTEX_POINT('',#18845);
#5595=VERTEX_POINT('',#18851);
#5596=VERTEX_POINT('',#18853);
#5597=VERTEX_POINT('',#18855);
#5598=VERTEX_POINT('',#18857);
#5599=VERTEX_POINT('',#18859);
#5600=VERTEX_POINT('',#18861);
#5601=VERTEX_POINT('',#18863);
#5602=VERTEX_POINT('',#18865);
#5603=VERTEX_POINT('',#18869);
#5604=VERTEX_POINT('',#18871);
#5605=VERTEX_POINT('',#18875);
#5606=VERTEX_POINT('',#18876);
#5607=VERTEX_POINT('',#18881);
#5608=VERTEX_POINT('',#18883);
#5609=VERTEX_POINT('',#18885);
#5610=VERTEX_POINT('',#18887);
#5611=VERTEX_POINT('',#18889);
#5612=VERTEX_POINT('',#18891);
#5613=VERTEX_POINT('',#18895);
#5614=VERTEX_POINT('',#18896);
#5615=VERTEX_POINT('',#18901);
#5616=VERTEX_POINT('',#18903);
#5617=VERTEX_POINT('',#18905);
#5618=VERTEX_POINT('',#18907);
#5619=VERTEX_POINT('',#18909);
#5620=VERTEX_POINT('',#18911);
#5621=VERTEX_POINT('',#18915);
#5622=VERTEX_POINT('',#18917);
#5623=VERTEX_POINT('',#18919);
#5624=VERTEX_POINT('',#18921);
#5625=VERTEX_POINT('',#18923);
#5626=VERTEX_POINT('',#18925);
#5627=VERTEX_POINT('',#18931);
#5628=VERTEX_POINT('',#18933);
#5629=VERTEX_POINT('',#18935);
#5630=VERTEX_POINT('',#18937);
#5631=VERTEX_POINT('',#18939);
#5632=VERTEX_POINT('',#18941);
#5633=VERTEX_POINT('',#18985);
#5634=VERTEX_POINT('',#18986);
#5635=VERTEX_POINT('',#18988);
#5636=VERTEX_POINT('',#18990);
#5637=VERTEX_POINT('',#18992);
#5638=VERTEX_POINT('',#18996);
#5639=VERTEX_POINT('',#18997);
#5640=VERTEX_POINT('',#18999);
#5641=VERTEX_POINT('',#19001);
#5642=VERTEX_POINT('',#19005);
#5643=VERTEX_POINT('',#19006);
#5644=VERTEX_POINT('',#19009);
#5645=VERTEX_POINT('',#19013);
#5646=VERTEX_POINT('',#19015);
#5647=VERTEX_POINT('',#19019);
#5648=VERTEX_POINT('',#19021);
#5649=VERTEX_POINT('',#19025);
#5650=VERTEX_POINT('',#19027);
#5651=VERTEX_POINT('',#19034);
#5652=VERTEX_POINT('',#19036);
#5653=VERTEX_POINT('',#19040);
#5654=VERTEX_POINT('',#19042);
#5655=VERTEX_POINT('',#19046);
#5656=VERTEX_POINT('',#19048);
#5657=VERTEX_POINT('',#19050);
#5658=VERTEX_POINT('',#19056);
#5659=VERTEX_POINT('',#19058);
#5660=VERTEX_POINT('',#19060);
#5661=VERTEX_POINT('',#19064);
#5662=VERTEX_POINT('',#19068);
#5663=VERTEX_POINT('',#19072);
#5664=VERTEX_POINT('',#19076);
#5665=VERTEX_POINT('',#19078);
#5666=VERTEX_POINT('',#19080);
#5667=VERTEX_POINT('',#19082);
#5668=VERTEX_POINT('',#19086);
#5669=VERTEX_POINT('',#19088);
#5670=VERTEX_POINT('',#19092);
#5671=VERTEX_POINT('',#19096);
#5672=VERTEX_POINT('',#19100);
#5673=VERTEX_POINT('',#19106);
#5674=VERTEX_POINT('',#19112);
#5675=VERTEX_POINT('',#19114);
#5676=VERTEX_POINT('',#19118);
#5677=VERTEX_POINT('',#19122);
#5678=VERTEX_POINT('',#19128);
#5679=VERTEX_POINT('',#19130);
#5680=VERTEX_POINT('',#19132);
#5681=VERTEX_POINT('',#19138);
#5682=VERTEX_POINT('',#19139);
#5683=VERTEX_POINT('',#19141);
#5684=VERTEX_POINT('',#19143);
#5685=VERTEX_POINT('',#19147);
#5686=VERTEX_POINT('',#19149);
#5687=VERTEX_POINT('',#19153);
#5688=VERTEX_POINT('',#19154);
#5689=VERTEX_POINT('',#19159);
#5690=VERTEX_POINT('',#19163);
#5691=VERTEX_POINT('',#19164);
#5692=VERTEX_POINT('',#19169);
#5693=VERTEX_POINT('',#19178);
#5694=VERTEX_POINT('',#19179);
#5695=VERTEX_POINT('',#19184);
#5696=VERTEX_POINT('',#19188);
#5697=VERTEX_POINT('',#19189);
#5698=VERTEX_POINT('',#19194);
#5699=VERTEX_POINT('',#19198);
#5700=VERTEX_POINT('',#19199);
#5701=VERTEX_POINT('',#19204);
#5702=VERTEX_POINT('',#19208);
#5703=VERTEX_POINT('',#19209);
#5704=VERTEX_POINT('',#19214);
#5705=VERTEX_POINT('',#19218);
#5706=VERTEX_POINT('',#19220);
#5707=VERTEX_POINT('',#19222);
#5708=VERTEX_POINT('',#19226);
#5709=VERTEX_POINT('',#19230);
#5710=VERTEX_POINT('',#19234);
#5711=VERTEX_POINT('',#19236);
#5712=VERTEX_POINT('',#19242);
#5713=VERTEX_POINT('',#19246);
#5714=VERTEX_POINT('',#19250);
#5715=VERTEX_POINT('',#19252);
#5716=VERTEX_POINT('',#19254);
#5717=VERTEX_POINT('',#19256);
#5718=VERTEX_POINT('',#19260);
#5719=VERTEX_POINT('',#19264);
#5720=VERTEX_POINT('',#19268);
#5721=VERTEX_POINT('',#19270);
#5722=VERTEX_POINT('',#19274);
#5723=VERTEX_POINT('',#19276);
#5724=VERTEX_POINT('',#19280);
#5725=VERTEX_POINT('',#19284);
#5726=VERTEX_POINT('',#19292);
#5727=VERTEX_POINT('',#19294);
#5728=VERTEX_POINT('',#19296);
#5729=VERTEX_POINT('',#19302);
#5730=VERTEX_POINT('',#19304);
#5731=VERTEX_POINT('',#19306);
#5732=VERTEX_POINT('',#19308);
#5733=VERTEX_POINT('',#19310);
#5734=VERTEX_POINT('',#19312);
#5735=VERTEX_POINT('',#19314);
#5736=VERTEX_POINT('',#19316);
#5737=VERTEX_POINT('',#19318);
#5738=VERTEX_POINT('',#19320);
#5739=VERTEX_POINT('',#19322);
#5740=VERTEX_POINT('',#19324);
#5741=VERTEX_POINT('',#19327);
#5742=VERTEX_POINT('',#19329);
#5743=VERTEX_POINT('',#19332);
#5744=VERTEX_POINT('',#19336);
#5745=VERTEX_POINT('',#19340);
#5746=VERTEX_POINT('',#19344);
#5747=VERTEX_POINT('',#19348);
#5748=VERTEX_POINT('',#19352);
#5749=VERTEX_POINT('',#19356);
#5750=VERTEX_POINT('',#19360);
#5751=VERTEX_POINT('',#19364);
#5752=VERTEX_POINT('',#19368);
#5753=VERTEX_POINT('',#19372);
#5754=VERTEX_POINT('',#19376);
#5755=VERTEX_POINT('',#19380);
#5756=VERTEX_POINT('',#19384);
#5757=VERTEX_POINT('',#19388);
#5758=VERTEX_POINT('',#19396);
#5759=VERTEX_POINT('',#19398);
#5760=VERTEX_POINT('',#19402);
#5761=VERTEX_POINT('',#19406);
#5762=VERTEX_POINT('',#19410);
#5763=VERTEX_POINT('',#19414);
#5764=VERTEX_POINT('',#19418);
#5765=VERTEX_POINT('',#19422);
#5766=VERTEX_POINT('',#19428);
#5767=VERTEX_POINT('',#19430);
#5768=VERTEX_POINT('',#19432);
#5769=VERTEX_POINT('',#19434);
#5770=VERTEX_POINT('',#19436);
#5771=VERTEX_POINT('',#19438);
#5772=VERTEX_POINT('',#19440);
#5773=VERTEX_POINT('',#19442);
#5774=VERTEX_POINT('',#19444);
#5775=VERTEX_POINT('',#19446);
#5776=VERTEX_POINT('',#19448);
#5777=VERTEX_POINT('',#19450);
#5778=VERTEX_POINT('',#19453);
#5779=VERTEX_POINT('',#19455);
#5780=VERTEX_POINT('',#19462);
#5781=VERTEX_POINT('',#19466);
#5782=VERTEX_POINT('',#19470);
#5783=VERTEX_POINT('',#19501);
#5784=VERTEX_POINT('',#19502);
#5785=VERTEX_POINT('',#19504);
#5786=VERTEX_POINT('',#19506);
#5787=VERTEX_POINT('',#19510);
#5788=VERTEX_POINT('',#19512);
#5789=VERTEX_POINT('',#19516);
#5790=VERTEX_POINT('',#19517);
#5791=VERTEX_POINT('',#19519);
#5792=VERTEX_POINT('',#19521);
#5793=VERTEX_POINT('',#19525);
#5794=VERTEX_POINT('',#19527);
#5795=VERTEX_POINT('',#19531);
#5796=VERTEX_POINT('',#19533);
#5797=VERTEX_POINT('',#19537);
#5798=VERTEX_POINT('',#19539);
#5799=VERTEX_POINT('',#19546);
#5800=VERTEX_POINT('',#19548);
#5801=VERTEX_POINT('',#19552);
#5802=VERTEX_POINT('',#19554);
#5803=VERTEX_POINT('',#19558);
#5804=VERTEX_POINT('',#19560);
#5805=VERTEX_POINT('',#19564);
#5806=VERTEX_POINT('',#19566);
#5807=VERTEX_POINT('',#19573);
#5808=VERTEX_POINT('',#19575);
#5809=VERTEX_POINT('',#19579);
#5810=VERTEX_POINT('',#19583);
#5811=VERTEX_POINT('',#19587);
#5812=VERTEX_POINT('',#19591);
#5813=VERTEX_POINT('',#19595);
#5814=VERTEX_POINT('',#19599);
#5815=VERTEX_POINT('',#19601);
#5816=VERTEX_POINT('',#19605);
#5817=VERTEX_POINT('',#19609);
#5818=VERTEX_POINT('',#19613);
#5819=VERTEX_POINT('',#19617);
#5820=VERTEX_POINT('',#19621);
#5821=VERTEX_POINT('',#19625);
#5822=VERTEX_POINT('',#19627);
#5823=VERTEX_POINT('',#19629);
#5824=VERTEX_POINT('',#19633);
#5825=VERTEX_POINT('',#19635);
#5826=VERTEX_POINT('',#19639);
#5827=VERTEX_POINT('',#19641);
#5828=VERTEX_POINT('',#19645);
#5829=VERTEX_POINT('',#19647);
#5830=VERTEX_POINT('',#19651);
#5831=VERTEX_POINT('',#19653);
#5832=VERTEX_POINT('',#19657);
#5833=VERTEX_POINT('',#19659);
#5834=VERTEX_POINT('',#19664);
#5835=VERTEX_POINT('',#19670);
#5836=VERTEX_POINT('',#19674);
#5837=VERTEX_POINT('',#19678);
#5838=VERTEX_POINT('',#19684);
#5839=VERTEX_POINT('',#19686);
#5840=VERTEX_POINT('',#19690);
#5841=VERTEX_POINT('',#19694);
#5842=VERTEX_POINT('',#19698);
#5843=VERTEX_POINT('',#19702);
#5844=VERTEX_POINT('',#19706);
#5845=VERTEX_POINT('',#19712);
#5846=VERTEX_POINT('',#19714);
#5847=VERTEX_POINT('',#19718);
#5848=VERTEX_POINT('',#19722);
#5849=VERTEX_POINT('',#19726);
#5850=VERTEX_POINT('',#19744);
#5851=VERTEX_POINT('',#19748);
#5852=VERTEX_POINT('',#19752);
#5853=VERTEX_POINT('',#19756);
#5854=VERTEX_POINT('',#19760);
#5855=EDGE_CURVE('',#4857,#4858,#4423,.T.);
#5856=EDGE_CURVE('',#4858,#4859,#1985,.T.);
#5857=EDGE_CURVE('',#4859,#4860,#1957,.T.);
#5858=EDGE_CURVE('',#4860,#4861,#1986,.T.);
#5859=EDGE_CURVE('',#4861,#4857,#1958,.T.);
#5860=EDGE_CURVE('',#4862,#4863,#1987,.T.);
#5861=EDGE_CURVE('',#4863,#4864,#4424,.T.);
#5862=EDGE_CURVE('',#4864,#4865,#1988,.T.);
#5863=EDGE_CURVE('',#4865,#4862,#1959,.T.);
#5864=EDGE_CURVE('',#4863,#4866,#4425,.T.);
#5865=EDGE_CURVE('',#4866,#4867,#4426,.T.);
#5866=EDGE_CURVE('',#4867,#4864,#4427,.T.);
#5867=EDGE_CURVE('',#4866,#4868,#1989,.T.);
#5868=EDGE_CURVE('',#4868,#4869,#4428,.T.);
#5869=EDGE_CURVE('',#4869,#4867,#1990,.T.);
#5870=EDGE_CURVE('',#4868,#4870,#4429,.T.);
#5871=EDGE_CURVE('',#4870,#4871,#4430,.T.);
#5872=EDGE_CURVE('',#4871,#4869,#4431,.T.);
#5873=EDGE_CURVE('',#4870,#4860,#1991,.T.);
#5874=EDGE_CURVE('',#4859,#4871,#1992,.T.);
#5875=EDGE_CURVE('',#4872,#4873,#1960,.T.);
#5876=EDGE_CURVE('',#4873,#4862,#1993,.T.);
#5877=EDGE_CURVE('',#4865,#4874,#1994,.T.);
#5878=EDGE_CURVE('',#4874,#4872,#4432,.T.);
#5879=EDGE_CURVE('',#4858,#4875,#1995,.T.);
#5880=EDGE_CURVE('',#4875,#4876,#1996,.T.);
#5881=EDGE_CURVE('',#4876,#4859,#1997,.T.);
#5882=EDGE_CURVE('',#4857,#4877,#1998,.T.);
#5883=EDGE_CURVE('',#4877,#4878,#1999,.T.);
#5884=EDGE_CURVE('',#4878,#4875,#2000,.T.);
#5885=EDGE_CURVE('',#4861,#4879,#2001,.T.);
#5886=EDGE_CURVE('',#4879,#4880,#2002,.T.);
#5887=EDGE_CURVE('',#4881,#4880,#2003,.T.);
#5888=EDGE_CURVE('',#4877,#4881,#2004,.T.);
#5889=EDGE_CURVE('',#4860,#4882,#2005,.T.);
#5890=EDGE_CURVE('',#4883,#4882,#2006,.F.);
#5891=EDGE_CURVE('',#4884,#4883,#2007,.T.);
#5892=EDGE_CURVE('',#4879,#4884,#2008,.T.);
#5893=EDGE_CURVE('',#4885,#4870,#2009,.T.);
#5894=EDGE_CURVE('',#4882,#4885,#2010,.F.);
#5895=EDGE_CURVE('',#4868,#4886,#2011,.T.);
#5896=EDGE_CURVE('',#4885,#4886,#4433,.T.);
#5897=EDGE_CURVE('',#4887,#4866,#2012,.T.);
#5898=EDGE_CURVE('',#4886,#4887,#2013,.F.);
#5899=EDGE_CURVE('',#4863,#4888,#2014,.T.);
#5900=EDGE_CURVE('',#4887,#4888,#4434,.T.);
#5901=EDGE_CURVE('',#4862,#4889,#2015,.T.);
#5902=EDGE_CURVE('',#4888,#4889,#2016,.F.);
#5903=EDGE_CURVE('',#4864,#4890,#2017,.T.);
#5904=EDGE_CURVE('',#4890,#4891,#2018,.T.);
#5905=EDGE_CURVE('',#4891,#4865,#2019,.T.);
#5906=EDGE_CURVE('',#4867,#4892,#2020,.T.);
#5907=EDGE_CURVE('',#4892,#4890,#4435,.T.);
#5908=EDGE_CURVE('',#4869,#4893,#2021,.T.);
#5909=EDGE_CURVE('',#4893,#4892,#2022,.T.);
#5910=EDGE_CURVE('',#4871,#4894,#2023,.T.);
#5911=EDGE_CURVE('',#4894,#4893,#4436,.T.);
#5912=EDGE_CURVE('',#4876,#4894,#2024,.T.);
#5913=EDGE_CURVE('',#4891,#4895,#2025,.T.);
#5914=EDGE_CURVE('',#4895,#4874,#2026,.T.);
#5915=EDGE_CURVE('',#4896,#4873,#2027,.T.);
#5916=EDGE_CURVE('',#4896,#4897,#2028,.T.);
#5917=EDGE_CURVE('',#4898,#4897,#2029,.T.);
#5918=EDGE_CURVE('',#4889,#4898,#2030,.F.);
#5919=EDGE_CURVE('',#4895,#4899,#2031,.T.);
#5920=EDGE_CURVE('',#4900,#4899,#2032,.T.);
#5921=EDGE_CURVE('',#4900,#4872,#2033,.T.);
#5922=EDGE_CURVE('',#4883,#4898,#2034,.T.);
#5923=EDGE_CURVE('',#4897,#4901,#2035,.T.);
#5924=EDGE_CURVE('',#4902,#4896,#2036,.T.);
#5925=EDGE_CURVE('',#4901,#4902,#1961,.T.);
#5926=EDGE_CURVE('',#4903,#4884,#2037,.T.);
#5927=EDGE_CURVE('',#4880,#4903,#1962,.T.);
#5928=EDGE_CURVE('',#4903,#4904,#2038,.T.);
#5929=EDGE_CURVE('',#4904,#4881,#4437,.T.);
#5930=EDGE_CURVE('',#4902,#4905,#2039,.T.);
#5931=EDGE_CURVE('',#4906,#4905,#4438,.T.);
#5932=EDGE_CURVE('',#4906,#4901,#2040,.T.);
#5933=EDGE_CURVE('',#4900,#4905,#2041,.T.);
#5934=EDGE_CURVE('',#4907,#4878,#4439,.T.);
#5935=EDGE_CURVE('',#4908,#4907,#2042,.T.);
#5936=EDGE_CURVE('',#4909,#4908,#4440,.T.);
#5937=EDGE_CURVE('',#4910,#4909,#2043,.T.);
#5938=EDGE_CURVE('',#4911,#4910,#4441,.T.);
#5939=EDGE_CURVE('',#4912,#4911,#2044,.T.);
#5940=EDGE_CURVE('',#4913,#4912,#4442,.T.);
#5941=EDGE_CURVE('',#4914,#4913,#2045,.T.);
#5942=EDGE_CURVE('',#4915,#4914,#4443,.T.);
#5943=EDGE_CURVE('',#4916,#4915,#2046,.T.);
#5944=EDGE_CURVE('',#4917,#4916,#4444,.T.);
#5945=EDGE_CURVE('',#4918,#4917,#2047,.T.);
#5946=EDGE_CURVE('',#4919,#4918,#4445,.T.);
#5947=EDGE_CURVE('',#4920,#4919,#2048,.T.);
#5948=EDGE_CURVE('',#4921,#4920,#4446,.T.);
#5949=EDGE_CURVE('',#4922,#4921,#2049,.T.);
#5950=EDGE_CURVE('',#4923,#4922,#4447,.T.);
#5951=EDGE_CURVE('',#4924,#4923,#2050,.T.);
#5952=EDGE_CURVE('',#4899,#4924,#4448,.T.);
#5953=EDGE_CURVE('',#4925,#4925,#4449,.T.);
#5954=EDGE_CURVE('',#4926,#4927,#4450,.T.);
#5955=EDGE_CURVE('',#4928,#4926,#2051,.T.);
#5956=EDGE_CURVE('',#4929,#4928,#4451,.T.);
#5957=EDGE_CURVE('',#4927,#4929,#2052,.T.);
#5958=EDGE_CURVE('',#4930,#4931,#4452,.T.);
#5959=EDGE_CURVE('',#4932,#4930,#2053,.T.);
#5960=EDGE_CURVE('',#4933,#4932,#4453,.T.);
#5961=EDGE_CURVE('',#4931,#4933,#2054,.T.);
#5962=EDGE_CURVE('',#4934,#4934,#4454,.T.);
#5963=EDGE_CURVE('',#4935,#4936,#4455,.T.);
#5964=EDGE_CURVE('',#4936,#4937,#2055,.T.);
#5965=EDGE_CURVE('',#4937,#4938,#4456,.T.);
#5966=EDGE_CURVE('',#4938,#4935,#2056,.T.);
#5967=EDGE_CURVE('',#4937,#4939,#4457,.T.);
#5968=EDGE_CURVE('',#4939,#4940,#4458,.T.);
#5969=EDGE_CURVE('',#4940,#4938,#4459,.T.);
#5970=EDGE_CURVE('',#4939,#4941,#2057,.T.);
#5971=EDGE_CURVE('',#4941,#4942,#4460,.T.);
#5972=EDGE_CURVE('',#4942,#4940,#2058,.T.);
#5973=EDGE_CURVE('',#4941,#4906,#4461,.T.);
#5974=EDGE_CURVE('',#4905,#4942,#4462,.T.);
#5975=EDGE_CURVE('',#4904,#4943,#4463,.T.);
#5976=EDGE_CURVE('',#4943,#4944,#4464,.T.);
#5977=EDGE_CURVE('',#4944,#4881,#4465,.T.);
#5978=EDGE_CURVE('',#4943,#4945,#2059,.T.);
#5979=EDGE_CURVE('',#4945,#4946,#4466,.T.);
#5980=EDGE_CURVE('',#4946,#4944,#2060,.T.);
#5981=EDGE_CURVE('',#4945,#4947,#4467,.T.);
#5982=EDGE_CURVE('',#4947,#4948,#4468,.T.);
#5983=EDGE_CURVE('',#4948,#4946,#4469,.T.);
#5984=EDGE_CURVE('',#4949,#4950,#4470,.T.);
#5985=EDGE_CURVE('',#4950,#4948,#2061,.T.);
#5986=EDGE_CURVE('',#4947,#4949,#2062,.T.);
#5987=EDGE_CURVE('',#4945,#4951,#2063,.T.);
#5988=EDGE_CURVE('',#4952,#4951,#4471,.T.);
#5989=EDGE_CURVE('',#4947,#4952,#2064,.T.);
#5990=EDGE_CURVE('',#4943,#4953,#2065,.T.);
#5991=EDGE_CURVE('',#4951,#4953,#2066,.T.);
#5992=EDGE_CURVE('',#4904,#4954,#2067,.T.);
#5993=EDGE_CURVE('',#4953,#4954,#4472,.T.);
#5994=EDGE_CURVE('',#4906,#4955,#2068,.T.);
#5995=EDGE_CURVE('',#4954,#4955,#2069,.T.);
#5996=EDGE_CURVE('',#4941,#4956,#2070,.T.);
#5997=EDGE_CURVE('',#4955,#4956,#4473,.T.);
#5998=EDGE_CURVE('',#4939,#4957,#2071,.T.);
#5999=EDGE_CURVE('',#4956,#4957,#2072,.T.);
#6000=EDGE_CURVE('',#4937,#4958,#2073,.T.);
#6001=EDGE_CURVE('',#4957,#4958,#4474,.T.);
#6002=EDGE_CURVE('',#4936,#4959,#2074,.T.);
#6003=EDGE_CURVE('',#4958,#4959,#2075,.T.);
#6004=EDGE_CURVE('',#4935,#4960,#2076,.T.);
#6005=EDGE_CURVE('',#4959,#4960,#2077,.T.);
#6006=EDGE_CURVE('',#4961,#4938,#2078,.T.);
#6007=EDGE_CURVE('',#4960,#4961,#2079,.T.);
#6008=EDGE_CURVE('',#4962,#4952,#2080,.T.);
#6009=EDGE_CURVE('',#4949,#4962,#2081,.T.);
#6010=EDGE_CURVE('',#4963,#4950,#2082,.T.);
#6011=EDGE_CURVE('',#4964,#4963,#2083,.T.);
#6012=EDGE_CURVE('',#4964,#4948,#2084,.T.);
#6013=EDGE_CURVE('',#4965,#4964,#4475,.T.);
#6014=EDGE_CURVE('',#4965,#4946,#2085,.T.);
#6015=EDGE_CURVE('',#4966,#4965,#2086,.T.);
#6016=EDGE_CURVE('',#4966,#4944,#2087,.T.);
#6017=EDGE_CURVE('',#4877,#4966,#4476,.T.);
#6018=EDGE_CURVE('',#4967,#4900,#4477,.T.);
#6019=EDGE_CURVE('',#4967,#4942,#2088,.T.);
#6020=EDGE_CURVE('',#4968,#4967,#2089,.T.);
#6021=EDGE_CURVE('',#4968,#4940,#2090,.T.);
#6022=EDGE_CURVE('',#4961,#4968,#4478,.T.);
#6023=EDGE_CURVE('',#4963,#4962,#2091,.T.);
#6024=EDGE_CURVE('',#4969,#4952,#2092,.T.);
#6025=EDGE_CURVE('',#4969,#4970,#2093,.T.);
#6026=EDGE_CURVE('',#4970,#4971,#2094,.T.);
#6027=EDGE_CURVE('',#4962,#4971,#2095,.T.);
#6028=EDGE_CURVE('',#4972,#4951,#2096,.T.);
#6029=EDGE_CURVE('',#4972,#4969,#4479,.T.);
#6030=EDGE_CURVE('',#4973,#4953,#2097,.T.);
#6031=EDGE_CURVE('',#4973,#4972,#2098,.T.);
#6032=EDGE_CURVE('',#4974,#4954,#2099,.T.);
#6033=EDGE_CURVE('',#4974,#4973,#4480,.T.);
#6034=EDGE_CURVE('',#4975,#4955,#2100,.T.);
#6035=EDGE_CURVE('',#4975,#4974,#2101,.T.);
#6036=EDGE_CURVE('',#4976,#4956,#2102,.T.);
#6037=EDGE_CURVE('',#4976,#4975,#4481,.T.);
#6038=EDGE_CURVE('',#4977,#4957,#2103,.T.);
#6039=EDGE_CURVE('',#4977,#4976,#2104,.T.);
#6040=EDGE_CURVE('',#4978,#4958,#2105,.T.);
#6041=EDGE_CURVE('',#4978,#4977,#4482,.T.);
#6042=EDGE_CURVE('',#4979,#4959,#2106,.T.);
#6043=EDGE_CURVE('',#4980,#4979,#2107,.T.);
#6044=EDGE_CURVE('',#4980,#4978,#2108,.T.);
#6045=EDGE_CURVE('',#4981,#4982,#2109,.T.);
#6046=EDGE_CURVE('',#4981,#4983,#2110,.T.);
#6047=EDGE_CURVE('',#4984,#4983,#2111,.T.);
#6048=EDGE_CURVE('',#4982,#4984,#2112,.T.);
#6049=EDGE_CURVE('',#4985,#4981,#4483,.T.);
#6050=EDGE_CURVE('',#4985,#4986,#2113,.T.);
#6051=EDGE_CURVE('',#4983,#4986,#4484,.T.);
#6052=EDGE_CURVE('',#4987,#4985,#2114,.T.);
#6053=EDGE_CURVE('',#4987,#4988,#2115,.T.);
#6054=EDGE_CURVE('',#4986,#4988,#2116,.T.);
#6055=EDGE_CURVE('',#4989,#4987,#4485,.T.);
#6056=EDGE_CURVE('',#4989,#4990,#2117,.T.);
#6057=EDGE_CURVE('',#4988,#4990,#4486,.T.);
#6058=EDGE_CURVE('',#4991,#4989,#2118,.T.);
#6059=EDGE_CURVE('',#4992,#4991,#2119,.T.);
#6060=EDGE_CURVE('',#4990,#4992,#2120,.T.);
#6061=EDGE_CURVE('',#4993,#4994,#4487,.T.);
#6062=EDGE_CURVE('',#4993,#4995,#2121,.T.);
#6063=EDGE_CURVE('',#4996,#4995,#4488,.T.);
#6064=EDGE_CURVE('',#4994,#4996,#2122,.T.);
#6065=EDGE_CURVE('',#4997,#4993,#2123,.T.);
#6066=EDGE_CURVE('',#4997,#4998,#2124,.T.);
#6067=EDGE_CURVE('',#4995,#4998,#2125,.T.);
#6068=EDGE_CURVE('',#4979,#4999,#4489,.T.);
#6069=EDGE_CURVE('',#4960,#5000,#2126,.T.);
#6070=EDGE_CURVE('',#5001,#5000,#4490,.T.);
#6071=EDGE_CURVE('',#5001,#4999,#2127,.T.);
#6072=EDGE_CURVE('',#4999,#5002,#2128,.T.);
#6073=EDGE_CURVE('',#5003,#5001,#2129,.T.);
#6074=EDGE_CURVE('',#5002,#5003,#2130,.T.);
#6075=EDGE_CURVE('',#5002,#4991,#4491,.T.);
#6076=EDGE_CURVE('',#4992,#5003,#4492,.T.);
#6077=EDGE_CURVE('',#5004,#5005,#4493,.T.);
#6078=EDGE_CURVE('',#5004,#5006,#2131,.T.);
#6079=EDGE_CURVE('',#5007,#5006,#4494,.T.);
#6080=EDGE_CURVE('',#5005,#5007,#2132,.T.);
#6081=EDGE_CURVE('',#5008,#5004,#2133,.T.);
#6082=EDGE_CURVE('',#5008,#5009,#2134,.T.);
#6083=EDGE_CURVE('',#5006,#5009,#2135,.T.);
#6084=EDGE_CURVE('',#4931,#5007,#2136,.T.);
#6085=EDGE_CURVE('',#5010,#4933,#2137,.T.);
#6086=EDGE_CURVE('',#5010,#5007,#2138,.T.);
#6087=EDGE_CURVE('',#5009,#4932,#2139,.T.);
#6088=EDGE_CURVE('',#5009,#5010,#4495,.T.);
#6089=EDGE_CURVE('',#5006,#4930,#2140,.T.);
#6090=EDGE_CURVE('',#4927,#4998,#2141,.T.);
#6091=EDGE_CURVE('',#4995,#4929,#2142,.T.);
#6092=EDGE_CURVE('',#4996,#4928,#2143,.T.);
#6093=EDGE_CURVE('',#5011,#4926,#2144,.T.);
#6094=EDGE_CURVE('',#5011,#4996,#2145,.T.);
#6095=EDGE_CURVE('',#4998,#5011,#4496,.T.);
#6096=EDGE_CURVE('',#5001,#4920,#2146,.T.);
#6097=EDGE_CURVE('',#4921,#5000,#2147,.T.);
#6098=EDGE_CURVE('',#5003,#4919,#2148,.T.);
#6099=EDGE_CURVE('',#4992,#4918,#2149,.T.);
#6100=EDGE_CURVE('',#4990,#4917,#2150,.T.);
#6101=EDGE_CURVE('',#4988,#4916,#2151,.T.);
#6102=EDGE_CURVE('',#4986,#4915,#2152,.T.);
#6103=EDGE_CURVE('',#4983,#4914,#2153,.T.);
#6104=EDGE_CURVE('',#4984,#4913,#2154,.T.);
#6105=EDGE_CURVE('',#5012,#4912,#2155,.T.);
#6106=EDGE_CURVE('',#5012,#4984,#4497,.T.);
#6107=EDGE_CURVE('',#5013,#4911,#2156,.T.);
#6108=EDGE_CURVE('',#5013,#5012,#2157,.T.);
#6109=EDGE_CURVE('',#5014,#4910,#2158,.T.);
#6110=EDGE_CURVE('',#5014,#5013,#4498,.T.);
#6111=EDGE_CURVE('',#4925,#5015,#2159,.T.);
#6112=EDGE_CURVE('',#5015,#5015,#4499,.T.);
#6113=EDGE_CURVE('',#4934,#5016,#2160,.T.);
#6114=EDGE_CURVE('',#5016,#5016,#4500,.T.);
#6115=EDGE_CURVE('',#4982,#5017,#4501,.T.);
#6116=EDGE_CURVE('',#5012,#5017,#2161,.T.);
#6117=EDGE_CURVE('',#5017,#5018,#2162,.T.);
#6118=EDGE_CURVE('',#5018,#5013,#2163,.T.);
#6119=EDGE_CURVE('',#5018,#4971,#4502,.T.);
#6120=EDGE_CURVE('',#5014,#4963,#2164,.T.);
#6121=EDGE_CURVE('',#5019,#5018,#2165,.T.);
#6122=EDGE_CURVE('',#5019,#5020,#2166,.T.);
#6123=EDGE_CURVE('',#5017,#5020,#2167,.T.);
#6124=EDGE_CURVE('',#4970,#5019,#4503,.T.);
#6125=EDGE_CURVE('',#5021,#4999,#2168,.T.);
#6126=EDGE_CURVE('',#5021,#4980,#4504,.T.);
#6127=EDGE_CURVE('',#5022,#5002,#2169,.T.);
#6128=EDGE_CURVE('',#5022,#5021,#2170,.T.);
#6129=EDGE_CURVE('',#5023,#4991,#2171,.T.);
#6130=EDGE_CURVE('',#5023,#5022,#4505,.T.);
#6131=EDGE_CURVE('',#5024,#4989,#2172,.T.);
#6132=EDGE_CURVE('',#5024,#5023,#2173,.T.);
#6133=EDGE_CURVE('',#5025,#4987,#2174,.T.);
#6134=EDGE_CURVE('',#5025,#5024,#4506,.T.);
#6135=EDGE_CURVE('',#5026,#4985,#2175,.T.);
#6136=EDGE_CURVE('',#5026,#5025,#2176,.T.);
#6137=EDGE_CURVE('',#5027,#4981,#2177,.T.);
#6138=EDGE_CURVE('',#5027,#5026,#4507,.T.);
#6139=EDGE_CURVE('',#5028,#4982,#2178,.T.);
#6140=EDGE_CURVE('',#5028,#5027,#2179,.T.);
#6141=EDGE_CURVE('',#5020,#5028,#4508,.T.);
#6142=EDGE_CURVE('',#4994,#5029,#2180,.T.);
#6143=EDGE_CURVE('',#5029,#5011,#2181,.T.);
#6144=EDGE_CURVE('',#5029,#4997,#4509,.T.);
#6145=EDGE_CURVE('',#5030,#4994,#2182,.T.);
#6146=EDGE_CURVE('',#5030,#5031,#4510,.T.);
#6147=EDGE_CURVE('',#4993,#5031,#2183,.T.);
#6148=EDGE_CURVE('',#5031,#5032,#2184,.T.);
#6149=EDGE_CURVE('',#4997,#5032,#2185,.T.);
#6150=EDGE_CURVE('',#5032,#5033,#4511,.T.);
#6151=EDGE_CURVE('',#5029,#5033,#2186,.T.);
#6152=EDGE_CURVE('',#5033,#5030,#2187,.T.);
#6153=EDGE_CURVE('',#5005,#5034,#2188,.T.);
#6154=EDGE_CURVE('',#5034,#5010,#2189,.T.);
#6155=EDGE_CURVE('',#5034,#5008,#4512,.T.);
#6156=EDGE_CURVE('',#5035,#5005,#2190,.T.);
#6157=EDGE_CURVE('',#5035,#5036,#4513,.T.);
#6158=EDGE_CURVE('',#5004,#5036,#2191,.T.);
#6159=EDGE_CURVE('',#5036,#5037,#2192,.T.);
#6160=EDGE_CURVE('',#5008,#5037,#2193,.T.);
#6161=EDGE_CURVE('',#5037,#5038,#4514,.T.);
#6162=EDGE_CURVE('',#5034,#5038,#2194,.T.);
#6163=EDGE_CURVE('',#5038,#5035,#2195,.T.);
#6164=EDGE_CURVE('',#5016,#5039,#2196,.T.);
#6165=EDGE_CURVE('',#5039,#5039,#4515,.T.);
#6166=EDGE_CURVE('',#5040,#5040,#4516,.T.);
#6167=EDGE_CURVE('',#5040,#5039,#2197,.T.);
#6168=EDGE_CURVE('',#5015,#5041,#2198,.T.);
#6169=EDGE_CURVE('',#5041,#5041,#4517,.T.);
#6170=EDGE_CURVE('',#5042,#5042,#4518,.T.);
#6171=EDGE_CURVE('',#5042,#5041,#2199,.T.);
#6172=EDGE_CURVE('',#4961,#4922,#2200,.T.);
#6173=EDGE_CURVE('',#4964,#4909,#2201,.T.);
#6174=EDGE_CURVE('',#4965,#4908,#2202,.T.);
#6175=EDGE_CURVE('',#4966,#4907,#2203,.T.);
#6176=EDGE_CURVE('',#4967,#4924,#2204,.T.);
#6177=EDGE_CURVE('',#4968,#4923,#2205,.T.);
#6178=EDGE_CURVE('',#5043,#5044,#4519,.T.);
#6179=EDGE_CURVE('',#5044,#5045,#2206,.T.);
#6180=EDGE_CURVE('',#5045,#5046,#1963,.T.);
#6181=EDGE_CURVE('',#5046,#5047,#2207,.T.);
#6182=EDGE_CURVE('',#5047,#5043,#1964,.T.);
#6183=EDGE_CURVE('',#5048,#5049,#2208,.T.);
#6184=EDGE_CURVE('',#5049,#5050,#4520,.T.);
#6185=EDGE_CURVE('',#5050,#5051,#2209,.T.);
#6186=EDGE_CURVE('',#5051,#5048,#1965,.T.);
#6187=EDGE_CURVE('',#5049,#5052,#4521,.T.);
#6188=EDGE_CURVE('',#5052,#5053,#4522,.T.);
#6189=EDGE_CURVE('',#5053,#5050,#4523,.T.);
#6190=EDGE_CURVE('',#5052,#5054,#2210,.T.);
#6191=EDGE_CURVE('',#5054,#5055,#4524,.T.);
#6192=EDGE_CURVE('',#5055,#5053,#2211,.T.);
#6193=EDGE_CURVE('',#5054,#5056,#4525,.T.);
#6194=EDGE_CURVE('',#5056,#5057,#4526,.T.);
#6195=EDGE_CURVE('',#5057,#5055,#4527,.T.);
#6196=EDGE_CURVE('',#5056,#5046,#2212,.T.);
#6197=EDGE_CURVE('',#5045,#5057,#2213,.T.);
#6198=EDGE_CURVE('',#5058,#5059,#1966,.T.);
#6199=EDGE_CURVE('',#5059,#5048,#2214,.T.);
#6200=EDGE_CURVE('',#5051,#5060,#2215,.T.);
#6201=EDGE_CURVE('',#5060,#5058,#4528,.T.);
#6202=EDGE_CURVE('',#5044,#5061,#2216,.T.);
#6203=EDGE_CURVE('',#5061,#5062,#2217,.T.);
#6204=EDGE_CURVE('',#5062,#5045,#2218,.T.);
#6205=EDGE_CURVE('',#5043,#5063,#2219,.T.);
#6206=EDGE_CURVE('',#5064,#5063,#2220,.T.);
#6207=EDGE_CURVE('',#5061,#5064,#2221,.T.);
#6208=EDGE_CURVE('',#5047,#5065,#2222,.T.);
#6209=EDGE_CURVE('',#5065,#5066,#2223,.T.);
#6210=EDGE_CURVE('',#5066,#5067,#2224,.T.);
#6211=EDGE_CURVE('',#5063,#5067,#2225,.T.);
#6212=EDGE_CURVE('',#5046,#5065,#2226,.T.);
#6213=EDGE_CURVE('',#5068,#5056,#2227,.T.);
#6214=EDGE_CURVE('',#5069,#5068,#2228,.F.);
#6215=EDGE_CURVE('',#5070,#5069,#2229,.T.);
#6216=EDGE_CURVE('',#5066,#5070,#2230,.T.);
#6217=EDGE_CURVE('',#5054,#5071,#2231,.T.);
#6218=EDGE_CURVE('',#5068,#5071,#4529,.T.);
#6219=EDGE_CURVE('',#5072,#5052,#2232,.T.);
#6220=EDGE_CURVE('',#5071,#5072,#2233,.F.);
#6221=EDGE_CURVE('',#5049,#5073,#2234,.T.);
#6222=EDGE_CURVE('',#5072,#5073,#4530,.T.);
#6223=EDGE_CURVE('',#5048,#5074,#2235,.T.);
#6224=EDGE_CURVE('',#5075,#5074,#2236,.T.);
#6225=EDGE_CURVE('',#5076,#5075,#2237,.T.);
#6226=EDGE_CURVE('',#5076,#5077,#2238,.T.);
#6227=EDGE_CURVE('',#5073,#5077,#2239,.F.);
#6228=EDGE_CURVE('',#5050,#5078,#2240,.T.);
#6229=EDGE_CURVE('',#5078,#5079,#2241,.T.);
#6230=EDGE_CURVE('',#5079,#5051,#2242,.T.);
#6231=EDGE_CURVE('',#5053,#5080,#2243,.T.);
#6232=EDGE_CURVE('',#5080,#5078,#4531,.T.);
#6233=EDGE_CURVE('',#5055,#5081,#2244,.T.);
#6234=EDGE_CURVE('',#5081,#5080,#2245,.T.);
#6235=EDGE_CURVE('',#5057,#5082,#2246,.T.);
#6236=EDGE_CURVE('',#5082,#5081,#4532,.T.);
#6237=EDGE_CURVE('',#5062,#5082,#2247,.T.);
#6238=EDGE_CURVE('',#5079,#5083,#2248,.T.);
#6239=EDGE_CURVE('',#5083,#5060,#2249,.T.);
#6240=EDGE_CURVE('',#5074,#5059,#2250,.T.);
#6241=EDGE_CURVE('',#5084,#5083,#2251,.T.);
#6242=EDGE_CURVE('',#5084,#5085,#2252,.T.);
#6243=EDGE_CURVE('',#5085,#5058,#2253,.T.);
#6244=EDGE_CURVE('',#5070,#5086,#2254,.T.);
#6245=EDGE_CURVE('',#5086,#5069,#2255,.F.);
#6246=EDGE_CURVE('',#5077,#5087,#2256,.F.);
#6247=EDGE_CURVE('',#5086,#5087,#2257,.T.);
#6248=EDGE_CURVE('',#5087,#5076,#2258,.T.);
#6249=EDGE_CURVE('',#5088,#5075,#2259,.T.);
#6250=EDGE_CURVE('',#5088,#5089,#2260,.T.);
#6251=EDGE_CURVE('',#5090,#5089,#2261,.T.);
#6252=EDGE_CURVE('',#5067,#5090,#2262,.T.);
#6253=EDGE_CURVE('',#5085,#5088,#2263,.T.);
#6254=EDGE_CURVE('',#5091,#5092,#2264,.T.);
#6255=EDGE_CURVE('',#5093,#5091,#2265,.T.);
#6256=EDGE_CURVE('',#5094,#5093,#2266,.T.);
#6257=EDGE_CURVE('',#5094,#5092,#2267,.T.);
#6258=EDGE_CURVE('',#5095,#5096,#2268,.T.);
#6259=EDGE_CURVE('',#5095,#5097,#2269,.T.);
#6260=EDGE_CURVE('',#5098,#5097,#2270,.T.);
#6261=EDGE_CURVE('',#5096,#5098,#2271,.T.);
#6262=EDGE_CURVE('',#5099,#5100,#2272,.T.);
#6263=EDGE_CURVE('',#5101,#5100,#2273,.T.);
#6264=EDGE_CURVE('',#5102,#5101,#2274,.T.);
#6265=EDGE_CURVE('',#5099,#5102,#2275,.T.);
#6266=EDGE_CURVE('',#5103,#5099,#2276,.T.);
#6267=EDGE_CURVE('',#5104,#5102,#2277,.T.);
#6268=EDGE_CURVE('',#5103,#5104,#2278,.T.);
#6269=EDGE_CURVE('',#5105,#5106,#2279,.T.);
#6270=EDGE_CURVE('',#5100,#5106,#4533,.T.);
#6271=EDGE_CURVE('',#5105,#5099,#4534,.T.);
#6272=EDGE_CURVE('',#5107,#5105,#2280,.T.);
#6273=EDGE_CURVE('',#5107,#5103,#4535,.T.);
#6274=EDGE_CURVE('',#5108,#5109,#2281,.T.);
#6275=EDGE_CURVE('',#5106,#5109,#2282,.T.);
#6276=EDGE_CURVE('',#5108,#5105,#2283,.T.);
#6277=EDGE_CURVE('',#5110,#5108,#2284,.T.);
#6278=EDGE_CURVE('',#5110,#5107,#2285,.T.);
#6279=EDGE_CURVE('',#5109,#5090,#4536,.T.);
#6280=EDGE_CURVE('',#5067,#5108,#4537,.T.);
#6281=EDGE_CURVE('',#5063,#5110,#4538,.T.);
#6282=EDGE_CURVE('',#5111,#5112,#2286,.T.);
#6283=EDGE_CURVE('',#5089,#5112,#4539,.T.);
#6284=EDGE_CURVE('',#5111,#5088,#4540,.T.);
#6285=EDGE_CURVE('',#5113,#5111,#2287,.T.);
#6286=EDGE_CURVE('',#5113,#5085,#4541,.T.);
#6287=EDGE_CURVE('',#5114,#5115,#2288,.T.);
#6288=EDGE_CURVE('',#5112,#5115,#2289,.T.);
#6289=EDGE_CURVE('',#5114,#5111,#2290,.T.);
#6290=EDGE_CURVE('',#5116,#5114,#2291,.T.);
#6291=EDGE_CURVE('',#5116,#5113,#2292,.T.);
#6292=EDGE_CURVE('',#5097,#5117,#2293,.T.);
#6293=EDGE_CURVE('',#5115,#5117,#4542,.T.);
#6294=EDGE_CURVE('',#5097,#5114,#4543,.T.);
#6295=EDGE_CURVE('',#5098,#5116,#4544,.T.);
#6296=EDGE_CURVE('',#5118,#5095,#2294,.T.);
#6297=EDGE_CURVE('',#5119,#5118,#2295,.T.);
#6298=EDGE_CURVE('',#5092,#5119,#2296,.T.);
#6299=EDGE_CURVE('',#5120,#5094,#2297,.T.);
#6300=EDGE_CURVE('',#5117,#5120,#2298,.T.);
#6301=EDGE_CURVE('',#5101,#5121,#2299,.T.);
#6302=EDGE_CURVE('',#5122,#5121,#2300,.T.);
#6303=EDGE_CURVE('',#5122,#5123,#2301,.T.);
#6304=EDGE_CURVE('',#5124,#5123,#2302,.T.);
#6305=EDGE_CURVE('',#5124,#5104,#2303,.T.);
#6306=EDGE_CURVE('',#5096,#5125,#2304,.T.);
#6307=EDGE_CURVE('',#5126,#5125,#2305,.T.);
#6308=EDGE_CURVE('',#5126,#5127,#2306,.T.);
#6309=EDGE_CURVE('',#5127,#5128,#2307,.T.);
#6310=EDGE_CURVE('',#5128,#5129,#2308,.T.);
#6311=EDGE_CURVE('',#5130,#5129,#2309,.T.);
#6312=EDGE_CURVE('',#5130,#5131,#2310,.T.);
#6313=EDGE_CURVE('',#5131,#5132,#2311,.T.);
#6314=EDGE_CURVE('',#5132,#5133,#2312,.T.);
#6315=EDGE_CURVE('',#5134,#5133,#2313,.T.);
#6316=EDGE_CURVE('',#5134,#5135,#2314,.T.);
#6317=EDGE_CURVE('',#5135,#5136,#2315,.T.);
#6318=EDGE_CURVE('',#5136,#5137,#2316,.T.);
#6319=EDGE_CURVE('',#5138,#5137,#2317,.T.);
#6320=EDGE_CURVE('',#5138,#5139,#2318,.T.);
#6321=EDGE_CURVE('',#5139,#5140,#2319,.T.);
#6322=EDGE_CURVE('',#5140,#5141,#2320,.T.);
#6323=EDGE_CURVE('',#5142,#5141,#2321,.T.);
#6324=EDGE_CURVE('',#5143,#5142,#2322,.T.);
#6325=EDGE_CURVE('',#5144,#5143,#2323,.T.);
#6326=EDGE_CURVE('',#5144,#5145,#2324,.T.);
#6327=EDGE_CURVE('',#5145,#5146,#2325,.T.);
#6328=EDGE_CURVE('',#5146,#5147,#2326,.T.);
#6329=EDGE_CURVE('',#5148,#5147,#2327,.T.);
#6330=EDGE_CURVE('',#5148,#5149,#2328,.T.);
#6331=EDGE_CURVE('',#5149,#5150,#2329,.T.);
#6332=EDGE_CURVE('',#5150,#5151,#2330,.T.);
#6333=EDGE_CURVE('',#5152,#5151,#2331,.T.);
#6334=EDGE_CURVE('',#5152,#5153,#2332,.T.);
#6335=EDGE_CURVE('',#5153,#5154,#2333,.T.);
#6336=EDGE_CURVE('',#5154,#5155,#2334,.T.);
#6337=EDGE_CURVE('',#5156,#5155,#2335,.T.);
#6338=EDGE_CURVE('',#5156,#5157,#2336,.T.);
#6339=EDGE_CURVE('',#5157,#5158,#2337,.T.);
#6340=EDGE_CURVE('',#5158,#5159,#2338,.T.);
#6341=EDGE_CURVE('',#5118,#5159,#2339,.T.);
#6342=EDGE_CURVE('',#5100,#5160,#2340,.T.);
#6343=EDGE_CURVE('',#5161,#5160,#2341,.T.);
#6344=EDGE_CURVE('',#5121,#5161,#2342,.T.);
#6345=EDGE_CURVE('',#5162,#5124,#2343,.T.);
#6346=EDGE_CURVE('',#5163,#5162,#2344,.T.);
#6347=EDGE_CURVE('',#5163,#5103,#2345,.T.);
#6348=EDGE_CURVE('',#5106,#5164,#2346,.T.);
#6349=EDGE_CURVE('',#5160,#5164,#4545,.T.);
#6350=EDGE_CURVE('',#5165,#5163,#4546,.T.);
#6351=EDGE_CURVE('',#5165,#5107,#2347,.T.);
#6352=EDGE_CURVE('',#5109,#5166,#2348,.T.);
#6353=EDGE_CURVE('',#5164,#5166,#2349,.T.);
#6354=EDGE_CURVE('',#5167,#5165,#2350,.T.);
#6355=EDGE_CURVE('',#5167,#5110,#2351,.T.);
#6356=EDGE_CURVE('',#5090,#5168,#2352,.T.);
#6357=EDGE_CURVE('',#5166,#5168,#4547,.T.);
#6358=EDGE_CURVE('',#5064,#5167,#4548,.T.);
#6359=EDGE_CURVE('',#5089,#5169,#2353,.T.);
#6360=EDGE_CURVE('',#5168,#5169,#2354,.T.);
#6361=EDGE_CURVE('',#5112,#5170,#2355,.T.);
#6362=EDGE_CURVE('',#5169,#5170,#4549,.T.);
#6363=EDGE_CURVE('',#5171,#5120,#2356,.T.);
#6364=EDGE_CURVE('',#5171,#5172,#2357,.T.);
#6365=EDGE_CURVE('',#5173,#5172,#2358,.T.);
#6366=EDGE_CURVE('',#5117,#5173,#2359,.T.);
#6367=EDGE_CURVE('',#5174,#5091,#2360,.T.);
#6368=EDGE_CURVE('',#5175,#5174,#2361,.T.);
#6369=EDGE_CURVE('',#5175,#5176,#2362,.T.);
#6370=EDGE_CURVE('',#5093,#5176,#2363,.T.);
#6371=EDGE_CURVE('',#5115,#5177,#2364,.T.);
#6372=EDGE_CURVE('',#5170,#5177,#2365,.T.);
#6373=EDGE_CURVE('',#5177,#5173,#4550,.T.);
#6374=EDGE_CURVE('',#5178,#5116,#2366,.T.);
#6375=EDGE_CURVE('',#5179,#5178,#4551,.T.);
#6376=EDGE_CURVE('',#5179,#5098,#2367,.T.);
#6377=EDGE_CURVE('',#5180,#5113,#2368,.T.);
#6378=EDGE_CURVE('',#5178,#5180,#2369,.T.);
#6379=EDGE_CURVE('',#5180,#5084,#4552,.T.);
#6380=EDGE_CURVE('',#5125,#5179,#2370,.T.);
#6381=EDGE_CURVE('',#5181,#5172,#2371,.T.);
#6382=EDGE_CURVE('',#5182,#5181,#4553,.T.);
#6383=EDGE_CURVE('',#5183,#5182,#2372,.T.);
#6384=EDGE_CURVE('',#5184,#5183,#4554,.T.);
#6385=EDGE_CURVE('',#5185,#5184,#2373,.T.);
#6386=EDGE_CURVE('',#5186,#5185,#4555,.T.);
#6387=EDGE_CURVE('',#5187,#5186,#2374,.T.);
#6388=EDGE_CURVE('',#5188,#5187,#4556,.T.);
#6389=EDGE_CURVE('',#5189,#5188,#2375,.T.);
#6390=EDGE_CURVE('',#5190,#5189,#4557,.T.);
#6391=EDGE_CURVE('',#5191,#5190,#2376,.T.);
#6392=EDGE_CURVE('',#5192,#5191,#4558,.T.);
#6393=EDGE_CURVE('',#5161,#5192,#2377,.T.);
#6394=EDGE_CURVE('',#5193,#5194,#4559,.T.);
#6395=EDGE_CURVE('',#5195,#5193,#2378,.T.);
#6396=EDGE_CURVE('',#5196,#5195,#4560,.T.);
#6397=EDGE_CURVE('',#5194,#5196,#2379,.T.);
#6398=EDGE_CURVE('',#5197,#5197,#4561,.T.);
#6399=EDGE_CURVE('',#5198,#5198,#4562,.T.);
#6400=EDGE_CURVE('',#5199,#5200,#4563,.T.);
#6401=EDGE_CURVE('',#5201,#5199,#2380,.T.);
#6402=EDGE_CURVE('',#5202,#5201,#4564,.T.);
#6403=EDGE_CURVE('',#5200,#5202,#2381,.T.);
#6404=EDGE_CURVE('',#5203,#5119,#2382,.T.);
#6405=EDGE_CURVE('',#5203,#5204,#2383,.T.);
#6406=EDGE_CURVE('',#5204,#5205,#2384,.T.);
#6407=EDGE_CURVE('',#5205,#5206,#2385,.T.);
#6408=EDGE_CURVE('',#5207,#5206,#2386,.T.);
#6409=EDGE_CURVE('',#5207,#5208,#2387,.T.);
#6410=EDGE_CURVE('',#5208,#5209,#2388,.T.);
#6411=EDGE_CURVE('',#5209,#5210,#2389,.T.);
#6412=EDGE_CURVE('',#5211,#5210,#2390,.T.);
#6413=EDGE_CURVE('',#5211,#5212,#2391,.T.);
#6414=EDGE_CURVE('',#5212,#5213,#2392,.T.);
#6415=EDGE_CURVE('',#5213,#5214,#2393,.T.);
#6416=EDGE_CURVE('',#5215,#5214,#2394,.T.);
#6417=EDGE_CURVE('',#5215,#5216,#2395,.T.);
#6418=EDGE_CURVE('',#5216,#5217,#2396,.T.);
#6419=EDGE_CURVE('',#5217,#5218,#2397,.T.);
#6420=EDGE_CURVE('',#5219,#5218,#2398,.T.);
#6421=EDGE_CURVE('',#5219,#5220,#2399,.T.);
#6422=EDGE_CURVE('',#5221,#5220,#2400,.T.);
#6423=EDGE_CURVE('',#5221,#5222,#2401,.T.);
#6424=EDGE_CURVE('',#5222,#5223,#2402,.T.);
#6425=EDGE_CURVE('',#5223,#5224,#2403,.T.);
#6426=EDGE_CURVE('',#5225,#5224,#2404,.T.);
#6427=EDGE_CURVE('',#5225,#5226,#2405,.T.);
#6428=EDGE_CURVE('',#5226,#5227,#2406,.T.);
#6429=EDGE_CURVE('',#5227,#5228,#2407,.T.);
#6430=EDGE_CURVE('',#5229,#5228,#2408,.T.);
#6431=EDGE_CURVE('',#5229,#5230,#2409,.T.);
#6432=EDGE_CURVE('',#5230,#5231,#2410,.T.);
#6433=EDGE_CURVE('',#5231,#5232,#2411,.T.);
#6434=EDGE_CURVE('',#5233,#5232,#2412,.T.);
#6435=EDGE_CURVE('',#5233,#5234,#2413,.T.);
#6436=EDGE_CURVE('',#5234,#5235,#2414,.T.);
#6437=EDGE_CURVE('',#5235,#5236,#2415,.T.);
#6438=EDGE_CURVE('',#5174,#5236,#2416,.T.);
#6439=EDGE_CURVE('',#5237,#5238,#2417,.T.);
#6440=EDGE_CURVE('',#5217,#5237,#2418,.T.);
#6441=EDGE_CURVE('',#5238,#5216,#2419,.T.);
#6442=EDGE_CURVE('',#5239,#5240,#2420,.T.);
#6443=EDGE_CURVE('',#5146,#5239,#2421,.T.);
#6444=EDGE_CURVE('',#5240,#5145,#2422,.T.);
#6445=EDGE_CURVE('',#5240,#5241,#4565,.F.);
#6446=EDGE_CURVE('',#5241,#5242,#2423,.T.);
#6447=EDGE_CURVE('',#5242,#5239,#4566,.F.);
#6448=EDGE_CURVE('',#5140,#5241,#2424,.T.);
#6449=EDGE_CURVE('',#5242,#5139,#2425,.T.);
#6450=EDGE_CURVE('',#5238,#5243,#4567,.F.);
#6451=EDGE_CURVE('',#5243,#5244,#2426,.T.);
#6452=EDGE_CURVE('',#5244,#5237,#4568,.F.);
#6453=EDGE_CURVE('',#5223,#5243,#2427,.T.);
#6454=EDGE_CURVE('',#5244,#5222,#2428,.T.);
#6455=EDGE_CURVE('',#5245,#5246,#4569,.T.);
#6456=EDGE_CURVE('',#5245,#5247,#2429,.T.);
#6457=EDGE_CURVE('',#5248,#5247,#4570,.T.);
#6458=EDGE_CURVE('',#5248,#5246,#2430,.T.);
#6459=EDGE_CURVE('',#5246,#5218,#2431,.T.);
#6460=EDGE_CURVE('',#5249,#5221,#2432,.T.);
#6461=EDGE_CURVE('',#5245,#5249,#2433,.T.);
#6462=EDGE_CURVE('',#5250,#5159,#2434,.T.);
#6463=EDGE_CURVE('',#5251,#5250,#2435,.T.);
#6464=EDGE_CURVE('',#5156,#5251,#2436,.T.);
#6465=EDGE_CURVE('',#5252,#5155,#2437,.T.);
#6466=EDGE_CURVE('',#5253,#5252,#2438,.T.);
#6467=EDGE_CURVE('',#5152,#5253,#2439,.T.);
#6468=EDGE_CURVE('',#5254,#5151,#2440,.T.);
#6469=EDGE_CURVE('',#5255,#5254,#2441,.T.);
#6470=EDGE_CURVE('',#5148,#5255,#2442,.T.);
#6471=EDGE_CURVE('',#5256,#5147,#2443,.T.);
#6472=EDGE_CURVE('',#5257,#5256,#2444,.T.);
#6473=EDGE_CURVE('',#5144,#5257,#2445,.T.);
#6474=EDGE_CURVE('',#5143,#5219,#4571,.T.);
#6475=EDGE_CURVE('',#5215,#5248,#2446,.T.);
#6476=EDGE_CURVE('',#5258,#5214,#2447,.T.);
#6477=EDGE_CURVE('',#5259,#5258,#2448,.T.);
#6478=EDGE_CURVE('',#5211,#5259,#2449,.T.);
#6479=EDGE_CURVE('',#5260,#5210,#2450,.T.);
#6480=EDGE_CURVE('',#5261,#5260,#2451,.T.);
#6481=EDGE_CURVE('',#5207,#5261,#2452,.T.);
#6482=EDGE_CURVE('',#5262,#5206,#2453,.T.);
#6483=EDGE_CURVE('',#5263,#5262,#2454,.T.);
#6484=EDGE_CURVE('',#5203,#5263,#2455,.T.);
#6485=EDGE_CURVE('',#5257,#5264,#4572,.T.);
#6486=EDGE_CURVE('',#5265,#5256,#4573,.T.);
#6487=EDGE_CURVE('',#5265,#5264,#2456,.T.);
#6488=EDGE_CURVE('',#5266,#5138,#2457,.T.);
#6489=EDGE_CURVE('',#5265,#5266,#2458,.T.);
#6490=EDGE_CURVE('',#5267,#5162,#2459,.T.);
#6491=EDGE_CURVE('',#5268,#5267,#4574,.T.);
#6492=EDGE_CURVE('',#5269,#5268,#2460,.T.);
#6493=EDGE_CURVE('',#5270,#5269,#4575,.T.);
#6494=EDGE_CURVE('',#5271,#5270,#2461,.T.);
#6495=EDGE_CURVE('',#5272,#5271,#4576,.T.);
#6496=EDGE_CURVE('',#5273,#5272,#2462,.T.);
#6497=EDGE_CURVE('',#5274,#5273,#4577,.T.);
#6498=EDGE_CURVE('',#5275,#5274,#2463,.T.);
#6499=EDGE_CURVE('',#5276,#5275,#4578,.T.);
#6500=EDGE_CURVE('',#5277,#5276,#2464,.T.);
#6501=EDGE_CURVE('',#5278,#5277,#4579,.T.);
#6502=EDGE_CURVE('',#5175,#5278,#2465,.T.);
#6503=EDGE_CURVE('',#5236,#5279,#2466,.T.);
#6504=EDGE_CURVE('',#5279,#5280,#2467,.T.);
#6505=EDGE_CURVE('',#5280,#5233,#2468,.T.);
#6506=EDGE_CURVE('',#5232,#5281,#2469,.T.);
#6507=EDGE_CURVE('',#5281,#5282,#2470,.T.);
#6508=EDGE_CURVE('',#5282,#5229,#2471,.T.);
#6509=EDGE_CURVE('',#5228,#5283,#2472,.T.);
#6510=EDGE_CURVE('',#5283,#5284,#2473,.T.);
#6511=EDGE_CURVE('',#5284,#5225,#2474,.T.);
#6512=EDGE_CURVE('',#5224,#5285,#2475,.T.);
#6513=EDGE_CURVE('',#5285,#5249,#2476,.T.);
#6514=EDGE_CURVE('',#5220,#5142,#4580,.T.);
#6515=EDGE_CURVE('',#5141,#5286,#2477,.T.);
#6516=EDGE_CURVE('',#5286,#5266,#2478,.T.);
#6517=EDGE_CURVE('',#5137,#5287,#2479,.T.);
#6518=EDGE_CURVE('',#5287,#5288,#2480,.T.);
#6519=EDGE_CURVE('',#5288,#5134,#2481,.T.);
#6520=EDGE_CURVE('',#5133,#5289,#2482,.T.);
#6521=EDGE_CURVE('',#5289,#5290,#2483,.T.);
#6522=EDGE_CURVE('',#5290,#5130,#2484,.T.);
#6523=EDGE_CURVE('',#5129,#5291,#2485,.T.);
#6524=EDGE_CURVE('',#5291,#5292,#2486,.T.);
#6525=EDGE_CURVE('',#5292,#5126,#2487,.T.);
#6526=EDGE_CURVE('',#5293,#5294,#2488,.T.);
#6527=EDGE_CURVE('',#5295,#5293,#4581,.T.);
#6528=EDGE_CURVE('',#5296,#5295,#2489,.T.);
#6529=EDGE_CURVE('',#5294,#5296,#4582,.T.);
#6530=EDGE_CURVE('',#5297,#5297,#4583,.T.);
#6531=EDGE_CURVE('',#5298,#5298,#4584,.T.);
#6532=EDGE_CURVE('',#5299,#5300,#2490,.T.);
#6533=EDGE_CURVE('',#5301,#5299,#4585,.T.);
#6534=EDGE_CURVE('',#5302,#5301,#2491,.T.);
#6535=EDGE_CURVE('',#5300,#5302,#4586,.T.);
#6536=EDGE_CURVE('',#5264,#5286,#2492,.T.);
#6537=EDGE_CURVE('',#5247,#5285,#2493,.T.);
#6538=EDGE_CURVE('',#5303,#5304,#2494,.T.);
#6539=EDGE_CURVE('',#5213,#5303,#2495,.T.);
#6540=EDGE_CURVE('',#5304,#5212,#2496,.T.);
#6541=EDGE_CURVE('',#5305,#5306,#2497,.T.);
#6542=EDGE_CURVE('',#5150,#5305,#2498,.T.);
#6543=EDGE_CURVE('',#5306,#5149,#2499,.T.);
#6544=EDGE_CURVE('',#5306,#5307,#4587,.F.);
#6545=EDGE_CURVE('',#5307,#5308,#2500,.T.);
#6546=EDGE_CURVE('',#5308,#5305,#4588,.F.);
#6547=EDGE_CURVE('',#5136,#5307,#2501,.T.);
#6548=EDGE_CURVE('',#5308,#5135,#2502,.T.);
#6549=EDGE_CURVE('',#5304,#5309,#4589,.F.);
#6550=EDGE_CURVE('',#5309,#5310,#2503,.T.);
#6551=EDGE_CURVE('',#5310,#5303,#4590,.F.);
#6552=EDGE_CURVE('',#5227,#5309,#2504,.T.);
#6553=EDGE_CURVE('',#5310,#5226,#2505,.T.);
#6554=EDGE_CURVE('',#5311,#5258,#4591,.T.);
#6555=EDGE_CURVE('',#5311,#5312,#2506,.T.);
#6556=EDGE_CURVE('',#5259,#5312,#4592,.T.);
#6557=EDGE_CURVE('',#5311,#5284,#2507,.T.);
#6558=EDGE_CURVE('',#5255,#5313,#4593,.T.);
#6559=EDGE_CURVE('',#5314,#5254,#4594,.T.);
#6560=EDGE_CURVE('',#5314,#5313,#2508,.T.);
#6561=EDGE_CURVE('',#5314,#5288,#2509,.T.);
#6562=EDGE_CURVE('',#5313,#5287,#2510,.T.);
#6563=EDGE_CURVE('',#5312,#5283,#2511,.T.);
#6564=EDGE_CURVE('',#5315,#5316,#2512,.T.);
#6565=EDGE_CURVE('',#5205,#5315,#2513,.T.);
#6566=EDGE_CURVE('',#5316,#5204,#2514,.T.);
#6567=EDGE_CURVE('',#5317,#5318,#2515,.T.);
#6568=EDGE_CURVE('',#5158,#5317,#2516,.T.);
#6569=EDGE_CURVE('',#5318,#5157,#2517,.T.);
#6570=EDGE_CURVE('',#5318,#5319,#4595,.F.);
#6571=EDGE_CURVE('',#5319,#5320,#2518,.T.);
#6572=EDGE_CURVE('',#5320,#5317,#4596,.F.);
#6573=EDGE_CURVE('',#5128,#5319,#2519,.T.);
#6574=EDGE_CURVE('',#5320,#5127,#2520,.T.);
#6575=EDGE_CURVE('',#5316,#5321,#4597,.F.);
#6576=EDGE_CURVE('',#5321,#5322,#2521,.T.);
#6577=EDGE_CURVE('',#5322,#5315,#4598,.F.);
#6578=EDGE_CURVE('',#5235,#5321,#2522,.T.);
#6579=EDGE_CURVE('',#5322,#5234,#2523,.T.);
#6580=EDGE_CURVE('',#5323,#5262,#4599,.T.);
#6581=EDGE_CURVE('',#5323,#5324,#2524,.T.);
#6582=EDGE_CURVE('',#5263,#5324,#4600,.T.);
#6583=EDGE_CURVE('',#5323,#5280,#2525,.T.);
#6584=EDGE_CURVE('',#5325,#5250,#4601,.T.);
#6585=EDGE_CURVE('',#5325,#5326,#2526,.T.);
#6586=EDGE_CURVE('',#5251,#5326,#4602,.T.);
#6587=EDGE_CURVE('',#5325,#5292,#2527,.T.);
#6588=EDGE_CURVE('',#5326,#5291,#2528,.T.);
#6589=EDGE_CURVE('',#5324,#5279,#2529,.T.);
#6590=EDGE_CURVE('',#5327,#5328,#2530,.T.);
#6591=EDGE_CURVE('',#5209,#5327,#2531,.T.);
#6592=EDGE_CURVE('',#5328,#5208,#2532,.T.);
#6593=EDGE_CURVE('',#5329,#5330,#2533,.T.);
#6594=EDGE_CURVE('',#5154,#5329,#2534,.T.);
#6595=EDGE_CURVE('',#5330,#5153,#2535,.T.);
#6596=EDGE_CURVE('',#5330,#5331,#4603,.F.);
#6597=EDGE_CURVE('',#5331,#5332,#2536,.T.);
#6598=EDGE_CURVE('',#5332,#5329,#4604,.F.);
#6599=EDGE_CURVE('',#5132,#5331,#2537,.T.);
#6600=EDGE_CURVE('',#5332,#5131,#2538,.T.);
#6601=EDGE_CURVE('',#5328,#5333,#4605,.F.);
#6602=EDGE_CURVE('',#5333,#5334,#2539,.T.);
#6603=EDGE_CURVE('',#5334,#5327,#4606,.F.);
#6604=EDGE_CURVE('',#5231,#5333,#2540,.T.);
#6605=EDGE_CURVE('',#5334,#5230,#2541,.T.);
#6606=EDGE_CURVE('',#5335,#5260,#4607,.T.);
#6607=EDGE_CURVE('',#5335,#5336,#2542,.T.);
#6608=EDGE_CURVE('',#5261,#5336,#4608,.T.);
#6609=EDGE_CURVE('',#5335,#5282,#2543,.T.);
#6610=EDGE_CURVE('',#5337,#5252,#4609,.T.);
#6611=EDGE_CURVE('',#5337,#5338,#2544,.T.);
#6612=EDGE_CURVE('',#5253,#5338,#4610,.T.);
#6613=EDGE_CURVE('',#5337,#5290,#2545,.T.);
#6614=EDGE_CURVE('',#5338,#5289,#2546,.T.);
#6615=EDGE_CURVE('',#5336,#5281,#2547,.T.);
#6616=EDGE_CURVE('',#5339,#5193,#2548,.T.);
#6617=EDGE_CURVE('',#5194,#5340,#2549,.T.);
#6618=EDGE_CURVE('',#5340,#5339,#4611,.T.);
#6619=EDGE_CURVE('',#5341,#5195,#2550,.T.);
#6620=EDGE_CURVE('',#5339,#5341,#2551,.T.);
#6621=EDGE_CURVE('',#5342,#5196,#2552,.T.);
#6622=EDGE_CURVE('',#5341,#5342,#4612,.T.);
#6623=EDGE_CURVE('',#5342,#5340,#2553,.T.);
#6624=EDGE_CURVE('',#5343,#5339,#2554,.T.);
#6625=EDGE_CURVE('',#5344,#5343,#2555,.T.);
#6626=EDGE_CURVE('',#5344,#5341,#2556,.T.);
#6627=EDGE_CURVE('',#5345,#5340,#2557,.T.);
#6628=EDGE_CURVE('',#5343,#5345,#4613,.T.);
#6629=EDGE_CURVE('',#5346,#5199,#2558,.T.);
#6630=EDGE_CURVE('',#5200,#5347,#2559,.T.);
#6631=EDGE_CURVE('',#5347,#5346,#4614,.T.);
#6632=EDGE_CURVE('',#5348,#5201,#2560,.T.);
#6633=EDGE_CURVE('',#5346,#5348,#2561,.T.);
#6634=EDGE_CURVE('',#5349,#5202,#2562,.T.);
#6635=EDGE_CURVE('',#5348,#5349,#4615,.T.);
#6636=EDGE_CURVE('',#5349,#5347,#2563,.T.);
#6637=EDGE_CURVE('',#5350,#5346,#2564,.T.);
#6638=EDGE_CURVE('',#5351,#5350,#2565,.T.);
#6639=EDGE_CURVE('',#5351,#5348,#2566,.T.);
#6640=EDGE_CURVE('',#5352,#5347,#2567,.T.);
#6641=EDGE_CURVE('',#5350,#5352,#4616,.T.);
#6642=EDGE_CURVE('',#5171,#5353,#2568,.T.);
#6643=EDGE_CURVE('',#5353,#5181,#2569,.T.);
#6644=EDGE_CURVE('',#5354,#5182,#2570,.T.);
#6645=EDGE_CURVE('',#5353,#5354,#4617,.T.);
#6646=EDGE_CURVE('',#5354,#5355,#2571,.T.);
#6647=EDGE_CURVE('',#5355,#5183,#2572,.T.);
#6648=EDGE_CURVE('',#5356,#5184,#2573,.T.);
#6649=EDGE_CURVE('',#5355,#5356,#4618,.T.);
#6650=EDGE_CURVE('',#5356,#5357,#2574,.T.);
#6651=EDGE_CURVE('',#5357,#5185,#2575,.T.);
#6652=EDGE_CURVE('',#5358,#5186,#2576,.T.);
#6653=EDGE_CURVE('',#5357,#5358,#4619,.T.);
#6654=EDGE_CURVE('',#5358,#5359,#2577,.T.);
#6655=EDGE_CURVE('',#5359,#5187,#2578,.T.);
#6656=EDGE_CURVE('',#5360,#5188,#2579,.T.);
#6657=EDGE_CURVE('',#5359,#5360,#4620,.T.);
#6658=EDGE_CURVE('',#5360,#5361,#2580,.T.);
#6659=EDGE_CURVE('',#5361,#5189,#2581,.T.);
#6660=EDGE_CURVE('',#5362,#5190,#2582,.T.);
#6661=EDGE_CURVE('',#5361,#5362,#4621,.T.);
#6662=EDGE_CURVE('',#5362,#5363,#2583,.T.);
#6663=EDGE_CURVE('',#5363,#5191,#2584,.T.);
#6664=EDGE_CURVE('',#5122,#5192,#2585,.T.);
#6665=EDGE_CURVE('',#5363,#5122,#4622,.T.);
#6666=EDGE_CURVE('',#5354,#5364,#2586,.T.);
#6667=EDGE_CURVE('',#5365,#5364,#2587,.T.);
#6668=EDGE_CURVE('',#5365,#5355,#2588,.T.);
#6669=EDGE_CURVE('',#5366,#5353,#2589,.T.);
#6670=EDGE_CURVE('',#5364,#5366,#4623,.T.);
#6671=EDGE_CURVE('',#5366,#5176,#2590,.T.);
#6672=EDGE_CURVE('',#5367,#5367,#4624,.T.);
#6673=EDGE_CURVE('',#5367,#5198,#2591,.T.);
#6674=EDGE_CURVE('',#5368,#5368,#4625,.T.);
#6675=EDGE_CURVE('',#5368,#5367,#2592,.T.);
#6676=EDGE_CURVE('',#5369,#5369,#4626,.T.);
#6677=EDGE_CURVE('',#5369,#5197,#2593,.T.);
#6678=EDGE_CURVE('',#5370,#5370,#4627,.T.);
#6679=EDGE_CURVE('',#5370,#5369,#2594,.T.);
#6680=EDGE_CURVE('',#5371,#5293,#2595,.T.);
#6681=EDGE_CURVE('',#5294,#5372,#2596,.T.);
#6682=EDGE_CURVE('',#5372,#5371,#2597,.T.);
#6683=EDGE_CURVE('',#5373,#5295,#2598,.T.);
#6684=EDGE_CURVE('',#5371,#5373,#4628,.T.);
#6685=EDGE_CURVE('',#5374,#5296,#2599,.T.);
#6686=EDGE_CURVE('',#5373,#5374,#2600,.T.);
#6687=EDGE_CURVE('',#5374,#5372,#4629,.T.);
#6688=EDGE_CURVE('',#5371,#5375,#2601,.T.);
#6689=EDGE_CURVE('',#5375,#5376,#4630,.T.);
#6690=EDGE_CURVE('',#5373,#5376,#2602,.T.);
#6691=EDGE_CURVE('',#5372,#5377,#2603,.T.);
#6692=EDGE_CURVE('',#5377,#5375,#2604,.T.);
#6693=EDGE_CURVE('',#5378,#5299,#2605,.T.);
#6694=EDGE_CURVE('',#5300,#5379,#2606,.T.);
#6695=EDGE_CURVE('',#5379,#5378,#2607,.T.);
#6696=EDGE_CURVE('',#5380,#5301,#2608,.T.);
#6697=EDGE_CURVE('',#5378,#5380,#4631,.T.);
#6698=EDGE_CURVE('',#5381,#5302,#2609,.T.);
#6699=EDGE_CURVE('',#5380,#5381,#2610,.T.);
#6700=EDGE_CURVE('',#5381,#5379,#4632,.T.);
#6701=EDGE_CURVE('',#5378,#5382,#2611,.T.);
#6702=EDGE_CURVE('',#5382,#5383,#4633,.T.);
#6703=EDGE_CURVE('',#5380,#5383,#2612,.T.);
#6704=EDGE_CURVE('',#5379,#5384,#2613,.T.);
#6705=EDGE_CURVE('',#5384,#5382,#2614,.T.);
#6706=EDGE_CURVE('',#5276,#5365,#2615,.T.);
#6707=EDGE_CURVE('',#5364,#5277,#2616,.T.);
#6708=EDGE_CURVE('',#5275,#5385,#2617,.T.);
#6709=EDGE_CURVE('',#5385,#5365,#4634,.T.);
#6710=EDGE_CURVE('',#5274,#5386,#2618,.T.);
#6711=EDGE_CURVE('',#5386,#5385,#2619,.T.);
#6712=EDGE_CURVE('',#5273,#5387,#2620,.T.);
#6713=EDGE_CURVE('',#5387,#5386,#4635,.T.);
#6714=EDGE_CURVE('',#5272,#5388,#2621,.T.);
#6715=EDGE_CURVE('',#5388,#5387,#2622,.T.);
#6716=EDGE_CURVE('',#5271,#5389,#2623,.T.);
#6717=EDGE_CURVE('',#5389,#5388,#4636,.T.);
#6718=EDGE_CURVE('',#5270,#5390,#2624,.T.);
#6719=EDGE_CURVE('',#5390,#5389,#2625,.T.);
#6720=EDGE_CURVE('',#5269,#5391,#2626,.T.);
#6721=EDGE_CURVE('',#5391,#5390,#4637,.T.);
#6722=EDGE_CURVE('',#5268,#5392,#2627,.T.);
#6723=EDGE_CURVE('',#5392,#5391,#2628,.T.);
#6724=EDGE_CURVE('',#5267,#5123,#2629,.T.);
#6725=EDGE_CURVE('',#5123,#5392,#4638,.T.);
#6726=EDGE_CURVE('',#5278,#5366,#2630,.T.);
#6727=EDGE_CURVE('',#5368,#5298,#2631,.T.);
#6728=EDGE_CURVE('',#5370,#5297,#2632,.T.);
#6729=EDGE_CURVE('',#5393,#5344,#4639,.T.);
#6730=EDGE_CURVE('',#5393,#5342,#2633,.T.);
#6731=EDGE_CURVE('',#5345,#5393,#2634,.T.);
#6732=EDGE_CURVE('',#5394,#5384,#4640,.T.);
#6733=EDGE_CURVE('',#5383,#5394,#2635,.T.);
#6734=EDGE_CURVE('',#5381,#5394,#2636,.T.);
#6735=EDGE_CURVE('',#5395,#5351,#4641,.T.);
#6736=EDGE_CURVE('',#5395,#5349,#2637,.T.);
#6737=EDGE_CURVE('',#5352,#5395,#2638,.T.);
#6738=EDGE_CURVE('',#5396,#5377,#4642,.T.);
#6739=EDGE_CURVE('',#5376,#5396,#2639,.T.);
#6740=EDGE_CURVE('',#5374,#5396,#2640,.T.);
#6741=EDGE_CURVE('',#5392,#5363,#2641,.T.);
#6742=EDGE_CURVE('',#5390,#5361,#2642,.T.);
#6743=EDGE_CURVE('',#5362,#5391,#2643,.T.);
#6744=EDGE_CURVE('',#5356,#5385,#2644,.T.);
#6745=EDGE_CURVE('',#5386,#5357,#2645,.T.);
#6746=EDGE_CURVE('',#5388,#5359,#2646,.T.);
#6747=EDGE_CURVE('',#5360,#5389,#2647,.T.);
#6748=EDGE_CURVE('',#5358,#5387,#2648,.T.);
#6749=EDGE_CURVE('',#5397,#5398,#4643,.T.);
#6750=EDGE_CURVE('',#5398,#5399,#2649,.T.);
#6751=EDGE_CURVE('',#5399,#5400,#1967,.T.);
#6752=EDGE_CURVE('',#5400,#5401,#2650,.T.);
#6753=EDGE_CURVE('',#5401,#5397,#1968,.T.);
#6754=EDGE_CURVE('',#5402,#5403,#2651,.T.);
#6755=EDGE_CURVE('',#5403,#5404,#4644,.T.);
#6756=EDGE_CURVE('',#5404,#5405,#2652,.T.);
#6757=EDGE_CURVE('',#5405,#5402,#1969,.T.);
#6758=EDGE_CURVE('',#5406,#5407,#1970,.T.);
#6759=EDGE_CURVE('',#5407,#5402,#2653,.T.);
#6760=EDGE_CURVE('',#5405,#5408,#2654,.T.);
#6761=EDGE_CURVE('',#5408,#5406,#4645,.T.);
#6762=EDGE_CURVE('',#5403,#5409,#4646,.T.);
#6763=EDGE_CURVE('',#5409,#5410,#4647,.T.);
#6764=EDGE_CURVE('',#5410,#5404,#4648,.T.);
#6765=EDGE_CURVE('',#5409,#5411,#2655,.T.);
#6766=EDGE_CURVE('',#5411,#5412,#4649,.T.);
#6767=EDGE_CURVE('',#5412,#5410,#2656,.T.);
#6768=EDGE_CURVE('',#5411,#5413,#4650,.T.);
#6769=EDGE_CURVE('',#5413,#5414,#4651,.T.);
#6770=EDGE_CURVE('',#5414,#5412,#4652,.T.);
#6771=EDGE_CURVE('',#5413,#5400,#2657,.T.);
#6772=EDGE_CURVE('',#5399,#5414,#2658,.T.);
#6773=EDGE_CURVE('',#5398,#5415,#2659,.T.);
#6774=EDGE_CURVE('',#5415,#5416,#2660,.T.);
#6775=EDGE_CURVE('',#5416,#5399,#2661,.T.);
#6776=EDGE_CURVE('',#5397,#5417,#2662,.T.);
#6777=EDGE_CURVE('',#5418,#5417,#2663,.T.);
#6778=EDGE_CURVE('',#5418,#5415,#2664,.T.);
#6779=EDGE_CURVE('',#5401,#5419,#2665,.T.);
#6780=EDGE_CURVE('',#5419,#5420,#2666,.T.);
#6781=EDGE_CURVE('',#5421,#5420,#2667,.T.);
#6782=EDGE_CURVE('',#5417,#5421,#2668,.T.);
#6783=EDGE_CURVE('',#5400,#5422,#2669,.T.);
#6784=EDGE_CURVE('',#5423,#5422,#2670,.F.);
#6785=EDGE_CURVE('',#5424,#5423,#2671,.T.);
#6786=EDGE_CURVE('',#5419,#5424,#2672,.T.);
#6787=EDGE_CURVE('',#5425,#5413,#2673,.T.);
#6788=EDGE_CURVE('',#5422,#5425,#2674,.F.);
#6789=EDGE_CURVE('',#5411,#5426,#2675,.T.);
#6790=EDGE_CURVE('',#5425,#5426,#4653,.T.);
#6791=EDGE_CURVE('',#5427,#5409,#2676,.T.);
#6792=EDGE_CURVE('',#5426,#5427,#2677,.F.);
#6793=EDGE_CURVE('',#5403,#5428,#2678,.T.);
#6794=EDGE_CURVE('',#5427,#5428,#4654,.T.);
#6795=EDGE_CURVE('',#5402,#5429,#2679,.T.);
#6796=EDGE_CURVE('',#5428,#5429,#2680,.F.);
#6797=EDGE_CURVE('',#5405,#5430,#2681,.T.);
#6798=EDGE_CURVE('',#5430,#5431,#2682,.T.);
#6799=EDGE_CURVE('',#5431,#5408,#2683,.T.);
#6800=EDGE_CURVE('',#5404,#5432,#2684,.T.);
#6801=EDGE_CURVE('',#5432,#5430,#2685,.T.);
#6802=EDGE_CURVE('',#5410,#5433,#2686,.T.);
#6803=EDGE_CURVE('',#5433,#5432,#4655,.T.);
#6804=EDGE_CURVE('',#5412,#5434,#2687,.T.);
#6805=EDGE_CURVE('',#5434,#5433,#2688,.T.);
#6806=EDGE_CURVE('',#5414,#5435,#2689,.T.);
#6807=EDGE_CURVE('',#5435,#5434,#4656,.T.);
#6808=EDGE_CURVE('',#5416,#5435,#2690,.T.);
#6809=EDGE_CURVE('',#5436,#5407,#2691,.T.);
#6810=EDGE_CURVE('',#5436,#5437,#2692,.T.);
#6811=EDGE_CURVE('',#5438,#5437,#2693,.T.);
#6812=EDGE_CURVE('',#5429,#5438,#2694,.F.);
#6813=EDGE_CURVE('',#5431,#5439,#2695,.T.);
#6814=EDGE_CURVE('',#5439,#5440,#2696,.T.);
#6815=EDGE_CURVE('',#5440,#5406,#2697,.T.);
#6816=EDGE_CURVE('',#5441,#5436,#2698,.T.);
#6817=EDGE_CURVE('',#5442,#5441,#1971,.T.);
#6818=EDGE_CURVE('',#5437,#5442,#2699,.T.);
#6819=EDGE_CURVE('',#5443,#5424,#2700,.T.);
#6820=EDGE_CURVE('',#5420,#5443,#1972,.T.);
#6821=EDGE_CURVE('',#5423,#5438,#2701,.T.);
#6822=EDGE_CURVE('',#5444,#5418,#4657,.T.);
#6823=EDGE_CURVE('',#5445,#5444,#2702,.T.);
#6824=EDGE_CURVE('',#5446,#5445,#4658,.T.);
#6825=EDGE_CURVE('',#5447,#5446,#2703,.T.);
#6826=EDGE_CURVE('',#5447,#5448,#2704,.T.);
#6827=EDGE_CURVE('',#5448,#5449,#2705,.T.);
#6828=EDGE_CURVE('',#5449,#5450,#2706,.T.);
#6829=EDGE_CURVE('',#5450,#5451,#2707,.T.);
#6830=EDGE_CURVE('',#5451,#5452,#2708,.T.);
#6831=EDGE_CURVE('',#5452,#5453,#4659,.T.);
#6832=EDGE_CURVE('',#5453,#5454,#2709,.T.);
#6833=EDGE_CURVE('',#5454,#5455,#2710,.T.);
#6834=EDGE_CURVE('',#5455,#5456,#2711,.T.);
#6835=EDGE_CURVE('',#5456,#5457,#2712,.T.);
#6836=EDGE_CURVE('',#5457,#5458,#2713,.T.);
#6837=EDGE_CURVE('',#5459,#5458,#2714,.T.);
#6838=EDGE_CURVE('',#5460,#5459,#4660,.T.);
#6839=EDGE_CURVE('',#5461,#5460,#2715,.T.);
#6840=EDGE_CURVE('',#5462,#5461,#4661,.T.);
#6841=EDGE_CURVE('',#5463,#5462,#2716,.T.);
#6842=EDGE_CURVE('',#5464,#5463,#4662,.T.);
#6843=EDGE_CURVE('',#5465,#5464,#2717,.T.);
#6844=EDGE_CURVE('',#5466,#5465,#4663,.T.);
#6845=EDGE_CURVE('',#5467,#5466,#2718,.T.);
#6846=EDGE_CURVE('',#5468,#5467,#4664,.T.);
#6847=EDGE_CURVE('',#5469,#5468,#2719,.T.);
#6848=EDGE_CURVE('',#5470,#5469,#4665,.T.);
#6849=EDGE_CURVE('',#5471,#5470,#2720,.T.);
#6850=EDGE_CURVE('',#5472,#5471,#4666,.T.);
#6851=EDGE_CURVE('',#5473,#5472,#2721,.T.);
#6852=EDGE_CURVE('',#5439,#5473,#4667,.T.);
#6853=EDGE_CURVE('',#5474,#5474,#4668,.T.);
#6854=EDGE_CURVE('',#5475,#5476,#4669,.T.);
#6855=EDGE_CURVE('',#5476,#5477,#2722,.T.);
#6856=EDGE_CURVE('',#5477,#5478,#4670,.T.);
#6857=EDGE_CURVE('',#5478,#5475,#2723,.T.);
#6858=EDGE_CURVE('',#5479,#5480,#4671,.T.);
#6859=EDGE_CURVE('',#5480,#5481,#2724,.T.);
#6860=EDGE_CURVE('',#5481,#5482,#4672,.T.);
#6861=EDGE_CURVE('',#5482,#5479,#2725,.T.);
#6862=EDGE_CURVE('',#5483,#5483,#4673,.T.);
#6863=EDGE_CURVE('',#5440,#5484,#2726,.T.);
#6864=EDGE_CURVE('',#5441,#5484,#2727,.T.);
#6865=EDGE_CURVE('',#5443,#5485,#2728,.T.);
#6866=EDGE_CURVE('',#5421,#5485,#4674,.T.);
#6867=EDGE_CURVE('',#5486,#5487,#4675,.T.);
#6868=EDGE_CURVE('',#5487,#5488,#2729,.T.);
#6869=EDGE_CURVE('',#5488,#5489,#4676,.T.);
#6870=EDGE_CURVE('',#5489,#5486,#2730,.T.);
#6871=EDGE_CURVE('',#5488,#5490,#4677,.T.);
#6872=EDGE_CURVE('',#5490,#5491,#4678,.T.);
#6873=EDGE_CURVE('',#5491,#5489,#4679,.T.);
#6874=EDGE_CURVE('',#5490,#5492,#2731,.T.);
#6875=EDGE_CURVE('',#5492,#5493,#4680,.T.);
#6876=EDGE_CURVE('',#5493,#5491,#2732,.T.);
#6877=EDGE_CURVE('',#5492,#5421,#4681,.T.);
#6878=EDGE_CURVE('',#5485,#5493,#4682,.T.);
#6879=EDGE_CURVE('',#5484,#5494,#4683,.T.);
#6880=EDGE_CURVE('',#5494,#5442,#2733,.T.);
#6881=EDGE_CURVE('',#5484,#5495,#4684,.T.);
#6882=EDGE_CURVE('',#5495,#5496,#4685,.T.);
#6883=EDGE_CURVE('',#5496,#5494,#4686,.T.);
#6884=EDGE_CURVE('',#5495,#5497,#2734,.T.);
#6885=EDGE_CURVE('',#5497,#5498,#4687,.T.);
#6886=EDGE_CURVE('',#5498,#5496,#2735,.T.);
#6887=EDGE_CURVE('',#5497,#5499,#4688,.T.);
#6888=EDGE_CURVE('',#5499,#5500,#4689,.T.);
#6889=EDGE_CURVE('',#5500,#5498,#4690,.T.);
#6890=EDGE_CURVE('',#5501,#5502,#4691,.T.);
#6891=EDGE_CURVE('',#5502,#5500,#2736,.T.);
#6892=EDGE_CURVE('',#5499,#5501,#2737,.T.);
#6893=EDGE_CURVE('',#5503,#5501,#2738,.T.);
#6894=EDGE_CURVE('',#5503,#5504,#2739,.T.);
#6895=EDGE_CURVE('',#5502,#5504,#2740,.T.);
#6896=EDGE_CURVE('',#5505,#5499,#2741,.T.);
#6897=EDGE_CURVE('',#5503,#5505,#2742,.T.);
#6898=EDGE_CURVE('',#5506,#5497,#2743,.T.);
#6899=EDGE_CURVE('',#5505,#5506,#4692,.T.);
#6900=EDGE_CURVE('',#5507,#5495,#2744,.T.);
#6901=EDGE_CURVE('',#5506,#5507,#2745,.T.);
#6902=EDGE_CURVE('',#5507,#5440,#4693,.T.);
#6903=EDGE_CURVE('',#5508,#5492,#2746,.T.);
#6904=EDGE_CURVE('',#5417,#5508,#4694,.T.);
#6905=EDGE_CURVE('',#5509,#5490,#2747,.T.);
#6906=EDGE_CURVE('',#5508,#5509,#2748,.T.);
#6907=EDGE_CURVE('',#5510,#5488,#2749,.T.);
#6908=EDGE_CURVE('',#5509,#5510,#4695,.T.);
#6909=EDGE_CURVE('',#5487,#5511,#2750,.T.);
#6910=EDGE_CURVE('',#5510,#5511,#2751,.T.);
#6911=EDGE_CURVE('',#5512,#5513,#4696,.T.);
#6912=EDGE_CURVE('',#5513,#5514,#2752,.T.);
#6913=EDGE_CURVE('',#5514,#5515,#4697,.T.);
#6914=EDGE_CURVE('',#5515,#5512,#2753,.T.);
#6915=EDGE_CURVE('',#5512,#5516,#2754,.T.);
#6916=EDGE_CURVE('',#5516,#5517,#2755,.T.);
#6917=EDGE_CURVE('',#5513,#5517,#2756,.T.);
#6918=EDGE_CURVE('',#5489,#5518,#2757,.T.);
#6919=EDGE_CURVE('',#5516,#5518,#2758,.T.);
#6920=EDGE_CURVE('',#5515,#5519,#2759,.T.);
#6921=EDGE_CURVE('',#5519,#5520,#2760,.T.);
#6922=EDGE_CURVE('',#5520,#5486,#2761,.T.);
#6923=EDGE_CURVE('',#5521,#5517,#2762,.T.);
#6924=EDGE_CURVE('',#5521,#5514,#2763,.T.);
#6925=EDGE_CURVE('',#5522,#5504,#2764,.T.);
#6926=EDGE_CURVE('',#5500,#5522,#2765,.T.);
#6927=EDGE_CURVE('',#5523,#5522,#4698,.T.);
#6928=EDGE_CURVE('',#5498,#5523,#2766,.T.);
#6929=EDGE_CURVE('',#5524,#5523,#2767,.T.);
#6930=EDGE_CURVE('',#5496,#5524,#2768,.T.);
#6931=EDGE_CURVE('',#5525,#5524,#4699,.T.);
#6932=EDGE_CURVE('',#5494,#5525,#2769,.T.);
#6933=EDGE_CURVE('',#5526,#5525,#2770,.T.);
#6934=EDGE_CURVE('',#5485,#5526,#2771,.T.);
#6935=EDGE_CURVE('',#5527,#5526,#4700,.T.);
#6936=EDGE_CURVE('',#5493,#5527,#2772,.T.);
#6937=EDGE_CURVE('',#5528,#5527,#2773,.T.);
#6938=EDGE_CURVE('',#5491,#5528,#2774,.T.);
#6939=EDGE_CURVE('',#5518,#5528,#4701,.T.);
#6940=EDGE_CURVE('',#5471,#5505,#2775,.T.);
#6941=EDGE_CURVE('',#5470,#5529,#2776,.T.);
#6942=EDGE_CURVE('',#5529,#5503,#2777,.T.);
#6943=EDGE_CURVE('',#5472,#5506,#2778,.T.);
#6944=EDGE_CURVE('',#5473,#5507,#2779,.T.);
#6945=EDGE_CURVE('',#5444,#5508,#2780,.T.);
#6946=EDGE_CURVE('',#5445,#5509,#2781,.T.);
#6947=EDGE_CURVE('',#5446,#5510,#2782,.T.);
#6948=EDGE_CURVE('',#5511,#5447,#2783,.T.);
#6949=EDGE_CURVE('',#5517,#5530,#2784,.T.);
#6950=EDGE_CURVE('',#5459,#5530,#2785,.T.);
#6951=EDGE_CURVE('',#5458,#5521,#2786,.T.);
#6952=EDGE_CURVE('',#5531,#5532,#2787,.T.);
#6953=EDGE_CURVE('',#5531,#5533,#2788,.T.);
#6954=EDGE_CURVE('',#5533,#5534,#2789,.T.);
#6955=EDGE_CURVE('',#5532,#5534,#2790,.T.);
#6956=EDGE_CURVE('',#5535,#5536,#4702,.T.);
#6957=EDGE_CURVE('',#5535,#5537,#2791,.T.);
#6958=EDGE_CURVE('',#5537,#5538,#4703,.T.);
#6959=EDGE_CURVE('',#5536,#5538,#2792,.T.);
#6960=EDGE_CURVE('',#5539,#5540,#4704,.T.);
#6961=EDGE_CURVE('',#5504,#5539,#2793,.T.);
#6962=EDGE_CURVE('',#5541,#5529,#4705,.T.);
#6963=EDGE_CURVE('',#5540,#5541,#2794,.T.);
#6964=EDGE_CURVE('',#5540,#5542,#2795,.T.);
#6965=EDGE_CURVE('',#5543,#5541,#2796,.T.);
#6966=EDGE_CURVE('',#5543,#5542,#2797,.T.);
#6967=EDGE_CURVE('',#5544,#5535,#2798,.T.);
#6968=EDGE_CURVE('',#5544,#5545,#2799,.T.);
#6969=EDGE_CURVE('',#5545,#5537,#2800,.T.);
#6970=EDGE_CURVE('',#5480,#5546,#2801,.T.);
#6971=EDGE_CURVE('',#5538,#5546,#2802,.T.);
#6972=EDGE_CURVE('',#5538,#5481,#2803,.T.);
#6973=EDGE_CURVE('',#5537,#5482,#2804,.T.);
#6974=EDGE_CURVE('',#5545,#5479,#2805,.T.);
#6975=EDGE_CURVE('',#5546,#5545,#4706,.T.);
#6976=EDGE_CURVE('',#5532,#5547,#4707,.T.);
#6977=EDGE_CURVE('',#5534,#5548,#4708,.T.);
#6978=EDGE_CURVE('',#5547,#5548,#2806,.T.);
#6979=EDGE_CURVE('',#5476,#5534,#2807,.T.);
#6980=EDGE_CURVE('',#5533,#5477,#2808,.T.);
#6981=EDGE_CURVE('',#5549,#5533,#4709,.T.);
#6982=EDGE_CURVE('',#5549,#5478,#2809,.T.);
#6983=EDGE_CURVE('',#5548,#5549,#2810,.T.);
#6984=EDGE_CURVE('',#5548,#5475,#2811,.T.);
#6985=EDGE_CURVE('',#5550,#5550,#4710,.T.);
#6986=EDGE_CURVE('',#5550,#5474,#2812,.T.);
#6987=EDGE_CURVE('',#5551,#5551,#4711,.T.);
#6988=EDGE_CURVE('',#5551,#5483,#2813,.T.);
#6989=EDGE_CURVE('',#5460,#5552,#2814,.T.);
#6990=EDGE_CURVE('',#5530,#5552,#4712,.T.);
#6991=EDGE_CURVE('',#5552,#5553,#2815,.T.);
#6992=EDGE_CURVE('',#5461,#5553,#2816,.T.);
#6993=EDGE_CURVE('',#5462,#5554,#2817,.T.);
#6994=EDGE_CURVE('',#5553,#5554,#4713,.T.);
#6995=EDGE_CURVE('',#5554,#5555,#2818,.T.);
#6996=EDGE_CURVE('',#5463,#5555,#2819,.T.);
#6997=EDGE_CURVE('',#5555,#5556,#4714,.T.);
#6998=EDGE_CURVE('',#5464,#5556,#2820,.T.);
#6999=EDGE_CURVE('',#5556,#5557,#2821,.T.);
#7000=EDGE_CURVE('',#5465,#5557,#2822,.T.);
#7001=EDGE_CURVE('',#5557,#5558,#4715,.T.);
#7002=EDGE_CURVE('',#5466,#5558,#2823,.T.);
#7003=EDGE_CURVE('',#5558,#5559,#2824,.T.);
#7004=EDGE_CURVE('',#5467,#5559,#2825,.T.);
#7005=EDGE_CURVE('',#5468,#5543,#2826,.T.);
#7006=EDGE_CURVE('',#5559,#5543,#4716,.T.);
#7007=EDGE_CURVE('',#5469,#5541,#2827,.T.);
#7008=EDGE_CURVE('',#5550,#5560,#2828,.T.);
#7009=EDGE_CURVE('',#5560,#5560,#4717,.T.);
#7010=EDGE_CURVE('',#5560,#5561,#2829,.T.);
#7011=EDGE_CURVE('',#5561,#5561,#4718,.T.);
#7012=EDGE_CURVE('',#5551,#5562,#2830,.T.);
#7013=EDGE_CURVE('',#5562,#5562,#4719,.T.);
#7014=EDGE_CURVE('',#5562,#5563,#2831,.T.);
#7015=EDGE_CURVE('',#5563,#5563,#4720,.T.);
#7016=EDGE_CURVE('',#5536,#5564,#2832,.T.);
#7017=EDGE_CURVE('',#5564,#5546,#2833,.T.);
#7018=EDGE_CURVE('',#5564,#5544,#4721,.T.);
#7019=EDGE_CURVE('',#5564,#5565,#2834,.T.);
#7020=EDGE_CURVE('',#5566,#5544,#2835,.T.);
#7021=EDGE_CURVE('',#5566,#5565,#4722,.T.);
#7022=EDGE_CURVE('',#5567,#5535,#2836,.T.);
#7023=EDGE_CURVE('',#5567,#5566,#2837,.T.);
#7024=EDGE_CURVE('',#5568,#5536,#2838,.T.);
#7025=EDGE_CURVE('',#5568,#5567,#4723,.T.);
#7026=EDGE_CURVE('',#5565,#5568,#2839,.T.);
#7027=EDGE_CURVE('',#5547,#5569,#2840,.T.);
#7028=EDGE_CURVE('',#5569,#5549,#2841,.T.);
#7029=EDGE_CURVE('',#5569,#5531,#4724,.T.);
#7030=EDGE_CURVE('',#5569,#5570,#2842,.T.);
#7031=EDGE_CURVE('',#5571,#5531,#2843,.T.);
#7032=EDGE_CURVE('',#5571,#5570,#4725,.T.);
#7033=EDGE_CURVE('',#5572,#5532,#2844,.T.);
#7034=EDGE_CURVE('',#5572,#5571,#2845,.T.);
#7035=EDGE_CURVE('',#5573,#5547,#2846,.T.);
#7036=EDGE_CURVE('',#5573,#5572,#4726,.T.);
#7037=EDGE_CURVE('',#5570,#5573,#2847,.T.);
#7038=EDGE_CURVE('',#5542,#5574,#4727,.T.);
#7039=EDGE_CURVE('',#5574,#5559,#2848,.T.);
#7040=EDGE_CURVE('',#5574,#5575,#2849,.T.);
#7041=EDGE_CURVE('',#5575,#5558,#2850,.T.);
#7042=EDGE_CURVE('',#5575,#5576,#4728,.T.);
#7043=EDGE_CURVE('',#5576,#5557,#2851,.T.);
#7044=EDGE_CURVE('',#5576,#5577,#2852,.T.);
#7045=EDGE_CURVE('',#5577,#5556,#2853,.T.);
#7046=EDGE_CURVE('',#5577,#5578,#4729,.T.);
#7047=EDGE_CURVE('',#5578,#5555,#2854,.T.);
#7048=EDGE_CURVE('',#5578,#5579,#2855,.T.);
#7049=EDGE_CURVE('',#5554,#5579,#2856,.T.);
#7050=EDGE_CURVE('',#5579,#5580,#4730,.T.);
#7051=EDGE_CURVE('',#5580,#5553,#2857,.T.);
#7052=EDGE_CURVE('',#5580,#5581,#2858,.T.);
#7053=EDGE_CURVE('',#5552,#5581,#2859,.T.);
#7054=EDGE_CURVE('',#5581,#5582,#4731,.T.);
#7055=EDGE_CURVE('',#5582,#5516,#2860,.T.);
#7056=EDGE_CURVE('',#5540,#5583,#2861,.T.);
#7057=EDGE_CURVE('',#5584,#5542,#2862,.T.);
#7058=EDGE_CURVE('',#5584,#5583,#2863,.T.);
#7059=EDGE_CURVE('',#5583,#5585,#4732,.T.);
#7060=EDGE_CURVE('',#5539,#5585,#2864,.T.);
#7061=EDGE_CURVE('',#5582,#5586,#2865,.T.);
#7062=EDGE_CURVE('',#5586,#5587,#4733,.T.);
#7063=EDGE_CURVE('',#5581,#5587,#2866,.T.);
#7064=EDGE_CURVE('',#5580,#5588,#2867,.T.);
#7065=EDGE_CURVE('',#5587,#5588,#2868,.T.);
#7066=EDGE_CURVE('',#5588,#5589,#4734,.T.);
#7067=EDGE_CURVE('',#5579,#5589,#2869,.T.);
#7068=EDGE_CURVE('',#5578,#5590,#2870,.T.);
#7069=EDGE_CURVE('',#5589,#5590,#2871,.T.);
#7070=EDGE_CURVE('',#5577,#5591,#2872,.T.);
#7071=EDGE_CURVE('',#5590,#5591,#4735,.T.);
#7072=EDGE_CURVE('',#5576,#5592,#2873,.T.);
#7073=EDGE_CURVE('',#5591,#5592,#2874,.T.);
#7074=EDGE_CURVE('',#5575,#5593,#2875,.T.);
#7075=EDGE_CURVE('',#5592,#5593,#4736,.T.);
#7076=EDGE_CURVE('',#5574,#5594,#2876,.T.);
#7077=EDGE_CURVE('',#5593,#5594,#2877,.T.);
#7078=EDGE_CURVE('',#5594,#5584,#4737,.T.);
#7079=EDGE_CURVE('',#5585,#5595,#2878,.T.);
#7080=EDGE_CURVE('',#5596,#5586,#2879,.T.);
#7081=EDGE_CURVE('',#5597,#5596,#4738,.T.);
#7082=EDGE_CURVE('',#5598,#5597,#2880,.T.);
#7083=EDGE_CURVE('',#5599,#5598,#4739,.T.);
#7084=EDGE_CURVE('',#5600,#5599,#2881,.T.);
#7085=EDGE_CURVE('',#5601,#5600,#4740,.T.);
#7086=EDGE_CURVE('',#5602,#5601,#2882,.T.);
#7087=EDGE_CURVE('',#5595,#5602,#4741,.T.);
#7088=EDGE_CURVE('',#5603,#5452,#2883,.T.);
#7089=EDGE_CURVE('',#5604,#5603,#4742,.T.);
#7090=EDGE_CURVE('',#5604,#5453,#2884,.T.);
#7091=EDGE_CURVE('',#5605,#5606,#2885,.T.);
#7092=EDGE_CURVE('',#5605,#5456,#2886,.T.);
#7093=EDGE_CURVE('',#5606,#5455,#2887,.T.);
#7094=EDGE_CURVE('',#5607,#5606,#4743,.T.);
#7095=EDGE_CURVE('',#5608,#5454,#2888,.T.);
#7096=EDGE_CURVE('',#5608,#5609,#2889,.T.);
#7097=EDGE_CURVE('',#5610,#5609,#4744,.F.);
#7098=EDGE_CURVE('',#5610,#5611,#2890,.T.);
#7099=EDGE_CURVE('',#5612,#5611,#2891,.T.);
#7100=EDGE_CURVE('',#5612,#5607,#2892,.T.);
#7101=EDGE_CURVE('',#5613,#5614,#2893,.T.);
#7102=EDGE_CURVE('',#5613,#5450,#2894,.T.);
#7103=EDGE_CURVE('',#5614,#5449,#2895,.T.);
#7104=EDGE_CURVE('',#5615,#5614,#4745,.T.);
#7105=EDGE_CURVE('',#5616,#5448,#2896,.T.);
#7106=EDGE_CURVE('',#5616,#5617,#2897,.T.);
#7107=EDGE_CURVE('',#5618,#5617,#4746,.F.);
#7108=EDGE_CURVE('',#5618,#5619,#2898,.T.);
#7109=EDGE_CURVE('',#5620,#5619,#2899,.T.);
#7110=EDGE_CURVE('',#5620,#5615,#2900,.T.);
#7111=EDGE_CURVE('',#5613,#5621,#4747,.T.);
#7112=EDGE_CURVE('',#5621,#5622,#2901,.T.);
#7113=EDGE_CURVE('',#5623,#5622,#2902,.T.);
#7114=EDGE_CURVE('',#5623,#5624,#2903,.T.);
#7115=EDGE_CURVE('',#5625,#5624,#4748,.F.);
#7116=EDGE_CURVE('',#5625,#5626,#2904,.T.);
#7117=EDGE_CURVE('',#5451,#5626,#2905,.T.);
#7118=EDGE_CURVE('',#5615,#5621,#2906,.T.);
#7119=EDGE_CURVE('',#5605,#5627,#4749,.T.);
#7120=EDGE_CURVE('',#5627,#5628,#2907,.T.);
#7121=EDGE_CURVE('',#5629,#5628,#2908,.T.);
#7122=EDGE_CURVE('',#5629,#5630,#2909,.T.);
#7123=EDGE_CURVE('',#5631,#5630,#4750,.F.);
#7124=EDGE_CURVE('',#5631,#5632,#2910,.T.);
#7125=EDGE_CURVE('',#5457,#5632,#2911,.T.);
#7126=EDGE_CURVE('',#5607,#5627,#2912,.T.);
#7127=EDGE_CURVE('',#5609,#5631,#2913,.T.);
#7128=EDGE_CURVE('',#5632,#5608,#2914,.T.);
#7129=EDGE_CURVE('',#5630,#5610,#2915,.T.);
#7130=EDGE_CURVE('',#5617,#5625,#2916,.T.);
#7131=EDGE_CURVE('',#5626,#5616,#2917,.T.);
#7132=EDGE_CURVE('',#5624,#5618,#2918,.T.);
#7133=EDGE_CURVE('',#5619,#5623,#2919,.T.);
#7134=EDGE_CURVE('',#5611,#5629,#2920,.T.);
#7135=EDGE_CURVE('',#5612,#5604,#2921,.T.);
#7136=EDGE_CURVE('',#5628,#5519,#2922,.T.);
#7137=EDGE_CURVE('',#5520,#5620,#2923,.T.);
#7138=EDGE_CURVE('',#5603,#5622,#2924,.T.);
#7139=EDGE_CURVE('',#5522,#5595,#2925,.T.);
#7140=EDGE_CURVE('',#5528,#5597,#2926,.T.);
#7141=EDGE_CURVE('',#5518,#5596,#2927,.T.);
#7142=EDGE_CURVE('',#5527,#5598,#2928,.T.);
#7143=EDGE_CURVE('',#5526,#5599,#2929,.T.);
#7144=EDGE_CURVE('',#5525,#5600,#2930,.T.);
#7145=EDGE_CURVE('',#5524,#5601,#2931,.T.);
#7146=EDGE_CURVE('',#5523,#5602,#2932,.T.);
#7147=EDGE_CURVE('',#5633,#5634,#4751,.T.);
#7148=EDGE_CURVE('',#5634,#5635,#2933,.T.);
#7149=EDGE_CURVE('',#5635,#5636,#1973,.T.);
#7150=EDGE_CURVE('',#5636,#5637,#2934,.T.);
#7151=EDGE_CURVE('',#5637,#5633,#1974,.T.);
#7152=EDGE_CURVE('',#5638,#5639,#2935,.T.);
#7153=EDGE_CURVE('',#5639,#5640,#4752,.T.);
#7154=EDGE_CURVE('',#5640,#5641,#2936,.T.);
#7155=EDGE_CURVE('',#5641,#5638,#1975,.T.);
#7156=EDGE_CURVE('',#5642,#5643,#1976,.T.);
#7157=EDGE_CURVE('',#5643,#5638,#2937,.T.);
#7158=EDGE_CURVE('',#5641,#5644,#2938,.T.);
#7159=EDGE_CURVE('',#5644,#5642,#4753,.T.);
#7160=EDGE_CURVE('',#5639,#5645,#4754,.T.);
#7161=EDGE_CURVE('',#5645,#5646,#4755,.T.);
#7162=EDGE_CURVE('',#5646,#5640,#4756,.T.);
#7163=EDGE_CURVE('',#5645,#5647,#2939,.T.);
#7164=EDGE_CURVE('',#5647,#5648,#4757,.T.);
#7165=EDGE_CURVE('',#5648,#5646,#2940,.T.);
#7166=EDGE_CURVE('',#5647,#5649,#4758,.T.);
#7167=EDGE_CURVE('',#5649,#5650,#4759,.T.);
#7168=EDGE_CURVE('',#5650,#5648,#4760,.T.);
#7169=EDGE_CURVE('',#5649,#5636,#2941,.T.);
#7170=EDGE_CURVE('',#5635,#5650,#2942,.T.);
#7171=EDGE_CURVE('',#5634,#5651,#2943,.T.);
#7172=EDGE_CURVE('',#5651,#5652,#2944,.T.);
#7173=EDGE_CURVE('',#5652,#5635,#2945,.T.);
#7174=EDGE_CURVE('',#5633,#5653,#2946,.T.);
#7175=EDGE_CURVE('',#5653,#5654,#2947,.T.);
#7176=EDGE_CURVE('',#5651,#5654,#2948,.T.);
#7177=EDGE_CURVE('',#5637,#5655,#2949,.T.);
#7178=EDGE_CURVE('',#5655,#5656,#2950,.T.);
#7179=EDGE_CURVE('',#5657,#5656,#2951,.T.);
#7180=EDGE_CURVE('',#5653,#5657,#2952,.T.);
#7181=EDGE_CURVE('',#5636,#5655,#2953,.T.);
#7182=EDGE_CURVE('',#5658,#5649,#2954,.T.);
#7183=EDGE_CURVE('',#5659,#5658,#2955,.F.);
#7184=EDGE_CURVE('',#5660,#5659,#2956,.T.);
#7185=EDGE_CURVE('',#5656,#5660,#2957,.T.);
#7186=EDGE_CURVE('',#5647,#5661,#2958,.T.);
#7187=EDGE_CURVE('',#5658,#5661,#4761,.T.);
#7188=EDGE_CURVE('',#5662,#5645,#2959,.T.);
#7189=EDGE_CURVE('',#5661,#5662,#2960,.F.);
#7190=EDGE_CURVE('',#5639,#5663,#2961,.T.);
#7191=EDGE_CURVE('',#5662,#5663,#4762,.T.);
#7192=EDGE_CURVE('',#5638,#5664,#2962,.T.);
#7193=EDGE_CURVE('',#5665,#5664,#2963,.T.);
#7194=EDGE_CURVE('',#5666,#5665,#2964,.T.);
#7195=EDGE_CURVE('',#5666,#5667,#2965,.T.);
#7196=EDGE_CURVE('',#5663,#5667,#2966,.F.);
#7197=EDGE_CURVE('',#5640,#5668,#2967,.T.);
#7198=EDGE_CURVE('',#5668,#5669,#2968,.T.);
#7199=EDGE_CURVE('',#5669,#5641,#2969,.T.);
#7200=EDGE_CURVE('',#5646,#5670,#2970,.T.);
#7201=EDGE_CURVE('',#5670,#5668,#4763,.T.);
#7202=EDGE_CURVE('',#5648,#5671,#2971,.T.);
#7203=EDGE_CURVE('',#5671,#5670,#2972,.T.);
#7204=EDGE_CURVE('',#5650,#5672,#2973,.T.);
#7205=EDGE_CURVE('',#5672,#5671,#4764,.T.);
#7206=EDGE_CURVE('',#5652,#5672,#2974,.T.);
#7207=EDGE_CURVE('',#5669,#5673,#2975,.T.);
#7208=EDGE_CURVE('',#5673,#5644,#2976,.T.);
#7209=EDGE_CURVE('',#5664,#5643,#2977,.T.);
#7210=EDGE_CURVE('',#5674,#5673,#2978,.T.);
#7211=EDGE_CURVE('',#5675,#5674,#2979,.T.);
#7212=EDGE_CURVE('',#5675,#5642,#2980,.T.);
#7213=EDGE_CURVE('',#5660,#5676,#2981,.T.);
#7214=EDGE_CURVE('',#5676,#5659,#2982,.F.);
#7215=EDGE_CURVE('',#5667,#5677,#2983,.F.);
#7216=EDGE_CURVE('',#5676,#5677,#2984,.T.);
#7217=EDGE_CURVE('',#5677,#5666,#2985,.T.);
#7218=EDGE_CURVE('',#5665,#5678,#2986,.T.);
#7219=EDGE_CURVE('',#5678,#5679,#2987,.T.);
#7220=EDGE_CURVE('',#5680,#5679,#2988,.T.);
#7221=EDGE_CURVE('',#5657,#5680,#2989,.T.);
#7222=EDGE_CURVE('',#5675,#5678,#2990,.T.);
#7223=EDGE_CURVE('',#5681,#5682,#2991,.T.);
#7224=EDGE_CURVE('',#5681,#5683,#2992,.T.);
#7225=EDGE_CURVE('',#5684,#5683,#2993,.T.);
#7226=EDGE_CURVE('',#5682,#5684,#2994,.T.);
#7227=EDGE_CURVE('',#5685,#5681,#2995,.T.);
#7228=EDGE_CURVE('',#5686,#5685,#2996,.T.);
#7229=EDGE_CURVE('',#5683,#5686,#2997,.T.);
#7230=EDGE_CURVE('',#5687,#5688,#2998,.T.);
#7231=EDGE_CURVE('',#5687,#5681,#4765,.T.);
#7232=EDGE_CURVE('',#5688,#5682,#4766,.T.);
#7233=EDGE_CURVE('',#5689,#5687,#2999,.T.);
#7234=EDGE_CURVE('',#5685,#5689,#4767,.T.);
#7235=EDGE_CURVE('',#5690,#5691,#3000,.T.);
#7236=EDGE_CURVE('',#5690,#5687,#3001,.T.);
#7237=EDGE_CURVE('',#5691,#5688,#3002,.T.);
#7238=EDGE_CURVE('',#5692,#5690,#3003,.T.);
#7239=EDGE_CURVE('',#5689,#5692,#3004,.T.);
#7240=EDGE_CURVE('',#5678,#5690,#4768,.T.);
#7241=EDGE_CURVE('',#5679,#5691,#4769,.T.);
#7242=EDGE_CURVE('',#5692,#5675,#4770,.T.);
#7243=EDGE_CURVE('',#5693,#5694,#3005,.T.);
#7244=EDGE_CURVE('',#5693,#5657,#4771,.T.);
#7245=EDGE_CURVE('',#5694,#5680,#4772,.T.);
#7246=EDGE_CURVE('',#5695,#5693,#3006,.T.);
#7247=EDGE_CURVE('',#5653,#5695,#4773,.T.);
#7248=EDGE_CURVE('',#5696,#5697,#3007,.T.);
#7249=EDGE_CURVE('',#5696,#5693,#3008,.T.);
#7250=EDGE_CURVE('',#5697,#5694,#3009,.T.);
#7251=EDGE_CURVE('',#5698,#5696,#3010,.T.);
#7252=EDGE_CURVE('',#5695,#5698,#3011,.T.);
#7253=EDGE_CURVE('',#5699,#5700,#3012,.T.);
#7254=EDGE_CURVE('',#5699,#5696,#4774,.T.);
#7255=EDGE_CURVE('',#5700,#5697,#4775,.T.);
#7256=EDGE_CURVE('',#5701,#5699,#3013,.T.);
#7257=EDGE_CURVE('',#5698,#5701,#4776,.T.);
#7258=EDGE_CURVE('',#5702,#5703,#3014,.T.);
#7259=EDGE_CURVE('',#5702,#5699,#3015,.T.);
#7260=EDGE_CURVE('',#5703,#5700,#3016,.T.);
#7261=EDGE_CURVE('',#5704,#5702,#3017,.T.);
#7262=EDGE_CURVE('',#5701,#5704,#3018,.T.);
#7263=EDGE_CURVE('',#5704,#5705,#3019,.T.);
#7264=EDGE_CURVE('',#5706,#5705,#3020,.T.);
#7265=EDGE_CURVE('',#5707,#5706,#3021,.T.);
#7266=EDGE_CURVE('',#5701,#5707,#3022,.T.);
#7267=EDGE_CURVE('',#5708,#5707,#4777,.T.);
#7268=EDGE_CURVE('',#5698,#5708,#3023,.T.);
#7269=EDGE_CURVE('',#5709,#5708,#3024,.T.);
#7270=EDGE_CURVE('',#5695,#5709,#3025,.T.);
#7271=EDGE_CURVE('',#5710,#5694,#3026,.T.);
#7272=EDGE_CURVE('',#5711,#5710,#3027,.T.);
#7273=EDGE_CURVE('',#5711,#5697,#3028,.T.);
#7274=EDGE_CURVE('',#5654,#5709,#4778,.T.);
#7275=EDGE_CURVE('',#5712,#5680,#3029,.T.);
#7276=EDGE_CURVE('',#5710,#5712,#4779,.T.);
#7277=EDGE_CURVE('',#5713,#5679,#3030,.T.);
#7278=EDGE_CURVE('',#5712,#5713,#3031,.T.);
#7279=EDGE_CURVE('',#5714,#5686,#3032,.T.);
#7280=EDGE_CURVE('',#5715,#5714,#3033,.T.);
#7281=EDGE_CURVE('',#5716,#5715,#3034,.T.);
#7282=EDGE_CURVE('',#5717,#5716,#3035,.T.);
#7283=EDGE_CURVE('',#5684,#5717,#3036,.T.);
#7284=EDGE_CURVE('',#5718,#5674,#4780,.T.);
#7285=EDGE_CURVE('',#5692,#5718,#3037,.T.);
#7286=EDGE_CURVE('',#5719,#5691,#3038,.T.);
#7287=EDGE_CURVE('',#5713,#5719,#4781,.T.);
#7288=EDGE_CURVE('',#5685,#5720,#3039,.T.);
#7289=EDGE_CURVE('',#5721,#5720,#3040,.T.);
#7290=EDGE_CURVE('',#5714,#5721,#3041,.T.);
#7291=EDGE_CURVE('',#5722,#5717,#3042,.T.);
#7292=EDGE_CURVE('',#5723,#5722,#3043,.T.);
#7293=EDGE_CURVE('',#5723,#5682,#3044,.T.);
#7294=EDGE_CURVE('',#5724,#5718,#3045,.T.);
#7295=EDGE_CURVE('',#5689,#5724,#3046,.T.);
#7296=EDGE_CURVE('',#5725,#5688,#3047,.T.);
#7297=EDGE_CURVE('',#5719,#5725,#3048,.T.);
#7298=EDGE_CURVE('',#5720,#5724,#4782,.T.);
#7299=EDGE_CURVE('',#5725,#5723,#4783,.T.);
#7300=EDGE_CURVE('',#5726,#5700,#3049,.T.);
#7301=EDGE_CURVE('',#5727,#5726,#3050,.T.);
#7302=EDGE_CURVE('',#5727,#5728,#3051,.T.);
#7303=EDGE_CURVE('',#5728,#5703,#3052,.T.);
#7304=EDGE_CURVE('',#5726,#5711,#4784,.T.);
#7305=EDGE_CURVE('',#5729,#5722,#3053,.T.);
#7306=EDGE_CURVE('',#5730,#5729,#4785,.T.);
#7307=EDGE_CURVE('',#5731,#5730,#3054,.T.);
#7308=EDGE_CURVE('',#5732,#5731,#4786,.T.);
#7309=EDGE_CURVE('',#5733,#5732,#3055,.T.);
#7310=EDGE_CURVE('',#5734,#5733,#4787,.T.);
#7311=EDGE_CURVE('',#5735,#5734,#3056,.T.);
#7312=EDGE_CURVE('',#5736,#5735,#4788,.T.);
#7313=EDGE_CURVE('',#5737,#5736,#3057,.T.);
#7314=EDGE_CURVE('',#5738,#5737,#4789,.T.);
#7315=EDGE_CURVE('',#5739,#5738,#3058,.T.);
#7316=EDGE_CURVE('',#5740,#5739,#4790,.T.);
#7317=EDGE_CURVE('',#5727,#5740,#3059,.T.);
#7318=EDGE_CURVE('',#5741,#5741,#4791,.T.);
#7319=EDGE_CURVE('',#5742,#5742,#4792,.T.);
#7320=EDGE_CURVE('',#5742,#5743,#3060,.T.);
#7321=EDGE_CURVE('',#5743,#5743,#4793,.T.);
#7322=EDGE_CURVE('',#5744,#5744,#4794,.T.);
#7323=EDGE_CURVE('',#5744,#5743,#3061,.T.);
#7324=EDGE_CURVE('',#5741,#5745,#3062,.T.);
#7325=EDGE_CURVE('',#5745,#5745,#4795,.T.);
#7326=EDGE_CURVE('',#5746,#5746,#4796,.T.);
#7327=EDGE_CURVE('',#5746,#5745,#3063,.T.);
#7328=EDGE_CURVE('',#5740,#5747,#3064,.T.);
#7329=EDGE_CURVE('',#5747,#5728,#3065,.T.);
#7330=EDGE_CURVE('',#5739,#5748,#3066,.T.);
#7331=EDGE_CURVE('',#5748,#5747,#4797,.T.);
#7332=EDGE_CURVE('',#5738,#5749,#3067,.T.);
#7333=EDGE_CURVE('',#5749,#5748,#3068,.T.);
#7334=EDGE_CURVE('',#5737,#5750,#3069,.T.);
#7335=EDGE_CURVE('',#5750,#5749,#4798,.T.);
#7336=EDGE_CURVE('',#5736,#5751,#3070,.T.);
#7337=EDGE_CURVE('',#5751,#5750,#3071,.T.);
#7338=EDGE_CURVE('',#5735,#5752,#3072,.T.);
#7339=EDGE_CURVE('',#5752,#5751,#4799,.T.);
#7340=EDGE_CURVE('',#5734,#5753,#3073,.T.);
#7341=EDGE_CURVE('',#5753,#5752,#3074,.T.);
#7342=EDGE_CURVE('',#5733,#5754,#3075,.T.);
#7343=EDGE_CURVE('',#5754,#5753,#4800,.T.);
#7344=EDGE_CURVE('',#5732,#5755,#3076,.T.);
#7345=EDGE_CURVE('',#5755,#5754,#3077,.T.);
#7346=EDGE_CURVE('',#5731,#5756,#3078,.T.);
#7347=EDGE_CURVE('',#5756,#5755,#4801,.T.);
#7348=EDGE_CURVE('',#5730,#5757,#3079,.T.);
#7349=EDGE_CURVE('',#5757,#5756,#3080,.T.);
#7350=EDGE_CURVE('',#5729,#5716,#3081,.T.);
#7351=EDGE_CURVE('',#5716,#5757,#4802,.T.);
#7352=EDGE_CURVE('',#5758,#5751,#3082,.T.);
#7353=EDGE_CURVE('',#5759,#5758,#3083,.T.);
#7354=EDGE_CURVE('',#5750,#5759,#3084,.T.);
#7355=EDGE_CURVE('',#5752,#5760,#3085,.T.);
#7356=EDGE_CURVE('',#5758,#5760,#4803,.T.);
#7357=EDGE_CURVE('',#5761,#5753,#3086,.T.);
#7358=EDGE_CURVE('',#5760,#5761,#3087,.T.);
#7359=EDGE_CURVE('',#5754,#5762,#3088,.T.);
#7360=EDGE_CURVE('',#5761,#5762,#4804,.T.);
#7361=EDGE_CURVE('',#5763,#5755,#3089,.T.);
#7362=EDGE_CURVE('',#5762,#5763,#3090,.T.);
#7363=EDGE_CURVE('',#5756,#5764,#3091,.T.);
#7364=EDGE_CURVE('',#5763,#5764,#4805,.T.);
#7365=EDGE_CURVE('',#5765,#5757,#3092,.T.);
#7366=EDGE_CURVE('',#5764,#5765,#3093,.T.);
#7367=EDGE_CURVE('',#5765,#5715,#4806,.T.);
#7368=EDGE_CURVE('',#5766,#5706,#3094,.T.);
#7369=EDGE_CURVE('',#5767,#5766,#4807,.T.);
#7370=EDGE_CURVE('',#5768,#5767,#3095,.T.);
#7371=EDGE_CURVE('',#5769,#5768,#4808,.T.);
#7372=EDGE_CURVE('',#5770,#5769,#3096,.T.);
#7373=EDGE_CURVE('',#5771,#5770,#4809,.T.);
#7374=EDGE_CURVE('',#5772,#5771,#3097,.T.);
#7375=EDGE_CURVE('',#5773,#5772,#4810,.T.);
#7376=EDGE_CURVE('',#5774,#5773,#3098,.T.);
#7377=EDGE_CURVE('',#5775,#5774,#4811,.T.);
#7378=EDGE_CURVE('',#5776,#5775,#3099,.T.);
#7379=EDGE_CURVE('',#5777,#5776,#4812,.T.);
#7380=EDGE_CURVE('',#5721,#5777,#3100,.T.);
#7381=EDGE_CURVE('',#5778,#5778,#4813,.T.);
#7382=EDGE_CURVE('',#5779,#5779,#4814,.T.);
#7383=EDGE_CURVE('',#5779,#5746,#3101,.T.);
#7384=EDGE_CURVE('',#5778,#5744,#3102,.T.);
#7385=EDGE_CURVE('',#5780,#5766,#3103,.T.);
#7386=EDGE_CURVE('',#5705,#5780,#3104,.T.);
#7387=EDGE_CURVE('',#5780,#5781,#4815,.T.);
#7388=EDGE_CURVE('',#5781,#5767,#3105,.T.);
#7389=EDGE_CURVE('',#5782,#5768,#3106,.T.);
#7390=EDGE_CURVE('',#5781,#5782,#3107,.T.);
#7391=EDGE_CURVE('',#5782,#5759,#4816,.T.);
#7392=EDGE_CURVE('',#5759,#5769,#3108,.T.);
#7393=EDGE_CURVE('',#5758,#5770,#3109,.T.);
#7394=EDGE_CURVE('',#5760,#5771,#3110,.T.);
#7395=EDGE_CURVE('',#5761,#5772,#3111,.T.);
#7396=EDGE_CURVE('',#5762,#5773,#3112,.T.);
#7397=EDGE_CURVE('',#5763,#5774,#3113,.T.);
#7398=EDGE_CURVE('',#5764,#5775,#3114,.T.);
#7399=EDGE_CURVE('',#5765,#5776,#3115,.T.);
#7400=EDGE_CURVE('',#5715,#5777,#3116,.T.);
#7401=EDGE_CURVE('',#5782,#5749,#3117,.T.);
#7402=EDGE_CURVE('',#5748,#5781,#3118,.T.);
#7403=EDGE_CURVE('',#5780,#5747,#3119,.T.);
#7404=EDGE_CURVE('',#5783,#5784,#3120,.T.);
#7405=EDGE_CURVE('',#5784,#5785,#4817,.T.);
#7406=EDGE_CURVE('',#5785,#5786,#3121,.T.);
#7407=EDGE_CURVE('',#5786,#5783,#1977,.T.);
#7408=EDGE_CURVE('',#5787,#5783,#3122,.T.);
#7409=EDGE_CURVE('',#5786,#5788,#3123,.T.);
#7410=EDGE_CURVE('',#5788,#5787,#1978,.T.);
#7411=EDGE_CURVE('',#5789,#5790,#3124,.T.);
#7412=EDGE_CURVE('',#5790,#5791,#4818,.T.);
#7413=EDGE_CURVE('',#5791,#5792,#3125,.T.);
#7414=EDGE_CURVE('',#5792,#5789,#1979,.T.);
#7415=EDGE_CURVE('',#5790,#5793,#4819,.T.);
#7416=EDGE_CURVE('',#5793,#5794,#4820,.T.);
#7417=EDGE_CURVE('',#5794,#5791,#4821,.T.);
#7418=EDGE_CURVE('',#5793,#5795,#3126,.T.);
#7419=EDGE_CURVE('',#5795,#5796,#4822,.T.);
#7420=EDGE_CURVE('',#5796,#5794,#3127,.T.);
#7421=EDGE_CURVE('',#5795,#5797,#4823,.T.);
#7422=EDGE_CURVE('',#5797,#5798,#4824,.T.);
#7423=EDGE_CURVE('',#5798,#5796,#4825,.T.);
#7424=EDGE_CURVE('',#5797,#5787,#3128,.T.);
#7425=EDGE_CURVE('',#5788,#5798,#3129,.T.);
#7426=EDGE_CURVE('',#5799,#5789,#3130,.T.);
#7427=EDGE_CURVE('',#5792,#5800,#3131,.T.);
#7428=EDGE_CURVE('',#5800,#5799,#1980,.T.);
#7429=EDGE_CURVE('',#5784,#5801,#4826,.T.);
#7430=EDGE_CURVE('',#5801,#5802,#4827,.T.);
#7431=EDGE_CURVE('',#5802,#5785,#4828,.T.);
#7432=EDGE_CURVE('',#5801,#5803,#3132,.T.);
#7433=EDGE_CURVE('',#5803,#5804,#4829,.T.);
#7434=EDGE_CURVE('',#5804,#5802,#3133,.T.);
#7435=EDGE_CURVE('',#5803,#5805,#4830,.T.);
#7436=EDGE_CURVE('',#5805,#5806,#4831,.T.);
#7437=EDGE_CURVE('',#5806,#5804,#4832,.T.);
#7438=EDGE_CURVE('',#5805,#5799,#3134,.T.);
#7439=EDGE_CURVE('',#5800,#5806,#3135,.T.);
#7440=EDGE_CURVE('',#5787,#5807,#3136,.F.);
#7441=EDGE_CURVE('',#5808,#5807,#3137,.T.);
#7442=EDGE_CURVE('',#5783,#5808,#3138,.T.);
#7443=EDGE_CURVE('',#5809,#5797,#3139,.T.);
#7444=EDGE_CURVE('',#5807,#5809,#3140,.T.);
#7445=EDGE_CURVE('',#5795,#5810,#3141,.T.);
#7446=EDGE_CURVE('',#5809,#5810,#4833,.T.);
#7447=EDGE_CURVE('',#5811,#5793,#3142,.T.);
#7448=EDGE_CURVE('',#5810,#5811,#3143,.T.);
#7449=EDGE_CURVE('',#5790,#5812,#3144,.T.);
#7450=EDGE_CURVE('',#5811,#5812,#4834,.T.);
#7451=EDGE_CURVE('',#5789,#5813,#3145,.T.);
#7452=EDGE_CURVE('',#5812,#5813,#3146,.T.);
#7453=EDGE_CURVE('',#5802,#5814,#3147,.T.);
#7454=EDGE_CURVE('',#5814,#5815,#4835,.T.);
#7455=EDGE_CURVE('',#5785,#5815,#3148,.T.);
#7456=EDGE_CURVE('',#5804,#5816,#3149,.T.);
#7457=EDGE_CURVE('',#5816,#5814,#3150,.T.);
#7458=EDGE_CURVE('',#5806,#5817,#3151,.T.);
#7459=EDGE_CURVE('',#5817,#5816,#4836,.T.);
#7460=EDGE_CURVE('',#5818,#5800,#3152,.T.);
#7461=EDGE_CURVE('',#5818,#5817,#3153,.T.);
#7462=EDGE_CURVE('',#5819,#5792,#3154,.T.);
#7463=EDGE_CURVE('',#5819,#5818,#3155,.T.);
#7464=EDGE_CURVE('',#5791,#5820,#3156,.T.);
#7465=EDGE_CURVE('',#5820,#5819,#3157,.T.);
#7466=EDGE_CURVE('',#5813,#5821,#3158,.T.);
#7467=EDGE_CURVE('',#5821,#5822,#1981,.T.);
#7468=EDGE_CURVE('',#5822,#5823,#3159,.T.);
#7469=EDGE_CURVE('',#5823,#5813,#1982,.T.);
#7470=EDGE_CURVE('',#5809,#5824,#4837,.T.);
#7471=EDGE_CURVE('',#5824,#5825,#3160,.T.);
#7472=EDGE_CURVE('',#5825,#5807,#1983,.T.);
#7473=EDGE_CURVE('',#5821,#5826,#3161,.T.);
#7474=EDGE_CURVE('',#5826,#5827,#4838,.T.);
#7475=EDGE_CURVE('',#5827,#5822,#3162,.T.);
#7476=EDGE_CURVE('',#5826,#5828,#4839,.T.);
#7477=EDGE_CURVE('',#5828,#5829,#4840,.T.);
#7478=EDGE_CURVE('',#5829,#5827,#4841,.T.);
#7479=EDGE_CURVE('',#5828,#5830,#3163,.T.);
#7480=EDGE_CURVE('',#5830,#5831,#4842,.T.);
#7481=EDGE_CURVE('',#5831,#5829,#3164,.T.);
#7482=EDGE_CURVE('',#5830,#5832,#4843,.T.);
#7483=EDGE_CURVE('',#5832,#5833,#4844,.T.);
#7484=EDGE_CURVE('',#5833,#5831,#4845,.T.);
#7485=EDGE_CURVE('',#5832,#5808,#3165,.T.);
#7486=EDGE_CURVE('',#5808,#5834,#1984,.T.);
#7487=EDGE_CURVE('',#5834,#5833,#3166,.T.);
#7488=EDGE_CURVE('',#5825,#5834,#3167,.T.);
#7489=EDGE_CURVE('',#5810,#5835,#4846,.T.);
#7490=EDGE_CURVE('',#5835,#5824,#4847,.T.);
#7491=EDGE_CURVE('',#5811,#5836,#4848,.T.);
#7492=EDGE_CURVE('',#5836,#5835,#3168,.T.);
#7493=EDGE_CURVE('',#5812,#5837,#4849,.T.);
#7494=EDGE_CURVE('',#5837,#5836,#4850,.T.);
#7495=EDGE_CURVE('',#5823,#5837,#3169,.T.);
#7496=EDGE_CURVE('',#5838,#5829,#3170,.T.);
#7497=EDGE_CURVE('',#5838,#5839,#4851,.T.);
#7498=EDGE_CURVE('',#5839,#5827,#3171,.T.);
#7499=EDGE_CURVE('',#5840,#5831,#3172,.T.);
#7500=EDGE_CURVE('',#5840,#5838,#3173,.T.);
#7501=EDGE_CURVE('',#5841,#5833,#3174,.T.);
#7502=EDGE_CURVE('',#5841,#5840,#4852,.T.);
#7503=EDGE_CURVE('',#5842,#5834,#3175,.T.);
#7504=EDGE_CURVE('',#5842,#5841,#3176,.T.);
#7505=EDGE_CURVE('',#5825,#5843,#3177,.T.);
#7506=EDGE_CURVE('',#5843,#5842,#3178,.T.);
#7507=EDGE_CURVE('',#5844,#5824,#3179,.T.);
#7508=EDGE_CURVE('',#5844,#5843,#3180,.T.);
#7509=EDGE_CURVE('',#5799,#5821,#3181,.F.);
#7510=EDGE_CURVE('',#5845,#5822,#3182,.T.);
#7511=EDGE_CURVE('',#5845,#5846,#3183,.T.);
#7512=EDGE_CURVE('',#5846,#5823,#3184,.T.);
#7513=EDGE_CURVE('',#5846,#5847,#3185,.T.);
#7514=EDGE_CURVE('',#5847,#5837,#3186,.T.);
#7515=EDGE_CURVE('',#5847,#5848,#4853,.T.);
#7516=EDGE_CURVE('',#5848,#5836,#3187,.T.);
#7517=EDGE_CURVE('',#5848,#5849,#3188,.T.);
#7518=EDGE_CURVE('',#5849,#5835,#3189,.T.);
#7519=EDGE_CURVE('',#5849,#5844,#4854,.T.);
#7520=EDGE_CURVE('',#5839,#5845,#3190,.T.);
#7521=EDGE_CURVE('',#5784,#5832,#3191,.T.);
#7522=EDGE_CURVE('',#5830,#5801,#3192,.T.);
#7523=EDGE_CURVE('',#5803,#5828,#3193,.T.);
#7524=EDGE_CURVE('',#5826,#5805,#3194,.T.);
#7525=EDGE_CURVE('',#5815,#5850,#3195,.T.);
#7526=EDGE_CURVE('',#5850,#5786,#3196,.T.);
#7527=EDGE_CURVE('',#5794,#5851,#3197,.T.);
#7528=EDGE_CURVE('',#5851,#5820,#4855,.T.);
#7529=EDGE_CURVE('',#5796,#5852,#3198,.T.);
#7530=EDGE_CURVE('',#5852,#5851,#3199,.T.);
#7531=EDGE_CURVE('',#5798,#5853,#3200,.T.);
#7532=EDGE_CURVE('',#5853,#5852,#4856,.T.);
#7533=EDGE_CURVE('',#5788,#5854,#3201,.T.);
#7534=EDGE_CURVE('',#5854,#5853,#3202,.T.);
#7535=EDGE_CURVE('',#5850,#5854,#3203,.T.);
#7536=ORIENTED_EDGE('',*,*,#5855,.T.);
#7537=ORIENTED_EDGE('',*,*,#5856,.T.);
#7538=ORIENTED_EDGE('',*,*,#5857,.T.);
#7539=ORIENTED_EDGE('',*,*,#5858,.T.);
#7540=ORIENTED_EDGE('',*,*,#5859,.T.);
#7541=ORIENTED_EDGE('',*,*,#5860,.T.);
#7542=ORIENTED_EDGE('',*,*,#5861,.T.);
#7543=ORIENTED_EDGE('',*,*,#5862,.T.);
#7544=ORIENTED_EDGE('',*,*,#5863,.T.);
#7545=ORIENTED_EDGE('',*,*,#5861,.F.);
#7546=ORIENTED_EDGE('',*,*,#5864,.T.);
#7547=ORIENTED_EDGE('',*,*,#5865,.T.);
#7548=ORIENTED_EDGE('',*,*,#5866,.T.);
#7549=ORIENTED_EDGE('',*,*,#5865,.F.);
#7550=ORIENTED_EDGE('',*,*,#5867,.T.);
#7551=ORIENTED_EDGE('',*,*,#5868,.T.);
#7552=ORIENTED_EDGE('',*,*,#5869,.T.);
#7553=ORIENTED_EDGE('',*,*,#5868,.F.);
#7554=ORIENTED_EDGE('',*,*,#5870,.T.);
#7555=ORIENTED_EDGE('',*,*,#5871,.T.);
#7556=ORIENTED_EDGE('',*,*,#5872,.T.);
#7557=ORIENTED_EDGE('',*,*,#5871,.F.);
#7558=ORIENTED_EDGE('',*,*,#5873,.T.);
#7559=ORIENTED_EDGE('',*,*,#5857,.F.);
#7560=ORIENTED_EDGE('',*,*,#5874,.T.);
#7561=ORIENTED_EDGE('',*,*,#5875,.T.);
#7562=ORIENTED_EDGE('',*,*,#5876,.T.);
#7563=ORIENTED_EDGE('',*,*,#5863,.F.);
#7564=ORIENTED_EDGE('',*,*,#5877,.T.);
#7565=ORIENTED_EDGE('',*,*,#5878,.T.);
#7566=ORIENTED_EDGE('',*,*,#5856,.F.);
#7567=ORIENTED_EDGE('',*,*,#5879,.T.);
#7568=ORIENTED_EDGE('',*,*,#5880,.T.);
#7569=ORIENTED_EDGE('',*,*,#5881,.T.);
#7570=ORIENTED_EDGE('',*,*,#5855,.F.);
#7571=ORIENTED_EDGE('',*,*,#5882,.T.);
#7572=ORIENTED_EDGE('',*,*,#5883,.T.);
#7573=ORIENTED_EDGE('',*,*,#5884,.T.);
#7574=ORIENTED_EDGE('',*,*,#5879,.F.);
#7575=ORIENTED_EDGE('',*,*,#5859,.F.);
#7576=ORIENTED_EDGE('',*,*,#5885,.T.);
#7577=ORIENTED_EDGE('',*,*,#5886,.T.);
#7578=ORIENTED_EDGE('',*,*,#5887,.F.);
#7579=ORIENTED_EDGE('',*,*,#5888,.F.);
#7580=ORIENTED_EDGE('',*,*,#5882,.F.);
#7581=ORIENTED_EDGE('',*,*,#5858,.F.);
#7582=ORIENTED_EDGE('',*,*,#5889,.T.);
#7583=ORIENTED_EDGE('',*,*,#5890,.F.);
#7584=ORIENTED_EDGE('',*,*,#5891,.F.);
#7585=ORIENTED_EDGE('',*,*,#5892,.F.);
#7586=ORIENTED_EDGE('',*,*,#5885,.F.);
#7587=ORIENTED_EDGE('',*,*,#5873,.F.);
#7588=ORIENTED_EDGE('',*,*,#5893,.F.);
#7589=ORIENTED_EDGE('',*,*,#5894,.F.);
#7590=ORIENTED_EDGE('',*,*,#5889,.F.);
#7591=ORIENTED_EDGE('',*,*,#5870,.F.);
#7592=ORIENTED_EDGE('',*,*,#5895,.T.);
#7593=ORIENTED_EDGE('',*,*,#5896,.F.);
#7594=ORIENTED_EDGE('',*,*,#5893,.T.);
#7595=ORIENTED_EDGE('',*,*,#5867,.F.);
#7596=ORIENTED_EDGE('',*,*,#5897,.F.);
#7597=ORIENTED_EDGE('',*,*,#5898,.F.);
#7598=ORIENTED_EDGE('',*,*,#5895,.F.);
#7599=ORIENTED_EDGE('',*,*,#5864,.F.);
#7600=ORIENTED_EDGE('',*,*,#5899,.T.);
#7601=ORIENTED_EDGE('',*,*,#5900,.F.);
#7602=ORIENTED_EDGE('',*,*,#5897,.T.);
#7603=ORIENTED_EDGE('',*,*,#5860,.F.);
#7604=ORIENTED_EDGE('',*,*,#5901,.T.);
#7605=ORIENTED_EDGE('',*,*,#5902,.F.);
#7606=ORIENTED_EDGE('',*,*,#5899,.F.);
#7607=ORIENTED_EDGE('',*,*,#5862,.F.);
#7608=ORIENTED_EDGE('',*,*,#5903,.T.);
#7609=ORIENTED_EDGE('',*,*,#5904,.T.);
#7610=ORIENTED_EDGE('',*,*,#5905,.T.);
#7611=ORIENTED_EDGE('',*,*,#5866,.F.);
#7612=ORIENTED_EDGE('',*,*,#5906,.T.);
#7613=ORIENTED_EDGE('',*,*,#5907,.T.);
#7614=ORIENTED_EDGE('',*,*,#5903,.F.);
#7615=ORIENTED_EDGE('',*,*,#5869,.F.);
#7616=ORIENTED_EDGE('',*,*,#5908,.T.);
#7617=ORIENTED_EDGE('',*,*,#5909,.T.);
#7618=ORIENTED_EDGE('',*,*,#5906,.F.);
#7619=ORIENTED_EDGE('',*,*,#5872,.F.);
#7620=ORIENTED_EDGE('',*,*,#5910,.T.);
#7621=ORIENTED_EDGE('',*,*,#5911,.T.);
#7622=ORIENTED_EDGE('',*,*,#5908,.F.);
#7623=ORIENTED_EDGE('',*,*,#5874,.F.);
#7624=ORIENTED_EDGE('',*,*,#5881,.F.);
#7625=ORIENTED_EDGE('',*,*,#5912,.T.);
#7626=ORIENTED_EDGE('',*,*,#5910,.F.);
#7627=ORIENTED_EDGE('',*,*,#5877,.F.);
#7628=ORIENTED_EDGE('',*,*,#5905,.F.);
#7629=ORIENTED_EDGE('',*,*,#5913,.T.);
#7630=ORIENTED_EDGE('',*,*,#5914,.T.);
#7631=ORIENTED_EDGE('',*,*,#5876,.F.);
#7632=ORIENTED_EDGE('',*,*,#5915,.F.);
#7633=ORIENTED_EDGE('',*,*,#5916,.T.);
#7634=ORIENTED_EDGE('',*,*,#5917,.F.);
#7635=ORIENTED_EDGE('',*,*,#5918,.F.);
#7636=ORIENTED_EDGE('',*,*,#5901,.F.);
#7637=ORIENTED_EDGE('',*,*,#5878,.F.);
#7638=ORIENTED_EDGE('',*,*,#5914,.F.);
#7639=ORIENTED_EDGE('',*,*,#5919,.T.);
#7640=ORIENTED_EDGE('',*,*,#5920,.F.);
#7641=ORIENTED_EDGE('',*,*,#5921,.T.);
#7642=ORIENTED_EDGE('',*,*,#5900,.T.);
#7643=ORIENTED_EDGE('',*,*,#5902,.T.);
#7644=ORIENTED_EDGE('',*,*,#5918,.T.);
#7645=ORIENTED_EDGE('',*,*,#5922,.F.);
#7646=ORIENTED_EDGE('',*,*,#5890,.T.);
#7647=ORIENTED_EDGE('',*,*,#5894,.T.);
#7648=ORIENTED_EDGE('',*,*,#5896,.T.);
#7649=ORIENTED_EDGE('',*,*,#5898,.T.);
#7650=ORIENTED_EDGE('',*,*,#5923,.F.);
#7651=ORIENTED_EDGE('',*,*,#5916,.F.);
#7652=ORIENTED_EDGE('',*,*,#5924,.F.);
#7653=ORIENTED_EDGE('',*,*,#5925,.F.);
#7654=ORIENTED_EDGE('',*,*,#5926,.F.);
#7655=ORIENTED_EDGE('',*,*,#5927,.F.);
#7656=ORIENTED_EDGE('',*,*,#5886,.F.);
#7657=ORIENTED_EDGE('',*,*,#5892,.T.);
#7658=ORIENTED_EDGE('',*,*,#5927,.T.);
#7659=ORIENTED_EDGE('',*,*,#5928,.T.);
#7660=ORIENTED_EDGE('',*,*,#5929,.T.);
#7661=ORIENTED_EDGE('',*,*,#5887,.T.);
#7662=ORIENTED_EDGE('',*,*,#5925,.T.);
#7663=ORIENTED_EDGE('',*,*,#5930,.T.);
#7664=ORIENTED_EDGE('',*,*,#5931,.F.);
#7665=ORIENTED_EDGE('',*,*,#5932,.T.);
#7666=ORIENTED_EDGE('',*,*,#5875,.F.);
#7667=ORIENTED_EDGE('',*,*,#5921,.F.);
#7668=ORIENTED_EDGE('',*,*,#5933,.T.);
#7669=ORIENTED_EDGE('',*,*,#5930,.F.);
#7670=ORIENTED_EDGE('',*,*,#5924,.T.);
#7671=ORIENTED_EDGE('',*,*,#5915,.T.);
#7672=ORIENTED_EDGE('',*,*,#5880,.F.);
#7673=ORIENTED_EDGE('',*,*,#5884,.F.);
#7674=ORIENTED_EDGE('',*,*,#5934,.F.);
#7675=ORIENTED_EDGE('',*,*,#5935,.F.);
#7676=ORIENTED_EDGE('',*,*,#5936,.F.);
#7677=ORIENTED_EDGE('',*,*,#5937,.F.);
#7678=ORIENTED_EDGE('',*,*,#5938,.F.);
#7679=ORIENTED_EDGE('',*,*,#5939,.F.);
#7680=ORIENTED_EDGE('',*,*,#5940,.F.);
#7681=ORIENTED_EDGE('',*,*,#5941,.F.);
#7682=ORIENTED_EDGE('',*,*,#5942,.F.);
#7683=ORIENTED_EDGE('',*,*,#5943,.F.);
#7684=ORIENTED_EDGE('',*,*,#5944,.F.);
#7685=ORIENTED_EDGE('',*,*,#5945,.F.);
#7686=ORIENTED_EDGE('',*,*,#5946,.F.);
#7687=ORIENTED_EDGE('',*,*,#5947,.F.);
#7688=ORIENTED_EDGE('',*,*,#5948,.F.);
#7689=ORIENTED_EDGE('',*,*,#5949,.F.);
#7690=ORIENTED_EDGE('',*,*,#5950,.F.);
#7691=ORIENTED_EDGE('',*,*,#5951,.F.);
#7692=ORIENTED_EDGE('',*,*,#5952,.F.);
#7693=ORIENTED_EDGE('',*,*,#5919,.F.);
#7694=ORIENTED_EDGE('',*,*,#5913,.F.);
#7695=ORIENTED_EDGE('',*,*,#5904,.F.);
#7696=ORIENTED_EDGE('',*,*,#5907,.F.);
#7697=ORIENTED_EDGE('',*,*,#5909,.F.);
#7698=ORIENTED_EDGE('',*,*,#5911,.F.);
#7699=ORIENTED_EDGE('',*,*,#5912,.F.);
#7700=ORIENTED_EDGE('',*,*,#5953,.F.);
#7701=ORIENTED_EDGE('',*,*,#5954,.F.);
#7702=ORIENTED_EDGE('',*,*,#5955,.F.);
#7703=ORIENTED_EDGE('',*,*,#5956,.F.);
#7704=ORIENTED_EDGE('',*,*,#5957,.F.);
#7705=ORIENTED_EDGE('',*,*,#5958,.F.);
#7706=ORIENTED_EDGE('',*,*,#5959,.F.);
#7707=ORIENTED_EDGE('',*,*,#5960,.F.);
#7708=ORIENTED_EDGE('',*,*,#5961,.F.);
#7709=ORIENTED_EDGE('',*,*,#5962,.F.);
#7710=ORIENTED_EDGE('',*,*,#5963,.T.);
#7711=ORIENTED_EDGE('',*,*,#5964,.T.);
#7712=ORIENTED_EDGE('',*,*,#5965,.T.);
#7713=ORIENTED_EDGE('',*,*,#5966,.T.);
#7714=ORIENTED_EDGE('',*,*,#5965,.F.);
#7715=ORIENTED_EDGE('',*,*,#5967,.T.);
#7716=ORIENTED_EDGE('',*,*,#5968,.T.);
#7717=ORIENTED_EDGE('',*,*,#5969,.T.);
#7718=ORIENTED_EDGE('',*,*,#5968,.F.);
#7719=ORIENTED_EDGE('',*,*,#5970,.T.);
#7720=ORIENTED_EDGE('',*,*,#5971,.T.);
#7721=ORIENTED_EDGE('',*,*,#5972,.T.);
#7722=ORIENTED_EDGE('',*,*,#5971,.F.);
#7723=ORIENTED_EDGE('',*,*,#5973,.T.);
#7724=ORIENTED_EDGE('',*,*,#5931,.T.);
#7725=ORIENTED_EDGE('',*,*,#5974,.T.);
#7726=ORIENTED_EDGE('',*,*,#5929,.F.);
#7727=ORIENTED_EDGE('',*,*,#5975,.T.);
#7728=ORIENTED_EDGE('',*,*,#5976,.T.);
#7729=ORIENTED_EDGE('',*,*,#5977,.T.);
#7730=ORIENTED_EDGE('',*,*,#5976,.F.);
#7731=ORIENTED_EDGE('',*,*,#5978,.T.);
#7732=ORIENTED_EDGE('',*,*,#5979,.T.);
#7733=ORIENTED_EDGE('',*,*,#5980,.T.);
#7734=ORIENTED_EDGE('',*,*,#5979,.F.);
#7735=ORIENTED_EDGE('',*,*,#5981,.T.);
#7736=ORIENTED_EDGE('',*,*,#5982,.T.);
#7737=ORIENTED_EDGE('',*,*,#5983,.T.);
#7738=ORIENTED_EDGE('',*,*,#5984,.T.);
#7739=ORIENTED_EDGE('',*,*,#5985,.T.);
#7740=ORIENTED_EDGE('',*,*,#5982,.F.);
#7741=ORIENTED_EDGE('',*,*,#5986,.T.);
#7742=ORIENTED_EDGE('',*,*,#5981,.F.);
#7743=ORIENTED_EDGE('',*,*,#5987,.T.);
#7744=ORIENTED_EDGE('',*,*,#5988,.F.);
#7745=ORIENTED_EDGE('',*,*,#5989,.F.);
#7746=ORIENTED_EDGE('',*,*,#5978,.F.);
#7747=ORIENTED_EDGE('',*,*,#5990,.T.);
#7748=ORIENTED_EDGE('',*,*,#5991,.F.);
#7749=ORIENTED_EDGE('',*,*,#5987,.F.);
#7750=ORIENTED_EDGE('',*,*,#5975,.F.);
#7751=ORIENTED_EDGE('',*,*,#5992,.T.);
#7752=ORIENTED_EDGE('',*,*,#5993,.F.);
#7753=ORIENTED_EDGE('',*,*,#5990,.F.);
#7754=ORIENTED_EDGE('',*,*,#5923,.T.);
#7755=ORIENTED_EDGE('',*,*,#5932,.F.);
#7756=ORIENTED_EDGE('',*,*,#5994,.T.);
#7757=ORIENTED_EDGE('',*,*,#5995,.F.);
#7758=ORIENTED_EDGE('',*,*,#5992,.F.);
#7759=ORIENTED_EDGE('',*,*,#5928,.F.);
#7760=ORIENTED_EDGE('',*,*,#5926,.T.);
#7761=ORIENTED_EDGE('',*,*,#5891,.T.);
#7762=ORIENTED_EDGE('',*,*,#5922,.T.);
#7763=ORIENTED_EDGE('',*,*,#5917,.T.);
#7764=ORIENTED_EDGE('',*,*,#5973,.F.);
#7765=ORIENTED_EDGE('',*,*,#5996,.T.);
#7766=ORIENTED_EDGE('',*,*,#5997,.F.);
#7767=ORIENTED_EDGE('',*,*,#5994,.F.);
#7768=ORIENTED_EDGE('',*,*,#5970,.F.);
#7769=ORIENTED_EDGE('',*,*,#5998,.T.);
#7770=ORIENTED_EDGE('',*,*,#5999,.F.);
#7771=ORIENTED_EDGE('',*,*,#5996,.F.);
#7772=ORIENTED_EDGE('',*,*,#5967,.F.);
#7773=ORIENTED_EDGE('',*,*,#6000,.T.);
#7774=ORIENTED_EDGE('',*,*,#6001,.F.);
#7775=ORIENTED_EDGE('',*,*,#5998,.F.);
#7776=ORIENTED_EDGE('',*,*,#5964,.F.);
#7777=ORIENTED_EDGE('',*,*,#6002,.T.);
#7778=ORIENTED_EDGE('',*,*,#6003,.F.);
#7779=ORIENTED_EDGE('',*,*,#6000,.F.);
#7780=ORIENTED_EDGE('',*,*,#5963,.F.);
#7781=ORIENTED_EDGE('',*,*,#6004,.T.);
#7782=ORIENTED_EDGE('',*,*,#6005,.F.);
#7783=ORIENTED_EDGE('',*,*,#6002,.F.);
#7784=ORIENTED_EDGE('',*,*,#5966,.F.);
#7785=ORIENTED_EDGE('',*,*,#6006,.F.);
#7786=ORIENTED_EDGE('',*,*,#6007,.F.);
#7787=ORIENTED_EDGE('',*,*,#6004,.F.);
#7788=ORIENTED_EDGE('',*,*,#5986,.F.);
#7789=ORIENTED_EDGE('',*,*,#5989,.T.);
#7790=ORIENTED_EDGE('',*,*,#6008,.F.);
#7791=ORIENTED_EDGE('',*,*,#6009,.F.);
#7792=ORIENTED_EDGE('',*,*,#5985,.F.);
#7793=ORIENTED_EDGE('',*,*,#6010,.F.);
#7794=ORIENTED_EDGE('',*,*,#6011,.F.);
#7795=ORIENTED_EDGE('',*,*,#6012,.T.);
#7796=ORIENTED_EDGE('',*,*,#5983,.F.);
#7797=ORIENTED_EDGE('',*,*,#6012,.F.);
#7798=ORIENTED_EDGE('',*,*,#6013,.F.);
#7799=ORIENTED_EDGE('',*,*,#6014,.T.);
#7800=ORIENTED_EDGE('',*,*,#5980,.F.);
#7801=ORIENTED_EDGE('',*,*,#6014,.F.);
#7802=ORIENTED_EDGE('',*,*,#6015,.F.);
#7803=ORIENTED_EDGE('',*,*,#6016,.T.);
#7804=ORIENTED_EDGE('',*,*,#5977,.F.);
#7805=ORIENTED_EDGE('',*,*,#6016,.F.);
#7806=ORIENTED_EDGE('',*,*,#6017,.F.);
#7807=ORIENTED_EDGE('',*,*,#5888,.T.);
#7808=ORIENTED_EDGE('',*,*,#5974,.F.);
#7809=ORIENTED_EDGE('',*,*,#5933,.F.);
#7810=ORIENTED_EDGE('',*,*,#6018,.F.);
#7811=ORIENTED_EDGE('',*,*,#6019,.T.);
#7812=ORIENTED_EDGE('',*,*,#5972,.F.);
#7813=ORIENTED_EDGE('',*,*,#6019,.F.);
#7814=ORIENTED_EDGE('',*,*,#6020,.F.);
#7815=ORIENTED_EDGE('',*,*,#6021,.T.);
#7816=ORIENTED_EDGE('',*,*,#5969,.F.);
#7817=ORIENTED_EDGE('',*,*,#6021,.F.);
#7818=ORIENTED_EDGE('',*,*,#6022,.F.);
#7819=ORIENTED_EDGE('',*,*,#6006,.T.);
#7820=ORIENTED_EDGE('',*,*,#5984,.F.);
#7821=ORIENTED_EDGE('',*,*,#6009,.T.);
#7822=ORIENTED_EDGE('',*,*,#6023,.F.);
#7823=ORIENTED_EDGE('',*,*,#6010,.T.);
#7824=ORIENTED_EDGE('',*,*,#6008,.T.);
#7825=ORIENTED_EDGE('',*,*,#6024,.F.);
#7826=ORIENTED_EDGE('',*,*,#6025,.T.);
#7827=ORIENTED_EDGE('',*,*,#6026,.T.);
#7828=ORIENTED_EDGE('',*,*,#6027,.F.);
#7829=ORIENTED_EDGE('',*,*,#5988,.T.);
#7830=ORIENTED_EDGE('',*,*,#6028,.F.);
#7831=ORIENTED_EDGE('',*,*,#6029,.T.);
#7832=ORIENTED_EDGE('',*,*,#6024,.T.);
#7833=ORIENTED_EDGE('',*,*,#5991,.T.);
#7834=ORIENTED_EDGE('',*,*,#6030,.F.);
#7835=ORIENTED_EDGE('',*,*,#6031,.T.);
#7836=ORIENTED_EDGE('',*,*,#6028,.T.);
#7837=ORIENTED_EDGE('',*,*,#5993,.T.);
#7838=ORIENTED_EDGE('',*,*,#6032,.F.);
#7839=ORIENTED_EDGE('',*,*,#6033,.T.);
#7840=ORIENTED_EDGE('',*,*,#6030,.T.);
#7841=ORIENTED_EDGE('',*,*,#5995,.T.);
#7842=ORIENTED_EDGE('',*,*,#6034,.F.);
#7843=ORIENTED_EDGE('',*,*,#6035,.T.);
#7844=ORIENTED_EDGE('',*,*,#6032,.T.);
#7845=ORIENTED_EDGE('',*,*,#5997,.T.);
#7846=ORIENTED_EDGE('',*,*,#6036,.F.);
#7847=ORIENTED_EDGE('',*,*,#6037,.T.);
#7848=ORIENTED_EDGE('',*,*,#6034,.T.);
#7849=ORIENTED_EDGE('',*,*,#5999,.T.);
#7850=ORIENTED_EDGE('',*,*,#6038,.F.);
#7851=ORIENTED_EDGE('',*,*,#6039,.T.);
#7852=ORIENTED_EDGE('',*,*,#6036,.T.);
#7853=ORIENTED_EDGE('',*,*,#6001,.T.);
#7854=ORIENTED_EDGE('',*,*,#6040,.F.);
#7855=ORIENTED_EDGE('',*,*,#6041,.T.);
#7856=ORIENTED_EDGE('',*,*,#6038,.T.);
#7857=ORIENTED_EDGE('',*,*,#6003,.T.);
#7858=ORIENTED_EDGE('',*,*,#6042,.F.);
#7859=ORIENTED_EDGE('',*,*,#6043,.F.);
#7860=ORIENTED_EDGE('',*,*,#6044,.T.);
#7861=ORIENTED_EDGE('',*,*,#6040,.T.);
#7862=ORIENTED_EDGE('',*,*,#6045,.F.);
#7863=ORIENTED_EDGE('',*,*,#6046,.T.);
#7864=ORIENTED_EDGE('',*,*,#6047,.F.);
#7865=ORIENTED_EDGE('',*,*,#6048,.F.);
#7866=ORIENTED_EDGE('',*,*,#6049,.F.);
#7867=ORIENTED_EDGE('',*,*,#6050,.T.);
#7868=ORIENTED_EDGE('',*,*,#6051,.F.);
#7869=ORIENTED_EDGE('',*,*,#6046,.F.);
#7870=ORIENTED_EDGE('',*,*,#6052,.F.);
#7871=ORIENTED_EDGE('',*,*,#6053,.T.);
#7872=ORIENTED_EDGE('',*,*,#6054,.F.);
#7873=ORIENTED_EDGE('',*,*,#6050,.F.);
#7874=ORIENTED_EDGE('',*,*,#6055,.F.);
#7875=ORIENTED_EDGE('',*,*,#6056,.T.);
#7876=ORIENTED_EDGE('',*,*,#6057,.F.);
#7877=ORIENTED_EDGE('',*,*,#6053,.F.);
#7878=ORIENTED_EDGE('',*,*,#6058,.F.);
#7879=ORIENTED_EDGE('',*,*,#6059,.F.);
#7880=ORIENTED_EDGE('',*,*,#6060,.F.);
#7881=ORIENTED_EDGE('',*,*,#6056,.F.);
#7882=ORIENTED_EDGE('',*,*,#6061,.F.);
#7883=ORIENTED_EDGE('',*,*,#6062,.T.);
#7884=ORIENTED_EDGE('',*,*,#6063,.F.);
#7885=ORIENTED_EDGE('',*,*,#6064,.F.);
#7886=ORIENTED_EDGE('',*,*,#6065,.F.);
#7887=ORIENTED_EDGE('',*,*,#6066,.T.);
#7888=ORIENTED_EDGE('',*,*,#6067,.F.);
#7889=ORIENTED_EDGE('',*,*,#6062,.F.);
#7890=ORIENTED_EDGE('',*,*,#6068,.F.);
#7891=ORIENTED_EDGE('',*,*,#6042,.T.);
#7892=ORIENTED_EDGE('',*,*,#6005,.T.);
#7893=ORIENTED_EDGE('',*,*,#6069,.T.);
#7894=ORIENTED_EDGE('',*,*,#6070,.F.);
#7895=ORIENTED_EDGE('',*,*,#6071,.T.);
#7896=ORIENTED_EDGE('',*,*,#6072,.F.);
#7897=ORIENTED_EDGE('',*,*,#6071,.F.);
#7898=ORIENTED_EDGE('',*,*,#6073,.F.);
#7899=ORIENTED_EDGE('',*,*,#6074,.F.);
#7900=ORIENTED_EDGE('',*,*,#6075,.F.);
#7901=ORIENTED_EDGE('',*,*,#6074,.T.);
#7902=ORIENTED_EDGE('',*,*,#6076,.F.);
#7903=ORIENTED_EDGE('',*,*,#6059,.T.);
#7904=ORIENTED_EDGE('',*,*,#6077,.F.);
#7905=ORIENTED_EDGE('',*,*,#6078,.T.);
#7906=ORIENTED_EDGE('',*,*,#6079,.F.);
#7907=ORIENTED_EDGE('',*,*,#6080,.F.);
#7908=ORIENTED_EDGE('',*,*,#6081,.F.);
#7909=ORIENTED_EDGE('',*,*,#6082,.T.);
#7910=ORIENTED_EDGE('',*,*,#6083,.F.);
#7911=ORIENTED_EDGE('',*,*,#6078,.F.);
#7912=ORIENTED_EDGE('',*,*,#6084,.F.);
#7913=ORIENTED_EDGE('',*,*,#5961,.T.);
#7914=ORIENTED_EDGE('',*,*,#6085,.F.);
#7915=ORIENTED_EDGE('',*,*,#6086,.T.);
#7916=ORIENTED_EDGE('',*,*,#6085,.T.);
#7917=ORIENTED_EDGE('',*,*,#5960,.T.);
#7918=ORIENTED_EDGE('',*,*,#6087,.F.);
#7919=ORIENTED_EDGE('',*,*,#6088,.T.);
#7920=ORIENTED_EDGE('',*,*,#6087,.T.);
#7921=ORIENTED_EDGE('',*,*,#5959,.T.);
#7922=ORIENTED_EDGE('',*,*,#6089,.F.);
#7923=ORIENTED_EDGE('',*,*,#6083,.T.);
#7924=ORIENTED_EDGE('',*,*,#6089,.T.);
#7925=ORIENTED_EDGE('',*,*,#5958,.T.);
#7926=ORIENTED_EDGE('',*,*,#6084,.T.);
#7927=ORIENTED_EDGE('',*,*,#6079,.T.);
#7928=ORIENTED_EDGE('',*,*,#6090,.F.);
#7929=ORIENTED_EDGE('',*,*,#5957,.T.);
#7930=ORIENTED_EDGE('',*,*,#6091,.F.);
#7931=ORIENTED_EDGE('',*,*,#6067,.T.);
#7932=ORIENTED_EDGE('',*,*,#6091,.T.);
#7933=ORIENTED_EDGE('',*,*,#5956,.T.);
#7934=ORIENTED_EDGE('',*,*,#6092,.F.);
#7935=ORIENTED_EDGE('',*,*,#6063,.T.);
#7936=ORIENTED_EDGE('',*,*,#6092,.T.);
#7937=ORIENTED_EDGE('',*,*,#5955,.T.);
#7938=ORIENTED_EDGE('',*,*,#6093,.F.);
#7939=ORIENTED_EDGE('',*,*,#6094,.T.);
#7940=ORIENTED_EDGE('',*,*,#6093,.T.);
#7941=ORIENTED_EDGE('',*,*,#5954,.T.);
#7942=ORIENTED_EDGE('',*,*,#6090,.T.);
#7943=ORIENTED_EDGE('',*,*,#6095,.T.);
#7944=ORIENTED_EDGE('',*,*,#6096,.F.);
#7945=ORIENTED_EDGE('',*,*,#6070,.T.);
#7946=ORIENTED_EDGE('',*,*,#6097,.F.);
#7947=ORIENTED_EDGE('',*,*,#5948,.T.);
#7948=ORIENTED_EDGE('',*,*,#6096,.T.);
#7949=ORIENTED_EDGE('',*,*,#5947,.T.);
#7950=ORIENTED_EDGE('',*,*,#6098,.F.);
#7951=ORIENTED_EDGE('',*,*,#6073,.T.);
#7952=ORIENTED_EDGE('',*,*,#6099,.F.);
#7953=ORIENTED_EDGE('',*,*,#6076,.T.);
#7954=ORIENTED_EDGE('',*,*,#6098,.T.);
#7955=ORIENTED_EDGE('',*,*,#5946,.T.);
#7956=ORIENTED_EDGE('',*,*,#6099,.T.);
#7957=ORIENTED_EDGE('',*,*,#5945,.T.);
#7958=ORIENTED_EDGE('',*,*,#6100,.F.);
#7959=ORIENTED_EDGE('',*,*,#6060,.T.);
#7960=ORIENTED_EDGE('',*,*,#6100,.T.);
#7961=ORIENTED_EDGE('',*,*,#5944,.T.);
#7962=ORIENTED_EDGE('',*,*,#6101,.F.);
#7963=ORIENTED_EDGE('',*,*,#6057,.T.);
#7964=ORIENTED_EDGE('',*,*,#6101,.T.);
#7965=ORIENTED_EDGE('',*,*,#5943,.T.);
#7966=ORIENTED_EDGE('',*,*,#6102,.F.);
#7967=ORIENTED_EDGE('',*,*,#6054,.T.);
#7968=ORIENTED_EDGE('',*,*,#6102,.T.);
#7969=ORIENTED_EDGE('',*,*,#5942,.T.);
#7970=ORIENTED_EDGE('',*,*,#6103,.F.);
#7971=ORIENTED_EDGE('',*,*,#6051,.T.);
#7972=ORIENTED_EDGE('',*,*,#6103,.T.);
#7973=ORIENTED_EDGE('',*,*,#5941,.T.);
#7974=ORIENTED_EDGE('',*,*,#6104,.F.);
#7975=ORIENTED_EDGE('',*,*,#6047,.T.);
#7976=ORIENTED_EDGE('',*,*,#6105,.F.);
#7977=ORIENTED_EDGE('',*,*,#6106,.T.);
#7978=ORIENTED_EDGE('',*,*,#6104,.T.);
#7979=ORIENTED_EDGE('',*,*,#5940,.T.);
#7980=ORIENTED_EDGE('',*,*,#6105,.T.);
#7981=ORIENTED_EDGE('',*,*,#5939,.T.);
#7982=ORIENTED_EDGE('',*,*,#6107,.F.);
#7983=ORIENTED_EDGE('',*,*,#6108,.T.);
#7984=ORIENTED_EDGE('',*,*,#6109,.F.);
#7985=ORIENTED_EDGE('',*,*,#6110,.T.);
#7986=ORIENTED_EDGE('',*,*,#6107,.T.);
#7987=ORIENTED_EDGE('',*,*,#5938,.T.);
#7988=ORIENTED_EDGE('',*,*,#5953,.T.);
#7989=ORIENTED_EDGE('',*,*,#6111,.T.);
#7990=ORIENTED_EDGE('',*,*,#6112,.T.);
#7991=ORIENTED_EDGE('',*,*,#6111,.F.);
#7992=ORIENTED_EDGE('',*,*,#5962,.T.);
#7993=ORIENTED_EDGE('',*,*,#6113,.T.);
#7994=ORIENTED_EDGE('',*,*,#6114,.T.);
#7995=ORIENTED_EDGE('',*,*,#6113,.F.);
#7996=ORIENTED_EDGE('',*,*,#6115,.F.);
#7997=ORIENTED_EDGE('',*,*,#6048,.T.);
#7998=ORIENTED_EDGE('',*,*,#6106,.F.);
#7999=ORIENTED_EDGE('',*,*,#6116,.T.);
#8000=ORIENTED_EDGE('',*,*,#6117,.F.);
#8001=ORIENTED_EDGE('',*,*,#6116,.F.);
#8002=ORIENTED_EDGE('',*,*,#6108,.F.);
#8003=ORIENTED_EDGE('',*,*,#6118,.F.);
#8004=ORIENTED_EDGE('',*,*,#6119,.F.);
#8005=ORIENTED_EDGE('',*,*,#6118,.T.);
#8006=ORIENTED_EDGE('',*,*,#6110,.F.);
#8007=ORIENTED_EDGE('',*,*,#6120,.T.);
#8008=ORIENTED_EDGE('',*,*,#6023,.T.);
#8009=ORIENTED_EDGE('',*,*,#6027,.T.);
#8010=ORIENTED_EDGE('',*,*,#6121,.F.);
#8011=ORIENTED_EDGE('',*,*,#6122,.T.);
#8012=ORIENTED_EDGE('',*,*,#6123,.F.);
#8013=ORIENTED_EDGE('',*,*,#6117,.T.);
#8014=ORIENTED_EDGE('',*,*,#6121,.T.);
#8015=ORIENTED_EDGE('',*,*,#6119,.T.);
#8016=ORIENTED_EDGE('',*,*,#6026,.F.);
#8017=ORIENTED_EDGE('',*,*,#6124,.T.);
#8018=ORIENTED_EDGE('',*,*,#6043,.T.);
#8019=ORIENTED_EDGE('',*,*,#6068,.T.);
#8020=ORIENTED_EDGE('',*,*,#6125,.F.);
#8021=ORIENTED_EDGE('',*,*,#6126,.T.);
#8022=ORIENTED_EDGE('',*,*,#6127,.F.);
#8023=ORIENTED_EDGE('',*,*,#6128,.T.);
#8024=ORIENTED_EDGE('',*,*,#6125,.T.);
#8025=ORIENTED_EDGE('',*,*,#6072,.T.);
#8026=ORIENTED_EDGE('',*,*,#6127,.T.);
#8027=ORIENTED_EDGE('',*,*,#6075,.T.);
#8028=ORIENTED_EDGE('',*,*,#6129,.F.);
#8029=ORIENTED_EDGE('',*,*,#6130,.T.);
#8030=ORIENTED_EDGE('',*,*,#6131,.F.);
#8031=ORIENTED_EDGE('',*,*,#6132,.T.);
#8032=ORIENTED_EDGE('',*,*,#6129,.T.);
#8033=ORIENTED_EDGE('',*,*,#6058,.T.);
#8034=ORIENTED_EDGE('',*,*,#6133,.F.);
#8035=ORIENTED_EDGE('',*,*,#6134,.T.);
#8036=ORIENTED_EDGE('',*,*,#6131,.T.);
#8037=ORIENTED_EDGE('',*,*,#6055,.T.);
#8038=ORIENTED_EDGE('',*,*,#6135,.F.);
#8039=ORIENTED_EDGE('',*,*,#6136,.T.);
#8040=ORIENTED_EDGE('',*,*,#6133,.T.);
#8041=ORIENTED_EDGE('',*,*,#6052,.T.);
#8042=ORIENTED_EDGE('',*,*,#6137,.F.);
#8043=ORIENTED_EDGE('',*,*,#6138,.T.);
#8044=ORIENTED_EDGE('',*,*,#6135,.T.);
#8045=ORIENTED_EDGE('',*,*,#6049,.T.);
#8046=ORIENTED_EDGE('',*,*,#6139,.F.);
#8047=ORIENTED_EDGE('',*,*,#6140,.T.);
#8048=ORIENTED_EDGE('',*,*,#6137,.T.);
#8049=ORIENTED_EDGE('',*,*,#6045,.T.);
#8050=ORIENTED_EDGE('',*,*,#6139,.T.);
#8051=ORIENTED_EDGE('',*,*,#6115,.T.);
#8052=ORIENTED_EDGE('',*,*,#6123,.T.);
#8053=ORIENTED_EDGE('',*,*,#6141,.T.);
#8054=ORIENTED_EDGE('',*,*,#6142,.F.);
#8055=ORIENTED_EDGE('',*,*,#6064,.T.);
#8056=ORIENTED_EDGE('',*,*,#6094,.F.);
#8057=ORIENTED_EDGE('',*,*,#6143,.F.);
#8058=ORIENTED_EDGE('',*,*,#6144,.F.);
#8059=ORIENTED_EDGE('',*,*,#6143,.T.);
#8060=ORIENTED_EDGE('',*,*,#6095,.F.);
#8061=ORIENTED_EDGE('',*,*,#6066,.F.);
#8062=ORIENTED_EDGE('',*,*,#6145,.F.);
#8063=ORIENTED_EDGE('',*,*,#6146,.T.);
#8064=ORIENTED_EDGE('',*,*,#6147,.F.);
#8065=ORIENTED_EDGE('',*,*,#6061,.T.);
#8066=ORIENTED_EDGE('',*,*,#6147,.T.);
#8067=ORIENTED_EDGE('',*,*,#6148,.T.);
#8068=ORIENTED_EDGE('',*,*,#6149,.F.);
#8069=ORIENTED_EDGE('',*,*,#6065,.T.);
#8070=ORIENTED_EDGE('',*,*,#6149,.T.);
#8071=ORIENTED_EDGE('',*,*,#6150,.T.);
#8072=ORIENTED_EDGE('',*,*,#6151,.F.);
#8073=ORIENTED_EDGE('',*,*,#6144,.T.);
#8074=ORIENTED_EDGE('',*,*,#6151,.T.);
#8075=ORIENTED_EDGE('',*,*,#6152,.T.);
#8076=ORIENTED_EDGE('',*,*,#6145,.T.);
#8077=ORIENTED_EDGE('',*,*,#6142,.T.);
#8078=ORIENTED_EDGE('',*,*,#6153,.F.);
#8079=ORIENTED_EDGE('',*,*,#6080,.T.);
#8080=ORIENTED_EDGE('',*,*,#6086,.F.);
#8081=ORIENTED_EDGE('',*,*,#6154,.F.);
#8082=ORIENTED_EDGE('',*,*,#6155,.F.);
#8083=ORIENTED_EDGE('',*,*,#6154,.T.);
#8084=ORIENTED_EDGE('',*,*,#6088,.F.);
#8085=ORIENTED_EDGE('',*,*,#6082,.F.);
#8086=ORIENTED_EDGE('',*,*,#6156,.F.);
#8087=ORIENTED_EDGE('',*,*,#6157,.T.);
#8088=ORIENTED_EDGE('',*,*,#6158,.F.);
#8089=ORIENTED_EDGE('',*,*,#6077,.T.);
#8090=ORIENTED_EDGE('',*,*,#6158,.T.);
#8091=ORIENTED_EDGE('',*,*,#6159,.T.);
#8092=ORIENTED_EDGE('',*,*,#6160,.F.);
#8093=ORIENTED_EDGE('',*,*,#6081,.T.);
#8094=ORIENTED_EDGE('',*,*,#6160,.T.);
#8095=ORIENTED_EDGE('',*,*,#6161,.T.);
#8096=ORIENTED_EDGE('',*,*,#6162,.F.);
#8097=ORIENTED_EDGE('',*,*,#6155,.T.);
#8098=ORIENTED_EDGE('',*,*,#6162,.T.);
#8099=ORIENTED_EDGE('',*,*,#6163,.T.);
#8100=ORIENTED_EDGE('',*,*,#6156,.T.);
#8101=ORIENTED_EDGE('',*,*,#6153,.T.);
#8102=ORIENTED_EDGE('',*,*,#6114,.F.);
#8103=ORIENTED_EDGE('',*,*,#6164,.T.);
#8104=ORIENTED_EDGE('',*,*,#6165,.F.);
#8105=ORIENTED_EDGE('',*,*,#6164,.F.);
#8106=ORIENTED_EDGE('',*,*,#6166,.T.);
#8107=ORIENTED_EDGE('',*,*,#6167,.T.);
#8108=ORIENTED_EDGE('',*,*,#6165,.T.);
#8109=ORIENTED_EDGE('',*,*,#6167,.F.);
#8110=ORIENTED_EDGE('',*,*,#6112,.F.);
#8111=ORIENTED_EDGE('',*,*,#6168,.T.);
#8112=ORIENTED_EDGE('',*,*,#6169,.F.);
#8113=ORIENTED_EDGE('',*,*,#6168,.F.);
#8114=ORIENTED_EDGE('',*,*,#6044,.F.);
#8115=ORIENTED_EDGE('',*,*,#6126,.F.);
#8116=ORIENTED_EDGE('',*,*,#6128,.F.);
#8117=ORIENTED_EDGE('',*,*,#6130,.F.);
#8118=ORIENTED_EDGE('',*,*,#6132,.F.);
#8119=ORIENTED_EDGE('',*,*,#6134,.F.);
#8120=ORIENTED_EDGE('',*,*,#6136,.F.);
#8121=ORIENTED_EDGE('',*,*,#6138,.F.);
#8122=ORIENTED_EDGE('',*,*,#6140,.F.);
#8123=ORIENTED_EDGE('',*,*,#6141,.F.);
#8124=ORIENTED_EDGE('',*,*,#6122,.F.);
#8125=ORIENTED_EDGE('',*,*,#6124,.F.);
#8126=ORIENTED_EDGE('',*,*,#6025,.F.);
#8127=ORIENTED_EDGE('',*,*,#6029,.F.);
#8128=ORIENTED_EDGE('',*,*,#6031,.F.);
#8129=ORIENTED_EDGE('',*,*,#6033,.F.);
#8130=ORIENTED_EDGE('',*,*,#6035,.F.);
#8131=ORIENTED_EDGE('',*,*,#6037,.F.);
#8132=ORIENTED_EDGE('',*,*,#6039,.F.);
#8133=ORIENTED_EDGE('',*,*,#6041,.F.);
#8134=ORIENTED_EDGE('',*,*,#6152,.F.);
#8135=ORIENTED_EDGE('',*,*,#6150,.F.);
#8136=ORIENTED_EDGE('',*,*,#6148,.F.);
#8137=ORIENTED_EDGE('',*,*,#6146,.F.);
#8138=ORIENTED_EDGE('',*,*,#6163,.F.);
#8139=ORIENTED_EDGE('',*,*,#6161,.F.);
#8140=ORIENTED_EDGE('',*,*,#6159,.F.);
#8141=ORIENTED_EDGE('',*,*,#6157,.F.);
#8142=ORIENTED_EDGE('',*,*,#6166,.F.);
#8143=ORIENTED_EDGE('',*,*,#6170,.F.);
#8144=ORIENTED_EDGE('',*,*,#6170,.T.);
#8145=ORIENTED_EDGE('',*,*,#6171,.T.);
#8146=ORIENTED_EDGE('',*,*,#6169,.T.);
#8147=ORIENTED_EDGE('',*,*,#6171,.F.);
#8148=ORIENTED_EDGE('',*,*,#6007,.T.);
#8149=ORIENTED_EDGE('',*,*,#6172,.T.);
#8150=ORIENTED_EDGE('',*,*,#5949,.T.);
#8151=ORIENTED_EDGE('',*,*,#6097,.T.);
#8152=ORIENTED_EDGE('',*,*,#6069,.F.);
#8153=ORIENTED_EDGE('',*,*,#6013,.T.);
#8154=ORIENTED_EDGE('',*,*,#6173,.T.);
#8155=ORIENTED_EDGE('',*,*,#5936,.T.);
#8156=ORIENTED_EDGE('',*,*,#6174,.F.);
#8157=ORIENTED_EDGE('',*,*,#6015,.T.);
#8158=ORIENTED_EDGE('',*,*,#6174,.T.);
#8159=ORIENTED_EDGE('',*,*,#5935,.T.);
#8160=ORIENTED_EDGE('',*,*,#6175,.F.);
#8161=ORIENTED_EDGE('',*,*,#6017,.T.);
#8162=ORIENTED_EDGE('',*,*,#6175,.T.);
#8163=ORIENTED_EDGE('',*,*,#5934,.T.);
#8164=ORIENTED_EDGE('',*,*,#5883,.F.);
#8165=ORIENTED_EDGE('',*,*,#6018,.T.);
#8166=ORIENTED_EDGE('',*,*,#5920,.T.);
#8167=ORIENTED_EDGE('',*,*,#5952,.T.);
#8168=ORIENTED_EDGE('',*,*,#6176,.F.);
#8169=ORIENTED_EDGE('',*,*,#6011,.T.);
#8170=ORIENTED_EDGE('',*,*,#6120,.F.);
#8171=ORIENTED_EDGE('',*,*,#6109,.T.);
#8172=ORIENTED_EDGE('',*,*,#5937,.T.);
#8173=ORIENTED_EDGE('',*,*,#6173,.F.);
#8174=ORIENTED_EDGE('',*,*,#6020,.T.);
#8175=ORIENTED_EDGE('',*,*,#6176,.T.);
#8176=ORIENTED_EDGE('',*,*,#5951,.T.);
#8177=ORIENTED_EDGE('',*,*,#6177,.F.);
#8178=ORIENTED_EDGE('',*,*,#6022,.T.);
#8179=ORIENTED_EDGE('',*,*,#6177,.T.);
#8180=ORIENTED_EDGE('',*,*,#5950,.T.);
#8181=ORIENTED_EDGE('',*,*,#6172,.F.);
#8182=ORIENTED_EDGE('',*,*,#6178,.T.);
#8183=ORIENTED_EDGE('',*,*,#6179,.T.);
#8184=ORIENTED_EDGE('',*,*,#6180,.T.);
#8185=ORIENTED_EDGE('',*,*,#6181,.T.);
#8186=ORIENTED_EDGE('',*,*,#6182,.T.);
#8187=ORIENTED_EDGE('',*,*,#6183,.T.);
#8188=ORIENTED_EDGE('',*,*,#6184,.T.);
#8189=ORIENTED_EDGE('',*,*,#6185,.T.);
#8190=ORIENTED_EDGE('',*,*,#6186,.T.);
#8191=ORIENTED_EDGE('',*,*,#6184,.F.);
#8192=ORIENTED_EDGE('',*,*,#6187,.T.);
#8193=ORIENTED_EDGE('',*,*,#6188,.T.);
#8194=ORIENTED_EDGE('',*,*,#6189,.T.);
#8195=ORIENTED_EDGE('',*,*,#6188,.F.);
#8196=ORIENTED_EDGE('',*,*,#6190,.T.);
#8197=ORIENTED_EDGE('',*,*,#6191,.T.);
#8198=ORIENTED_EDGE('',*,*,#6192,.T.);
#8199=ORIENTED_EDGE('',*,*,#6191,.F.);
#8200=ORIENTED_EDGE('',*,*,#6193,.T.);
#8201=ORIENTED_EDGE('',*,*,#6194,.T.);
#8202=ORIENTED_EDGE('',*,*,#6195,.T.);
#8203=ORIENTED_EDGE('',*,*,#6194,.F.);
#8204=ORIENTED_EDGE('',*,*,#6196,.T.);
#8205=ORIENTED_EDGE('',*,*,#6180,.F.);
#8206=ORIENTED_EDGE('',*,*,#6197,.T.);
#8207=ORIENTED_EDGE('',*,*,#6198,.T.);
#8208=ORIENTED_EDGE('',*,*,#6199,.T.);
#8209=ORIENTED_EDGE('',*,*,#6186,.F.);
#8210=ORIENTED_EDGE('',*,*,#6200,.T.);
#8211=ORIENTED_EDGE('',*,*,#6201,.T.);
#8212=ORIENTED_EDGE('',*,*,#6179,.F.);
#8213=ORIENTED_EDGE('',*,*,#6202,.T.);
#8214=ORIENTED_EDGE('',*,*,#6203,.T.);
#8215=ORIENTED_EDGE('',*,*,#6204,.T.);
#8216=ORIENTED_EDGE('',*,*,#6178,.F.);
#8217=ORIENTED_EDGE('',*,*,#6205,.T.);
#8218=ORIENTED_EDGE('',*,*,#6206,.F.);
#8219=ORIENTED_EDGE('',*,*,#6207,.F.);
#8220=ORIENTED_EDGE('',*,*,#6202,.F.);
#8221=ORIENTED_EDGE('',*,*,#6182,.F.);
#8222=ORIENTED_EDGE('',*,*,#6208,.T.);
#8223=ORIENTED_EDGE('',*,*,#6209,.T.);
#8224=ORIENTED_EDGE('',*,*,#6210,.T.);
#8225=ORIENTED_EDGE('',*,*,#6211,.F.);
#8226=ORIENTED_EDGE('',*,*,#6205,.F.);
#8227=ORIENTED_EDGE('',*,*,#6181,.F.);
#8228=ORIENTED_EDGE('',*,*,#6212,.T.);
#8229=ORIENTED_EDGE('',*,*,#6208,.F.);
#8230=ORIENTED_EDGE('',*,*,#6196,.F.);
#8231=ORIENTED_EDGE('',*,*,#6213,.F.);
#8232=ORIENTED_EDGE('',*,*,#6214,.F.);
#8233=ORIENTED_EDGE('',*,*,#6215,.F.);
#8234=ORIENTED_EDGE('',*,*,#6216,.F.);
#8235=ORIENTED_EDGE('',*,*,#6209,.F.);
#8236=ORIENTED_EDGE('',*,*,#6212,.F.);
#8237=ORIENTED_EDGE('',*,*,#6193,.F.);
#8238=ORIENTED_EDGE('',*,*,#6217,.T.);
#8239=ORIENTED_EDGE('',*,*,#6218,.F.);
#8240=ORIENTED_EDGE('',*,*,#6213,.T.);
#8241=ORIENTED_EDGE('',*,*,#6190,.F.);
#8242=ORIENTED_EDGE('',*,*,#6219,.F.);
#8243=ORIENTED_EDGE('',*,*,#6220,.F.);
#8244=ORIENTED_EDGE('',*,*,#6217,.F.);
#8245=ORIENTED_EDGE('',*,*,#6187,.F.);
#8246=ORIENTED_EDGE('',*,*,#6221,.T.);
#8247=ORIENTED_EDGE('',*,*,#6222,.F.);
#8248=ORIENTED_EDGE('',*,*,#6219,.T.);
#8249=ORIENTED_EDGE('',*,*,#6183,.F.);
#8250=ORIENTED_EDGE('',*,*,#6223,.T.);
#8251=ORIENTED_EDGE('',*,*,#6224,.F.);
#8252=ORIENTED_EDGE('',*,*,#6225,.F.);
#8253=ORIENTED_EDGE('',*,*,#6226,.T.);
#8254=ORIENTED_EDGE('',*,*,#6227,.F.);
#8255=ORIENTED_EDGE('',*,*,#6221,.F.);
#8256=ORIENTED_EDGE('',*,*,#6185,.F.);
#8257=ORIENTED_EDGE('',*,*,#6228,.T.);
#8258=ORIENTED_EDGE('',*,*,#6229,.T.);
#8259=ORIENTED_EDGE('',*,*,#6230,.T.);
#8260=ORIENTED_EDGE('',*,*,#6189,.F.);
#8261=ORIENTED_EDGE('',*,*,#6231,.T.);
#8262=ORIENTED_EDGE('',*,*,#6232,.T.);
#8263=ORIENTED_EDGE('',*,*,#6228,.F.);
#8264=ORIENTED_EDGE('',*,*,#6192,.F.);
#8265=ORIENTED_EDGE('',*,*,#6233,.T.);
#8266=ORIENTED_EDGE('',*,*,#6234,.T.);
#8267=ORIENTED_EDGE('',*,*,#6231,.F.);
#8268=ORIENTED_EDGE('',*,*,#6195,.F.);
#8269=ORIENTED_EDGE('',*,*,#6235,.T.);
#8270=ORIENTED_EDGE('',*,*,#6236,.T.);
#8271=ORIENTED_EDGE('',*,*,#6233,.F.);
#8272=ORIENTED_EDGE('',*,*,#6197,.F.);
#8273=ORIENTED_EDGE('',*,*,#6204,.F.);
#8274=ORIENTED_EDGE('',*,*,#6237,.T.);
#8275=ORIENTED_EDGE('',*,*,#6235,.F.);
#8276=ORIENTED_EDGE('',*,*,#6200,.F.);
#8277=ORIENTED_EDGE('',*,*,#6230,.F.);
#8278=ORIENTED_EDGE('',*,*,#6238,.T.);
#8279=ORIENTED_EDGE('',*,*,#6239,.T.);
#8280=ORIENTED_EDGE('',*,*,#6199,.F.);
#8281=ORIENTED_EDGE('',*,*,#6240,.F.);
#8282=ORIENTED_EDGE('',*,*,#6223,.F.);
#8283=ORIENTED_EDGE('',*,*,#6201,.F.);
#8284=ORIENTED_EDGE('',*,*,#6239,.F.);
#8285=ORIENTED_EDGE('',*,*,#6241,.F.);
#8286=ORIENTED_EDGE('',*,*,#6242,.T.);
#8287=ORIENTED_EDGE('',*,*,#6243,.T.);
#8288=ORIENTED_EDGE('',*,*,#6244,.F.);
#8289=ORIENTED_EDGE('',*,*,#6215,.T.);
#8290=ORIENTED_EDGE('',*,*,#6245,.F.);
#8291=ORIENTED_EDGE('',*,*,#6222,.T.);
#8292=ORIENTED_EDGE('',*,*,#6227,.T.);
#8293=ORIENTED_EDGE('',*,*,#6246,.T.);
#8294=ORIENTED_EDGE('',*,*,#6247,.F.);
#8295=ORIENTED_EDGE('',*,*,#6245,.T.);
#8296=ORIENTED_EDGE('',*,*,#6214,.T.);
#8297=ORIENTED_EDGE('',*,*,#6218,.T.);
#8298=ORIENTED_EDGE('',*,*,#6220,.T.);
#8299=ORIENTED_EDGE('',*,*,#6248,.F.);
#8300=ORIENTED_EDGE('',*,*,#6246,.F.);
#8301=ORIENTED_EDGE('',*,*,#6226,.F.);
#8302=ORIENTED_EDGE('',*,*,#6216,.T.);
#8303=ORIENTED_EDGE('',*,*,#6244,.T.);
#8304=ORIENTED_EDGE('',*,*,#6247,.T.);
#8305=ORIENTED_EDGE('',*,*,#6248,.T.);
#8306=ORIENTED_EDGE('',*,*,#6225,.T.);
#8307=ORIENTED_EDGE('',*,*,#6249,.F.);
#8308=ORIENTED_EDGE('',*,*,#6250,.T.);
#8309=ORIENTED_EDGE('',*,*,#6251,.F.);
#8310=ORIENTED_EDGE('',*,*,#6252,.F.);
#8311=ORIENTED_EDGE('',*,*,#6210,.F.);
#8312=ORIENTED_EDGE('',*,*,#6198,.F.);
#8313=ORIENTED_EDGE('',*,*,#6243,.F.);
#8314=ORIENTED_EDGE('',*,*,#6253,.T.);
#8315=ORIENTED_EDGE('',*,*,#6249,.T.);
#8316=ORIENTED_EDGE('',*,*,#6224,.T.);
#8317=ORIENTED_EDGE('',*,*,#6240,.T.);
#8318=ORIENTED_EDGE('',*,*,#6254,.F.);
#8319=ORIENTED_EDGE('',*,*,#6255,.F.);
#8320=ORIENTED_EDGE('',*,*,#6256,.F.);
#8321=ORIENTED_EDGE('',*,*,#6257,.T.);
#8322=ORIENTED_EDGE('',*,*,#6258,.F.);
#8323=ORIENTED_EDGE('',*,*,#6259,.T.);
#8324=ORIENTED_EDGE('',*,*,#6260,.F.);
#8325=ORIENTED_EDGE('',*,*,#6261,.F.);
#8326=ORIENTED_EDGE('',*,*,#6262,.T.);
#8327=ORIENTED_EDGE('',*,*,#6263,.F.);
#8328=ORIENTED_EDGE('',*,*,#6264,.F.);
#8329=ORIENTED_EDGE('',*,*,#6265,.F.);
#8330=ORIENTED_EDGE('',*,*,#6266,.T.);
#8331=ORIENTED_EDGE('',*,*,#6265,.T.);
#8332=ORIENTED_EDGE('',*,*,#6267,.F.);
#8333=ORIENTED_EDGE('',*,*,#6268,.F.);
#8334=ORIENTED_EDGE('',*,*,#6269,.T.);
#8335=ORIENTED_EDGE('',*,*,#6270,.F.);
#8336=ORIENTED_EDGE('',*,*,#6262,.F.);
#8337=ORIENTED_EDGE('',*,*,#6271,.F.);
#8338=ORIENTED_EDGE('',*,*,#6272,.T.);
#8339=ORIENTED_EDGE('',*,*,#6271,.T.);
#8340=ORIENTED_EDGE('',*,*,#6266,.F.);
#8341=ORIENTED_EDGE('',*,*,#6273,.F.);
#8342=ORIENTED_EDGE('',*,*,#6274,.T.);
#8343=ORIENTED_EDGE('',*,*,#6275,.F.);
#8344=ORIENTED_EDGE('',*,*,#6269,.F.);
#8345=ORIENTED_EDGE('',*,*,#6276,.F.);
#8346=ORIENTED_EDGE('',*,*,#6277,.T.);
#8347=ORIENTED_EDGE('',*,*,#6276,.T.);
#8348=ORIENTED_EDGE('',*,*,#6272,.F.);
#8349=ORIENTED_EDGE('',*,*,#6278,.F.);
#8350=ORIENTED_EDGE('',*,*,#6252,.T.);
#8351=ORIENTED_EDGE('',*,*,#6279,.F.);
#8352=ORIENTED_EDGE('',*,*,#6274,.F.);
#8353=ORIENTED_EDGE('',*,*,#6280,.F.);
#8354=ORIENTED_EDGE('',*,*,#6211,.T.);
#8355=ORIENTED_EDGE('',*,*,#6280,.T.);
#8356=ORIENTED_EDGE('',*,*,#6277,.F.);
#8357=ORIENTED_EDGE('',*,*,#6281,.F.);
#8358=ORIENTED_EDGE('',*,*,#6282,.T.);
#8359=ORIENTED_EDGE('',*,*,#6283,.F.);
#8360=ORIENTED_EDGE('',*,*,#6250,.F.);
#8361=ORIENTED_EDGE('',*,*,#6284,.F.);
#8362=ORIENTED_EDGE('',*,*,#6285,.T.);
#8363=ORIENTED_EDGE('',*,*,#6284,.T.);
#8364=ORIENTED_EDGE('',*,*,#6253,.F.);
#8365=ORIENTED_EDGE('',*,*,#6286,.F.);
#8366=ORIENTED_EDGE('',*,*,#6287,.T.);
#8367=ORIENTED_EDGE('',*,*,#6288,.F.);
#8368=ORIENTED_EDGE('',*,*,#6282,.F.);
#8369=ORIENTED_EDGE('',*,*,#6289,.F.);
#8370=ORIENTED_EDGE('',*,*,#6290,.T.);
#8371=ORIENTED_EDGE('',*,*,#6289,.T.);
#8372=ORIENTED_EDGE('',*,*,#6285,.F.);
#8373=ORIENTED_EDGE('',*,*,#6291,.F.);
#8374=ORIENTED_EDGE('',*,*,#6292,.T.);
#8375=ORIENTED_EDGE('',*,*,#6293,.F.);
#8376=ORIENTED_EDGE('',*,*,#6287,.F.);
#8377=ORIENTED_EDGE('',*,*,#6294,.F.);
#8378=ORIENTED_EDGE('',*,*,#6260,.T.);
#8379=ORIENTED_EDGE('',*,*,#6294,.T.);
#8380=ORIENTED_EDGE('',*,*,#6290,.F.);
#8381=ORIENTED_EDGE('',*,*,#6295,.F.);
#8382=ORIENTED_EDGE('',*,*,#6296,.F.);
#8383=ORIENTED_EDGE('',*,*,#6297,.F.);
#8384=ORIENTED_EDGE('',*,*,#6298,.F.);
#8385=ORIENTED_EDGE('',*,*,#6257,.F.);
#8386=ORIENTED_EDGE('',*,*,#6299,.F.);
#8387=ORIENTED_EDGE('',*,*,#6300,.F.);
#8388=ORIENTED_EDGE('',*,*,#6292,.F.);
#8389=ORIENTED_EDGE('',*,*,#6259,.F.);
#8390=ORIENTED_EDGE('',*,*,#6267,.T.);
#8391=ORIENTED_EDGE('',*,*,#6264,.T.);
#8392=ORIENTED_EDGE('',*,*,#6301,.T.);
#8393=ORIENTED_EDGE('',*,*,#6302,.F.);
#8394=ORIENTED_EDGE('',*,*,#6303,.T.);
#8395=ORIENTED_EDGE('',*,*,#6304,.F.);
#8396=ORIENTED_EDGE('',*,*,#6305,.T.);
#8397=ORIENTED_EDGE('',*,*,#6296,.T.);
#8398=ORIENTED_EDGE('',*,*,#6258,.T.);
#8399=ORIENTED_EDGE('',*,*,#6306,.T.);
#8400=ORIENTED_EDGE('',*,*,#6307,.F.);
#8401=ORIENTED_EDGE('',*,*,#6308,.T.);
#8402=ORIENTED_EDGE('',*,*,#6309,.T.);
#8403=ORIENTED_EDGE('',*,*,#6310,.T.);
#8404=ORIENTED_EDGE('',*,*,#6311,.F.);
#8405=ORIENTED_EDGE('',*,*,#6312,.T.);
#8406=ORIENTED_EDGE('',*,*,#6313,.T.);
#8407=ORIENTED_EDGE('',*,*,#6314,.T.);
#8408=ORIENTED_EDGE('',*,*,#6315,.F.);
#8409=ORIENTED_EDGE('',*,*,#6316,.T.);
#8410=ORIENTED_EDGE('',*,*,#6317,.T.);
#8411=ORIENTED_EDGE('',*,*,#6318,.T.);
#8412=ORIENTED_EDGE('',*,*,#6319,.F.);
#8413=ORIENTED_EDGE('',*,*,#6320,.T.);
#8414=ORIENTED_EDGE('',*,*,#6321,.T.);
#8415=ORIENTED_EDGE('',*,*,#6322,.T.);
#8416=ORIENTED_EDGE('',*,*,#6323,.F.);
#8417=ORIENTED_EDGE('',*,*,#6324,.F.);
#8418=ORIENTED_EDGE('',*,*,#6325,.F.);
#8419=ORIENTED_EDGE('',*,*,#6326,.T.);
#8420=ORIENTED_EDGE('',*,*,#6327,.T.);
#8421=ORIENTED_EDGE('',*,*,#6328,.T.);
#8422=ORIENTED_EDGE('',*,*,#6329,.F.);
#8423=ORIENTED_EDGE('',*,*,#6330,.T.);
#8424=ORIENTED_EDGE('',*,*,#6331,.T.);
#8425=ORIENTED_EDGE('',*,*,#6332,.T.);
#8426=ORIENTED_EDGE('',*,*,#6333,.F.);
#8427=ORIENTED_EDGE('',*,*,#6334,.T.);
#8428=ORIENTED_EDGE('',*,*,#6335,.T.);
#8429=ORIENTED_EDGE('',*,*,#6336,.T.);
#8430=ORIENTED_EDGE('',*,*,#6337,.F.);
#8431=ORIENTED_EDGE('',*,*,#6338,.T.);
#8432=ORIENTED_EDGE('',*,*,#6339,.T.);
#8433=ORIENTED_EDGE('',*,*,#6340,.T.);
#8434=ORIENTED_EDGE('',*,*,#6341,.F.);
#8435=ORIENTED_EDGE('',*,*,#6263,.T.);
#8436=ORIENTED_EDGE('',*,*,#6342,.T.);
#8437=ORIENTED_EDGE('',*,*,#6343,.F.);
#8438=ORIENTED_EDGE('',*,*,#6344,.F.);
#8439=ORIENTED_EDGE('',*,*,#6301,.F.);
#8440=ORIENTED_EDGE('',*,*,#6268,.T.);
#8441=ORIENTED_EDGE('',*,*,#6305,.F.);
#8442=ORIENTED_EDGE('',*,*,#6345,.F.);
#8443=ORIENTED_EDGE('',*,*,#6346,.F.);
#8444=ORIENTED_EDGE('',*,*,#6347,.T.);
#8445=ORIENTED_EDGE('',*,*,#6270,.T.);
#8446=ORIENTED_EDGE('',*,*,#6348,.T.);
#8447=ORIENTED_EDGE('',*,*,#6349,.F.);
#8448=ORIENTED_EDGE('',*,*,#6342,.F.);
#8449=ORIENTED_EDGE('',*,*,#6273,.T.);
#8450=ORIENTED_EDGE('',*,*,#6347,.F.);
#8451=ORIENTED_EDGE('',*,*,#6350,.F.);
#8452=ORIENTED_EDGE('',*,*,#6351,.T.);
#8453=ORIENTED_EDGE('',*,*,#6275,.T.);
#8454=ORIENTED_EDGE('',*,*,#6352,.T.);
#8455=ORIENTED_EDGE('',*,*,#6353,.F.);
#8456=ORIENTED_EDGE('',*,*,#6348,.F.);
#8457=ORIENTED_EDGE('',*,*,#6278,.T.);
#8458=ORIENTED_EDGE('',*,*,#6351,.F.);
#8459=ORIENTED_EDGE('',*,*,#6354,.F.);
#8460=ORIENTED_EDGE('',*,*,#6355,.T.);
#8461=ORIENTED_EDGE('',*,*,#6279,.T.);
#8462=ORIENTED_EDGE('',*,*,#6356,.T.);
#8463=ORIENTED_EDGE('',*,*,#6357,.F.);
#8464=ORIENTED_EDGE('',*,*,#6352,.F.);
#8465=ORIENTED_EDGE('',*,*,#6281,.T.);
#8466=ORIENTED_EDGE('',*,*,#6355,.F.);
#8467=ORIENTED_EDGE('',*,*,#6358,.F.);
#8468=ORIENTED_EDGE('',*,*,#6206,.T.);
#8469=ORIENTED_EDGE('',*,*,#6251,.T.);
#8470=ORIENTED_EDGE('',*,*,#6359,.T.);
#8471=ORIENTED_EDGE('',*,*,#6360,.F.);
#8472=ORIENTED_EDGE('',*,*,#6356,.F.);
#8473=ORIENTED_EDGE('',*,*,#6283,.T.);
#8474=ORIENTED_EDGE('',*,*,#6361,.T.);
#8475=ORIENTED_EDGE('',*,*,#6362,.F.);
#8476=ORIENTED_EDGE('',*,*,#6359,.F.);
#8477=ORIENTED_EDGE('',*,*,#6300,.T.);
#8478=ORIENTED_EDGE('',*,*,#6363,.F.);
#8479=ORIENTED_EDGE('',*,*,#6364,.T.);
#8480=ORIENTED_EDGE('',*,*,#6365,.F.);
#8481=ORIENTED_EDGE('',*,*,#6366,.F.);
#8482=ORIENTED_EDGE('',*,*,#6255,.T.);
#8483=ORIENTED_EDGE('',*,*,#6367,.F.);
#8484=ORIENTED_EDGE('',*,*,#6368,.F.);
#8485=ORIENTED_EDGE('',*,*,#6369,.T.);
#8486=ORIENTED_EDGE('',*,*,#6370,.F.);
#8487=ORIENTED_EDGE('',*,*,#6288,.T.);
#8488=ORIENTED_EDGE('',*,*,#6371,.T.);
#8489=ORIENTED_EDGE('',*,*,#6372,.F.);
#8490=ORIENTED_EDGE('',*,*,#6361,.F.);
#8491=ORIENTED_EDGE('',*,*,#6293,.T.);
#8492=ORIENTED_EDGE('',*,*,#6366,.T.);
#8493=ORIENTED_EDGE('',*,*,#6373,.F.);
#8494=ORIENTED_EDGE('',*,*,#6371,.F.);
#8495=ORIENTED_EDGE('',*,*,#6295,.T.);
#8496=ORIENTED_EDGE('',*,*,#6374,.F.);
#8497=ORIENTED_EDGE('',*,*,#6375,.F.);
#8498=ORIENTED_EDGE('',*,*,#6376,.T.);
#8499=ORIENTED_EDGE('',*,*,#6291,.T.);
#8500=ORIENTED_EDGE('',*,*,#6377,.F.);
#8501=ORIENTED_EDGE('',*,*,#6378,.F.);
#8502=ORIENTED_EDGE('',*,*,#6374,.T.);
#8503=ORIENTED_EDGE('',*,*,#6286,.T.);
#8504=ORIENTED_EDGE('',*,*,#6242,.F.);
#8505=ORIENTED_EDGE('',*,*,#6379,.F.);
#8506=ORIENTED_EDGE('',*,*,#6377,.T.);
#8507=ORIENTED_EDGE('',*,*,#6261,.T.);
#8508=ORIENTED_EDGE('',*,*,#6376,.F.);
#8509=ORIENTED_EDGE('',*,*,#6380,.F.);
#8510=ORIENTED_EDGE('',*,*,#6306,.F.);
#8511=ORIENTED_EDGE('',*,*,#6343,.T.);
#8512=ORIENTED_EDGE('',*,*,#6349,.T.);
#8513=ORIENTED_EDGE('',*,*,#6353,.T.);
#8514=ORIENTED_EDGE('',*,*,#6357,.T.);
#8515=ORIENTED_EDGE('',*,*,#6360,.T.);
#8516=ORIENTED_EDGE('',*,*,#6362,.T.);
#8517=ORIENTED_EDGE('',*,*,#6372,.T.);
#8518=ORIENTED_EDGE('',*,*,#6373,.T.);
#8519=ORIENTED_EDGE('',*,*,#6365,.T.);
#8520=ORIENTED_EDGE('',*,*,#6381,.F.);
#8521=ORIENTED_EDGE('',*,*,#6382,.F.);
#8522=ORIENTED_EDGE('',*,*,#6383,.F.);
#8523=ORIENTED_EDGE('',*,*,#6384,.F.);
#8524=ORIENTED_EDGE('',*,*,#6385,.F.);
#8525=ORIENTED_EDGE('',*,*,#6386,.F.);
#8526=ORIENTED_EDGE('',*,*,#6387,.F.);
#8527=ORIENTED_EDGE('',*,*,#6388,.F.);
#8528=ORIENTED_EDGE('',*,*,#6389,.F.);
#8529=ORIENTED_EDGE('',*,*,#6390,.F.);
#8530=ORIENTED_EDGE('',*,*,#6391,.F.);
#8531=ORIENTED_EDGE('',*,*,#6392,.F.);
#8532=ORIENTED_EDGE('',*,*,#6393,.F.);
#8533=ORIENTED_EDGE('',*,*,#6394,.F.);
#8534=ORIENTED_EDGE('',*,*,#6395,.F.);
#8535=ORIENTED_EDGE('',*,*,#6396,.F.);
#8536=ORIENTED_EDGE('',*,*,#6397,.F.);
#8537=ORIENTED_EDGE('',*,*,#6398,.F.);
#8538=ORIENTED_EDGE('',*,*,#6399,.F.);
#8539=ORIENTED_EDGE('',*,*,#6400,.F.);
#8540=ORIENTED_EDGE('',*,*,#6401,.F.);
#8541=ORIENTED_EDGE('',*,*,#6402,.F.);
#8542=ORIENTED_EDGE('',*,*,#6403,.F.);
#8543=ORIENTED_EDGE('',*,*,#6298,.T.);
#8544=ORIENTED_EDGE('',*,*,#6404,.F.);
#8545=ORIENTED_EDGE('',*,*,#6405,.T.);
#8546=ORIENTED_EDGE('',*,*,#6406,.T.);
#8547=ORIENTED_EDGE('',*,*,#6407,.T.);
#8548=ORIENTED_EDGE('',*,*,#6408,.F.);
#8549=ORIENTED_EDGE('',*,*,#6409,.T.);
#8550=ORIENTED_EDGE('',*,*,#6410,.T.);
#8551=ORIENTED_EDGE('',*,*,#6411,.T.);
#8552=ORIENTED_EDGE('',*,*,#6412,.F.);
#8553=ORIENTED_EDGE('',*,*,#6413,.T.);
#8554=ORIENTED_EDGE('',*,*,#6414,.T.);
#8555=ORIENTED_EDGE('',*,*,#6415,.T.);
#8556=ORIENTED_EDGE('',*,*,#6416,.F.);
#8557=ORIENTED_EDGE('',*,*,#6417,.T.);
#8558=ORIENTED_EDGE('',*,*,#6418,.T.);
#8559=ORIENTED_EDGE('',*,*,#6419,.T.);
#8560=ORIENTED_EDGE('',*,*,#6420,.F.);
#8561=ORIENTED_EDGE('',*,*,#6421,.T.);
#8562=ORIENTED_EDGE('',*,*,#6422,.F.);
#8563=ORIENTED_EDGE('',*,*,#6423,.T.);
#8564=ORIENTED_EDGE('',*,*,#6424,.T.);
#8565=ORIENTED_EDGE('',*,*,#6425,.T.);
#8566=ORIENTED_EDGE('',*,*,#6426,.F.);
#8567=ORIENTED_EDGE('',*,*,#6427,.T.);
#8568=ORIENTED_EDGE('',*,*,#6428,.T.);
#8569=ORIENTED_EDGE('',*,*,#6429,.T.);
#8570=ORIENTED_EDGE('',*,*,#6430,.F.);
#8571=ORIENTED_EDGE('',*,*,#6431,.T.);
#8572=ORIENTED_EDGE('',*,*,#6432,.T.);
#8573=ORIENTED_EDGE('',*,*,#6433,.T.);
#8574=ORIENTED_EDGE('',*,*,#6434,.F.);
#8575=ORIENTED_EDGE('',*,*,#6435,.T.);
#8576=ORIENTED_EDGE('',*,*,#6436,.T.);
#8577=ORIENTED_EDGE('',*,*,#6437,.T.);
#8578=ORIENTED_EDGE('',*,*,#6438,.F.);
#8579=ORIENTED_EDGE('',*,*,#6367,.T.);
#8580=ORIENTED_EDGE('',*,*,#6254,.T.);
#8581=ORIENTED_EDGE('',*,*,#6439,.F.);
#8582=ORIENTED_EDGE('',*,*,#6440,.F.);
#8583=ORIENTED_EDGE('',*,*,#6418,.F.);
#8584=ORIENTED_EDGE('',*,*,#6441,.F.);
#8585=ORIENTED_EDGE('',*,*,#6442,.F.);
#8586=ORIENTED_EDGE('',*,*,#6443,.F.);
#8587=ORIENTED_EDGE('',*,*,#6327,.F.);
#8588=ORIENTED_EDGE('',*,*,#6444,.F.);
#8589=ORIENTED_EDGE('',*,*,#6445,.T.);
#8590=ORIENTED_EDGE('',*,*,#6446,.T.);
#8591=ORIENTED_EDGE('',*,*,#6447,.T.);
#8592=ORIENTED_EDGE('',*,*,#6442,.T.);
#8593=ORIENTED_EDGE('',*,*,#6446,.F.);
#8594=ORIENTED_EDGE('',*,*,#6448,.F.);
#8595=ORIENTED_EDGE('',*,*,#6321,.F.);
#8596=ORIENTED_EDGE('',*,*,#6449,.F.);
#8597=ORIENTED_EDGE('',*,*,#6450,.T.);
#8598=ORIENTED_EDGE('',*,*,#6451,.T.);
#8599=ORIENTED_EDGE('',*,*,#6452,.T.);
#8600=ORIENTED_EDGE('',*,*,#6439,.T.);
#8601=ORIENTED_EDGE('',*,*,#6451,.F.);
#8602=ORIENTED_EDGE('',*,*,#6453,.F.);
#8603=ORIENTED_EDGE('',*,*,#6424,.F.);
#8604=ORIENTED_EDGE('',*,*,#6454,.F.);
#8605=ORIENTED_EDGE('',*,*,#6455,.F.);
#8606=ORIENTED_EDGE('',*,*,#6456,.T.);
#8607=ORIENTED_EDGE('',*,*,#6457,.F.);
#8608=ORIENTED_EDGE('',*,*,#6458,.T.);
#8609=ORIENTED_EDGE('',*,*,#6455,.T.);
#8610=ORIENTED_EDGE('',*,*,#6459,.T.);
#8611=ORIENTED_EDGE('',*,*,#6419,.F.);
#8612=ORIENTED_EDGE('',*,*,#6440,.T.);
#8613=ORIENTED_EDGE('',*,*,#6452,.F.);
#8614=ORIENTED_EDGE('',*,*,#6454,.T.);
#8615=ORIENTED_EDGE('',*,*,#6423,.F.);
#8616=ORIENTED_EDGE('',*,*,#6460,.F.);
#8617=ORIENTED_EDGE('',*,*,#6461,.F.);
#8618=ORIENTED_EDGE('',*,*,#6297,.T.);
#8619=ORIENTED_EDGE('',*,*,#6341,.T.);
#8620=ORIENTED_EDGE('',*,*,#6462,.F.);
#8621=ORIENTED_EDGE('',*,*,#6463,.F.);
#8622=ORIENTED_EDGE('',*,*,#6464,.F.);
#8623=ORIENTED_EDGE('',*,*,#6337,.T.);
#8624=ORIENTED_EDGE('',*,*,#6465,.F.);
#8625=ORIENTED_EDGE('',*,*,#6466,.F.);
#8626=ORIENTED_EDGE('',*,*,#6467,.F.);
#8627=ORIENTED_EDGE('',*,*,#6333,.T.);
#8628=ORIENTED_EDGE('',*,*,#6468,.F.);
#8629=ORIENTED_EDGE('',*,*,#6469,.F.);
#8630=ORIENTED_EDGE('',*,*,#6470,.F.);
#8631=ORIENTED_EDGE('',*,*,#6329,.T.);
#8632=ORIENTED_EDGE('',*,*,#6471,.F.);
#8633=ORIENTED_EDGE('',*,*,#6472,.F.);
#8634=ORIENTED_EDGE('',*,*,#6473,.F.);
#8635=ORIENTED_EDGE('',*,*,#6325,.T.);
#8636=ORIENTED_EDGE('',*,*,#6474,.T.);
#8637=ORIENTED_EDGE('',*,*,#6420,.T.);
#8638=ORIENTED_EDGE('',*,*,#6459,.F.);
#8639=ORIENTED_EDGE('',*,*,#6458,.F.);
#8640=ORIENTED_EDGE('',*,*,#6475,.F.);
#8641=ORIENTED_EDGE('',*,*,#6416,.T.);
#8642=ORIENTED_EDGE('',*,*,#6476,.F.);
#8643=ORIENTED_EDGE('',*,*,#6477,.F.);
#8644=ORIENTED_EDGE('',*,*,#6478,.F.);
#8645=ORIENTED_EDGE('',*,*,#6412,.T.);
#8646=ORIENTED_EDGE('',*,*,#6479,.F.);
#8647=ORIENTED_EDGE('',*,*,#6480,.F.);
#8648=ORIENTED_EDGE('',*,*,#6481,.F.);
#8649=ORIENTED_EDGE('',*,*,#6408,.T.);
#8650=ORIENTED_EDGE('',*,*,#6482,.F.);
#8651=ORIENTED_EDGE('',*,*,#6483,.F.);
#8652=ORIENTED_EDGE('',*,*,#6484,.F.);
#8653=ORIENTED_EDGE('',*,*,#6404,.T.);
#8654=ORIENTED_EDGE('',*,*,#6485,.F.);
#8655=ORIENTED_EDGE('',*,*,#6472,.T.);
#8656=ORIENTED_EDGE('',*,*,#6486,.F.);
#8657=ORIENTED_EDGE('',*,*,#6487,.T.);
#8658=ORIENTED_EDGE('',*,*,#6486,.T.);
#8659=ORIENTED_EDGE('',*,*,#6471,.T.);
#8660=ORIENTED_EDGE('',*,*,#6328,.F.);
#8661=ORIENTED_EDGE('',*,*,#6443,.T.);
#8662=ORIENTED_EDGE('',*,*,#6447,.F.);
#8663=ORIENTED_EDGE('',*,*,#6449,.T.);
#8664=ORIENTED_EDGE('',*,*,#6320,.F.);
#8665=ORIENTED_EDGE('',*,*,#6488,.F.);
#8666=ORIENTED_EDGE('',*,*,#6489,.F.);
#8667=ORIENTED_EDGE('',*,*,#6203,.F.);
#8668=ORIENTED_EDGE('',*,*,#6207,.T.);
#8669=ORIENTED_EDGE('',*,*,#6358,.T.);
#8670=ORIENTED_EDGE('',*,*,#6354,.T.);
#8671=ORIENTED_EDGE('',*,*,#6350,.T.);
#8672=ORIENTED_EDGE('',*,*,#6346,.T.);
#8673=ORIENTED_EDGE('',*,*,#6490,.F.);
#8674=ORIENTED_EDGE('',*,*,#6491,.F.);
#8675=ORIENTED_EDGE('',*,*,#6492,.F.);
#8676=ORIENTED_EDGE('',*,*,#6493,.F.);
#8677=ORIENTED_EDGE('',*,*,#6494,.F.);
#8678=ORIENTED_EDGE('',*,*,#6495,.F.);
#8679=ORIENTED_EDGE('',*,*,#6496,.F.);
#8680=ORIENTED_EDGE('',*,*,#6497,.F.);
#8681=ORIENTED_EDGE('',*,*,#6498,.F.);
#8682=ORIENTED_EDGE('',*,*,#6499,.F.);
#8683=ORIENTED_EDGE('',*,*,#6500,.F.);
#8684=ORIENTED_EDGE('',*,*,#6501,.F.);
#8685=ORIENTED_EDGE('',*,*,#6502,.F.);
#8686=ORIENTED_EDGE('',*,*,#6368,.T.);
#8687=ORIENTED_EDGE('',*,*,#6438,.T.);
#8688=ORIENTED_EDGE('',*,*,#6503,.T.);
#8689=ORIENTED_EDGE('',*,*,#6504,.T.);
#8690=ORIENTED_EDGE('',*,*,#6505,.T.);
#8691=ORIENTED_EDGE('',*,*,#6434,.T.);
#8692=ORIENTED_EDGE('',*,*,#6506,.T.);
#8693=ORIENTED_EDGE('',*,*,#6507,.T.);
#8694=ORIENTED_EDGE('',*,*,#6508,.T.);
#8695=ORIENTED_EDGE('',*,*,#6430,.T.);
#8696=ORIENTED_EDGE('',*,*,#6509,.T.);
#8697=ORIENTED_EDGE('',*,*,#6510,.T.);
#8698=ORIENTED_EDGE('',*,*,#6511,.T.);
#8699=ORIENTED_EDGE('',*,*,#6426,.T.);
#8700=ORIENTED_EDGE('',*,*,#6512,.T.);
#8701=ORIENTED_EDGE('',*,*,#6513,.T.);
#8702=ORIENTED_EDGE('',*,*,#6460,.T.);
#8703=ORIENTED_EDGE('',*,*,#6422,.T.);
#8704=ORIENTED_EDGE('',*,*,#6514,.T.);
#8705=ORIENTED_EDGE('',*,*,#6323,.T.);
#8706=ORIENTED_EDGE('',*,*,#6515,.T.);
#8707=ORIENTED_EDGE('',*,*,#6516,.T.);
#8708=ORIENTED_EDGE('',*,*,#6488,.T.);
#8709=ORIENTED_EDGE('',*,*,#6319,.T.);
#8710=ORIENTED_EDGE('',*,*,#6517,.T.);
#8711=ORIENTED_EDGE('',*,*,#6518,.T.);
#8712=ORIENTED_EDGE('',*,*,#6519,.T.);
#8713=ORIENTED_EDGE('',*,*,#6315,.T.);
#8714=ORIENTED_EDGE('',*,*,#6520,.T.);
#8715=ORIENTED_EDGE('',*,*,#6521,.T.);
#8716=ORIENTED_EDGE('',*,*,#6522,.T.);
#8717=ORIENTED_EDGE('',*,*,#6311,.T.);
#8718=ORIENTED_EDGE('',*,*,#6523,.T.);
#8719=ORIENTED_EDGE('',*,*,#6524,.T.);
#8720=ORIENTED_EDGE('',*,*,#6525,.T.);
#8721=ORIENTED_EDGE('',*,*,#6307,.T.);
#8722=ORIENTED_EDGE('',*,*,#6380,.T.);
#8723=ORIENTED_EDGE('',*,*,#6375,.T.);
#8724=ORIENTED_EDGE('',*,*,#6378,.T.);
#8725=ORIENTED_EDGE('',*,*,#6379,.T.);
#8726=ORIENTED_EDGE('',*,*,#6241,.T.);
#8727=ORIENTED_EDGE('',*,*,#6238,.F.);
#8728=ORIENTED_EDGE('',*,*,#6229,.F.);
#8729=ORIENTED_EDGE('',*,*,#6232,.F.);
#8730=ORIENTED_EDGE('',*,*,#6234,.F.);
#8731=ORIENTED_EDGE('',*,*,#6236,.F.);
#8732=ORIENTED_EDGE('',*,*,#6237,.F.);
#8733=ORIENTED_EDGE('',*,*,#6526,.F.);
#8734=ORIENTED_EDGE('',*,*,#6527,.F.);
#8735=ORIENTED_EDGE('',*,*,#6528,.F.);
#8736=ORIENTED_EDGE('',*,*,#6529,.F.);
#8737=ORIENTED_EDGE('',*,*,#6530,.F.);
#8738=ORIENTED_EDGE('',*,*,#6531,.F.);
#8739=ORIENTED_EDGE('',*,*,#6532,.F.);
#8740=ORIENTED_EDGE('',*,*,#6533,.F.);
#8741=ORIENTED_EDGE('',*,*,#6534,.F.);
#8742=ORIENTED_EDGE('',*,*,#6535,.F.);
#8743=ORIENTED_EDGE('',*,*,#6485,.T.);
#8744=ORIENTED_EDGE('',*,*,#6536,.T.);
#8745=ORIENTED_EDGE('',*,*,#6515,.F.);
#8746=ORIENTED_EDGE('',*,*,#6322,.F.);
#8747=ORIENTED_EDGE('',*,*,#6448,.T.);
#8748=ORIENTED_EDGE('',*,*,#6445,.F.);
#8749=ORIENTED_EDGE('',*,*,#6444,.T.);
#8750=ORIENTED_EDGE('',*,*,#6326,.F.);
#8751=ORIENTED_EDGE('',*,*,#6473,.T.);
#8752=ORIENTED_EDGE('',*,*,#6487,.F.);
#8753=ORIENTED_EDGE('',*,*,#6489,.T.);
#8754=ORIENTED_EDGE('',*,*,#6516,.F.);
#8755=ORIENTED_EDGE('',*,*,#6536,.F.);
#8756=ORIENTED_EDGE('',*,*,#6457,.T.);
#8757=ORIENTED_EDGE('',*,*,#6537,.T.);
#8758=ORIENTED_EDGE('',*,*,#6512,.F.);
#8759=ORIENTED_EDGE('',*,*,#6425,.F.);
#8760=ORIENTED_EDGE('',*,*,#6453,.T.);
#8761=ORIENTED_EDGE('',*,*,#6450,.F.);
#8762=ORIENTED_EDGE('',*,*,#6441,.T.);
#8763=ORIENTED_EDGE('',*,*,#6417,.F.);
#8764=ORIENTED_EDGE('',*,*,#6475,.T.);
#8765=ORIENTED_EDGE('',*,*,#6456,.F.);
#8766=ORIENTED_EDGE('',*,*,#6461,.T.);
#8767=ORIENTED_EDGE('',*,*,#6513,.F.);
#8768=ORIENTED_EDGE('',*,*,#6537,.F.);
#8769=ORIENTED_EDGE('',*,*,#6538,.F.);
#8770=ORIENTED_EDGE('',*,*,#6539,.F.);
#8771=ORIENTED_EDGE('',*,*,#6414,.F.);
#8772=ORIENTED_EDGE('',*,*,#6540,.F.);
#8773=ORIENTED_EDGE('',*,*,#6541,.F.);
#8774=ORIENTED_EDGE('',*,*,#6542,.F.);
#8775=ORIENTED_EDGE('',*,*,#6331,.F.);
#8776=ORIENTED_EDGE('',*,*,#6543,.F.);
#8777=ORIENTED_EDGE('',*,*,#6544,.T.);
#8778=ORIENTED_EDGE('',*,*,#6545,.T.);
#8779=ORIENTED_EDGE('',*,*,#6546,.T.);
#8780=ORIENTED_EDGE('',*,*,#6541,.T.);
#8781=ORIENTED_EDGE('',*,*,#6545,.F.);
#8782=ORIENTED_EDGE('',*,*,#6547,.F.);
#8783=ORIENTED_EDGE('',*,*,#6317,.F.);
#8784=ORIENTED_EDGE('',*,*,#6548,.F.);
#8785=ORIENTED_EDGE('',*,*,#6549,.T.);
#8786=ORIENTED_EDGE('',*,*,#6550,.T.);
#8787=ORIENTED_EDGE('',*,*,#6551,.T.);
#8788=ORIENTED_EDGE('',*,*,#6538,.T.);
#8789=ORIENTED_EDGE('',*,*,#6550,.F.);
#8790=ORIENTED_EDGE('',*,*,#6552,.F.);
#8791=ORIENTED_EDGE('',*,*,#6428,.F.);
#8792=ORIENTED_EDGE('',*,*,#6553,.F.);
#8793=ORIENTED_EDGE('',*,*,#6554,.F.);
#8794=ORIENTED_EDGE('',*,*,#6555,.T.);
#8795=ORIENTED_EDGE('',*,*,#6556,.F.);
#8796=ORIENTED_EDGE('',*,*,#6477,.T.);
#8797=ORIENTED_EDGE('',*,*,#6554,.T.);
#8798=ORIENTED_EDGE('',*,*,#6476,.T.);
#8799=ORIENTED_EDGE('',*,*,#6415,.F.);
#8800=ORIENTED_EDGE('',*,*,#6539,.T.);
#8801=ORIENTED_EDGE('',*,*,#6551,.F.);
#8802=ORIENTED_EDGE('',*,*,#6553,.T.);
#8803=ORIENTED_EDGE('',*,*,#6427,.F.);
#8804=ORIENTED_EDGE('',*,*,#6511,.F.);
#8805=ORIENTED_EDGE('',*,*,#6557,.F.);
#8806=ORIENTED_EDGE('',*,*,#6558,.F.);
#8807=ORIENTED_EDGE('',*,*,#6469,.T.);
#8808=ORIENTED_EDGE('',*,*,#6559,.F.);
#8809=ORIENTED_EDGE('',*,*,#6560,.T.);
#8810=ORIENTED_EDGE('',*,*,#6559,.T.);
#8811=ORIENTED_EDGE('',*,*,#6468,.T.);
#8812=ORIENTED_EDGE('',*,*,#6332,.F.);
#8813=ORIENTED_EDGE('',*,*,#6542,.T.);
#8814=ORIENTED_EDGE('',*,*,#6546,.F.);
#8815=ORIENTED_EDGE('',*,*,#6548,.T.);
#8816=ORIENTED_EDGE('',*,*,#6316,.F.);
#8817=ORIENTED_EDGE('',*,*,#6519,.F.);
#8818=ORIENTED_EDGE('',*,*,#6561,.F.);
#8819=ORIENTED_EDGE('',*,*,#6558,.T.);
#8820=ORIENTED_EDGE('',*,*,#6562,.T.);
#8821=ORIENTED_EDGE('',*,*,#6517,.F.);
#8822=ORIENTED_EDGE('',*,*,#6318,.F.);
#8823=ORIENTED_EDGE('',*,*,#6547,.T.);
#8824=ORIENTED_EDGE('',*,*,#6544,.F.);
#8825=ORIENTED_EDGE('',*,*,#6543,.T.);
#8826=ORIENTED_EDGE('',*,*,#6330,.F.);
#8827=ORIENTED_EDGE('',*,*,#6470,.T.);
#8828=ORIENTED_EDGE('',*,*,#6560,.F.);
#8829=ORIENTED_EDGE('',*,*,#6561,.T.);
#8830=ORIENTED_EDGE('',*,*,#6518,.F.);
#8831=ORIENTED_EDGE('',*,*,#6562,.F.);
#8832=ORIENTED_EDGE('',*,*,#6556,.T.);
#8833=ORIENTED_EDGE('',*,*,#6563,.T.);
#8834=ORIENTED_EDGE('',*,*,#6509,.F.);
#8835=ORIENTED_EDGE('',*,*,#6429,.F.);
#8836=ORIENTED_EDGE('',*,*,#6552,.T.);
#8837=ORIENTED_EDGE('',*,*,#6549,.F.);
#8838=ORIENTED_EDGE('',*,*,#6540,.T.);
#8839=ORIENTED_EDGE('',*,*,#6413,.F.);
#8840=ORIENTED_EDGE('',*,*,#6478,.T.);
#8841=ORIENTED_EDGE('',*,*,#6555,.F.);
#8842=ORIENTED_EDGE('',*,*,#6557,.T.);
#8843=ORIENTED_EDGE('',*,*,#6510,.F.);
#8844=ORIENTED_EDGE('',*,*,#6563,.F.);
#8845=ORIENTED_EDGE('',*,*,#6564,.F.);
#8846=ORIENTED_EDGE('',*,*,#6565,.F.);
#8847=ORIENTED_EDGE('',*,*,#6406,.F.);
#8848=ORIENTED_EDGE('',*,*,#6566,.F.);
#8849=ORIENTED_EDGE('',*,*,#6567,.F.);
#8850=ORIENTED_EDGE('',*,*,#6568,.F.);
#8851=ORIENTED_EDGE('',*,*,#6339,.F.);
#8852=ORIENTED_EDGE('',*,*,#6569,.F.);
#8853=ORIENTED_EDGE('',*,*,#6570,.T.);
#8854=ORIENTED_EDGE('',*,*,#6571,.T.);
#8855=ORIENTED_EDGE('',*,*,#6572,.T.);
#8856=ORIENTED_EDGE('',*,*,#6567,.T.);
#8857=ORIENTED_EDGE('',*,*,#6571,.F.);
#8858=ORIENTED_EDGE('',*,*,#6573,.F.);
#8859=ORIENTED_EDGE('',*,*,#6309,.F.);
#8860=ORIENTED_EDGE('',*,*,#6574,.F.);
#8861=ORIENTED_EDGE('',*,*,#6575,.T.);
#8862=ORIENTED_EDGE('',*,*,#6576,.T.);
#8863=ORIENTED_EDGE('',*,*,#6577,.T.);
#8864=ORIENTED_EDGE('',*,*,#6564,.T.);
#8865=ORIENTED_EDGE('',*,*,#6576,.F.);
#8866=ORIENTED_EDGE('',*,*,#6578,.F.);
#8867=ORIENTED_EDGE('',*,*,#6436,.F.);
#8868=ORIENTED_EDGE('',*,*,#6579,.F.);
#8869=ORIENTED_EDGE('',*,*,#6580,.F.);
#8870=ORIENTED_EDGE('',*,*,#6581,.T.);
#8871=ORIENTED_EDGE('',*,*,#6582,.F.);
#8872=ORIENTED_EDGE('',*,*,#6483,.T.);
#8873=ORIENTED_EDGE('',*,*,#6580,.T.);
#8874=ORIENTED_EDGE('',*,*,#6482,.T.);
#8875=ORIENTED_EDGE('',*,*,#6407,.F.);
#8876=ORIENTED_EDGE('',*,*,#6565,.T.);
#8877=ORIENTED_EDGE('',*,*,#6577,.F.);
#8878=ORIENTED_EDGE('',*,*,#6579,.T.);
#8879=ORIENTED_EDGE('',*,*,#6435,.F.);
#8880=ORIENTED_EDGE('',*,*,#6505,.F.);
#8881=ORIENTED_EDGE('',*,*,#6583,.F.);
#8882=ORIENTED_EDGE('',*,*,#6584,.F.);
#8883=ORIENTED_EDGE('',*,*,#6585,.T.);
#8884=ORIENTED_EDGE('',*,*,#6586,.F.);
#8885=ORIENTED_EDGE('',*,*,#6463,.T.);
#8886=ORIENTED_EDGE('',*,*,#6584,.T.);
#8887=ORIENTED_EDGE('',*,*,#6462,.T.);
#8888=ORIENTED_EDGE('',*,*,#6340,.F.);
#8889=ORIENTED_EDGE('',*,*,#6568,.T.);
#8890=ORIENTED_EDGE('',*,*,#6572,.F.);
#8891=ORIENTED_EDGE('',*,*,#6574,.T.);
#8892=ORIENTED_EDGE('',*,*,#6308,.F.);
#8893=ORIENTED_EDGE('',*,*,#6525,.F.);
#8894=ORIENTED_EDGE('',*,*,#6587,.F.);
#8895=ORIENTED_EDGE('',*,*,#6586,.T.);
#8896=ORIENTED_EDGE('',*,*,#6588,.T.);
#8897=ORIENTED_EDGE('',*,*,#6523,.F.);
#8898=ORIENTED_EDGE('',*,*,#6310,.F.);
#8899=ORIENTED_EDGE('',*,*,#6573,.T.);
#8900=ORIENTED_EDGE('',*,*,#6570,.F.);
#8901=ORIENTED_EDGE('',*,*,#6569,.T.);
#8902=ORIENTED_EDGE('',*,*,#6338,.F.);
#8903=ORIENTED_EDGE('',*,*,#6464,.T.);
#8904=ORIENTED_EDGE('',*,*,#6585,.F.);
#8905=ORIENTED_EDGE('',*,*,#6587,.T.);
#8906=ORIENTED_EDGE('',*,*,#6524,.F.);
#8907=ORIENTED_EDGE('',*,*,#6588,.F.);
#8908=ORIENTED_EDGE('',*,*,#6582,.T.);
#8909=ORIENTED_EDGE('',*,*,#6589,.T.);
#8910=ORIENTED_EDGE('',*,*,#6503,.F.);
#8911=ORIENTED_EDGE('',*,*,#6437,.F.);
#8912=ORIENTED_EDGE('',*,*,#6578,.T.);
#8913=ORIENTED_EDGE('',*,*,#6575,.F.);
#8914=ORIENTED_EDGE('',*,*,#6566,.T.);
#8915=ORIENTED_EDGE('',*,*,#6405,.F.);
#8916=ORIENTED_EDGE('',*,*,#6484,.T.);
#8917=ORIENTED_EDGE('',*,*,#6581,.F.);
#8918=ORIENTED_EDGE('',*,*,#6583,.T.);
#8919=ORIENTED_EDGE('',*,*,#6504,.F.);
#8920=ORIENTED_EDGE('',*,*,#6589,.F.);
#8921=ORIENTED_EDGE('',*,*,#6590,.F.);
#8922=ORIENTED_EDGE('',*,*,#6591,.F.);
#8923=ORIENTED_EDGE('',*,*,#6410,.F.);
#8924=ORIENTED_EDGE('',*,*,#6592,.F.);
#8925=ORIENTED_EDGE('',*,*,#6593,.F.);
#8926=ORIENTED_EDGE('',*,*,#6594,.F.);
#8927=ORIENTED_EDGE('',*,*,#6335,.F.);
#8928=ORIENTED_EDGE('',*,*,#6595,.F.);
#8929=ORIENTED_EDGE('',*,*,#6596,.T.);
#8930=ORIENTED_EDGE('',*,*,#6597,.T.);
#8931=ORIENTED_EDGE('',*,*,#6598,.T.);
#8932=ORIENTED_EDGE('',*,*,#6593,.T.);
#8933=ORIENTED_EDGE('',*,*,#6597,.F.);
#8934=ORIENTED_EDGE('',*,*,#6599,.F.);
#8935=ORIENTED_EDGE('',*,*,#6313,.F.);
#8936=ORIENTED_EDGE('',*,*,#6600,.F.);
#8937=ORIENTED_EDGE('',*,*,#6601,.T.);
#8938=ORIENTED_EDGE('',*,*,#6602,.T.);
#8939=ORIENTED_EDGE('',*,*,#6603,.T.);
#8940=ORIENTED_EDGE('',*,*,#6590,.T.);
#8941=ORIENTED_EDGE('',*,*,#6602,.F.);
#8942=ORIENTED_EDGE('',*,*,#6604,.F.);
#8943=ORIENTED_EDGE('',*,*,#6432,.F.);
#8944=ORIENTED_EDGE('',*,*,#6605,.F.);
#8945=ORIENTED_EDGE('',*,*,#6606,.F.);
#8946=ORIENTED_EDGE('',*,*,#6607,.T.);
#8947=ORIENTED_EDGE('',*,*,#6608,.F.);
#8948=ORIENTED_EDGE('',*,*,#6480,.T.);
#8949=ORIENTED_EDGE('',*,*,#6606,.T.);
#8950=ORIENTED_EDGE('',*,*,#6479,.T.);
#8951=ORIENTED_EDGE('',*,*,#6411,.F.);
#8952=ORIENTED_EDGE('',*,*,#6591,.T.);
#8953=ORIENTED_EDGE('',*,*,#6603,.F.);
#8954=ORIENTED_EDGE('',*,*,#6605,.T.);
#8955=ORIENTED_EDGE('',*,*,#6431,.F.);
#8956=ORIENTED_EDGE('',*,*,#6508,.F.);
#8957=ORIENTED_EDGE('',*,*,#6609,.F.);
#8958=ORIENTED_EDGE('',*,*,#6610,.F.);
#8959=ORIENTED_EDGE('',*,*,#6611,.T.);
#8960=ORIENTED_EDGE('',*,*,#6612,.F.);
#8961=ORIENTED_EDGE('',*,*,#6466,.T.);
#8962=ORIENTED_EDGE('',*,*,#6610,.T.);
#8963=ORIENTED_EDGE('',*,*,#6465,.T.);
#8964=ORIENTED_EDGE('',*,*,#6336,.F.);
#8965=ORIENTED_EDGE('',*,*,#6594,.T.);
#8966=ORIENTED_EDGE('',*,*,#6598,.F.);
#8967=ORIENTED_EDGE('',*,*,#6600,.T.);
#8968=ORIENTED_EDGE('',*,*,#6312,.F.);
#8969=ORIENTED_EDGE('',*,*,#6522,.F.);
#8970=ORIENTED_EDGE('',*,*,#6613,.F.);
#8971=ORIENTED_EDGE('',*,*,#6612,.T.);
#8972=ORIENTED_EDGE('',*,*,#6614,.T.);
#8973=ORIENTED_EDGE('',*,*,#6520,.F.);
#8974=ORIENTED_EDGE('',*,*,#6314,.F.);
#8975=ORIENTED_EDGE('',*,*,#6599,.T.);
#8976=ORIENTED_EDGE('',*,*,#6596,.F.);
#8977=ORIENTED_EDGE('',*,*,#6595,.T.);
#8978=ORIENTED_EDGE('',*,*,#6334,.F.);
#8979=ORIENTED_EDGE('',*,*,#6467,.T.);
#8980=ORIENTED_EDGE('',*,*,#6611,.F.);
#8981=ORIENTED_EDGE('',*,*,#6613,.T.);
#8982=ORIENTED_EDGE('',*,*,#6521,.F.);
#8983=ORIENTED_EDGE('',*,*,#6614,.F.);
#8984=ORIENTED_EDGE('',*,*,#6608,.T.);
#8985=ORIENTED_EDGE('',*,*,#6615,.T.);
#8986=ORIENTED_EDGE('',*,*,#6506,.F.);
#8987=ORIENTED_EDGE('',*,*,#6433,.F.);
#8988=ORIENTED_EDGE('',*,*,#6604,.T.);
#8989=ORIENTED_EDGE('',*,*,#6601,.F.);
#8990=ORIENTED_EDGE('',*,*,#6592,.T.);
#8991=ORIENTED_EDGE('',*,*,#6409,.F.);
#8992=ORIENTED_EDGE('',*,*,#6481,.T.);
#8993=ORIENTED_EDGE('',*,*,#6607,.F.);
#8994=ORIENTED_EDGE('',*,*,#6609,.T.);
#8995=ORIENTED_EDGE('',*,*,#6507,.F.);
#8996=ORIENTED_EDGE('',*,*,#6615,.F.);
#8997=ORIENTED_EDGE('',*,*,#6514,.F.);
#8998=ORIENTED_EDGE('',*,*,#6421,.F.);
#8999=ORIENTED_EDGE('',*,*,#6474,.F.);
#9000=ORIENTED_EDGE('',*,*,#6324,.T.);
#9001=ORIENTED_EDGE('',*,*,#6616,.T.);
#9002=ORIENTED_EDGE('',*,*,#6394,.T.);
#9003=ORIENTED_EDGE('',*,*,#6617,.T.);
#9004=ORIENTED_EDGE('',*,*,#6618,.T.);
#9005=ORIENTED_EDGE('',*,*,#6619,.T.);
#9006=ORIENTED_EDGE('',*,*,#6395,.T.);
#9007=ORIENTED_EDGE('',*,*,#6616,.F.);
#9008=ORIENTED_EDGE('',*,*,#6620,.T.);
#9009=ORIENTED_EDGE('',*,*,#6621,.T.);
#9010=ORIENTED_EDGE('',*,*,#6396,.T.);
#9011=ORIENTED_EDGE('',*,*,#6619,.F.);
#9012=ORIENTED_EDGE('',*,*,#6622,.T.);
#9013=ORIENTED_EDGE('',*,*,#6617,.F.);
#9014=ORIENTED_EDGE('',*,*,#6397,.T.);
#9015=ORIENTED_EDGE('',*,*,#6621,.F.);
#9016=ORIENTED_EDGE('',*,*,#6623,.T.);
#9017=ORIENTED_EDGE('',*,*,#6620,.F.);
#9018=ORIENTED_EDGE('',*,*,#6624,.F.);
#9019=ORIENTED_EDGE('',*,*,#6625,.F.);
#9020=ORIENTED_EDGE('',*,*,#6626,.T.);
#9021=ORIENTED_EDGE('',*,*,#6618,.F.);
#9022=ORIENTED_EDGE('',*,*,#6627,.F.);
#9023=ORIENTED_EDGE('',*,*,#6628,.F.);
#9024=ORIENTED_EDGE('',*,*,#6624,.T.);
#9025=ORIENTED_EDGE('',*,*,#6629,.T.);
#9026=ORIENTED_EDGE('',*,*,#6400,.T.);
#9027=ORIENTED_EDGE('',*,*,#6630,.T.);
#9028=ORIENTED_EDGE('',*,*,#6631,.T.);
#9029=ORIENTED_EDGE('',*,*,#6632,.T.);
#9030=ORIENTED_EDGE('',*,*,#6401,.T.);
#9031=ORIENTED_EDGE('',*,*,#6629,.F.);
#9032=ORIENTED_EDGE('',*,*,#6633,.T.);
#9033=ORIENTED_EDGE('',*,*,#6634,.T.);
#9034=ORIENTED_EDGE('',*,*,#6402,.T.);
#9035=ORIENTED_EDGE('',*,*,#6632,.F.);
#9036=ORIENTED_EDGE('',*,*,#6635,.T.);
#9037=ORIENTED_EDGE('',*,*,#6630,.F.);
#9038=ORIENTED_EDGE('',*,*,#6403,.T.);
#9039=ORIENTED_EDGE('',*,*,#6634,.F.);
#9040=ORIENTED_EDGE('',*,*,#6636,.T.);
#9041=ORIENTED_EDGE('',*,*,#6633,.F.);
#9042=ORIENTED_EDGE('',*,*,#6637,.F.);
#9043=ORIENTED_EDGE('',*,*,#6638,.F.);
#9044=ORIENTED_EDGE('',*,*,#6639,.T.);
#9045=ORIENTED_EDGE('',*,*,#6631,.F.);
#9046=ORIENTED_EDGE('',*,*,#6640,.F.);
#9047=ORIENTED_EDGE('',*,*,#6641,.F.);
#9048=ORIENTED_EDGE('',*,*,#6637,.T.);
#9049=ORIENTED_EDGE('',*,*,#6364,.F.);
#9050=ORIENTED_EDGE('',*,*,#6642,.T.);
#9051=ORIENTED_EDGE('',*,*,#6643,.T.);
#9052=ORIENTED_EDGE('',*,*,#6381,.T.);
#9053=ORIENTED_EDGE('',*,*,#6644,.T.);
#9054=ORIENTED_EDGE('',*,*,#6382,.T.);
#9055=ORIENTED_EDGE('',*,*,#6643,.F.);
#9056=ORIENTED_EDGE('',*,*,#6645,.T.);
#9057=ORIENTED_EDGE('',*,*,#6644,.F.);
#9058=ORIENTED_EDGE('',*,*,#6646,.T.);
#9059=ORIENTED_EDGE('',*,*,#6647,.T.);
#9060=ORIENTED_EDGE('',*,*,#6383,.T.);
#9061=ORIENTED_EDGE('',*,*,#6648,.T.);
#9062=ORIENTED_EDGE('',*,*,#6384,.T.);
#9063=ORIENTED_EDGE('',*,*,#6647,.F.);
#9064=ORIENTED_EDGE('',*,*,#6649,.T.);
#9065=ORIENTED_EDGE('',*,*,#6648,.F.);
#9066=ORIENTED_EDGE('',*,*,#6650,.T.);
#9067=ORIENTED_EDGE('',*,*,#6651,.T.);
#9068=ORIENTED_EDGE('',*,*,#6385,.T.);
#9069=ORIENTED_EDGE('',*,*,#6652,.T.);
#9070=ORIENTED_EDGE('',*,*,#6386,.T.);
#9071=ORIENTED_EDGE('',*,*,#6651,.F.);
#9072=ORIENTED_EDGE('',*,*,#6653,.T.);
#9073=ORIENTED_EDGE('',*,*,#6652,.F.);
#9074=ORIENTED_EDGE('',*,*,#6654,.T.);
#9075=ORIENTED_EDGE('',*,*,#6655,.T.);
#9076=ORIENTED_EDGE('',*,*,#6387,.T.);
#9077=ORIENTED_EDGE('',*,*,#6656,.T.);
#9078=ORIENTED_EDGE('',*,*,#6388,.T.);
#9079=ORIENTED_EDGE('',*,*,#6655,.F.);
#9080=ORIENTED_EDGE('',*,*,#6657,.T.);
#9081=ORIENTED_EDGE('',*,*,#6656,.F.);
#9082=ORIENTED_EDGE('',*,*,#6658,.T.);
#9083=ORIENTED_EDGE('',*,*,#6659,.T.);
#9084=ORIENTED_EDGE('',*,*,#6389,.T.);
#9085=ORIENTED_EDGE('',*,*,#6660,.T.);
#9086=ORIENTED_EDGE('',*,*,#6390,.T.);
#9087=ORIENTED_EDGE('',*,*,#6659,.F.);
#9088=ORIENTED_EDGE('',*,*,#6661,.T.);
#9089=ORIENTED_EDGE('',*,*,#6660,.F.);
#9090=ORIENTED_EDGE('',*,*,#6662,.T.);
#9091=ORIENTED_EDGE('',*,*,#6663,.T.);
#9092=ORIENTED_EDGE('',*,*,#6391,.T.);
#9093=ORIENTED_EDGE('',*,*,#6664,.T.);
#9094=ORIENTED_EDGE('',*,*,#6392,.T.);
#9095=ORIENTED_EDGE('',*,*,#6663,.F.);
#9096=ORIENTED_EDGE('',*,*,#6665,.T.);
#9097=ORIENTED_EDGE('',*,*,#6664,.F.);
#9098=ORIENTED_EDGE('',*,*,#6302,.T.);
#9099=ORIENTED_EDGE('',*,*,#6344,.T.);
#9100=ORIENTED_EDGE('',*,*,#6393,.T.);
#9101=ORIENTED_EDGE('',*,*,#6646,.F.);
#9102=ORIENTED_EDGE('',*,*,#6666,.T.);
#9103=ORIENTED_EDGE('',*,*,#6667,.F.);
#9104=ORIENTED_EDGE('',*,*,#6668,.T.);
#9105=ORIENTED_EDGE('',*,*,#6645,.F.);
#9106=ORIENTED_EDGE('',*,*,#6669,.F.);
#9107=ORIENTED_EDGE('',*,*,#6670,.F.);
#9108=ORIENTED_EDGE('',*,*,#6666,.F.);
#9109=ORIENTED_EDGE('',*,*,#6256,.T.);
#9110=ORIENTED_EDGE('',*,*,#6370,.T.);
#9111=ORIENTED_EDGE('',*,*,#6671,.F.);
#9112=ORIENTED_EDGE('',*,*,#6669,.T.);
#9113=ORIENTED_EDGE('',*,*,#6642,.F.);
#9114=ORIENTED_EDGE('',*,*,#6363,.T.);
#9115=ORIENTED_EDGE('',*,*,#6299,.T.);
#9116=ORIENTED_EDGE('',*,*,#6672,.T.);
#9117=ORIENTED_EDGE('',*,*,#6673,.T.);
#9118=ORIENTED_EDGE('',*,*,#6399,.T.);
#9119=ORIENTED_EDGE('',*,*,#6673,.F.);
#9120=ORIENTED_EDGE('',*,*,#6674,.F.);
#9121=ORIENTED_EDGE('',*,*,#6675,.T.);
#9122=ORIENTED_EDGE('',*,*,#6672,.F.);
#9123=ORIENTED_EDGE('',*,*,#6675,.F.);
#9124=ORIENTED_EDGE('',*,*,#6676,.T.);
#9125=ORIENTED_EDGE('',*,*,#6677,.T.);
#9126=ORIENTED_EDGE('',*,*,#6398,.T.);
#9127=ORIENTED_EDGE('',*,*,#6677,.F.);
#9128=ORIENTED_EDGE('',*,*,#6678,.F.);
#9129=ORIENTED_EDGE('',*,*,#6679,.T.);
#9130=ORIENTED_EDGE('',*,*,#6676,.F.);
#9131=ORIENTED_EDGE('',*,*,#6679,.F.);
#9132=ORIENTED_EDGE('',*,*,#6680,.T.);
#9133=ORIENTED_EDGE('',*,*,#6526,.T.);
#9134=ORIENTED_EDGE('',*,*,#6681,.T.);
#9135=ORIENTED_EDGE('',*,*,#6682,.T.);
#9136=ORIENTED_EDGE('',*,*,#6683,.T.);
#9137=ORIENTED_EDGE('',*,*,#6527,.T.);
#9138=ORIENTED_EDGE('',*,*,#6680,.F.);
#9139=ORIENTED_EDGE('',*,*,#6684,.T.);
#9140=ORIENTED_EDGE('',*,*,#6685,.T.);
#9141=ORIENTED_EDGE('',*,*,#6528,.T.);
#9142=ORIENTED_EDGE('',*,*,#6683,.F.);
#9143=ORIENTED_EDGE('',*,*,#6686,.T.);
#9144=ORIENTED_EDGE('',*,*,#6681,.F.);
#9145=ORIENTED_EDGE('',*,*,#6529,.T.);
#9146=ORIENTED_EDGE('',*,*,#6685,.F.);
#9147=ORIENTED_EDGE('',*,*,#6687,.T.);
#9148=ORIENTED_EDGE('',*,*,#6684,.F.);
#9149=ORIENTED_EDGE('',*,*,#6688,.T.);
#9150=ORIENTED_EDGE('',*,*,#6689,.T.);
#9151=ORIENTED_EDGE('',*,*,#6690,.F.);
#9152=ORIENTED_EDGE('',*,*,#6682,.F.);
#9153=ORIENTED_EDGE('',*,*,#6691,.T.);
#9154=ORIENTED_EDGE('',*,*,#6692,.T.);
#9155=ORIENTED_EDGE('',*,*,#6688,.F.);
#9156=ORIENTED_EDGE('',*,*,#6693,.T.);
#9157=ORIENTED_EDGE('',*,*,#6532,.T.);
#9158=ORIENTED_EDGE('',*,*,#6694,.T.);
#9159=ORIENTED_EDGE('',*,*,#6695,.T.);
#9160=ORIENTED_EDGE('',*,*,#6696,.T.);
#9161=ORIENTED_EDGE('',*,*,#6533,.T.);
#9162=ORIENTED_EDGE('',*,*,#6693,.F.);
#9163=ORIENTED_EDGE('',*,*,#6697,.T.);
#9164=ORIENTED_EDGE('',*,*,#6698,.T.);
#9165=ORIENTED_EDGE('',*,*,#6534,.T.);
#9166=ORIENTED_EDGE('',*,*,#6696,.F.);
#9167=ORIENTED_EDGE('',*,*,#6699,.T.);
#9168=ORIENTED_EDGE('',*,*,#6694,.F.);
#9169=ORIENTED_EDGE('',*,*,#6535,.T.);
#9170=ORIENTED_EDGE('',*,*,#6698,.F.);
#9171=ORIENTED_EDGE('',*,*,#6700,.T.);
#9172=ORIENTED_EDGE('',*,*,#6697,.F.);
#9173=ORIENTED_EDGE('',*,*,#6701,.T.);
#9174=ORIENTED_EDGE('',*,*,#6702,.T.);
#9175=ORIENTED_EDGE('',*,*,#6703,.F.);
#9176=ORIENTED_EDGE('',*,*,#6695,.F.);
#9177=ORIENTED_EDGE('',*,*,#6704,.T.);
#9178=ORIENTED_EDGE('',*,*,#6705,.T.);
#9179=ORIENTED_EDGE('',*,*,#6701,.F.);
#9180=ORIENTED_EDGE('',*,*,#6706,.T.);
#9181=ORIENTED_EDGE('',*,*,#6667,.T.);
#9182=ORIENTED_EDGE('',*,*,#6707,.T.);
#9183=ORIENTED_EDGE('',*,*,#6500,.T.);
#9184=ORIENTED_EDGE('',*,*,#6706,.F.);
#9185=ORIENTED_EDGE('',*,*,#6499,.T.);
#9186=ORIENTED_EDGE('',*,*,#6708,.T.);
#9187=ORIENTED_EDGE('',*,*,#6709,.T.);
#9188=ORIENTED_EDGE('',*,*,#6710,.T.);
#9189=ORIENTED_EDGE('',*,*,#6711,.T.);
#9190=ORIENTED_EDGE('',*,*,#6708,.F.);
#9191=ORIENTED_EDGE('',*,*,#6498,.T.);
#9192=ORIENTED_EDGE('',*,*,#6710,.F.);
#9193=ORIENTED_EDGE('',*,*,#6497,.T.);
#9194=ORIENTED_EDGE('',*,*,#6712,.T.);
#9195=ORIENTED_EDGE('',*,*,#6713,.T.);
#9196=ORIENTED_EDGE('',*,*,#6714,.T.);
#9197=ORIENTED_EDGE('',*,*,#6715,.T.);
#9198=ORIENTED_EDGE('',*,*,#6712,.F.);
#9199=ORIENTED_EDGE('',*,*,#6496,.T.);
#9200=ORIENTED_EDGE('',*,*,#6714,.F.);
#9201=ORIENTED_EDGE('',*,*,#6495,.T.);
#9202=ORIENTED_EDGE('',*,*,#6716,.T.);
#9203=ORIENTED_EDGE('',*,*,#6717,.T.);
#9204=ORIENTED_EDGE('',*,*,#6718,.T.);
#9205=ORIENTED_EDGE('',*,*,#6719,.T.);
#9206=ORIENTED_EDGE('',*,*,#6716,.F.);
#9207=ORIENTED_EDGE('',*,*,#6494,.T.);
#9208=ORIENTED_EDGE('',*,*,#6718,.F.);
#9209=ORIENTED_EDGE('',*,*,#6493,.T.);
#9210=ORIENTED_EDGE('',*,*,#6720,.T.);
#9211=ORIENTED_EDGE('',*,*,#6721,.T.);
#9212=ORIENTED_EDGE('',*,*,#6722,.T.);
#9213=ORIENTED_EDGE('',*,*,#6723,.T.);
#9214=ORIENTED_EDGE('',*,*,#6720,.F.);
#9215=ORIENTED_EDGE('',*,*,#6492,.T.);
#9216=ORIENTED_EDGE('',*,*,#6722,.F.);
#9217=ORIENTED_EDGE('',*,*,#6491,.T.);
#9218=ORIENTED_EDGE('',*,*,#6724,.T.);
#9219=ORIENTED_EDGE('',*,*,#6725,.T.);
#9220=ORIENTED_EDGE('',*,*,#6345,.T.);
#9221=ORIENTED_EDGE('',*,*,#6304,.T.);
#9222=ORIENTED_EDGE('',*,*,#6724,.F.);
#9223=ORIENTED_EDGE('',*,*,#6490,.T.);
#9224=ORIENTED_EDGE('',*,*,#6726,.T.);
#9225=ORIENTED_EDGE('',*,*,#6671,.T.);
#9226=ORIENTED_EDGE('',*,*,#6369,.F.);
#9227=ORIENTED_EDGE('',*,*,#6502,.T.);
#9228=ORIENTED_EDGE('',*,*,#6726,.F.);
#9229=ORIENTED_EDGE('',*,*,#6501,.T.);
#9230=ORIENTED_EDGE('',*,*,#6707,.F.);
#9231=ORIENTED_EDGE('',*,*,#6670,.T.);
#9232=ORIENTED_EDGE('',*,*,#6674,.T.);
#9233=ORIENTED_EDGE('',*,*,#6727,.T.);
#9234=ORIENTED_EDGE('',*,*,#6531,.T.);
#9235=ORIENTED_EDGE('',*,*,#6727,.F.);
#9236=ORIENTED_EDGE('',*,*,#6678,.T.);
#9237=ORIENTED_EDGE('',*,*,#6728,.T.);
#9238=ORIENTED_EDGE('',*,*,#6530,.T.);
#9239=ORIENTED_EDGE('',*,*,#6728,.F.);
#9240=ORIENTED_EDGE('',*,*,#6622,.F.);
#9241=ORIENTED_EDGE('',*,*,#6626,.F.);
#9242=ORIENTED_EDGE('',*,*,#6729,.F.);
#9243=ORIENTED_EDGE('',*,*,#6730,.T.);
#9244=ORIENTED_EDGE('',*,*,#6623,.F.);
#9245=ORIENTED_EDGE('',*,*,#6730,.F.);
#9246=ORIENTED_EDGE('',*,*,#6731,.F.);
#9247=ORIENTED_EDGE('',*,*,#6627,.T.);
#9248=ORIENTED_EDGE('',*,*,#6625,.T.);
#9249=ORIENTED_EDGE('',*,*,#6628,.T.);
#9250=ORIENTED_EDGE('',*,*,#6731,.T.);
#9251=ORIENTED_EDGE('',*,*,#6729,.T.);
#9252=ORIENTED_EDGE('',*,*,#6732,.F.);
#9253=ORIENTED_EDGE('',*,*,#6733,.F.);
#9254=ORIENTED_EDGE('',*,*,#6702,.F.);
#9255=ORIENTED_EDGE('',*,*,#6705,.F.);
#9256=ORIENTED_EDGE('',*,*,#6699,.F.);
#9257=ORIENTED_EDGE('',*,*,#6703,.T.);
#9258=ORIENTED_EDGE('',*,*,#6733,.T.);
#9259=ORIENTED_EDGE('',*,*,#6734,.F.);
#9260=ORIENTED_EDGE('',*,*,#6700,.F.);
#9261=ORIENTED_EDGE('',*,*,#6734,.T.);
#9262=ORIENTED_EDGE('',*,*,#6732,.T.);
#9263=ORIENTED_EDGE('',*,*,#6704,.F.);
#9264=ORIENTED_EDGE('',*,*,#6635,.F.);
#9265=ORIENTED_EDGE('',*,*,#6639,.F.);
#9266=ORIENTED_EDGE('',*,*,#6735,.F.);
#9267=ORIENTED_EDGE('',*,*,#6736,.T.);
#9268=ORIENTED_EDGE('',*,*,#6636,.F.);
#9269=ORIENTED_EDGE('',*,*,#6736,.F.);
#9270=ORIENTED_EDGE('',*,*,#6737,.F.);
#9271=ORIENTED_EDGE('',*,*,#6640,.T.);
#9272=ORIENTED_EDGE('',*,*,#6638,.T.);
#9273=ORIENTED_EDGE('',*,*,#6641,.T.);
#9274=ORIENTED_EDGE('',*,*,#6737,.T.);
#9275=ORIENTED_EDGE('',*,*,#6735,.T.);
#9276=ORIENTED_EDGE('',*,*,#6738,.F.);
#9277=ORIENTED_EDGE('',*,*,#6739,.F.);
#9278=ORIENTED_EDGE('',*,*,#6689,.F.);
#9279=ORIENTED_EDGE('',*,*,#6692,.F.);
#9280=ORIENTED_EDGE('',*,*,#6686,.F.);
#9281=ORIENTED_EDGE('',*,*,#6690,.T.);
#9282=ORIENTED_EDGE('',*,*,#6739,.T.);
#9283=ORIENTED_EDGE('',*,*,#6740,.F.);
#9284=ORIENTED_EDGE('',*,*,#6687,.F.);
#9285=ORIENTED_EDGE('',*,*,#6740,.T.);
#9286=ORIENTED_EDGE('',*,*,#6738,.T.);
#9287=ORIENTED_EDGE('',*,*,#6691,.F.);
#9288=ORIENTED_EDGE('',*,*,#6665,.F.);
#9289=ORIENTED_EDGE('',*,*,#6741,.F.);
#9290=ORIENTED_EDGE('',*,*,#6725,.F.);
#9291=ORIENTED_EDGE('',*,*,#6303,.F.);
#9292=ORIENTED_EDGE('',*,*,#6661,.F.);
#9293=ORIENTED_EDGE('',*,*,#6742,.F.);
#9294=ORIENTED_EDGE('',*,*,#6721,.F.);
#9295=ORIENTED_EDGE('',*,*,#6743,.F.);
#9296=ORIENTED_EDGE('',*,*,#6662,.F.);
#9297=ORIENTED_EDGE('',*,*,#6743,.T.);
#9298=ORIENTED_EDGE('',*,*,#6723,.F.);
#9299=ORIENTED_EDGE('',*,*,#6741,.T.);
#9300=ORIENTED_EDGE('',*,*,#6649,.F.);
#9301=ORIENTED_EDGE('',*,*,#6668,.F.);
#9302=ORIENTED_EDGE('',*,*,#6709,.F.);
#9303=ORIENTED_EDGE('',*,*,#6744,.F.);
#9304=ORIENTED_EDGE('',*,*,#6650,.F.);
#9305=ORIENTED_EDGE('',*,*,#6744,.T.);
#9306=ORIENTED_EDGE('',*,*,#6711,.F.);
#9307=ORIENTED_EDGE('',*,*,#6745,.T.);
#9308=ORIENTED_EDGE('',*,*,#6657,.F.);
#9309=ORIENTED_EDGE('',*,*,#6746,.F.);
#9310=ORIENTED_EDGE('',*,*,#6717,.F.);
#9311=ORIENTED_EDGE('',*,*,#6747,.F.);
#9312=ORIENTED_EDGE('',*,*,#6658,.F.);
#9313=ORIENTED_EDGE('',*,*,#6747,.T.);
#9314=ORIENTED_EDGE('',*,*,#6719,.F.);
#9315=ORIENTED_EDGE('',*,*,#6742,.T.);
#9316=ORIENTED_EDGE('',*,*,#6653,.F.);
#9317=ORIENTED_EDGE('',*,*,#6745,.F.);
#9318=ORIENTED_EDGE('',*,*,#6713,.F.);
#9319=ORIENTED_EDGE('',*,*,#6748,.F.);
#9320=ORIENTED_EDGE('',*,*,#6654,.F.);
#9321=ORIENTED_EDGE('',*,*,#6748,.T.);
#9322=ORIENTED_EDGE('',*,*,#6715,.F.);
#9323=ORIENTED_EDGE('',*,*,#6746,.T.);
#9324=ORIENTED_EDGE('',*,*,#6749,.T.);
#9325=ORIENTED_EDGE('',*,*,#6750,.T.);
#9326=ORIENTED_EDGE('',*,*,#6751,.T.);
#9327=ORIENTED_EDGE('',*,*,#6752,.T.);
#9328=ORIENTED_EDGE('',*,*,#6753,.T.);
#9329=ORIENTED_EDGE('',*,*,#6754,.T.);
#9330=ORIENTED_EDGE('',*,*,#6755,.T.);
#9331=ORIENTED_EDGE('',*,*,#6756,.T.);
#9332=ORIENTED_EDGE('',*,*,#6757,.T.);
#9333=ORIENTED_EDGE('',*,*,#6758,.T.);
#9334=ORIENTED_EDGE('',*,*,#6759,.T.);
#9335=ORIENTED_EDGE('',*,*,#6757,.F.);
#9336=ORIENTED_EDGE('',*,*,#6760,.T.);
#9337=ORIENTED_EDGE('',*,*,#6761,.T.);
#9338=ORIENTED_EDGE('',*,*,#6755,.F.);
#9339=ORIENTED_EDGE('',*,*,#6762,.T.);
#9340=ORIENTED_EDGE('',*,*,#6763,.T.);
#9341=ORIENTED_EDGE('',*,*,#6764,.T.);
#9342=ORIENTED_EDGE('',*,*,#6763,.F.);
#9343=ORIENTED_EDGE('',*,*,#6765,.T.);
#9344=ORIENTED_EDGE('',*,*,#6766,.T.);
#9345=ORIENTED_EDGE('',*,*,#6767,.T.);
#9346=ORIENTED_EDGE('',*,*,#6766,.F.);
#9347=ORIENTED_EDGE('',*,*,#6768,.T.);
#9348=ORIENTED_EDGE('',*,*,#6769,.T.);
#9349=ORIENTED_EDGE('',*,*,#6770,.T.);
#9350=ORIENTED_EDGE('',*,*,#6769,.F.);
#9351=ORIENTED_EDGE('',*,*,#6771,.T.);
#9352=ORIENTED_EDGE('',*,*,#6751,.F.);
#9353=ORIENTED_EDGE('',*,*,#6772,.T.);
#9354=ORIENTED_EDGE('',*,*,#6750,.F.);
#9355=ORIENTED_EDGE('',*,*,#6773,.T.);
#9356=ORIENTED_EDGE('',*,*,#6774,.T.);
#9357=ORIENTED_EDGE('',*,*,#6775,.T.);
#9358=ORIENTED_EDGE('',*,*,#6749,.F.);
#9359=ORIENTED_EDGE('',*,*,#6776,.T.);
#9360=ORIENTED_EDGE('',*,*,#6777,.F.);
#9361=ORIENTED_EDGE('',*,*,#6778,.T.);
#9362=ORIENTED_EDGE('',*,*,#6773,.F.);
#9363=ORIENTED_EDGE('',*,*,#6753,.F.);
#9364=ORIENTED_EDGE('',*,*,#6779,.T.);
#9365=ORIENTED_EDGE('',*,*,#6780,.T.);
#9366=ORIENTED_EDGE('',*,*,#6781,.F.);
#9367=ORIENTED_EDGE('',*,*,#6782,.F.);
#9368=ORIENTED_EDGE('',*,*,#6776,.F.);
#9369=ORIENTED_EDGE('',*,*,#6752,.F.);
#9370=ORIENTED_EDGE('',*,*,#6783,.T.);
#9371=ORIENTED_EDGE('',*,*,#6784,.F.);
#9372=ORIENTED_EDGE('',*,*,#6785,.F.);
#9373=ORIENTED_EDGE('',*,*,#6786,.F.);
#9374=ORIENTED_EDGE('',*,*,#6779,.F.);
#9375=ORIENTED_EDGE('',*,*,#6771,.F.);
#9376=ORIENTED_EDGE('',*,*,#6787,.F.);
#9377=ORIENTED_EDGE('',*,*,#6788,.F.);
#9378=ORIENTED_EDGE('',*,*,#6783,.F.);
#9379=ORIENTED_EDGE('',*,*,#6768,.F.);
#9380=ORIENTED_EDGE('',*,*,#6789,.T.);
#9381=ORIENTED_EDGE('',*,*,#6790,.F.);
#9382=ORIENTED_EDGE('',*,*,#6787,.T.);
#9383=ORIENTED_EDGE('',*,*,#6765,.F.);
#9384=ORIENTED_EDGE('',*,*,#6791,.F.);
#9385=ORIENTED_EDGE('',*,*,#6792,.F.);
#9386=ORIENTED_EDGE('',*,*,#6789,.F.);
#9387=ORIENTED_EDGE('',*,*,#6762,.F.);
#9388=ORIENTED_EDGE('',*,*,#6793,.T.);
#9389=ORIENTED_EDGE('',*,*,#6794,.F.);
#9390=ORIENTED_EDGE('',*,*,#6791,.T.);
#9391=ORIENTED_EDGE('',*,*,#6754,.F.);
#9392=ORIENTED_EDGE('',*,*,#6795,.T.);
#9393=ORIENTED_EDGE('',*,*,#6796,.F.);
#9394=ORIENTED_EDGE('',*,*,#6793,.F.);
#9395=ORIENTED_EDGE('',*,*,#6760,.F.);
#9396=ORIENTED_EDGE('',*,*,#6797,.T.);
#9397=ORIENTED_EDGE('',*,*,#6798,.T.);
#9398=ORIENTED_EDGE('',*,*,#6799,.T.);
#9399=ORIENTED_EDGE('',*,*,#6756,.F.);
#9400=ORIENTED_EDGE('',*,*,#6800,.T.);
#9401=ORIENTED_EDGE('',*,*,#6801,.T.);
#9402=ORIENTED_EDGE('',*,*,#6797,.F.);
#9403=ORIENTED_EDGE('',*,*,#6764,.F.);
#9404=ORIENTED_EDGE('',*,*,#6802,.T.);
#9405=ORIENTED_EDGE('',*,*,#6803,.T.);
#9406=ORIENTED_EDGE('',*,*,#6800,.F.);
#9407=ORIENTED_EDGE('',*,*,#6767,.F.);
#9408=ORIENTED_EDGE('',*,*,#6804,.T.);
#9409=ORIENTED_EDGE('',*,*,#6805,.T.);
#9410=ORIENTED_EDGE('',*,*,#6802,.F.);
#9411=ORIENTED_EDGE('',*,*,#6770,.F.);
#9412=ORIENTED_EDGE('',*,*,#6806,.T.);
#9413=ORIENTED_EDGE('',*,*,#6807,.T.);
#9414=ORIENTED_EDGE('',*,*,#6804,.F.);
#9415=ORIENTED_EDGE('',*,*,#6772,.F.);
#9416=ORIENTED_EDGE('',*,*,#6775,.F.);
#9417=ORIENTED_EDGE('',*,*,#6808,.T.);
#9418=ORIENTED_EDGE('',*,*,#6806,.F.);
#9419=ORIENTED_EDGE('',*,*,#6759,.F.);
#9420=ORIENTED_EDGE('',*,*,#6809,.F.);
#9421=ORIENTED_EDGE('',*,*,#6810,.T.);
#9422=ORIENTED_EDGE('',*,*,#6811,.F.);
#9423=ORIENTED_EDGE('',*,*,#6812,.F.);
#9424=ORIENTED_EDGE('',*,*,#6795,.F.);
#9425=ORIENTED_EDGE('',*,*,#6761,.F.);
#9426=ORIENTED_EDGE('',*,*,#6799,.F.);
#9427=ORIENTED_EDGE('',*,*,#6813,.T.);
#9428=ORIENTED_EDGE('',*,*,#6814,.T.);
#9429=ORIENTED_EDGE('',*,*,#6815,.T.);
#9430=ORIENTED_EDGE('',*,*,#6816,.F.);
#9431=ORIENTED_EDGE('',*,*,#6817,.F.);
#9432=ORIENTED_EDGE('',*,*,#6818,.F.);
#9433=ORIENTED_EDGE('',*,*,#6810,.F.);
#9434=ORIENTED_EDGE('',*,*,#6819,.F.);
#9435=ORIENTED_EDGE('',*,*,#6820,.F.);
#9436=ORIENTED_EDGE('',*,*,#6780,.F.);
#9437=ORIENTED_EDGE('',*,*,#6786,.T.);
#9438=ORIENTED_EDGE('',*,*,#6790,.T.);
#9439=ORIENTED_EDGE('',*,*,#6792,.T.);
#9440=ORIENTED_EDGE('',*,*,#6794,.T.);
#9441=ORIENTED_EDGE('',*,*,#6796,.T.);
#9442=ORIENTED_EDGE('',*,*,#6812,.T.);
#9443=ORIENTED_EDGE('',*,*,#6821,.F.);
#9444=ORIENTED_EDGE('',*,*,#6784,.T.);
#9445=ORIENTED_EDGE('',*,*,#6788,.T.);
#9446=ORIENTED_EDGE('',*,*,#6774,.F.);
#9447=ORIENTED_EDGE('',*,*,#6778,.F.);
#9448=ORIENTED_EDGE('',*,*,#6822,.F.);
#9449=ORIENTED_EDGE('',*,*,#6823,.F.);
#9450=ORIENTED_EDGE('',*,*,#6824,.F.);
#9451=ORIENTED_EDGE('',*,*,#6825,.F.);
#9452=ORIENTED_EDGE('',*,*,#6826,.T.);
#9453=ORIENTED_EDGE('',*,*,#6827,.T.);
#9454=ORIENTED_EDGE('',*,*,#6828,.T.);
#9455=ORIENTED_EDGE('',*,*,#6829,.T.);
#9456=ORIENTED_EDGE('',*,*,#6830,.T.);
#9457=ORIENTED_EDGE('',*,*,#6831,.T.);
#9458=ORIENTED_EDGE('',*,*,#6832,.T.);
#9459=ORIENTED_EDGE('',*,*,#6833,.T.);
#9460=ORIENTED_EDGE('',*,*,#6834,.T.);
#9461=ORIENTED_EDGE('',*,*,#6835,.T.);
#9462=ORIENTED_EDGE('',*,*,#6836,.T.);
#9463=ORIENTED_EDGE('',*,*,#6837,.F.);
#9464=ORIENTED_EDGE('',*,*,#6838,.F.);
#9465=ORIENTED_EDGE('',*,*,#6839,.F.);
#9466=ORIENTED_EDGE('',*,*,#6840,.F.);
#9467=ORIENTED_EDGE('',*,*,#6841,.F.);
#9468=ORIENTED_EDGE('',*,*,#6842,.F.);
#9469=ORIENTED_EDGE('',*,*,#6843,.F.);
#9470=ORIENTED_EDGE('',*,*,#6844,.F.);
#9471=ORIENTED_EDGE('',*,*,#6845,.F.);
#9472=ORIENTED_EDGE('',*,*,#6846,.F.);
#9473=ORIENTED_EDGE('',*,*,#6847,.F.);
#9474=ORIENTED_EDGE('',*,*,#6848,.F.);
#9475=ORIENTED_EDGE('',*,*,#6849,.F.);
#9476=ORIENTED_EDGE('',*,*,#6850,.F.);
#9477=ORIENTED_EDGE('',*,*,#6851,.F.);
#9478=ORIENTED_EDGE('',*,*,#6852,.F.);
#9479=ORIENTED_EDGE('',*,*,#6813,.F.);
#9480=ORIENTED_EDGE('',*,*,#6798,.F.);
#9481=ORIENTED_EDGE('',*,*,#6801,.F.);
#9482=ORIENTED_EDGE('',*,*,#6803,.F.);
#9483=ORIENTED_EDGE('',*,*,#6805,.F.);
#9484=ORIENTED_EDGE('',*,*,#6807,.F.);
#9485=ORIENTED_EDGE('',*,*,#6808,.F.);
#9486=ORIENTED_EDGE('',*,*,#6853,.F.);
#9487=ORIENTED_EDGE('',*,*,#6854,.T.);
#9488=ORIENTED_EDGE('',*,*,#6855,.T.);
#9489=ORIENTED_EDGE('',*,*,#6856,.T.);
#9490=ORIENTED_EDGE('',*,*,#6857,.T.);
#9491=ORIENTED_EDGE('',*,*,#6858,.T.);
#9492=ORIENTED_EDGE('',*,*,#6859,.T.);
#9493=ORIENTED_EDGE('',*,*,#6860,.T.);
#9494=ORIENTED_EDGE('',*,*,#6861,.T.);
#9495=ORIENTED_EDGE('',*,*,#6862,.F.);
#9496=ORIENTED_EDGE('',*,*,#6758,.F.);
#9497=ORIENTED_EDGE('',*,*,#6815,.F.);
#9498=ORIENTED_EDGE('',*,*,#6863,.T.);
#9499=ORIENTED_EDGE('',*,*,#6864,.F.);
#9500=ORIENTED_EDGE('',*,*,#6816,.T.);
#9501=ORIENTED_EDGE('',*,*,#6809,.T.);
#9502=ORIENTED_EDGE('',*,*,#6820,.T.);
#9503=ORIENTED_EDGE('',*,*,#6865,.T.);
#9504=ORIENTED_EDGE('',*,*,#6866,.F.);
#9505=ORIENTED_EDGE('',*,*,#6781,.T.);
#9506=ORIENTED_EDGE('',*,*,#6867,.T.);
#9507=ORIENTED_EDGE('',*,*,#6868,.T.);
#9508=ORIENTED_EDGE('',*,*,#6869,.T.);
#9509=ORIENTED_EDGE('',*,*,#6870,.T.);
#9510=ORIENTED_EDGE('',*,*,#6869,.F.);
#9511=ORIENTED_EDGE('',*,*,#6871,.T.);
#9512=ORIENTED_EDGE('',*,*,#6872,.T.);
#9513=ORIENTED_EDGE('',*,*,#6873,.T.);
#9514=ORIENTED_EDGE('',*,*,#6872,.F.);
#9515=ORIENTED_EDGE('',*,*,#6874,.T.);
#9516=ORIENTED_EDGE('',*,*,#6875,.T.);
#9517=ORIENTED_EDGE('',*,*,#6876,.T.);
#9518=ORIENTED_EDGE('',*,*,#6875,.F.);
#9519=ORIENTED_EDGE('',*,*,#6877,.T.);
#9520=ORIENTED_EDGE('',*,*,#6866,.T.);
#9521=ORIENTED_EDGE('',*,*,#6878,.T.);
#9522=ORIENTED_EDGE('',*,*,#6817,.T.);
#9523=ORIENTED_EDGE('',*,*,#6864,.T.);
#9524=ORIENTED_EDGE('',*,*,#6879,.T.);
#9525=ORIENTED_EDGE('',*,*,#6880,.T.);
#9526=ORIENTED_EDGE('',*,*,#6879,.F.);
#9527=ORIENTED_EDGE('',*,*,#6881,.T.);
#9528=ORIENTED_EDGE('',*,*,#6882,.T.);
#9529=ORIENTED_EDGE('',*,*,#6883,.T.);
#9530=ORIENTED_EDGE('',*,*,#6882,.F.);
#9531=ORIENTED_EDGE('',*,*,#6884,.T.);
#9532=ORIENTED_EDGE('',*,*,#6885,.T.);
#9533=ORIENTED_EDGE('',*,*,#6886,.T.);
#9534=ORIENTED_EDGE('',*,*,#6885,.F.);
#9535=ORIENTED_EDGE('',*,*,#6887,.T.);
#9536=ORIENTED_EDGE('',*,*,#6888,.T.);
#9537=ORIENTED_EDGE('',*,*,#6889,.T.);
#9538=ORIENTED_EDGE('',*,*,#6890,.T.);
#9539=ORIENTED_EDGE('',*,*,#6891,.T.);
#9540=ORIENTED_EDGE('',*,*,#6888,.F.);
#9541=ORIENTED_EDGE('',*,*,#6892,.T.);
#9542=ORIENTED_EDGE('',*,*,#6890,.F.);
#9543=ORIENTED_EDGE('',*,*,#6893,.F.);
#9544=ORIENTED_EDGE('',*,*,#6894,.T.);
#9545=ORIENTED_EDGE('',*,*,#6895,.F.);
#9546=ORIENTED_EDGE('',*,*,#6892,.F.);
#9547=ORIENTED_EDGE('',*,*,#6896,.F.);
#9548=ORIENTED_EDGE('',*,*,#6897,.F.);
#9549=ORIENTED_EDGE('',*,*,#6893,.T.);
#9550=ORIENTED_EDGE('',*,*,#6887,.F.);
#9551=ORIENTED_EDGE('',*,*,#6898,.F.);
#9552=ORIENTED_EDGE('',*,*,#6899,.F.);
#9553=ORIENTED_EDGE('',*,*,#6896,.T.);
#9554=ORIENTED_EDGE('',*,*,#6884,.F.);
#9555=ORIENTED_EDGE('',*,*,#6900,.F.);
#9556=ORIENTED_EDGE('',*,*,#6901,.F.);
#9557=ORIENTED_EDGE('',*,*,#6898,.T.);
#9558=ORIENTED_EDGE('',*,*,#6881,.F.);
#9559=ORIENTED_EDGE('',*,*,#6863,.F.);
#9560=ORIENTED_EDGE('',*,*,#6902,.F.);
#9561=ORIENTED_EDGE('',*,*,#6900,.T.);
#9562=ORIENTED_EDGE('',*,*,#6877,.F.);
#9563=ORIENTED_EDGE('',*,*,#6903,.F.);
#9564=ORIENTED_EDGE('',*,*,#6904,.F.);
#9565=ORIENTED_EDGE('',*,*,#6782,.T.);
#9566=ORIENTED_EDGE('',*,*,#6874,.F.);
#9567=ORIENTED_EDGE('',*,*,#6905,.F.);
#9568=ORIENTED_EDGE('',*,*,#6906,.F.);
#9569=ORIENTED_EDGE('',*,*,#6903,.T.);
#9570=ORIENTED_EDGE('',*,*,#6871,.F.);
#9571=ORIENTED_EDGE('',*,*,#6907,.F.);
#9572=ORIENTED_EDGE('',*,*,#6908,.F.);
#9573=ORIENTED_EDGE('',*,*,#6905,.T.);
#9574=ORIENTED_EDGE('',*,*,#6868,.F.);
#9575=ORIENTED_EDGE('',*,*,#6909,.T.);
#9576=ORIENTED_EDGE('',*,*,#6910,.F.);
#9577=ORIENTED_EDGE('',*,*,#6907,.T.);
#9578=ORIENTED_EDGE('',*,*,#6911,.T.);
#9579=ORIENTED_EDGE('',*,*,#6912,.T.);
#9580=ORIENTED_EDGE('',*,*,#6913,.T.);
#9581=ORIENTED_EDGE('',*,*,#6914,.T.);
#9582=ORIENTED_EDGE('',*,*,#6911,.F.);
#9583=ORIENTED_EDGE('',*,*,#6915,.T.);
#9584=ORIENTED_EDGE('',*,*,#6916,.T.);
#9585=ORIENTED_EDGE('',*,*,#6917,.F.);
#9586=ORIENTED_EDGE('',*,*,#6870,.F.);
#9587=ORIENTED_EDGE('',*,*,#6918,.T.);
#9588=ORIENTED_EDGE('',*,*,#6919,.F.);
#9589=ORIENTED_EDGE('',*,*,#6915,.F.);
#9590=ORIENTED_EDGE('',*,*,#6914,.F.);
#9591=ORIENTED_EDGE('',*,*,#6920,.T.);
#9592=ORIENTED_EDGE('',*,*,#6921,.T.);
#9593=ORIENTED_EDGE('',*,*,#6922,.T.);
#9594=ORIENTED_EDGE('',*,*,#6912,.F.);
#9595=ORIENTED_EDGE('',*,*,#6917,.T.);
#9596=ORIENTED_EDGE('',*,*,#6923,.F.);
#9597=ORIENTED_EDGE('',*,*,#6924,.T.);
#9598=ORIENTED_EDGE('',*,*,#6891,.F.);
#9599=ORIENTED_EDGE('',*,*,#6895,.T.);
#9600=ORIENTED_EDGE('',*,*,#6925,.F.);
#9601=ORIENTED_EDGE('',*,*,#6926,.F.);
#9602=ORIENTED_EDGE('',*,*,#6889,.F.);
#9603=ORIENTED_EDGE('',*,*,#6926,.T.);
#9604=ORIENTED_EDGE('',*,*,#6927,.F.);
#9605=ORIENTED_EDGE('',*,*,#6928,.F.);
#9606=ORIENTED_EDGE('',*,*,#6886,.F.);
#9607=ORIENTED_EDGE('',*,*,#6928,.T.);
#9608=ORIENTED_EDGE('',*,*,#6929,.F.);
#9609=ORIENTED_EDGE('',*,*,#6930,.F.);
#9610=ORIENTED_EDGE('',*,*,#6883,.F.);
#9611=ORIENTED_EDGE('',*,*,#6930,.T.);
#9612=ORIENTED_EDGE('',*,*,#6931,.F.);
#9613=ORIENTED_EDGE('',*,*,#6932,.F.);
#9614=ORIENTED_EDGE('',*,*,#6818,.T.);
#9615=ORIENTED_EDGE('',*,*,#6880,.F.);
#9616=ORIENTED_EDGE('',*,*,#6932,.T.);
#9617=ORIENTED_EDGE('',*,*,#6933,.F.);
#9618=ORIENTED_EDGE('',*,*,#6934,.F.);
#9619=ORIENTED_EDGE('',*,*,#6865,.F.);
#9620=ORIENTED_EDGE('',*,*,#6819,.T.);
#9621=ORIENTED_EDGE('',*,*,#6785,.T.);
#9622=ORIENTED_EDGE('',*,*,#6821,.T.);
#9623=ORIENTED_EDGE('',*,*,#6811,.T.);
#9624=ORIENTED_EDGE('',*,*,#6878,.F.);
#9625=ORIENTED_EDGE('',*,*,#6934,.T.);
#9626=ORIENTED_EDGE('',*,*,#6935,.F.);
#9627=ORIENTED_EDGE('',*,*,#6936,.F.);
#9628=ORIENTED_EDGE('',*,*,#6876,.F.);
#9629=ORIENTED_EDGE('',*,*,#6936,.T.);
#9630=ORIENTED_EDGE('',*,*,#6937,.F.);
#9631=ORIENTED_EDGE('',*,*,#6938,.F.);
#9632=ORIENTED_EDGE('',*,*,#6873,.F.);
#9633=ORIENTED_EDGE('',*,*,#6938,.T.);
#9634=ORIENTED_EDGE('',*,*,#6939,.F.);
#9635=ORIENTED_EDGE('',*,*,#6918,.F.);
#9636=ORIENTED_EDGE('',*,*,#6897,.T.);
#9637=ORIENTED_EDGE('',*,*,#6940,.F.);
#9638=ORIENTED_EDGE('',*,*,#6849,.T.);
#9639=ORIENTED_EDGE('',*,*,#6941,.T.);
#9640=ORIENTED_EDGE('',*,*,#6942,.T.);
#9641=ORIENTED_EDGE('',*,*,#6899,.T.);
#9642=ORIENTED_EDGE('',*,*,#6943,.F.);
#9643=ORIENTED_EDGE('',*,*,#6850,.T.);
#9644=ORIENTED_EDGE('',*,*,#6940,.T.);
#9645=ORIENTED_EDGE('',*,*,#6901,.T.);
#9646=ORIENTED_EDGE('',*,*,#6944,.F.);
#9647=ORIENTED_EDGE('',*,*,#6851,.T.);
#9648=ORIENTED_EDGE('',*,*,#6943,.T.);
#9649=ORIENTED_EDGE('',*,*,#6902,.T.);
#9650=ORIENTED_EDGE('',*,*,#6814,.F.);
#9651=ORIENTED_EDGE('',*,*,#6852,.T.);
#9652=ORIENTED_EDGE('',*,*,#6944,.T.);
#9653=ORIENTED_EDGE('',*,*,#6904,.T.);
#9654=ORIENTED_EDGE('',*,*,#6945,.F.);
#9655=ORIENTED_EDGE('',*,*,#6822,.T.);
#9656=ORIENTED_EDGE('',*,*,#6777,.T.);
#9657=ORIENTED_EDGE('',*,*,#6906,.T.);
#9658=ORIENTED_EDGE('',*,*,#6946,.F.);
#9659=ORIENTED_EDGE('',*,*,#6823,.T.);
#9660=ORIENTED_EDGE('',*,*,#6945,.T.);
#9661=ORIENTED_EDGE('',*,*,#6908,.T.);
#9662=ORIENTED_EDGE('',*,*,#6947,.F.);
#9663=ORIENTED_EDGE('',*,*,#6824,.T.);
#9664=ORIENTED_EDGE('',*,*,#6946,.T.);
#9665=ORIENTED_EDGE('',*,*,#6910,.T.);
#9666=ORIENTED_EDGE('',*,*,#6948,.T.);
#9667=ORIENTED_EDGE('',*,*,#6825,.T.);
#9668=ORIENTED_EDGE('',*,*,#6947,.T.);
#9669=ORIENTED_EDGE('',*,*,#6923,.T.);
#9670=ORIENTED_EDGE('',*,*,#6949,.T.);
#9671=ORIENTED_EDGE('',*,*,#6950,.F.);
#9672=ORIENTED_EDGE('',*,*,#6837,.T.);
#9673=ORIENTED_EDGE('',*,*,#6951,.T.);
#9674=ORIENTED_EDGE('',*,*,#6952,.F.);
#9675=ORIENTED_EDGE('',*,*,#6953,.T.);
#9676=ORIENTED_EDGE('',*,*,#6954,.T.);
#9677=ORIENTED_EDGE('',*,*,#6955,.F.);
#9678=ORIENTED_EDGE('',*,*,#6956,.F.);
#9679=ORIENTED_EDGE('',*,*,#6957,.T.);
#9680=ORIENTED_EDGE('',*,*,#6958,.T.);
#9681=ORIENTED_EDGE('',*,*,#6959,.F.);
#9682=ORIENTED_EDGE('',*,*,#6960,.F.);
#9683=ORIENTED_EDGE('',*,*,#6961,.F.);
#9684=ORIENTED_EDGE('',*,*,#6894,.F.);
#9685=ORIENTED_EDGE('',*,*,#6942,.F.);
#9686=ORIENTED_EDGE('',*,*,#6962,.F.);
#9687=ORIENTED_EDGE('',*,*,#6963,.F.);
#9688=ORIENTED_EDGE('',*,*,#6964,.F.);
#9689=ORIENTED_EDGE('',*,*,#6963,.T.);
#9690=ORIENTED_EDGE('',*,*,#6965,.F.);
#9691=ORIENTED_EDGE('',*,*,#6966,.T.);
#9692=ORIENTED_EDGE('',*,*,#6967,.F.);
#9693=ORIENTED_EDGE('',*,*,#6968,.T.);
#9694=ORIENTED_EDGE('',*,*,#6969,.T.);
#9695=ORIENTED_EDGE('',*,*,#6957,.F.);
#9696=ORIENTED_EDGE('',*,*,#6970,.T.);
#9697=ORIENTED_EDGE('',*,*,#6971,.F.);
#9698=ORIENTED_EDGE('',*,*,#6972,.T.);
#9699=ORIENTED_EDGE('',*,*,#6859,.F.);
#9700=ORIENTED_EDGE('',*,*,#6972,.F.);
#9701=ORIENTED_EDGE('',*,*,#6958,.F.);
#9702=ORIENTED_EDGE('',*,*,#6973,.T.);
#9703=ORIENTED_EDGE('',*,*,#6860,.F.);
#9704=ORIENTED_EDGE('',*,*,#6973,.F.);
#9705=ORIENTED_EDGE('',*,*,#6969,.F.);
#9706=ORIENTED_EDGE('',*,*,#6974,.T.);
#9707=ORIENTED_EDGE('',*,*,#6861,.F.);
#9708=ORIENTED_EDGE('',*,*,#6974,.F.);
#9709=ORIENTED_EDGE('',*,*,#6975,.F.);
#9710=ORIENTED_EDGE('',*,*,#6970,.F.);
#9711=ORIENTED_EDGE('',*,*,#6858,.F.);
#9712=ORIENTED_EDGE('',*,*,#6976,.F.);
#9713=ORIENTED_EDGE('',*,*,#6955,.T.);
#9714=ORIENTED_EDGE('',*,*,#6977,.T.);
#9715=ORIENTED_EDGE('',*,*,#6978,.F.);
#9716=ORIENTED_EDGE('',*,*,#6979,.T.);
#9717=ORIENTED_EDGE('',*,*,#6954,.F.);
#9718=ORIENTED_EDGE('',*,*,#6980,.T.);
#9719=ORIENTED_EDGE('',*,*,#6855,.F.);
#9720=ORIENTED_EDGE('',*,*,#6980,.F.);
#9721=ORIENTED_EDGE('',*,*,#6981,.F.);
#9722=ORIENTED_EDGE('',*,*,#6982,.T.);
#9723=ORIENTED_EDGE('',*,*,#6856,.F.);
#9724=ORIENTED_EDGE('',*,*,#6982,.F.);
#9725=ORIENTED_EDGE('',*,*,#6983,.F.);
#9726=ORIENTED_EDGE('',*,*,#6984,.T.);
#9727=ORIENTED_EDGE('',*,*,#6857,.F.);
#9728=ORIENTED_EDGE('',*,*,#6984,.F.);
#9729=ORIENTED_EDGE('',*,*,#6977,.F.);
#9730=ORIENTED_EDGE('',*,*,#6979,.F.);
#9731=ORIENTED_EDGE('',*,*,#6854,.F.);
#9732=ORIENTED_EDGE('',*,*,#6985,.T.);
#9733=ORIENTED_EDGE('',*,*,#6986,.T.);
#9734=ORIENTED_EDGE('',*,*,#6853,.T.);
#9735=ORIENTED_EDGE('',*,*,#6986,.F.);
#9736=ORIENTED_EDGE('',*,*,#6987,.T.);
#9737=ORIENTED_EDGE('',*,*,#6988,.T.);
#9738=ORIENTED_EDGE('',*,*,#6862,.T.);
#9739=ORIENTED_EDGE('',*,*,#6988,.F.);
#9740=ORIENTED_EDGE('',*,*,#6989,.F.);
#9741=ORIENTED_EDGE('',*,*,#6838,.T.);
#9742=ORIENTED_EDGE('',*,*,#6950,.T.);
#9743=ORIENTED_EDGE('',*,*,#6990,.T.);
#9744=ORIENTED_EDGE('',*,*,#6989,.T.);
#9745=ORIENTED_EDGE('',*,*,#6991,.T.);
#9746=ORIENTED_EDGE('',*,*,#6992,.F.);
#9747=ORIENTED_EDGE('',*,*,#6839,.T.);
#9748=ORIENTED_EDGE('',*,*,#6993,.F.);
#9749=ORIENTED_EDGE('',*,*,#6840,.T.);
#9750=ORIENTED_EDGE('',*,*,#6992,.T.);
#9751=ORIENTED_EDGE('',*,*,#6994,.T.);
#9752=ORIENTED_EDGE('',*,*,#6993,.T.);
#9753=ORIENTED_EDGE('',*,*,#6995,.T.);
#9754=ORIENTED_EDGE('',*,*,#6996,.F.);
#9755=ORIENTED_EDGE('',*,*,#6841,.T.);
#9756=ORIENTED_EDGE('',*,*,#6996,.T.);
#9757=ORIENTED_EDGE('',*,*,#6997,.T.);
#9758=ORIENTED_EDGE('',*,*,#6998,.F.);
#9759=ORIENTED_EDGE('',*,*,#6842,.T.);
#9760=ORIENTED_EDGE('',*,*,#6998,.T.);
#9761=ORIENTED_EDGE('',*,*,#6999,.T.);
#9762=ORIENTED_EDGE('',*,*,#7000,.F.);
#9763=ORIENTED_EDGE('',*,*,#6843,.T.);
#9764=ORIENTED_EDGE('',*,*,#7000,.T.);
#9765=ORIENTED_EDGE('',*,*,#7001,.T.);
#9766=ORIENTED_EDGE('',*,*,#7002,.F.);
#9767=ORIENTED_EDGE('',*,*,#6844,.T.);
#9768=ORIENTED_EDGE('',*,*,#7002,.T.);
#9769=ORIENTED_EDGE('',*,*,#7003,.T.);
#9770=ORIENTED_EDGE('',*,*,#7004,.F.);
#9771=ORIENTED_EDGE('',*,*,#6845,.T.);
#9772=ORIENTED_EDGE('',*,*,#7005,.F.);
#9773=ORIENTED_EDGE('',*,*,#6846,.T.);
#9774=ORIENTED_EDGE('',*,*,#7004,.T.);
#9775=ORIENTED_EDGE('',*,*,#7006,.T.);
#9776=ORIENTED_EDGE('',*,*,#7005,.T.);
#9777=ORIENTED_EDGE('',*,*,#6965,.T.);
#9778=ORIENTED_EDGE('',*,*,#7007,.F.);
#9779=ORIENTED_EDGE('',*,*,#6847,.T.);
#9780=ORIENTED_EDGE('',*,*,#6941,.F.);
#9781=ORIENTED_EDGE('',*,*,#6848,.T.);
#9782=ORIENTED_EDGE('',*,*,#7007,.T.);
#9783=ORIENTED_EDGE('',*,*,#6962,.T.);
#9784=ORIENTED_EDGE('',*,*,#6985,.F.);
#9785=ORIENTED_EDGE('',*,*,#7008,.T.);
#9786=ORIENTED_EDGE('',*,*,#7009,.F.);
#9787=ORIENTED_EDGE('',*,*,#7008,.F.);
#9788=ORIENTED_EDGE('',*,*,#7009,.T.);
#9789=ORIENTED_EDGE('',*,*,#7010,.T.);
#9790=ORIENTED_EDGE('',*,*,#7011,.T.);
#9791=ORIENTED_EDGE('',*,*,#7010,.F.);
#9792=ORIENTED_EDGE('',*,*,#6987,.F.);
#9793=ORIENTED_EDGE('',*,*,#7012,.T.);
#9794=ORIENTED_EDGE('',*,*,#7013,.F.);
#9795=ORIENTED_EDGE('',*,*,#7012,.F.);
#9796=ORIENTED_EDGE('',*,*,#7013,.T.);
#9797=ORIENTED_EDGE('',*,*,#7014,.T.);
#9798=ORIENTED_EDGE('',*,*,#7015,.T.);
#9799=ORIENTED_EDGE('',*,*,#7014,.F.);
#9800=ORIENTED_EDGE('',*,*,#7016,.F.);
#9801=ORIENTED_EDGE('',*,*,#6959,.T.);
#9802=ORIENTED_EDGE('',*,*,#6971,.T.);
#9803=ORIENTED_EDGE('',*,*,#7017,.F.);
#9804=ORIENTED_EDGE('',*,*,#7018,.F.);
#9805=ORIENTED_EDGE('',*,*,#7017,.T.);
#9806=ORIENTED_EDGE('',*,*,#6975,.T.);
#9807=ORIENTED_EDGE('',*,*,#6968,.F.);
#9808=ORIENTED_EDGE('',*,*,#7019,.F.);
#9809=ORIENTED_EDGE('',*,*,#7018,.T.);
#9810=ORIENTED_EDGE('',*,*,#7020,.F.);
#9811=ORIENTED_EDGE('',*,*,#7021,.T.);
#9812=ORIENTED_EDGE('',*,*,#7020,.T.);
#9813=ORIENTED_EDGE('',*,*,#6967,.T.);
#9814=ORIENTED_EDGE('',*,*,#7022,.F.);
#9815=ORIENTED_EDGE('',*,*,#7023,.T.);
#9816=ORIENTED_EDGE('',*,*,#7022,.T.);
#9817=ORIENTED_EDGE('',*,*,#6956,.T.);
#9818=ORIENTED_EDGE('',*,*,#7024,.F.);
#9819=ORIENTED_EDGE('',*,*,#7025,.T.);
#9820=ORIENTED_EDGE('',*,*,#7024,.T.);
#9821=ORIENTED_EDGE('',*,*,#7016,.T.);
#9822=ORIENTED_EDGE('',*,*,#7019,.T.);
#9823=ORIENTED_EDGE('',*,*,#7026,.T.);
#9824=ORIENTED_EDGE('',*,*,#7027,.F.);
#9825=ORIENTED_EDGE('',*,*,#6978,.T.);
#9826=ORIENTED_EDGE('',*,*,#6983,.T.);
#9827=ORIENTED_EDGE('',*,*,#7028,.F.);
#9828=ORIENTED_EDGE('',*,*,#7029,.F.);
#9829=ORIENTED_EDGE('',*,*,#7028,.T.);
#9830=ORIENTED_EDGE('',*,*,#6981,.T.);
#9831=ORIENTED_EDGE('',*,*,#6953,.F.);
#9832=ORIENTED_EDGE('',*,*,#7030,.F.);
#9833=ORIENTED_EDGE('',*,*,#7029,.T.);
#9834=ORIENTED_EDGE('',*,*,#7031,.F.);
#9835=ORIENTED_EDGE('',*,*,#7032,.T.);
#9836=ORIENTED_EDGE('',*,*,#7031,.T.);
#9837=ORIENTED_EDGE('',*,*,#6952,.T.);
#9838=ORIENTED_EDGE('',*,*,#7033,.F.);
#9839=ORIENTED_EDGE('',*,*,#7034,.T.);
#9840=ORIENTED_EDGE('',*,*,#7033,.T.);
#9841=ORIENTED_EDGE('',*,*,#6976,.T.);
#9842=ORIENTED_EDGE('',*,*,#7035,.F.);
#9843=ORIENTED_EDGE('',*,*,#7036,.T.);
#9844=ORIENTED_EDGE('',*,*,#7035,.T.);
#9845=ORIENTED_EDGE('',*,*,#7027,.T.);
#9846=ORIENTED_EDGE('',*,*,#7030,.T.);
#9847=ORIENTED_EDGE('',*,*,#7037,.T.);
#9848=ORIENTED_EDGE('',*,*,#7038,.F.);
#9849=ORIENTED_EDGE('',*,*,#6966,.F.);
#9850=ORIENTED_EDGE('',*,*,#7006,.F.);
#9851=ORIENTED_EDGE('',*,*,#7039,.F.);
#9852=ORIENTED_EDGE('',*,*,#7040,.F.);
#9853=ORIENTED_EDGE('',*,*,#7039,.T.);
#9854=ORIENTED_EDGE('',*,*,#7003,.F.);
#9855=ORIENTED_EDGE('',*,*,#7041,.F.);
#9856=ORIENTED_EDGE('',*,*,#7042,.F.);
#9857=ORIENTED_EDGE('',*,*,#7041,.T.);
#9858=ORIENTED_EDGE('',*,*,#7001,.F.);
#9859=ORIENTED_EDGE('',*,*,#7043,.F.);
#9860=ORIENTED_EDGE('',*,*,#7044,.F.);
#9861=ORIENTED_EDGE('',*,*,#7043,.T.);
#9862=ORIENTED_EDGE('',*,*,#6999,.F.);
#9863=ORIENTED_EDGE('',*,*,#7045,.F.);
#9864=ORIENTED_EDGE('',*,*,#7046,.F.);
#9865=ORIENTED_EDGE('',*,*,#7045,.T.);
#9866=ORIENTED_EDGE('',*,*,#6997,.F.);
#9867=ORIENTED_EDGE('',*,*,#7047,.F.);
#9868=ORIENTED_EDGE('',*,*,#7048,.F.);
#9869=ORIENTED_EDGE('',*,*,#7047,.T.);
#9870=ORIENTED_EDGE('',*,*,#6995,.F.);
#9871=ORIENTED_EDGE('',*,*,#7049,.T.);
#9872=ORIENTED_EDGE('',*,*,#7050,.F.);
#9873=ORIENTED_EDGE('',*,*,#7049,.F.);
#9874=ORIENTED_EDGE('',*,*,#6994,.F.);
#9875=ORIENTED_EDGE('',*,*,#7051,.F.);
#9876=ORIENTED_EDGE('',*,*,#7052,.F.);
#9877=ORIENTED_EDGE('',*,*,#7051,.T.);
#9878=ORIENTED_EDGE('',*,*,#6991,.F.);
#9879=ORIENTED_EDGE('',*,*,#7053,.T.);
#9880=ORIENTED_EDGE('',*,*,#7054,.F.);
#9881=ORIENTED_EDGE('',*,*,#7053,.F.);
#9882=ORIENTED_EDGE('',*,*,#6990,.F.);
#9883=ORIENTED_EDGE('',*,*,#6949,.F.);
#9884=ORIENTED_EDGE('',*,*,#6916,.F.);
#9885=ORIENTED_EDGE('',*,*,#7055,.F.);
#9886=ORIENTED_EDGE('',*,*,#7056,.F.);
#9887=ORIENTED_EDGE('',*,*,#6964,.T.);
#9888=ORIENTED_EDGE('',*,*,#7057,.F.);
#9889=ORIENTED_EDGE('',*,*,#7058,.T.);
#9890=ORIENTED_EDGE('',*,*,#7056,.T.);
#9891=ORIENTED_EDGE('',*,*,#7059,.T.);
#9892=ORIENTED_EDGE('',*,*,#7060,.F.);
#9893=ORIENTED_EDGE('',*,*,#6960,.T.);
#9894=ORIENTED_EDGE('',*,*,#7061,.T.);
#9895=ORIENTED_EDGE('',*,*,#7062,.T.);
#9896=ORIENTED_EDGE('',*,*,#7063,.F.);
#9897=ORIENTED_EDGE('',*,*,#7054,.T.);
#9898=ORIENTED_EDGE('',*,*,#7064,.F.);
#9899=ORIENTED_EDGE('',*,*,#7052,.T.);
#9900=ORIENTED_EDGE('',*,*,#7063,.T.);
#9901=ORIENTED_EDGE('',*,*,#7065,.T.);
#9902=ORIENTED_EDGE('',*,*,#7064,.T.);
#9903=ORIENTED_EDGE('',*,*,#7066,.T.);
#9904=ORIENTED_EDGE('',*,*,#7067,.F.);
#9905=ORIENTED_EDGE('',*,*,#7050,.T.);
#9906=ORIENTED_EDGE('',*,*,#7068,.F.);
#9907=ORIENTED_EDGE('',*,*,#7048,.T.);
#9908=ORIENTED_EDGE('',*,*,#7067,.T.);
#9909=ORIENTED_EDGE('',*,*,#7069,.T.);
#9910=ORIENTED_EDGE('',*,*,#7070,.F.);
#9911=ORIENTED_EDGE('',*,*,#7046,.T.);
#9912=ORIENTED_EDGE('',*,*,#7068,.T.);
#9913=ORIENTED_EDGE('',*,*,#7071,.T.);
#9914=ORIENTED_EDGE('',*,*,#7072,.F.);
#9915=ORIENTED_EDGE('',*,*,#7044,.T.);
#9916=ORIENTED_EDGE('',*,*,#7070,.T.);
#9917=ORIENTED_EDGE('',*,*,#7073,.T.);
#9918=ORIENTED_EDGE('',*,*,#7074,.F.);
#9919=ORIENTED_EDGE('',*,*,#7042,.T.);
#9920=ORIENTED_EDGE('',*,*,#7072,.T.);
#9921=ORIENTED_EDGE('',*,*,#7075,.T.);
#9922=ORIENTED_EDGE('',*,*,#7076,.F.);
#9923=ORIENTED_EDGE('',*,*,#7040,.T.);
#9924=ORIENTED_EDGE('',*,*,#7074,.T.);
#9925=ORIENTED_EDGE('',*,*,#7077,.T.);
#9926=ORIENTED_EDGE('',*,*,#7076,.T.);
#9927=ORIENTED_EDGE('',*,*,#7078,.T.);
#9928=ORIENTED_EDGE('',*,*,#7057,.T.);
#9929=ORIENTED_EDGE('',*,*,#7038,.T.);
#9930=ORIENTED_EDGE('',*,*,#7079,.F.);
#9931=ORIENTED_EDGE('',*,*,#7059,.F.);
#9932=ORIENTED_EDGE('',*,*,#7058,.F.);
#9933=ORIENTED_EDGE('',*,*,#7078,.F.);
#9934=ORIENTED_EDGE('',*,*,#7077,.F.);
#9935=ORIENTED_EDGE('',*,*,#7075,.F.);
#9936=ORIENTED_EDGE('',*,*,#7073,.F.);
#9937=ORIENTED_EDGE('',*,*,#7071,.F.);
#9938=ORIENTED_EDGE('',*,*,#7069,.F.);
#9939=ORIENTED_EDGE('',*,*,#7066,.F.);
#9940=ORIENTED_EDGE('',*,*,#7065,.F.);
#9941=ORIENTED_EDGE('',*,*,#7062,.F.);
#9942=ORIENTED_EDGE('',*,*,#7080,.F.);
#9943=ORIENTED_EDGE('',*,*,#7081,.F.);
#9944=ORIENTED_EDGE('',*,*,#7082,.F.);
#9945=ORIENTED_EDGE('',*,*,#7083,.F.);
#9946=ORIENTED_EDGE('',*,*,#7084,.F.);
#9947=ORIENTED_EDGE('',*,*,#7085,.F.);
#9948=ORIENTED_EDGE('',*,*,#7086,.F.);
#9949=ORIENTED_EDGE('',*,*,#7087,.F.);
#9950=ORIENTED_EDGE('',*,*,#7037,.F.);
#9951=ORIENTED_EDGE('',*,*,#7032,.F.);
#9952=ORIENTED_EDGE('',*,*,#7034,.F.);
#9953=ORIENTED_EDGE('',*,*,#7036,.F.);
#9954=ORIENTED_EDGE('',*,*,#7011,.F.);
#9955=ORIENTED_EDGE('',*,*,#7015,.F.);
#9956=ORIENTED_EDGE('',*,*,#7026,.F.);
#9957=ORIENTED_EDGE('',*,*,#7021,.F.);
#9958=ORIENTED_EDGE('',*,*,#7023,.F.);
#9959=ORIENTED_EDGE('',*,*,#7025,.F.);
#9960=ORIENTED_EDGE('',*,*,#6831,.F.);
#9961=ORIENTED_EDGE('',*,*,#7088,.F.);
#9962=ORIENTED_EDGE('',*,*,#7089,.F.);
#9963=ORIENTED_EDGE('',*,*,#7090,.T.);
#9964=ORIENTED_EDGE('',*,*,#7091,.F.);
#9965=ORIENTED_EDGE('',*,*,#7092,.T.);
#9966=ORIENTED_EDGE('',*,*,#6834,.F.);
#9967=ORIENTED_EDGE('',*,*,#7093,.F.);
#9968=ORIENTED_EDGE('',*,*,#7094,.T.);
#9969=ORIENTED_EDGE('',*,*,#7093,.T.);
#9970=ORIENTED_EDGE('',*,*,#6833,.F.);
#9971=ORIENTED_EDGE('',*,*,#7095,.F.);
#9972=ORIENTED_EDGE('',*,*,#7096,.T.);
#9973=ORIENTED_EDGE('',*,*,#7097,.F.);
#9974=ORIENTED_EDGE('',*,*,#7098,.T.);
#9975=ORIENTED_EDGE('',*,*,#7099,.F.);
#9976=ORIENTED_EDGE('',*,*,#7100,.T.);
#9977=ORIENTED_EDGE('',*,*,#7101,.F.);
#9978=ORIENTED_EDGE('',*,*,#7102,.T.);
#9979=ORIENTED_EDGE('',*,*,#6828,.F.);
#9980=ORIENTED_EDGE('',*,*,#7103,.F.);
#9981=ORIENTED_EDGE('',*,*,#7104,.T.);
#9982=ORIENTED_EDGE('',*,*,#7103,.T.);
#9983=ORIENTED_EDGE('',*,*,#6827,.F.);
#9984=ORIENTED_EDGE('',*,*,#7105,.F.);
#9985=ORIENTED_EDGE('',*,*,#7106,.T.);
#9986=ORIENTED_EDGE('',*,*,#7107,.F.);
#9987=ORIENTED_EDGE('',*,*,#7108,.T.);
#9988=ORIENTED_EDGE('',*,*,#7109,.F.);
#9989=ORIENTED_EDGE('',*,*,#7110,.T.);
#9990=ORIENTED_EDGE('',*,*,#7111,.T.);
#9991=ORIENTED_EDGE('',*,*,#7112,.T.);
#9992=ORIENTED_EDGE('',*,*,#7113,.F.);
#9993=ORIENTED_EDGE('',*,*,#7114,.T.);
#9994=ORIENTED_EDGE('',*,*,#7115,.F.);
#9995=ORIENTED_EDGE('',*,*,#7116,.T.);
#9996=ORIENTED_EDGE('',*,*,#7117,.F.);
#9997=ORIENTED_EDGE('',*,*,#6829,.F.);
#9998=ORIENTED_EDGE('',*,*,#7102,.F.);
#9999=ORIENTED_EDGE('',*,*,#7111,.F.);
#10000=ORIENTED_EDGE('',*,*,#7101,.T.);
#10001=ORIENTED_EDGE('',*,*,#7104,.F.);
#10002=ORIENTED_EDGE('',*,*,#7118,.T.);
#10003=ORIENTED_EDGE('',*,*,#7119,.T.);
#10004=ORIENTED_EDGE('',*,*,#7120,.T.);
#10005=ORIENTED_EDGE('',*,*,#7121,.F.);
#10006=ORIENTED_EDGE('',*,*,#7122,.T.);
#10007=ORIENTED_EDGE('',*,*,#7123,.F.);
#10008=ORIENTED_EDGE('',*,*,#7124,.T.);
#10009=ORIENTED_EDGE('',*,*,#7125,.F.);
#10010=ORIENTED_EDGE('',*,*,#6835,.F.);
#10011=ORIENTED_EDGE('',*,*,#7092,.F.);
#10012=ORIENTED_EDGE('',*,*,#7094,.F.);
#10013=ORIENTED_EDGE('',*,*,#7126,.T.);
#10014=ORIENTED_EDGE('',*,*,#7119,.F.);
#10015=ORIENTED_EDGE('',*,*,#7091,.T.);
#10016=ORIENTED_EDGE('',*,*,#7127,.F.);
#10017=ORIENTED_EDGE('',*,*,#7096,.F.);
#10018=ORIENTED_EDGE('',*,*,#7128,.F.);
#10019=ORIENTED_EDGE('',*,*,#7124,.F.);
#10020=ORIENTED_EDGE('',*,*,#7097,.T.);
#10021=ORIENTED_EDGE('',*,*,#7127,.T.);
#10022=ORIENTED_EDGE('',*,*,#7123,.T.);
#10023=ORIENTED_EDGE('',*,*,#7129,.T.);
#10024=ORIENTED_EDGE('',*,*,#7130,.F.);
#10025=ORIENTED_EDGE('',*,*,#7106,.F.);
#10026=ORIENTED_EDGE('',*,*,#7131,.F.);
#10027=ORIENTED_EDGE('',*,*,#7116,.F.);
#10028=ORIENTED_EDGE('',*,*,#7107,.T.);
#10029=ORIENTED_EDGE('',*,*,#7130,.T.);
#10030=ORIENTED_EDGE('',*,*,#7115,.T.);
#10031=ORIENTED_EDGE('',*,*,#7132,.T.);
#10032=ORIENTED_EDGE('',*,*,#7132,.F.);
#10033=ORIENTED_EDGE('',*,*,#7114,.F.);
#10034=ORIENTED_EDGE('',*,*,#7133,.F.);
#10035=ORIENTED_EDGE('',*,*,#7108,.F.);
#10036=ORIENTED_EDGE('',*,*,#7129,.F.);
#10037=ORIENTED_EDGE('',*,*,#7122,.F.);
#10038=ORIENTED_EDGE('',*,*,#7134,.F.);
#10039=ORIENTED_EDGE('',*,*,#7098,.F.);
#10040=ORIENTED_EDGE('',*,*,#6913,.F.);
#10041=ORIENTED_EDGE('',*,*,#6924,.F.);
#10042=ORIENTED_EDGE('',*,*,#6951,.F.);
#10043=ORIENTED_EDGE('',*,*,#6836,.F.);
#10044=ORIENTED_EDGE('',*,*,#7125,.T.);
#10045=ORIENTED_EDGE('',*,*,#7128,.T.);
#10046=ORIENTED_EDGE('',*,*,#7095,.T.);
#10047=ORIENTED_EDGE('',*,*,#6832,.F.);
#10048=ORIENTED_EDGE('',*,*,#7090,.F.);
#10049=ORIENTED_EDGE('',*,*,#7135,.F.);
#10050=ORIENTED_EDGE('',*,*,#7099,.T.);
#10051=ORIENTED_EDGE('',*,*,#7134,.T.);
#10052=ORIENTED_EDGE('',*,*,#7121,.T.);
#10053=ORIENTED_EDGE('',*,*,#7136,.T.);
#10054=ORIENTED_EDGE('',*,*,#6920,.F.);
#10055=ORIENTED_EDGE('',*,*,#7112,.F.);
#10056=ORIENTED_EDGE('',*,*,#7118,.F.);
#10057=ORIENTED_EDGE('',*,*,#7110,.F.);
#10058=ORIENTED_EDGE('',*,*,#7137,.F.);
#10059=ORIENTED_EDGE('',*,*,#6921,.F.);
#10060=ORIENTED_EDGE('',*,*,#7136,.F.);
#10061=ORIENTED_EDGE('',*,*,#7120,.F.);
#10062=ORIENTED_EDGE('',*,*,#7126,.F.);
#10063=ORIENTED_EDGE('',*,*,#7100,.F.);
#10064=ORIENTED_EDGE('',*,*,#7135,.T.);
#10065=ORIENTED_EDGE('',*,*,#7089,.T.);
#10066=ORIENTED_EDGE('',*,*,#7138,.T.);
#10067=ORIENTED_EDGE('',*,*,#6867,.F.);
#10068=ORIENTED_EDGE('',*,*,#6922,.F.);
#10069=ORIENTED_EDGE('',*,*,#7137,.T.);
#10070=ORIENTED_EDGE('',*,*,#7109,.T.);
#10071=ORIENTED_EDGE('',*,*,#7133,.T.);
#10072=ORIENTED_EDGE('',*,*,#7113,.T.);
#10073=ORIENTED_EDGE('',*,*,#7138,.F.);
#10074=ORIENTED_EDGE('',*,*,#7088,.T.);
#10075=ORIENTED_EDGE('',*,*,#6830,.F.);
#10076=ORIENTED_EDGE('',*,*,#7117,.T.);
#10077=ORIENTED_EDGE('',*,*,#7131,.T.);
#10078=ORIENTED_EDGE('',*,*,#7105,.T.);
#10079=ORIENTED_EDGE('',*,*,#6826,.F.);
#10080=ORIENTED_EDGE('',*,*,#6948,.F.);
#10081=ORIENTED_EDGE('',*,*,#6909,.F.);
#10082=ORIENTED_EDGE('',*,*,#6925,.T.);
#10083=ORIENTED_EDGE('',*,*,#6961,.T.);
#10084=ORIENTED_EDGE('',*,*,#7060,.T.);
#10085=ORIENTED_EDGE('',*,*,#7079,.T.);
#10086=ORIENTED_EDGE('',*,*,#7139,.F.);
#10087=ORIENTED_EDGE('',*,*,#6939,.T.);
#10088=ORIENTED_EDGE('',*,*,#7140,.T.);
#10089=ORIENTED_EDGE('',*,*,#7081,.T.);
#10090=ORIENTED_EDGE('',*,*,#7141,.F.);
#10091=ORIENTED_EDGE('',*,*,#6937,.T.);
#10092=ORIENTED_EDGE('',*,*,#7142,.T.);
#10093=ORIENTED_EDGE('',*,*,#7082,.T.);
#10094=ORIENTED_EDGE('',*,*,#7140,.F.);
#10095=ORIENTED_EDGE('',*,*,#6935,.T.);
#10096=ORIENTED_EDGE('',*,*,#7143,.T.);
#10097=ORIENTED_EDGE('',*,*,#7083,.T.);
#10098=ORIENTED_EDGE('',*,*,#7142,.F.);
#10099=ORIENTED_EDGE('',*,*,#6919,.T.);
#10100=ORIENTED_EDGE('',*,*,#7141,.T.);
#10101=ORIENTED_EDGE('',*,*,#7080,.T.);
#10102=ORIENTED_EDGE('',*,*,#7061,.F.);
#10103=ORIENTED_EDGE('',*,*,#7055,.T.);
#10104=ORIENTED_EDGE('',*,*,#6933,.T.);
#10105=ORIENTED_EDGE('',*,*,#7144,.T.);
#10106=ORIENTED_EDGE('',*,*,#7084,.T.);
#10107=ORIENTED_EDGE('',*,*,#7143,.F.);
#10108=ORIENTED_EDGE('',*,*,#6931,.T.);
#10109=ORIENTED_EDGE('',*,*,#7145,.T.);
#10110=ORIENTED_EDGE('',*,*,#7085,.T.);
#10111=ORIENTED_EDGE('',*,*,#7144,.F.);
#10112=ORIENTED_EDGE('',*,*,#6929,.T.);
#10113=ORIENTED_EDGE('',*,*,#7146,.T.);
#10114=ORIENTED_EDGE('',*,*,#7086,.T.);
#10115=ORIENTED_EDGE('',*,*,#7145,.F.);
#10116=ORIENTED_EDGE('',*,*,#6927,.T.);
#10117=ORIENTED_EDGE('',*,*,#7139,.T.);
#10118=ORIENTED_EDGE('',*,*,#7087,.T.);
#10119=ORIENTED_EDGE('',*,*,#7146,.F.);
#10120=ORIENTED_EDGE('',*,*,#7147,.T.);
#10121=ORIENTED_EDGE('',*,*,#7148,.T.);
#10122=ORIENTED_EDGE('',*,*,#7149,.T.);
#10123=ORIENTED_EDGE('',*,*,#7150,.T.);
#10124=ORIENTED_EDGE('',*,*,#7151,.T.);
#10125=ORIENTED_EDGE('',*,*,#7152,.T.);
#10126=ORIENTED_EDGE('',*,*,#7153,.T.);
#10127=ORIENTED_EDGE('',*,*,#7154,.T.);
#10128=ORIENTED_EDGE('',*,*,#7155,.T.);
#10129=ORIENTED_EDGE('',*,*,#7156,.T.);
#10130=ORIENTED_EDGE('',*,*,#7157,.T.);
#10131=ORIENTED_EDGE('',*,*,#7155,.F.);
#10132=ORIENTED_EDGE('',*,*,#7158,.T.);
#10133=ORIENTED_EDGE('',*,*,#7159,.T.);
#10134=ORIENTED_EDGE('',*,*,#7153,.F.);
#10135=ORIENTED_EDGE('',*,*,#7160,.T.);
#10136=ORIENTED_EDGE('',*,*,#7161,.T.);
#10137=ORIENTED_EDGE('',*,*,#7162,.T.);
#10138=ORIENTED_EDGE('',*,*,#7161,.F.);
#10139=ORIENTED_EDGE('',*,*,#7163,.T.);
#10140=ORIENTED_EDGE('',*,*,#7164,.T.);
#10141=ORIENTED_EDGE('',*,*,#7165,.T.);
#10142=ORIENTED_EDGE('',*,*,#7164,.F.);
#10143=ORIENTED_EDGE('',*,*,#7166,.T.);
#10144=ORIENTED_EDGE('',*,*,#7167,.T.);
#10145=ORIENTED_EDGE('',*,*,#7168,.T.);
#10146=ORIENTED_EDGE('',*,*,#7167,.F.);
#10147=ORIENTED_EDGE('',*,*,#7169,.T.);
#10148=ORIENTED_EDGE('',*,*,#7149,.F.);
#10149=ORIENTED_EDGE('',*,*,#7170,.T.);
#10150=ORIENTED_EDGE('',*,*,#7148,.F.);
#10151=ORIENTED_EDGE('',*,*,#7171,.T.);
#10152=ORIENTED_EDGE('',*,*,#7172,.T.);
#10153=ORIENTED_EDGE('',*,*,#7173,.T.);
#10154=ORIENTED_EDGE('',*,*,#7147,.F.);
#10155=ORIENTED_EDGE('',*,*,#7174,.T.);
#10156=ORIENTED_EDGE('',*,*,#7175,.T.);
#10157=ORIENTED_EDGE('',*,*,#7176,.F.);
#10158=ORIENTED_EDGE('',*,*,#7171,.F.);
#10159=ORIENTED_EDGE('',*,*,#7151,.F.);
#10160=ORIENTED_EDGE('',*,*,#7177,.T.);
#10161=ORIENTED_EDGE('',*,*,#7178,.T.);
#10162=ORIENTED_EDGE('',*,*,#7179,.F.);
#10163=ORIENTED_EDGE('',*,*,#7180,.F.);
#10164=ORIENTED_EDGE('',*,*,#7174,.F.);
#10165=ORIENTED_EDGE('',*,*,#7150,.F.);
#10166=ORIENTED_EDGE('',*,*,#7181,.T.);
#10167=ORIENTED_EDGE('',*,*,#7177,.F.);
#10168=ORIENTED_EDGE('',*,*,#7169,.F.);
#10169=ORIENTED_EDGE('',*,*,#7182,.F.);
#10170=ORIENTED_EDGE('',*,*,#7183,.F.);
#10171=ORIENTED_EDGE('',*,*,#7184,.F.);
#10172=ORIENTED_EDGE('',*,*,#7185,.F.);
#10173=ORIENTED_EDGE('',*,*,#7178,.F.);
#10174=ORIENTED_EDGE('',*,*,#7181,.F.);
#10175=ORIENTED_EDGE('',*,*,#7166,.F.);
#10176=ORIENTED_EDGE('',*,*,#7186,.T.);
#10177=ORIENTED_EDGE('',*,*,#7187,.F.);
#10178=ORIENTED_EDGE('',*,*,#7182,.T.);
#10179=ORIENTED_EDGE('',*,*,#7163,.F.);
#10180=ORIENTED_EDGE('',*,*,#7188,.F.);
#10181=ORIENTED_EDGE('',*,*,#7189,.F.);
#10182=ORIENTED_EDGE('',*,*,#7186,.F.);
#10183=ORIENTED_EDGE('',*,*,#7160,.F.);
#10184=ORIENTED_EDGE('',*,*,#7190,.T.);
#10185=ORIENTED_EDGE('',*,*,#7191,.F.);
#10186=ORIENTED_EDGE('',*,*,#7188,.T.);
#10187=ORIENTED_EDGE('',*,*,#7152,.F.);
#10188=ORIENTED_EDGE('',*,*,#7192,.T.);
#10189=ORIENTED_EDGE('',*,*,#7193,.F.);
#10190=ORIENTED_EDGE('',*,*,#7194,.F.);
#10191=ORIENTED_EDGE('',*,*,#7195,.T.);
#10192=ORIENTED_EDGE('',*,*,#7196,.F.);
#10193=ORIENTED_EDGE('',*,*,#7190,.F.);
#10194=ORIENTED_EDGE('',*,*,#7154,.F.);
#10195=ORIENTED_EDGE('',*,*,#7197,.T.);
#10196=ORIENTED_EDGE('',*,*,#7198,.T.);
#10197=ORIENTED_EDGE('',*,*,#7199,.T.);
#10198=ORIENTED_EDGE('',*,*,#7162,.F.);
#10199=ORIENTED_EDGE('',*,*,#7200,.T.);
#10200=ORIENTED_EDGE('',*,*,#7201,.T.);
#10201=ORIENTED_EDGE('',*,*,#7197,.F.);
#10202=ORIENTED_EDGE('',*,*,#7165,.F.);
#10203=ORIENTED_EDGE('',*,*,#7202,.T.);
#10204=ORIENTED_EDGE('',*,*,#7203,.T.);
#10205=ORIENTED_EDGE('',*,*,#7200,.F.);
#10206=ORIENTED_EDGE('',*,*,#7168,.F.);
#10207=ORIENTED_EDGE('',*,*,#7204,.T.);
#10208=ORIENTED_EDGE('',*,*,#7205,.T.);
#10209=ORIENTED_EDGE('',*,*,#7202,.F.);
#10210=ORIENTED_EDGE('',*,*,#7170,.F.);
#10211=ORIENTED_EDGE('',*,*,#7173,.F.);
#10212=ORIENTED_EDGE('',*,*,#7206,.T.);
#10213=ORIENTED_EDGE('',*,*,#7204,.F.);
#10214=ORIENTED_EDGE('',*,*,#7158,.F.);
#10215=ORIENTED_EDGE('',*,*,#7199,.F.);
#10216=ORIENTED_EDGE('',*,*,#7207,.T.);
#10217=ORIENTED_EDGE('',*,*,#7208,.T.);
#10218=ORIENTED_EDGE('',*,*,#7157,.F.);
#10219=ORIENTED_EDGE('',*,*,#7209,.F.);
#10220=ORIENTED_EDGE('',*,*,#7192,.F.);
#10221=ORIENTED_EDGE('',*,*,#7159,.F.);
#10222=ORIENTED_EDGE('',*,*,#7208,.F.);
#10223=ORIENTED_EDGE('',*,*,#7210,.F.);
#10224=ORIENTED_EDGE('',*,*,#7211,.F.);
#10225=ORIENTED_EDGE('',*,*,#7212,.T.);
#10226=ORIENTED_EDGE('',*,*,#7213,.F.);
#10227=ORIENTED_EDGE('',*,*,#7184,.T.);
#10228=ORIENTED_EDGE('',*,*,#7214,.F.);
#10229=ORIENTED_EDGE('',*,*,#7191,.T.);
#10230=ORIENTED_EDGE('',*,*,#7196,.T.);
#10231=ORIENTED_EDGE('',*,*,#7215,.T.);
#10232=ORIENTED_EDGE('',*,*,#7216,.F.);
#10233=ORIENTED_EDGE('',*,*,#7214,.T.);
#10234=ORIENTED_EDGE('',*,*,#7183,.T.);
#10235=ORIENTED_EDGE('',*,*,#7187,.T.);
#10236=ORIENTED_EDGE('',*,*,#7189,.T.);
#10237=ORIENTED_EDGE('',*,*,#7217,.F.);
#10238=ORIENTED_EDGE('',*,*,#7215,.F.);
#10239=ORIENTED_EDGE('',*,*,#7195,.F.);
#10240=ORIENTED_EDGE('',*,*,#7185,.T.);
#10241=ORIENTED_EDGE('',*,*,#7213,.T.);
#10242=ORIENTED_EDGE('',*,*,#7216,.T.);
#10243=ORIENTED_EDGE('',*,*,#7217,.T.);
#10244=ORIENTED_EDGE('',*,*,#7194,.T.);
#10245=ORIENTED_EDGE('',*,*,#7218,.T.);
#10246=ORIENTED_EDGE('',*,*,#7219,.T.);
#10247=ORIENTED_EDGE('',*,*,#7220,.F.);
#10248=ORIENTED_EDGE('',*,*,#7221,.F.);
#10249=ORIENTED_EDGE('',*,*,#7179,.T.);
#10250=ORIENTED_EDGE('',*,*,#7156,.F.);
#10251=ORIENTED_EDGE('',*,*,#7212,.F.);
#10252=ORIENTED_EDGE('',*,*,#7222,.T.);
#10253=ORIENTED_EDGE('',*,*,#7218,.F.);
#10254=ORIENTED_EDGE('',*,*,#7193,.T.);
#10255=ORIENTED_EDGE('',*,*,#7209,.T.);
#10256=ORIENTED_EDGE('',*,*,#7223,.F.);
#10257=ORIENTED_EDGE('',*,*,#7224,.T.);
#10258=ORIENTED_EDGE('',*,*,#7225,.F.);
#10259=ORIENTED_EDGE('',*,*,#7226,.F.);
#10260=ORIENTED_EDGE('',*,*,#7227,.F.);
#10261=ORIENTED_EDGE('',*,*,#7228,.F.);
#10262=ORIENTED_EDGE('',*,*,#7229,.F.);
#10263=ORIENTED_EDGE('',*,*,#7224,.F.);
#10264=ORIENTED_EDGE('',*,*,#7230,.F.);
#10265=ORIENTED_EDGE('',*,*,#7231,.T.);
#10266=ORIENTED_EDGE('',*,*,#7223,.T.);
#10267=ORIENTED_EDGE('',*,*,#7232,.F.);
#10268=ORIENTED_EDGE('',*,*,#7233,.F.);
#10269=ORIENTED_EDGE('',*,*,#7234,.F.);
#10270=ORIENTED_EDGE('',*,*,#7227,.T.);
#10271=ORIENTED_EDGE('',*,*,#7231,.F.);
#10272=ORIENTED_EDGE('',*,*,#7235,.F.);
#10273=ORIENTED_EDGE('',*,*,#7236,.T.);
#10274=ORIENTED_EDGE('',*,*,#7230,.T.);
#10275=ORIENTED_EDGE('',*,*,#7237,.F.);
#10276=ORIENTED_EDGE('',*,*,#7238,.F.);
#10277=ORIENTED_EDGE('',*,*,#7239,.F.);
#10278=ORIENTED_EDGE('',*,*,#7233,.T.);
#10279=ORIENTED_EDGE('',*,*,#7236,.F.);
#10280=ORIENTED_EDGE('',*,*,#7219,.F.);
#10281=ORIENTED_EDGE('',*,*,#7240,.T.);
#10282=ORIENTED_EDGE('',*,*,#7235,.T.);
#10283=ORIENTED_EDGE('',*,*,#7241,.F.);
#10284=ORIENTED_EDGE('',*,*,#7222,.F.);
#10285=ORIENTED_EDGE('',*,*,#7242,.F.);
#10286=ORIENTED_EDGE('',*,*,#7238,.T.);
#10287=ORIENTED_EDGE('',*,*,#7240,.F.);
#10288=ORIENTED_EDGE('',*,*,#7243,.F.);
#10289=ORIENTED_EDGE('',*,*,#7244,.T.);
#10290=ORIENTED_EDGE('',*,*,#7221,.T.);
#10291=ORIENTED_EDGE('',*,*,#7245,.F.);
#10292=ORIENTED_EDGE('',*,*,#7246,.F.);
#10293=ORIENTED_EDGE('',*,*,#7247,.F.);
#10294=ORIENTED_EDGE('',*,*,#7180,.T.);
#10295=ORIENTED_EDGE('',*,*,#7244,.F.);
#10296=ORIENTED_EDGE('',*,*,#7248,.F.);
#10297=ORIENTED_EDGE('',*,*,#7249,.T.);
#10298=ORIENTED_EDGE('',*,*,#7243,.T.);
#10299=ORIENTED_EDGE('',*,*,#7250,.F.);
#10300=ORIENTED_EDGE('',*,*,#7251,.F.);
#10301=ORIENTED_EDGE('',*,*,#7252,.F.);
#10302=ORIENTED_EDGE('',*,*,#7246,.T.);
#10303=ORIENTED_EDGE('',*,*,#7249,.F.);
#10304=ORIENTED_EDGE('',*,*,#7253,.F.);
#10305=ORIENTED_EDGE('',*,*,#7254,.T.);
#10306=ORIENTED_EDGE('',*,*,#7248,.T.);
#10307=ORIENTED_EDGE('',*,*,#7255,.F.);
#10308=ORIENTED_EDGE('',*,*,#7256,.F.);
#10309=ORIENTED_EDGE('',*,*,#7257,.F.);
#10310=ORIENTED_EDGE('',*,*,#7251,.T.);
#10311=ORIENTED_EDGE('',*,*,#7254,.F.);
#10312=ORIENTED_EDGE('',*,*,#7258,.F.);
#10313=ORIENTED_EDGE('',*,*,#7259,.T.);
#10314=ORIENTED_EDGE('',*,*,#7253,.T.);
#10315=ORIENTED_EDGE('',*,*,#7260,.F.);
#10316=ORIENTED_EDGE('',*,*,#7261,.F.);
#10317=ORIENTED_EDGE('',*,*,#7262,.F.);
#10318=ORIENTED_EDGE('',*,*,#7256,.T.);
#10319=ORIENTED_EDGE('',*,*,#7259,.F.);
#10320=ORIENTED_EDGE('',*,*,#7262,.T.);
#10321=ORIENTED_EDGE('',*,*,#7263,.T.);
#10322=ORIENTED_EDGE('',*,*,#7264,.F.);
#10323=ORIENTED_EDGE('',*,*,#7265,.F.);
#10324=ORIENTED_EDGE('',*,*,#7266,.F.);
#10325=ORIENTED_EDGE('',*,*,#7257,.T.);
#10326=ORIENTED_EDGE('',*,*,#7266,.T.);
#10327=ORIENTED_EDGE('',*,*,#7267,.F.);
#10328=ORIENTED_EDGE('',*,*,#7268,.F.);
#10329=ORIENTED_EDGE('',*,*,#7252,.T.);
#10330=ORIENTED_EDGE('',*,*,#7268,.T.);
#10331=ORIENTED_EDGE('',*,*,#7269,.F.);
#10332=ORIENTED_EDGE('',*,*,#7270,.F.);
#10333=ORIENTED_EDGE('',*,*,#7250,.T.);
#10334=ORIENTED_EDGE('',*,*,#7271,.F.);
#10335=ORIENTED_EDGE('',*,*,#7272,.F.);
#10336=ORIENTED_EDGE('',*,*,#7273,.T.);
#10337=ORIENTED_EDGE('',*,*,#7247,.T.);
#10338=ORIENTED_EDGE('',*,*,#7270,.T.);
#10339=ORIENTED_EDGE('',*,*,#7274,.F.);
#10340=ORIENTED_EDGE('',*,*,#7175,.F.);
#10341=ORIENTED_EDGE('',*,*,#7245,.T.);
#10342=ORIENTED_EDGE('',*,*,#7275,.F.);
#10343=ORIENTED_EDGE('',*,*,#7276,.F.);
#10344=ORIENTED_EDGE('',*,*,#7271,.T.);
#10345=ORIENTED_EDGE('',*,*,#7220,.T.);
#10346=ORIENTED_EDGE('',*,*,#7277,.F.);
#10347=ORIENTED_EDGE('',*,*,#7278,.F.);
#10348=ORIENTED_EDGE('',*,*,#7275,.T.);
#10349=ORIENTED_EDGE('',*,*,#7225,.T.);
#10350=ORIENTED_EDGE('',*,*,#7229,.T.);
#10351=ORIENTED_EDGE('',*,*,#7279,.F.);
#10352=ORIENTED_EDGE('',*,*,#7280,.F.);
#10353=ORIENTED_EDGE('',*,*,#7281,.F.);
#10354=ORIENTED_EDGE('',*,*,#7282,.F.);
#10355=ORIENTED_EDGE('',*,*,#7283,.F.);
#10356=ORIENTED_EDGE('',*,*,#7242,.T.);
#10357=ORIENTED_EDGE('',*,*,#7211,.T.);
#10358=ORIENTED_EDGE('',*,*,#7284,.F.);
#10359=ORIENTED_EDGE('',*,*,#7285,.F.);
#10360=ORIENTED_EDGE('',*,*,#7241,.T.);
#10361=ORIENTED_EDGE('',*,*,#7286,.F.);
#10362=ORIENTED_EDGE('',*,*,#7287,.F.);
#10363=ORIENTED_EDGE('',*,*,#7277,.T.);
#10364=ORIENTED_EDGE('',*,*,#7228,.T.);
#10365=ORIENTED_EDGE('',*,*,#7288,.T.);
#10366=ORIENTED_EDGE('',*,*,#7289,.F.);
#10367=ORIENTED_EDGE('',*,*,#7290,.F.);
#10368=ORIENTED_EDGE('',*,*,#7279,.T.);
#10369=ORIENTED_EDGE('',*,*,#7226,.T.);
#10370=ORIENTED_EDGE('',*,*,#7283,.T.);
#10371=ORIENTED_EDGE('',*,*,#7291,.F.);
#10372=ORIENTED_EDGE('',*,*,#7292,.F.);
#10373=ORIENTED_EDGE('',*,*,#7293,.T.);
#10374=ORIENTED_EDGE('',*,*,#7239,.T.);
#10375=ORIENTED_EDGE('',*,*,#7285,.T.);
#10376=ORIENTED_EDGE('',*,*,#7294,.F.);
#10377=ORIENTED_EDGE('',*,*,#7295,.F.);
#10378=ORIENTED_EDGE('',*,*,#7237,.T.);
#10379=ORIENTED_EDGE('',*,*,#7296,.F.);
#10380=ORIENTED_EDGE('',*,*,#7297,.F.);
#10381=ORIENTED_EDGE('',*,*,#7286,.T.);
#10382=ORIENTED_EDGE('',*,*,#7234,.T.);
#10383=ORIENTED_EDGE('',*,*,#7295,.T.);
#10384=ORIENTED_EDGE('',*,*,#7298,.F.);
#10385=ORIENTED_EDGE('',*,*,#7288,.F.);
#10386=ORIENTED_EDGE('',*,*,#7232,.T.);
#10387=ORIENTED_EDGE('',*,*,#7293,.F.);
#10388=ORIENTED_EDGE('',*,*,#7299,.F.);
#10389=ORIENTED_EDGE('',*,*,#7296,.T.);
#10390=ORIENTED_EDGE('',*,*,#7260,.T.);
#10391=ORIENTED_EDGE('',*,*,#7300,.F.);
#10392=ORIENTED_EDGE('',*,*,#7301,.F.);
#10393=ORIENTED_EDGE('',*,*,#7302,.T.);
#10394=ORIENTED_EDGE('',*,*,#7303,.T.);
#10395=ORIENTED_EDGE('',*,*,#7255,.T.);
#10396=ORIENTED_EDGE('',*,*,#7273,.F.);
#10397=ORIENTED_EDGE('',*,*,#7304,.F.);
#10398=ORIENTED_EDGE('',*,*,#7300,.T.);
#10399=ORIENTED_EDGE('',*,*,#7301,.T.);
#10400=ORIENTED_EDGE('',*,*,#7304,.T.);
#10401=ORIENTED_EDGE('',*,*,#7272,.T.);
#10402=ORIENTED_EDGE('',*,*,#7276,.T.);
#10403=ORIENTED_EDGE('',*,*,#7278,.T.);
#10404=ORIENTED_EDGE('',*,*,#7287,.T.);
#10405=ORIENTED_EDGE('',*,*,#7297,.T.);
#10406=ORIENTED_EDGE('',*,*,#7299,.T.);
#10407=ORIENTED_EDGE('',*,*,#7292,.T.);
#10408=ORIENTED_EDGE('',*,*,#7305,.F.);
#10409=ORIENTED_EDGE('',*,*,#7306,.F.);
#10410=ORIENTED_EDGE('',*,*,#7307,.F.);
#10411=ORIENTED_EDGE('',*,*,#7308,.F.);
#10412=ORIENTED_EDGE('',*,*,#7309,.F.);
#10413=ORIENTED_EDGE('',*,*,#7310,.F.);
#10414=ORIENTED_EDGE('',*,*,#7311,.F.);
#10415=ORIENTED_EDGE('',*,*,#7312,.F.);
#10416=ORIENTED_EDGE('',*,*,#7313,.F.);
#10417=ORIENTED_EDGE('',*,*,#7314,.F.);
#10418=ORIENTED_EDGE('',*,*,#7315,.F.);
#10419=ORIENTED_EDGE('',*,*,#7316,.F.);
#10420=ORIENTED_EDGE('',*,*,#7317,.F.);
#10421=ORIENTED_EDGE('',*,*,#7318,.F.);
#10422=ORIENTED_EDGE('',*,*,#7319,.F.);
#10423=ORIENTED_EDGE('',*,*,#7319,.T.);
#10424=ORIENTED_EDGE('',*,*,#7320,.T.);
#10425=ORIENTED_EDGE('',*,*,#7321,.T.);
#10426=ORIENTED_EDGE('',*,*,#7320,.F.);
#10427=ORIENTED_EDGE('',*,*,#7322,.F.);
#10428=ORIENTED_EDGE('',*,*,#7323,.T.);
#10429=ORIENTED_EDGE('',*,*,#7321,.F.);
#10430=ORIENTED_EDGE('',*,*,#7323,.F.);
#10431=ORIENTED_EDGE('',*,*,#7318,.T.);
#10432=ORIENTED_EDGE('',*,*,#7324,.T.);
#10433=ORIENTED_EDGE('',*,*,#7325,.T.);
#10434=ORIENTED_EDGE('',*,*,#7324,.F.);
#10435=ORIENTED_EDGE('',*,*,#7326,.F.);
#10436=ORIENTED_EDGE('',*,*,#7327,.T.);
#10437=ORIENTED_EDGE('',*,*,#7325,.F.);
#10438=ORIENTED_EDGE('',*,*,#7327,.F.);
#10439=ORIENTED_EDGE('',*,*,#7302,.F.);
#10440=ORIENTED_EDGE('',*,*,#7317,.T.);
#10441=ORIENTED_EDGE('',*,*,#7328,.T.);
#10442=ORIENTED_EDGE('',*,*,#7329,.T.);
#10443=ORIENTED_EDGE('',*,*,#7330,.T.);
#10444=ORIENTED_EDGE('',*,*,#7331,.T.);
#10445=ORIENTED_EDGE('',*,*,#7328,.F.);
#10446=ORIENTED_EDGE('',*,*,#7316,.T.);
#10447=ORIENTED_EDGE('',*,*,#7330,.F.);
#10448=ORIENTED_EDGE('',*,*,#7315,.T.);
#10449=ORIENTED_EDGE('',*,*,#7332,.T.);
#10450=ORIENTED_EDGE('',*,*,#7333,.T.);
#10451=ORIENTED_EDGE('',*,*,#7334,.T.);
#10452=ORIENTED_EDGE('',*,*,#7335,.T.);
#10453=ORIENTED_EDGE('',*,*,#7332,.F.);
#10454=ORIENTED_EDGE('',*,*,#7314,.T.);
#10455=ORIENTED_EDGE('',*,*,#7334,.F.);
#10456=ORIENTED_EDGE('',*,*,#7313,.T.);
#10457=ORIENTED_EDGE('',*,*,#7336,.T.);
#10458=ORIENTED_EDGE('',*,*,#7337,.T.);
#10459=ORIENTED_EDGE('',*,*,#7338,.T.);
#10460=ORIENTED_EDGE('',*,*,#7339,.T.);
#10461=ORIENTED_EDGE('',*,*,#7336,.F.);
#10462=ORIENTED_EDGE('',*,*,#7312,.T.);
#10463=ORIENTED_EDGE('',*,*,#7338,.F.);
#10464=ORIENTED_EDGE('',*,*,#7311,.T.);
#10465=ORIENTED_EDGE('',*,*,#7340,.T.);
#10466=ORIENTED_EDGE('',*,*,#7341,.T.);
#10467=ORIENTED_EDGE('',*,*,#7342,.T.);
#10468=ORIENTED_EDGE('',*,*,#7343,.T.);
#10469=ORIENTED_EDGE('',*,*,#7340,.F.);
#10470=ORIENTED_EDGE('',*,*,#7310,.T.);
#10471=ORIENTED_EDGE('',*,*,#7342,.F.);
#10472=ORIENTED_EDGE('',*,*,#7309,.T.);
#10473=ORIENTED_EDGE('',*,*,#7344,.T.);
#10474=ORIENTED_EDGE('',*,*,#7345,.T.);
#10475=ORIENTED_EDGE('',*,*,#7346,.T.);
#10476=ORIENTED_EDGE('',*,*,#7347,.T.);
#10477=ORIENTED_EDGE('',*,*,#7344,.F.);
#10478=ORIENTED_EDGE('',*,*,#7308,.T.);
#10479=ORIENTED_EDGE('',*,*,#7346,.F.);
#10480=ORIENTED_EDGE('',*,*,#7307,.T.);
#10481=ORIENTED_EDGE('',*,*,#7348,.T.);
#10482=ORIENTED_EDGE('',*,*,#7349,.T.);
#10483=ORIENTED_EDGE('',*,*,#7350,.T.);
#10484=ORIENTED_EDGE('',*,*,#7351,.T.);
#10485=ORIENTED_EDGE('',*,*,#7348,.F.);
#10486=ORIENTED_EDGE('',*,*,#7306,.T.);
#10487=ORIENTED_EDGE('',*,*,#7350,.F.);
#10488=ORIENTED_EDGE('',*,*,#7305,.T.);
#10489=ORIENTED_EDGE('',*,*,#7291,.T.);
#10490=ORIENTED_EDGE('',*,*,#7282,.T.);
#10491=ORIENTED_EDGE('',*,*,#7337,.F.);
#10492=ORIENTED_EDGE('',*,*,#7352,.F.);
#10493=ORIENTED_EDGE('',*,*,#7353,.F.);
#10494=ORIENTED_EDGE('',*,*,#7354,.F.);
#10495=ORIENTED_EDGE('',*,*,#7339,.F.);
#10496=ORIENTED_EDGE('',*,*,#7355,.T.);
#10497=ORIENTED_EDGE('',*,*,#7356,.F.);
#10498=ORIENTED_EDGE('',*,*,#7352,.T.);
#10499=ORIENTED_EDGE('',*,*,#7341,.F.);
#10500=ORIENTED_EDGE('',*,*,#7357,.F.);
#10501=ORIENTED_EDGE('',*,*,#7358,.F.);
#10502=ORIENTED_EDGE('',*,*,#7355,.F.);
#10503=ORIENTED_EDGE('',*,*,#7343,.F.);
#10504=ORIENTED_EDGE('',*,*,#7359,.T.);
#10505=ORIENTED_EDGE('',*,*,#7360,.F.);
#10506=ORIENTED_EDGE('',*,*,#7357,.T.);
#10507=ORIENTED_EDGE('',*,*,#7345,.F.);
#10508=ORIENTED_EDGE('',*,*,#7361,.F.);
#10509=ORIENTED_EDGE('',*,*,#7362,.F.);
#10510=ORIENTED_EDGE('',*,*,#7359,.F.);
#10511=ORIENTED_EDGE('',*,*,#7347,.F.);
#10512=ORIENTED_EDGE('',*,*,#7363,.T.);
#10513=ORIENTED_EDGE('',*,*,#7364,.F.);
#10514=ORIENTED_EDGE('',*,*,#7361,.T.);
#10515=ORIENTED_EDGE('',*,*,#7349,.F.);
#10516=ORIENTED_EDGE('',*,*,#7365,.F.);
#10517=ORIENTED_EDGE('',*,*,#7366,.F.);
#10518=ORIENTED_EDGE('',*,*,#7363,.F.);
#10519=ORIENTED_EDGE('',*,*,#7351,.F.);
#10520=ORIENTED_EDGE('',*,*,#7281,.T.);
#10521=ORIENTED_EDGE('',*,*,#7367,.F.);
#10522=ORIENTED_EDGE('',*,*,#7365,.T.);
#10523=ORIENTED_EDGE('',*,*,#7172,.F.);
#10524=ORIENTED_EDGE('',*,*,#7176,.T.);
#10525=ORIENTED_EDGE('',*,*,#7274,.T.);
#10526=ORIENTED_EDGE('',*,*,#7269,.T.);
#10527=ORIENTED_EDGE('',*,*,#7267,.T.);
#10528=ORIENTED_EDGE('',*,*,#7265,.T.);
#10529=ORIENTED_EDGE('',*,*,#7368,.F.);
#10530=ORIENTED_EDGE('',*,*,#7369,.F.);
#10531=ORIENTED_EDGE('',*,*,#7370,.F.);
#10532=ORIENTED_EDGE('',*,*,#7371,.F.);
#10533=ORIENTED_EDGE('',*,*,#7372,.F.);
#10534=ORIENTED_EDGE('',*,*,#7373,.F.);
#10535=ORIENTED_EDGE('',*,*,#7374,.F.);
#10536=ORIENTED_EDGE('',*,*,#7375,.F.);
#10537=ORIENTED_EDGE('',*,*,#7376,.F.);
#10538=ORIENTED_EDGE('',*,*,#7377,.F.);
#10539=ORIENTED_EDGE('',*,*,#7378,.F.);
#10540=ORIENTED_EDGE('',*,*,#7379,.F.);
#10541=ORIENTED_EDGE('',*,*,#7380,.F.);
#10542=ORIENTED_EDGE('',*,*,#7289,.T.);
#10543=ORIENTED_EDGE('',*,*,#7298,.T.);
#10544=ORIENTED_EDGE('',*,*,#7294,.T.);
#10545=ORIENTED_EDGE('',*,*,#7284,.T.);
#10546=ORIENTED_EDGE('',*,*,#7210,.T.);
#10547=ORIENTED_EDGE('',*,*,#7207,.F.);
#10548=ORIENTED_EDGE('',*,*,#7198,.F.);
#10549=ORIENTED_EDGE('',*,*,#7201,.F.);
#10550=ORIENTED_EDGE('',*,*,#7203,.F.);
#10551=ORIENTED_EDGE('',*,*,#7205,.F.);
#10552=ORIENTED_EDGE('',*,*,#7206,.F.);
#10553=ORIENTED_EDGE('',*,*,#7381,.F.);
#10554=ORIENTED_EDGE('',*,*,#7382,.F.);
#10555=ORIENTED_EDGE('',*,*,#7382,.T.);
#10556=ORIENTED_EDGE('',*,*,#7383,.T.);
#10557=ORIENTED_EDGE('',*,*,#7326,.T.);
#10558=ORIENTED_EDGE('',*,*,#7383,.F.);
#10559=ORIENTED_EDGE('',*,*,#7381,.T.);
#10560=ORIENTED_EDGE('',*,*,#7384,.T.);
#10561=ORIENTED_EDGE('',*,*,#7322,.T.);
#10562=ORIENTED_EDGE('',*,*,#7384,.F.);
#10563=ORIENTED_EDGE('',*,*,#7385,.T.);
#10564=ORIENTED_EDGE('',*,*,#7368,.T.);
#10565=ORIENTED_EDGE('',*,*,#7264,.T.);
#10566=ORIENTED_EDGE('',*,*,#7386,.T.);
#10567=ORIENTED_EDGE('',*,*,#7385,.F.);
#10568=ORIENTED_EDGE('',*,*,#7387,.T.);
#10569=ORIENTED_EDGE('',*,*,#7388,.T.);
#10570=ORIENTED_EDGE('',*,*,#7369,.T.);
#10571=ORIENTED_EDGE('',*,*,#7389,.T.);
#10572=ORIENTED_EDGE('',*,*,#7370,.T.);
#10573=ORIENTED_EDGE('',*,*,#7388,.F.);
#10574=ORIENTED_EDGE('',*,*,#7390,.T.);
#10575=ORIENTED_EDGE('',*,*,#7389,.F.);
#10576=ORIENTED_EDGE('',*,*,#7391,.T.);
#10577=ORIENTED_EDGE('',*,*,#7392,.T.);
#10578=ORIENTED_EDGE('',*,*,#7371,.T.);
#10579=ORIENTED_EDGE('',*,*,#7393,.T.);
#10580=ORIENTED_EDGE('',*,*,#7372,.T.);
#10581=ORIENTED_EDGE('',*,*,#7392,.F.);
#10582=ORIENTED_EDGE('',*,*,#7353,.T.);
#10583=ORIENTED_EDGE('',*,*,#7393,.F.);
#10584=ORIENTED_EDGE('',*,*,#7356,.T.);
#10585=ORIENTED_EDGE('',*,*,#7394,.T.);
#10586=ORIENTED_EDGE('',*,*,#7373,.T.);
#10587=ORIENTED_EDGE('',*,*,#7395,.T.);
#10588=ORIENTED_EDGE('',*,*,#7374,.T.);
#10589=ORIENTED_EDGE('',*,*,#7394,.F.);
#10590=ORIENTED_EDGE('',*,*,#7358,.T.);
#10591=ORIENTED_EDGE('',*,*,#7395,.F.);
#10592=ORIENTED_EDGE('',*,*,#7360,.T.);
#10593=ORIENTED_EDGE('',*,*,#7396,.T.);
#10594=ORIENTED_EDGE('',*,*,#7375,.T.);
#10595=ORIENTED_EDGE('',*,*,#7397,.T.);
#10596=ORIENTED_EDGE('',*,*,#7376,.T.);
#10597=ORIENTED_EDGE('',*,*,#7396,.F.);
#10598=ORIENTED_EDGE('',*,*,#7362,.T.);
#10599=ORIENTED_EDGE('',*,*,#7397,.F.);
#10600=ORIENTED_EDGE('',*,*,#7364,.T.);
#10601=ORIENTED_EDGE('',*,*,#7398,.T.);
#10602=ORIENTED_EDGE('',*,*,#7377,.T.);
#10603=ORIENTED_EDGE('',*,*,#7399,.T.);
#10604=ORIENTED_EDGE('',*,*,#7378,.T.);
#10605=ORIENTED_EDGE('',*,*,#7398,.F.);
#10606=ORIENTED_EDGE('',*,*,#7366,.T.);
#10607=ORIENTED_EDGE('',*,*,#7399,.F.);
#10608=ORIENTED_EDGE('',*,*,#7367,.T.);
#10609=ORIENTED_EDGE('',*,*,#7400,.T.);
#10610=ORIENTED_EDGE('',*,*,#7379,.T.);
#10611=ORIENTED_EDGE('',*,*,#7290,.T.);
#10612=ORIENTED_EDGE('',*,*,#7380,.T.);
#10613=ORIENTED_EDGE('',*,*,#7400,.F.);
#10614=ORIENTED_EDGE('',*,*,#7280,.T.);
#10615=ORIENTED_EDGE('',*,*,#7335,.F.);
#10616=ORIENTED_EDGE('',*,*,#7354,.T.);
#10617=ORIENTED_EDGE('',*,*,#7391,.F.);
#10618=ORIENTED_EDGE('',*,*,#7401,.T.);
#10619=ORIENTED_EDGE('',*,*,#7333,.F.);
#10620=ORIENTED_EDGE('',*,*,#7401,.F.);
#10621=ORIENTED_EDGE('',*,*,#7390,.F.);
#10622=ORIENTED_EDGE('',*,*,#7402,.F.);
#10623=ORIENTED_EDGE('',*,*,#7331,.F.);
#10624=ORIENTED_EDGE('',*,*,#7402,.T.);
#10625=ORIENTED_EDGE('',*,*,#7387,.F.);
#10626=ORIENTED_EDGE('',*,*,#7403,.T.);
#10627=ORIENTED_EDGE('',*,*,#7258,.T.);
#10628=ORIENTED_EDGE('',*,*,#7303,.F.);
#10629=ORIENTED_EDGE('',*,*,#7329,.F.);
#10630=ORIENTED_EDGE('',*,*,#7403,.F.);
#10631=ORIENTED_EDGE('',*,*,#7386,.F.);
#10632=ORIENTED_EDGE('',*,*,#7263,.F.);
#10633=ORIENTED_EDGE('',*,*,#7261,.T.);
#10634=ORIENTED_EDGE('',*,*,#7404,.T.);
#10635=ORIENTED_EDGE('',*,*,#7405,.T.);
#10636=ORIENTED_EDGE('',*,*,#7406,.T.);
#10637=ORIENTED_EDGE('',*,*,#7407,.T.);
#10638=ORIENTED_EDGE('',*,*,#7408,.T.);
#10639=ORIENTED_EDGE('',*,*,#7407,.F.);
#10640=ORIENTED_EDGE('',*,*,#7409,.T.);
#10641=ORIENTED_EDGE('',*,*,#7410,.T.);
#10642=ORIENTED_EDGE('',*,*,#7411,.T.);
#10643=ORIENTED_EDGE('',*,*,#7412,.T.);
#10644=ORIENTED_EDGE('',*,*,#7413,.T.);
#10645=ORIENTED_EDGE('',*,*,#7414,.T.);
#10646=ORIENTED_EDGE('',*,*,#7412,.F.);
#10647=ORIENTED_EDGE('',*,*,#7415,.T.);
#10648=ORIENTED_EDGE('',*,*,#7416,.T.);
#10649=ORIENTED_EDGE('',*,*,#7417,.T.);
#10650=ORIENTED_EDGE('',*,*,#7416,.F.);
#10651=ORIENTED_EDGE('',*,*,#7418,.T.);
#10652=ORIENTED_EDGE('',*,*,#7419,.T.);
#10653=ORIENTED_EDGE('',*,*,#7420,.T.);
#10654=ORIENTED_EDGE('',*,*,#7419,.F.);
#10655=ORIENTED_EDGE('',*,*,#7421,.T.);
#10656=ORIENTED_EDGE('',*,*,#7422,.T.);
#10657=ORIENTED_EDGE('',*,*,#7423,.T.);
#10658=ORIENTED_EDGE('',*,*,#7422,.F.);
#10659=ORIENTED_EDGE('',*,*,#7424,.T.);
#10660=ORIENTED_EDGE('',*,*,#7410,.F.);
#10661=ORIENTED_EDGE('',*,*,#7425,.T.);
#10662=ORIENTED_EDGE('',*,*,#7426,.T.);
#10663=ORIENTED_EDGE('',*,*,#7414,.F.);
#10664=ORIENTED_EDGE('',*,*,#7427,.T.);
#10665=ORIENTED_EDGE('',*,*,#7428,.T.);
#10666=ORIENTED_EDGE('',*,*,#7405,.F.);
#10667=ORIENTED_EDGE('',*,*,#7429,.T.);
#10668=ORIENTED_EDGE('',*,*,#7430,.T.);
#10669=ORIENTED_EDGE('',*,*,#7431,.T.);
#10670=ORIENTED_EDGE('',*,*,#7430,.F.);
#10671=ORIENTED_EDGE('',*,*,#7432,.T.);
#10672=ORIENTED_EDGE('',*,*,#7433,.T.);
#10673=ORIENTED_EDGE('',*,*,#7434,.T.);
#10674=ORIENTED_EDGE('',*,*,#7433,.F.);
#10675=ORIENTED_EDGE('',*,*,#7435,.T.);
#10676=ORIENTED_EDGE('',*,*,#7436,.T.);
#10677=ORIENTED_EDGE('',*,*,#7437,.T.);
#10678=ORIENTED_EDGE('',*,*,#7436,.F.);
#10679=ORIENTED_EDGE('',*,*,#7438,.T.);
#10680=ORIENTED_EDGE('',*,*,#7428,.F.);
#10681=ORIENTED_EDGE('',*,*,#7439,.T.);
#10682=ORIENTED_EDGE('',*,*,#7408,.F.);
#10683=ORIENTED_EDGE('',*,*,#7440,.T.);
#10684=ORIENTED_EDGE('',*,*,#7441,.F.);
#10685=ORIENTED_EDGE('',*,*,#7442,.F.);
#10686=ORIENTED_EDGE('',*,*,#7424,.F.);
#10687=ORIENTED_EDGE('',*,*,#7443,.F.);
#10688=ORIENTED_EDGE('',*,*,#7444,.F.);
#10689=ORIENTED_EDGE('',*,*,#7440,.F.);
#10690=ORIENTED_EDGE('',*,*,#7421,.F.);
#10691=ORIENTED_EDGE('',*,*,#7445,.T.);
#10692=ORIENTED_EDGE('',*,*,#7446,.F.);
#10693=ORIENTED_EDGE('',*,*,#7443,.T.);
#10694=ORIENTED_EDGE('',*,*,#7418,.F.);
#10695=ORIENTED_EDGE('',*,*,#7447,.F.);
#10696=ORIENTED_EDGE('',*,*,#7448,.F.);
#10697=ORIENTED_EDGE('',*,*,#7445,.F.);
#10698=ORIENTED_EDGE('',*,*,#7415,.F.);
#10699=ORIENTED_EDGE('',*,*,#7449,.T.);
#10700=ORIENTED_EDGE('',*,*,#7450,.F.);
#10701=ORIENTED_EDGE('',*,*,#7447,.T.);
#10702=ORIENTED_EDGE('',*,*,#7411,.F.);
#10703=ORIENTED_EDGE('',*,*,#7451,.T.);
#10704=ORIENTED_EDGE('',*,*,#7452,.F.);
#10705=ORIENTED_EDGE('',*,*,#7449,.F.);
#10706=ORIENTED_EDGE('',*,*,#7431,.F.);
#10707=ORIENTED_EDGE('',*,*,#7453,.T.);
#10708=ORIENTED_EDGE('',*,*,#7454,.T.);
#10709=ORIENTED_EDGE('',*,*,#7455,.F.);
#10710=ORIENTED_EDGE('',*,*,#7434,.F.);
#10711=ORIENTED_EDGE('',*,*,#7456,.T.);
#10712=ORIENTED_EDGE('',*,*,#7457,.T.);
#10713=ORIENTED_EDGE('',*,*,#7453,.F.);
#10714=ORIENTED_EDGE('',*,*,#7437,.F.);
#10715=ORIENTED_EDGE('',*,*,#7458,.T.);
#10716=ORIENTED_EDGE('',*,*,#7459,.T.);
#10717=ORIENTED_EDGE('',*,*,#7456,.F.);
#10718=ORIENTED_EDGE('',*,*,#7439,.F.);
#10719=ORIENTED_EDGE('',*,*,#7460,.F.);
#10720=ORIENTED_EDGE('',*,*,#7461,.T.);
#10721=ORIENTED_EDGE('',*,*,#7458,.F.);
#10722=ORIENTED_EDGE('',*,*,#7427,.F.);
#10723=ORIENTED_EDGE('',*,*,#7462,.F.);
#10724=ORIENTED_EDGE('',*,*,#7463,.T.);
#10725=ORIENTED_EDGE('',*,*,#7460,.T.);
#10726=ORIENTED_EDGE('',*,*,#7413,.F.);
#10727=ORIENTED_EDGE('',*,*,#7464,.T.);
#10728=ORIENTED_EDGE('',*,*,#7465,.T.);
#10729=ORIENTED_EDGE('',*,*,#7462,.T.);
#10730=ORIENTED_EDGE('',*,*,#7466,.T.);
#10731=ORIENTED_EDGE('',*,*,#7467,.T.);
#10732=ORIENTED_EDGE('',*,*,#7468,.T.);
#10733=ORIENTED_EDGE('',*,*,#7469,.T.);
#10734=ORIENTED_EDGE('',*,*,#7444,.T.);
#10735=ORIENTED_EDGE('',*,*,#7470,.T.);
#10736=ORIENTED_EDGE('',*,*,#7471,.T.);
#10737=ORIENTED_EDGE('',*,*,#7472,.T.);
#10738=ORIENTED_EDGE('',*,*,#7473,.T.);
#10739=ORIENTED_EDGE('',*,*,#7474,.T.);
#10740=ORIENTED_EDGE('',*,*,#7475,.T.);
#10741=ORIENTED_EDGE('',*,*,#7467,.F.);
#10742=ORIENTED_EDGE('',*,*,#7474,.F.);
#10743=ORIENTED_EDGE('',*,*,#7476,.T.);
#10744=ORIENTED_EDGE('',*,*,#7477,.T.);
#10745=ORIENTED_EDGE('',*,*,#7478,.T.);
#10746=ORIENTED_EDGE('',*,*,#7477,.F.);
#10747=ORIENTED_EDGE('',*,*,#7479,.T.);
#10748=ORIENTED_EDGE('',*,*,#7480,.T.);
#10749=ORIENTED_EDGE('',*,*,#7481,.T.);
#10750=ORIENTED_EDGE('',*,*,#7480,.F.);
#10751=ORIENTED_EDGE('',*,*,#7482,.T.);
#10752=ORIENTED_EDGE('',*,*,#7483,.T.);
#10753=ORIENTED_EDGE('',*,*,#7484,.T.);
#10754=ORIENTED_EDGE('',*,*,#7483,.F.);
#10755=ORIENTED_EDGE('',*,*,#7485,.T.);
#10756=ORIENTED_EDGE('',*,*,#7486,.T.);
#10757=ORIENTED_EDGE('',*,*,#7487,.T.);
#10758=ORIENTED_EDGE('',*,*,#7441,.T.);
#10759=ORIENTED_EDGE('',*,*,#7472,.F.);
#10760=ORIENTED_EDGE('',*,*,#7488,.T.);
#10761=ORIENTED_EDGE('',*,*,#7486,.F.);
#10762=ORIENTED_EDGE('',*,*,#7470,.F.);
#10763=ORIENTED_EDGE('',*,*,#7446,.T.);
#10764=ORIENTED_EDGE('',*,*,#7489,.T.);
#10765=ORIENTED_EDGE('',*,*,#7490,.T.);
#10766=ORIENTED_EDGE('',*,*,#7489,.F.);
#10767=ORIENTED_EDGE('',*,*,#7448,.T.);
#10768=ORIENTED_EDGE('',*,*,#7491,.T.);
#10769=ORIENTED_EDGE('',*,*,#7492,.T.);
#10770=ORIENTED_EDGE('',*,*,#7491,.F.);
#10771=ORIENTED_EDGE('',*,*,#7450,.T.);
#10772=ORIENTED_EDGE('',*,*,#7493,.T.);
#10773=ORIENTED_EDGE('',*,*,#7494,.T.);
#10774=ORIENTED_EDGE('',*,*,#7493,.F.);
#10775=ORIENTED_EDGE('',*,*,#7452,.T.);
#10776=ORIENTED_EDGE('',*,*,#7469,.F.);
#10777=ORIENTED_EDGE('',*,*,#7495,.T.);
#10778=ORIENTED_EDGE('',*,*,#7478,.F.);
#10779=ORIENTED_EDGE('',*,*,#7496,.F.);
#10780=ORIENTED_EDGE('',*,*,#7497,.T.);
#10781=ORIENTED_EDGE('',*,*,#7498,.T.);
#10782=ORIENTED_EDGE('',*,*,#7481,.F.);
#10783=ORIENTED_EDGE('',*,*,#7499,.F.);
#10784=ORIENTED_EDGE('',*,*,#7500,.T.);
#10785=ORIENTED_EDGE('',*,*,#7496,.T.);
#10786=ORIENTED_EDGE('',*,*,#7484,.F.);
#10787=ORIENTED_EDGE('',*,*,#7501,.F.);
#10788=ORIENTED_EDGE('',*,*,#7502,.T.);
#10789=ORIENTED_EDGE('',*,*,#7499,.T.);
#10790=ORIENTED_EDGE('',*,*,#7487,.F.);
#10791=ORIENTED_EDGE('',*,*,#7503,.F.);
#10792=ORIENTED_EDGE('',*,*,#7504,.T.);
#10793=ORIENTED_EDGE('',*,*,#7501,.T.);
#10794=ORIENTED_EDGE('',*,*,#7488,.F.);
#10795=ORIENTED_EDGE('',*,*,#7505,.T.);
#10796=ORIENTED_EDGE('',*,*,#7506,.T.);
#10797=ORIENTED_EDGE('',*,*,#7503,.T.);
#10798=ORIENTED_EDGE('',*,*,#7471,.F.);
#10799=ORIENTED_EDGE('',*,*,#7507,.F.);
#10800=ORIENTED_EDGE('',*,*,#7508,.T.);
#10801=ORIENTED_EDGE('',*,*,#7505,.F.);
#10802=ORIENTED_EDGE('',*,*,#7426,.F.);
#10803=ORIENTED_EDGE('',*,*,#7509,.T.);
#10804=ORIENTED_EDGE('',*,*,#7466,.F.);
#10805=ORIENTED_EDGE('',*,*,#7451,.F.);
#10806=ORIENTED_EDGE('',*,*,#7468,.F.);
#10807=ORIENTED_EDGE('',*,*,#7510,.F.);
#10808=ORIENTED_EDGE('',*,*,#7511,.T.);
#10809=ORIENTED_EDGE('',*,*,#7512,.T.);
#10810=ORIENTED_EDGE('',*,*,#7495,.F.);
#10811=ORIENTED_EDGE('',*,*,#7512,.F.);
#10812=ORIENTED_EDGE('',*,*,#7513,.T.);
#10813=ORIENTED_EDGE('',*,*,#7514,.T.);
#10814=ORIENTED_EDGE('',*,*,#7494,.F.);
#10815=ORIENTED_EDGE('',*,*,#7514,.F.);
#10816=ORIENTED_EDGE('',*,*,#7515,.T.);
#10817=ORIENTED_EDGE('',*,*,#7516,.T.);
#10818=ORIENTED_EDGE('',*,*,#7492,.F.);
#10819=ORIENTED_EDGE('',*,*,#7516,.F.);
#10820=ORIENTED_EDGE('',*,*,#7517,.T.);
#10821=ORIENTED_EDGE('',*,*,#7518,.T.);
#10822=ORIENTED_EDGE('',*,*,#7490,.F.);
#10823=ORIENTED_EDGE('',*,*,#7518,.F.);
#10824=ORIENTED_EDGE('',*,*,#7519,.T.);
#10825=ORIENTED_EDGE('',*,*,#7507,.T.);
#10826=ORIENTED_EDGE('',*,*,#7475,.F.);
#10827=ORIENTED_EDGE('',*,*,#7498,.F.);
#10828=ORIENTED_EDGE('',*,*,#7520,.T.);
#10829=ORIENTED_EDGE('',*,*,#7510,.T.);
#10830=ORIENTED_EDGE('',*,*,#7404,.F.);
#10831=ORIENTED_EDGE('',*,*,#7442,.T.);
#10832=ORIENTED_EDGE('',*,*,#7485,.F.);
#10833=ORIENTED_EDGE('',*,*,#7521,.F.);
#10834=ORIENTED_EDGE('',*,*,#7429,.F.);
#10835=ORIENTED_EDGE('',*,*,#7521,.T.);
#10836=ORIENTED_EDGE('',*,*,#7482,.F.);
#10837=ORIENTED_EDGE('',*,*,#7522,.T.);
#10838=ORIENTED_EDGE('',*,*,#7432,.F.);
#10839=ORIENTED_EDGE('',*,*,#7522,.F.);
#10840=ORIENTED_EDGE('',*,*,#7479,.F.);
#10841=ORIENTED_EDGE('',*,*,#7523,.F.);
#10842=ORIENTED_EDGE('',*,*,#7435,.F.);
#10843=ORIENTED_EDGE('',*,*,#7523,.T.);
#10844=ORIENTED_EDGE('',*,*,#7476,.F.);
#10845=ORIENTED_EDGE('',*,*,#7524,.T.);
#10846=ORIENTED_EDGE('',*,*,#7438,.F.);
#10847=ORIENTED_EDGE('',*,*,#7524,.F.);
#10848=ORIENTED_EDGE('',*,*,#7473,.F.);
#10849=ORIENTED_EDGE('',*,*,#7509,.F.);
#10850=ORIENTED_EDGE('',*,*,#7511,.F.);
#10851=ORIENTED_EDGE('',*,*,#7520,.F.);
#10852=ORIENTED_EDGE('',*,*,#7497,.F.);
#10853=ORIENTED_EDGE('',*,*,#7500,.F.);
#10854=ORIENTED_EDGE('',*,*,#7502,.F.);
#10855=ORIENTED_EDGE('',*,*,#7504,.F.);
#10856=ORIENTED_EDGE('',*,*,#7506,.F.);
#10857=ORIENTED_EDGE('',*,*,#7508,.F.);
#10858=ORIENTED_EDGE('',*,*,#7519,.F.);
#10859=ORIENTED_EDGE('',*,*,#7517,.F.);
#10860=ORIENTED_EDGE('',*,*,#7515,.F.);
#10861=ORIENTED_EDGE('',*,*,#7513,.F.);
#10862=ORIENTED_EDGE('',*,*,#7406,.F.);
#10863=ORIENTED_EDGE('',*,*,#7455,.T.);
#10864=ORIENTED_EDGE('',*,*,#7525,.T.);
#10865=ORIENTED_EDGE('',*,*,#7526,.T.);
#10866=ORIENTED_EDGE('',*,*,#7417,.F.);
#10867=ORIENTED_EDGE('',*,*,#7527,.T.);
#10868=ORIENTED_EDGE('',*,*,#7528,.T.);
#10869=ORIENTED_EDGE('',*,*,#7464,.F.);
#10870=ORIENTED_EDGE('',*,*,#7420,.F.);
#10871=ORIENTED_EDGE('',*,*,#7529,.T.);
#10872=ORIENTED_EDGE('',*,*,#7530,.T.);
#10873=ORIENTED_EDGE('',*,*,#7527,.F.);
#10874=ORIENTED_EDGE('',*,*,#7423,.F.);
#10875=ORIENTED_EDGE('',*,*,#7531,.T.);
#10876=ORIENTED_EDGE('',*,*,#7532,.T.);
#10877=ORIENTED_EDGE('',*,*,#7529,.F.);
#10878=ORIENTED_EDGE('',*,*,#7425,.F.);
#10879=ORIENTED_EDGE('',*,*,#7533,.T.);
#10880=ORIENTED_EDGE('',*,*,#7534,.T.);
#10881=ORIENTED_EDGE('',*,*,#7531,.F.);
#10882=ORIENTED_EDGE('',*,*,#7409,.F.);
#10883=ORIENTED_EDGE('',*,*,#7526,.F.);
#10884=ORIENTED_EDGE('',*,*,#7535,.T.);
#10885=ORIENTED_EDGE('',*,*,#7533,.F.);
#10886=ORIENTED_EDGE('',*,*,#7465,.F.);
#10887=ORIENTED_EDGE('',*,*,#7528,.F.);
#10888=ORIENTED_EDGE('',*,*,#7530,.F.);
#10889=ORIENTED_EDGE('',*,*,#7532,.F.);
#10890=ORIENTED_EDGE('',*,*,#7534,.F.);
#10891=ORIENTED_EDGE('',*,*,#7535,.F.);
#10892=ORIENTED_EDGE('',*,*,#7525,.F.);
#10893=ORIENTED_EDGE('',*,*,#7454,.F.);
#10894=ORIENTED_EDGE('',*,*,#7457,.F.);
#10895=ORIENTED_EDGE('',*,*,#7459,.F.);
#10896=ORIENTED_EDGE('',*,*,#7461,.F.);
#10897=ORIENTED_EDGE('',*,*,#7463,.F.);
#10898=CYLINDRICAL_SURFACE('',#11766,1.);
#10899=CYLINDRICAL_SURFACE('',#11770,1.);
#10900=CYLINDRICAL_SURFACE('',#11777,1.);
#10901=CYLINDRICAL_SURFACE('',#11783,1.);
#10902=CYLINDRICAL_SURFACE('',#11784,1.);
#10903=CYLINDRICAL_SURFACE('',#11792,1.);
#10904=CYLINDRICAL_SURFACE('',#11795,1.);
#10905=CYLINDRICAL_SURFACE('',#11813,0.6);
#10906=CYLINDRICAL_SURFACE('',#11815,0.6);
#10907=CYLINDRICAL_SURFACE('',#11835,0.6);
#10908=CYLINDRICAL_SURFACE('',#11842,0.6);
#10909=CYLINDRICAL_SURFACE('',#11851,0.6);
#10910=CYLINDRICAL_SURFACE('',#11857,0.6);
#10911=CYLINDRICAL_SURFACE('',#11887,5.00000000000405);
#10912=CYLINDRICAL_SURFACE('',#11890,4.99999999999998);
#10913=CYLINDRICAL_SURFACE('',#11893,5.);
#10914=CYLINDRICAL_SURFACE('',#11896,5.000000000004);
#10915=CYLINDRICAL_SURFACE('',#11900,17.5);
#10916=CYLINDRICAL_SURFACE('',#11904,17.5);
#10917=CYLINDRICAL_SURFACE('',#11908,3.2);
#10918=CYLINDRICAL_SURFACE('',#11912,17.5);
#10919=CYLINDRICAL_SURFACE('',#11916,17.5);
#10920=CYLINDRICAL_SURFACE('',#11919,3.2);
#10921=CYLINDRICAL_SURFACE('',#11950,17.5);
#10922=CYLINDRICAL_SURFACE('',#11953,17.5);
#10923=CYLINDRICAL_SURFACE('',#11973,3.2);
#10924=CYLINDRICAL_SURFACE('',#11982,3.2);
#10925=CYLINDRICAL_SURFACE('',#11990,6.075);
#10926=CYLINDRICAL_SURFACE('',#11994,6.075);
#10927=CYLINDRICAL_SURFACE('',#12000,5.00000000000405);
#10928=CYLINDRICAL_SURFACE('',#12002,4.99999999999998);
#10929=CYLINDRICAL_SURFACE('',#12003,5.);
#10930=CYLINDRICAL_SURFACE('',#12006,5.000000000004);
#10931=CYLINDRICAL_SURFACE('',#12008,1.);
#10932=CYLINDRICAL_SURFACE('',#12012,1.);
#10933=CYLINDRICAL_SURFACE('',#12019,1.);
#10934=CYLINDRICAL_SURFACE('',#12025,1.);
#10935=CYLINDRICAL_SURFACE('',#12026,1.);
#10936=CYLINDRICAL_SURFACE('',#12034,1.);
#10937=CYLINDRICAL_SURFACE('',#12037,1.);
#10938=CYLINDRICAL_SURFACE('',#12088,5.00000000000405);
#10939=CYLINDRICAL_SURFACE('',#12090,5.00000000000405);
#10940=CYLINDRICAL_SURFACE('',#12094,4.99999999999998);
#10941=CYLINDRICAL_SURFACE('',#12096,4.99999999999998);
#10942=CYLINDRICAL_SURFACE('',#12099,5.);
#10943=CYLINDRICAL_SURFACE('',#12104,5.000000000004);
#10944=CYLINDRICAL_SURFACE('',#12106,5.000000000004);
#10945=CYLINDRICAL_SURFACE('',#12109,5.);
#10946=CYLINDRICAL_SURFACE('',#12128,1.);
#10947=CYLINDRICAL_SURFACE('',#12132,1.);
#10948=CYLINDRICAL_SURFACE('',#12136,3.);
#10949=CYLINDRICAL_SURFACE('',#12142,3.);
#10950=CYLINDRICAL_SURFACE('',#12166,1.);
#10951=CYLINDRICAL_SURFACE('',#12170,1.);
#10952=CYLINDRICAL_SURFACE('',#12174,3.);
#10953=CYLINDRICAL_SURFACE('',#12178,3.);
#10954=CYLINDRICAL_SURFACE('',#12188,1.);
#10955=CYLINDRICAL_SURFACE('',#12192,1.);
#10956=CYLINDRICAL_SURFACE('',#12196,3.);
#10957=CYLINDRICAL_SURFACE('',#12200,3.);
#10958=CYLINDRICAL_SURFACE('',#12210,1.);
#10959=CYLINDRICAL_SURFACE('',#12214,1.);
#10960=CYLINDRICAL_SURFACE('',#12218,3.);
#10961=CYLINDRICAL_SURFACE('',#12222,3.);
#10962=CYLINDRICAL_SURFACE('',#12230,3.99999999999999);
#10963=CYLINDRICAL_SURFACE('',#12238,3.10000000000001);
#10964=CYLINDRICAL_SURFACE('',#12247,3.10000000000001);
#10965=CYLINDRICAL_SURFACE('',#12269,17.5);
#10966=CYLINDRICAL_SURFACE('',#12274,6.075);
#10967=CYLINDRICAL_SURFACE('',#12278,6.075);
#10968=CYLINDRICAL_SURFACE('',#12286,1.6);
#10969=CYLINDRICAL_SURFACE('',#12295,1.6);
#10970=CYLINDRICAL_SURFACE('',#12318,3.10000000000228);
#10971=CYLINDRICAL_SURFACE('',#12324,1.6);
#10972=CYLINDRICAL_SURFACE('',#12325,3.10000000000228);
#10973=CYLINDRICAL_SURFACE('',#12331,1.6);
#10974=CYLINDRICAL_SURFACE('',#12332,17.5);
#10975=CYLINDRICAL_SURFACE('',#12333,17.5);
#10976=CYLINDRICAL_SURFACE('',#12335,17.5);
#10977=CYLINDRICAL_SURFACE('',#12337,17.5);
#10978=CYLINDRICAL_SURFACE('',#12339,17.5);
#10979=CYLINDRICAL_SURFACE('',#12341,1.);
#10980=CYLINDRICAL_SURFACE('',#12345,1.);
#10981=CYLINDRICAL_SURFACE('',#12348,1.);
#10982=CYLINDRICAL_SURFACE('',#12355,1.);
#10983=CYLINDRICAL_SURFACE('',#12361,1.);
#10984=CYLINDRICAL_SURFACE('',#12367,1.);
#10985=CYLINDRICAL_SURFACE('',#12370,1.);
#10986=CYLINDRICAL_SURFACE('',#12407,0.6);
#10987=CYLINDRICAL_SURFACE('',#12409,0.6);
#10988=CYLINDRICAL_SURFACE('',#12416,0.6);
#10989=CYLINDRICAL_SURFACE('',#12421,0.6);
#10990=CYLINDRICAL_SURFACE('',#12427,0.6);
#10991=CYLINDRICAL_SURFACE('',#12433,0.6);
#10992=CYLINDRICAL_SURFACE('',#12448,0.6);
#10993=CYLINDRICAL_SURFACE('',#12467,5.00000000000405);
#10994=CYLINDRICAL_SURFACE('',#12469,4.99999999999998);
#10995=CYLINDRICAL_SURFACE('',#12470,5.);
#10996=CYLINDRICAL_SURFACE('',#12472,5.000000000004);
#10997=CYLINDRICAL_SURFACE('',#12476,3.2);
#10998=CYLINDRICAL_SURFACE('',#12479,17.5);
#10999=CYLINDRICAL_SURFACE('',#12489,3.2);
#11000=CYLINDRICAL_SURFACE('',#12517,6.075);
#11001=CYLINDRICAL_SURFACE('',#12521,6.075);
#11002=CYLINDRICAL_SURFACE('',#12526,3.2);
#11003=CYLINDRICAL_SURFACE('',#12535,3.2);
#11004=CYLINDRICAL_SURFACE('',#12543,17.5);
#11005=CYLINDRICAL_SURFACE('',#12546,17.5);
#11006=CYLINDRICAL_SURFACE('',#12549,17.5);
#11007=CYLINDRICAL_SURFACE('',#12552,17.5);
#11008=CYLINDRICAL_SURFACE('',#12555,17.5);
#11009=CYLINDRICAL_SURFACE('',#12579,4.);
#11010=CYLINDRICAL_SURFACE('',#12592,3.);
#11011=CYLINDRICAL_SURFACE('',#12596,3.);
#11012=CYLINDRICAL_SURFACE('',#12598,1.);
#11013=CYLINDRICAL_SURFACE('',#12600,1.);
#11014=CYLINDRICAL_SURFACE('',#12607,5.000000000004);
#11015=CYLINDRICAL_SURFACE('',#12609,5.);
#11016=CYLINDRICAL_SURFACE('',#12612,4.99999999999998);
#11017=CYLINDRICAL_SURFACE('',#12614,5.00000000000405);
#11018=CYLINDRICAL_SURFACE('',#12615,1.);
#11019=CYLINDRICAL_SURFACE('',#12619,1.);
#11020=CYLINDRICAL_SURFACE('',#12622,1.);
#11021=CYLINDRICAL_SURFACE('',#12629,1.);
#11022=CYLINDRICAL_SURFACE('',#12635,1.);
#11023=CYLINDRICAL_SURFACE('',#12641,1.);
#11024=CYLINDRICAL_SURFACE('',#12644,1.);
#11025=CYLINDRICAL_SURFACE('',#12691,5.000000000004);
#11026=CYLINDRICAL_SURFACE('',#12695,5.);
#11027=CYLINDRICAL_SURFACE('',#12697,5.);
#11028=CYLINDRICAL_SURFACE('',#12701,4.99999999999998);
#11029=CYLINDRICAL_SURFACE('',#12703,4.99999999999998);
#11030=CYLINDRICAL_SURFACE('',#12709,5.00000000000405);
#11031=CYLINDRICAL_SURFACE('',#12711,5.00000000000405);
#11032=CYLINDRICAL_SURFACE('',#12714,5.000000000004);
#11033=CYLINDRICAL_SURFACE('',#12727,6.075);
#11034=CYLINDRICAL_SURFACE('',#12731,6.075);
#11035=CYLINDRICAL_SURFACE('',#12753,17.5);
#11036=CYLINDRICAL_SURFACE('',#12756,17.5);
#11037=CYLINDRICAL_SURFACE('',#12759,17.5);
#11038=CYLINDRICAL_SURFACE('',#12762,17.5);
#11039=CYLINDRICAL_SURFACE('',#12790,17.5);
#11040=CYLINDRICAL_SURFACE('',#12792,17.5);
#11041=CYLINDRICAL_SURFACE('',#12794,1.);
#11042=CYLINDRICAL_SURFACE('',#12797,1.);
#11043=CYLINDRICAL_SURFACE('',#12799,1.);
#11044=CYLINDRICAL_SURFACE('',#12806,1.);
#11045=CYLINDRICAL_SURFACE('',#12812,1.);
#11046=CYLINDRICAL_SURFACE('',#12813,1.);
#11047=CYLINDRICAL_SURFACE('',#12819,1.);
#11048=CYLINDRICAL_SURFACE('',#12825,1.);
#11049=CYLINDRICAL_SURFACE('',#12828,1.);
#11050=CYLINDRICAL_SURFACE('',#12831,1.);
#11051=CYLINDRICAL_SURFACE('',#12842,1.);
#11052=CYLINDRICAL_SURFACE('',#12845,1.);
#11053=CYLINDRICAL_SURFACE('',#12848,1.);
#11054=CYLINDRICAL_SURFACE('',#12854,1.);
#11055=CYLINDRICAL_SURFACE('',#12860,1.);
#11056=CYLINDRICAL_SURFACE('',#12862,1.);
#11057=CYLINDRICAL_SURFACE('',#12866,1.);
#11058=CYLINDRICAL_SURFACE('',#12871,1.);
#11059=CYLINDRICAL_SURFACE('',#12890,1.);
#11060=CYLINDRICAL_SURFACE('',#12892,1.);
#11061=ADVANCED_FACE('',(#577),#10898,.T.);
#11062=ADVANCED_FACE('',(#578),#10899,.T.);
#11063=ADVANCED_FACE('',(#579),#561,.T.);
#11064=ADVANCED_FACE('',(#580),#10900,.T.);
#11065=ADVANCED_FACE('',(#581),#562,.T.);
#11066=ADVANCED_FACE('',(#582),#10901,.T.);
#11067=ADVANCED_FACE('',(#583),#10902,.T.);
#11068=ADVANCED_FACE('',(#584),#209,.T.);
#11069=ADVANCED_FACE('',(#585),#210,.T.);
#11070=ADVANCED_FACE('',(#586),#211,.T.);
#11071=ADVANCED_FACE('',(#587),#212,.F.);
#11072=ADVANCED_FACE('',(#588),#213,.F.);
#11073=ADVANCED_FACE('',(#589),#10903,.F.);
#11074=ADVANCED_FACE('',(#590),#214,.F.);
#11075=ADVANCED_FACE('',(#591),#10904,.F.);
#11076=ADVANCED_FACE('',(#592),#215,.F.);
#11077=ADVANCED_FACE('',(#593),#216,.T.);
#11078=ADVANCED_FACE('',(#594),#73,.F.);
#11079=ADVANCED_FACE('',(#595),#217,.T.);
#11080=ADVANCED_FACE('',(#596),#74,.F.);
#11081=ADVANCED_FACE('',(#597),#218,.T.);
#11082=ADVANCED_FACE('',(#598),#219,.T.);
#11083=ADVANCED_FACE('',(#599),#220,.F.);
#11084=ADVANCED_FACE('',(#600),#221,.T.);
#11085=ADVANCED_FACE('',(#601),#222,.F.);
#11086=ADVANCED_FACE('',(#602),#223,.F.);
#11087=ADVANCED_FACE('',(#603),#224,.F.);
#11088=ADVANCED_FACE('',(#604),#10905,.T.);
#11089=ADVANCED_FACE('',(#605),#10906,.T.);
#11090=ADVANCED_FACE('',(#606),#225,.T.);
#11091=ADVANCED_FACE('',(#607,#43,#44,#45,#46),#226,.T.);
#11092=ADVANCED_FACE('',(#608),#10907,.T.);
#11093=ADVANCED_FACE('',(#609),#563,.T.);
#11094=ADVANCED_FACE('',(#610),#10908,.T.);
#11095=ADVANCED_FACE('',(#611),#564,.T.);
#11096=ADVANCED_FACE('',(#612),#565,.T.);
#11097=ADVANCED_FACE('',(#613),#10909,.T.);
#11098=ADVANCED_FACE('',(#614),#566,.T.);
#11099=ADVANCED_FACE('',(#615),#10910,.T.);
#11100=ADVANCED_FACE('',(#616),#75,.F.);
#11101=ADVANCED_FACE('',(#617),#227,.T.);
#11102=ADVANCED_FACE('',(#618),#76,.T.);
#11103=ADVANCED_FACE('',(#619),#228,.T.);
#11104=ADVANCED_FACE('',(#620),#77,.T.);
#11105=ADVANCED_FACE('',(#621),#229,.T.);
#11106=ADVANCED_FACE('',(#622),#78,.F.);
#11107=ADVANCED_FACE('',(#623),#230,.T.);
#11108=ADVANCED_FACE('',(#624),#231,.T.);
#11109=ADVANCED_FACE('',(#625),#232,.T.);
#11110=ADVANCED_FACE('',(#626),#233,.T.);
#11111=ADVANCED_FACE('',(#627),#234,.T.);
#11112=ADVANCED_FACE('',(#628),#79,.F.);
#11113=ADVANCED_FACE('',(#629),#235,.T.);
#11114=ADVANCED_FACE('',(#630),#80,.T.);
#11115=ADVANCED_FACE('',(#631),#81,.T.);
#11116=ADVANCED_FACE('',(#632),#236,.T.);
#11117=ADVANCED_FACE('',(#633),#82,.F.);
#11118=ADVANCED_FACE('',(#634),#237,.F.);
#11119=ADVANCED_FACE('',(#635),#238,.T.);
#11120=ADVANCED_FACE('',(#636),#10911,.F.);
#11121=ADVANCED_FACE('',(#637),#239,.T.);
#11122=ADVANCED_FACE('',(#638),#10912,.T.);
#11123=ADVANCED_FACE('',(#639),#240,.T.);
#11124=ADVANCED_FACE('',(#640),#10913,.T.);
#11125=ADVANCED_FACE('',(#641),#241,.T.);
#11126=ADVANCED_FACE('',(#642),#10914,.F.);
#11127=ADVANCED_FACE('',(#643),#242,.T.);
#11128=ADVANCED_FACE('',(#644),#243,.T.);
#11129=ADVANCED_FACE('',(#645),#10915,.T.);
#11130=ADVANCED_FACE('',(#646),#244,.T.);
#11131=ADVANCED_FACE('',(#647),#10916,.T.);
#11132=ADVANCED_FACE('',(#648),#245,.T.);
#11133=ADVANCED_FACE('',(#649),#10917,.F.);
#11134=ADVANCED_FACE('',(#650),#246,.T.);
#11135=ADVANCED_FACE('',(#651),#10918,.F.);
#11136=ADVANCED_FACE('',(#652),#247,.T.);
#11137=ADVANCED_FACE('',(#653),#10919,.T.);
#11138=ADVANCED_FACE('',(#654),#10920,.F.);
#11139=ADVANCED_FACE('',(#655),#248,.T.);
#11140=ADVANCED_FACE('',(#656),#249,.T.);
#11141=ADVANCED_FACE('',(#657),#83,.F.);
#11142=ADVANCED_FACE('',(#658),#250,.T.);
#11143=ADVANCED_FACE('',(#659),#84,.F.);
#11144=ADVANCED_FACE('',(#660),#251,.T.);
#11145=ADVANCED_FACE('',(#661),#85,.F.);
#11146=ADVANCED_FACE('',(#662),#252,.T.);
#11147=ADVANCED_FACE('',(#663),#86,.F.);
#11148=ADVANCED_FACE('',(#664),#87,.F.);
#11149=ADVANCED_FACE('',(#665),#253,.T.);
#11150=ADVANCED_FACE('',(#666),#88,.T.);
#11151=ADVANCED_FACE('',(#667),#254,.T.);
#11152=ADVANCED_FACE('',(#668),#89,.T.);
#11153=ADVANCED_FACE('',(#669),#255,.T.);
#11154=ADVANCED_FACE('',(#670),#90,.T.);
#11155=ADVANCED_FACE('',(#671),#256,.T.);
#11156=ADVANCED_FACE('',(#672),#91,.T.);
#11157=ADVANCED_FACE('',(#673),#257,.T.);
#11158=ADVANCED_FACE('',(#674),#92,.F.);
#11159=ADVANCED_FACE('',(#675),#93,.F.);
#11160=ADVANCED_FACE('',(#676),#94,.F.);
#11161=ADVANCED_FACE('',(#677),#10921,.T.);
#11162=ADVANCED_FACE('',(#678),#258,.T.);
#11163=ADVANCED_FACE('',(#679),#10922,.F.);
#11164=ADVANCED_FACE('',(#680),#259,.T.);
#11165=ADVANCED_FACE('',(#681),#95,.F.);
#11166=ADVANCED_FACE('',(#682),#96,.F.);
#11167=ADVANCED_FACE('',(#683),#260,.T.);
#11168=ADVANCED_FACE('',(#684),#97,.T.);
#11169=ADVANCED_FACE('',(#685),#261,.T.);
#11170=ADVANCED_FACE('',(#686),#98,.T.);
#11171=ADVANCED_FACE('',(#687),#262,.T.);
#11172=ADVANCED_FACE('',(#688),#99,.T.);
#11173=ADVANCED_FACE('',(#689),#263,.T.);
#11174=ADVANCED_FACE('',(#690),#100,.T.);
#11175=ADVANCED_FACE('',(#691),#264,.T.);
#11176=ADVANCED_FACE('',(#692),#10923,.F.);
#11177=ADVANCED_FACE('',(#693),#101,.F.);
#11178=ADVANCED_FACE('',(#694),#265,.T.);
#11179=ADVANCED_FACE('',(#695),#102,.F.);
#11180=ADVANCED_FACE('',(#696),#266,.T.);
#11181=ADVANCED_FACE('',(#697),#267,.T.);
#11182=ADVANCED_FACE('',(#698),#10924,.F.);
#11183=ADVANCED_FACE('',(#699),#103,.F.);
#11184=ADVANCED_FACE('',(#700),#268,.T.);
#11185=ADVANCED_FACE('',(#701),#104,.F.);
#11186=ADVANCED_FACE('',(#702),#269,.T.);
#11187=ADVANCED_FACE('',(#703),#10925,.F.);
#11188=ADVANCED_FACE('',(#704),#105,.F.);
#11189=ADVANCED_FACE('',(#705),#10926,.F.);
#11190=ADVANCED_FACE('',(#706,#47,#48,#49,#50),#270,.F.);
#11191=ADVANCED_FACE('',(#707),#106,.F.);
#11192=ADVANCED_FACE('',(#708),#271,.T.);
#11193=ADVANCED_FACE('',(#709),#10927,.F.);
#11194=ADVANCED_FACE('',(#710),#272,.T.);
#11195=ADVANCED_FACE('',(#711),#10928,.T.);
#11196=ADVANCED_FACE('',(#712),#10929,.T.);
#11197=ADVANCED_FACE('',(#713),#273,.T.);
#11198=ADVANCED_FACE('',(#714),#274,.T.);
#11199=ADVANCED_FACE('',(#715),#10930,.F.);
#11200=ADVANCED_FACE('',(#716),#10931,.T.);
#11201=ADVANCED_FACE('',(#717),#10932,.T.);
#11202=ADVANCED_FACE('',(#718),#567,.T.);
#11203=ADVANCED_FACE('',(#719),#10933,.T.);
#11204=ADVANCED_FACE('',(#720),#568,.T.);
#11205=ADVANCED_FACE('',(#721),#10934,.T.);
#11206=ADVANCED_FACE('',(#722),#10935,.T.);
#11207=ADVANCED_FACE('',(#723),#275,.T.);
#11208=ADVANCED_FACE('',(#724),#276,.F.);
#11209=ADVANCED_FACE('',(#725),#277,.T.);
#11210=ADVANCED_FACE('',(#726),#278,.F.);
#11211=ADVANCED_FACE('',(#727),#279,.F.);
#11212=ADVANCED_FACE('',(#728),#10936,.F.);
#11213=ADVANCED_FACE('',(#729),#280,.F.);
#11214=ADVANCED_FACE('',(#730),#10937,.F.);
#11215=ADVANCED_FACE('',(#731),#281,.F.);
#11216=ADVANCED_FACE('',(#732),#282,.T.);
#11217=ADVANCED_FACE('',(#733),#107,.F.);
#11218=ADVANCED_FACE('',(#734),#283,.T.);
#11219=ADVANCED_FACE('',(#735),#108,.F.);
#11220=ADVANCED_FACE('',(#736),#284,.T.);
#11221=ADVANCED_FACE('',(#737),#285,.T.);
#11222=ADVANCED_FACE('',(#738),#286,.F.);
#11223=ADVANCED_FACE('',(#739),#287,.F.);
#11224=ADVANCED_FACE('',(#740),#288,.F.);
#11225=ADVANCED_FACE('',(#741),#289,.F.);
#11226=ADVANCED_FACE('',(#742),#290,.F.);
#11227=ADVANCED_FACE('',(#743),#291,.T.);
#11228=ADVANCED_FACE('',(#744),#292,.T.);
#11229=ADVANCED_FACE('',(#745),#293,.T.);
#11230=ADVANCED_FACE('',(#746),#294,.T.);
#11231=ADVANCED_FACE('',(#747),#295,.T.);
#11232=ADVANCED_FACE('',(#748),#296,.T.);
#11233=ADVANCED_FACE('',(#749),#109,.T.);
#11234=ADVANCED_FACE('',(#750),#110,.T.);
#11235=ADVANCED_FACE('',(#751),#297,.T.);
#11236=ADVANCED_FACE('',(#752),#298,.T.);
#11237=ADVANCED_FACE('',(#753),#111,.F.);
#11238=ADVANCED_FACE('',(#754),#112,.F.);
#11239=ADVANCED_FACE('',(#755),#113,.F.);
#11240=ADVANCED_FACE('',(#756),#114,.F.);
#11241=ADVANCED_FACE('',(#757),#299,.T.);
#11242=ADVANCED_FACE('',(#758),#300,.T.);
#11243=ADVANCED_FACE('',(#759),#115,.T.);
#11244=ADVANCED_FACE('',(#760),#116,.T.);
#11245=ADVANCED_FACE('',(#761),#301,.T.);
#11246=ADVANCED_FACE('',(#762),#302,.F.);
#11247=ADVANCED_FACE('',(#763),#303,.F.);
#11248=ADVANCED_FACE('',(#764),#304,.F.);
#11249=ADVANCED_FACE('',(#765),#305,.F.);
#11250=ADVANCED_FACE('',(#766),#10938,.T.);
#11251=ADVANCED_FACE('',(#767),#10939,.T.);
#11252=ADVANCED_FACE('',(#768),#306,.F.);
#11253=ADVANCED_FACE('',(#769),#307,.F.);
#11254=ADVANCED_FACE('',(#770),#10940,.F.);
#11255=ADVANCED_FACE('',(#771),#10941,.F.);
#11256=ADVANCED_FACE('',(#772),#308,.F.);
#11257=ADVANCED_FACE('',(#773),#10942,.F.);
#11258=ADVANCED_FACE('',(#774),#309,.F.);
#11259=ADVANCED_FACE('',(#775),#310,.F.);
#11260=ADVANCED_FACE('',(#776),#311,.F.);
#11261=ADVANCED_FACE('',(#777),#10943,.T.);
#11262=ADVANCED_FACE('',(#778),#10944,.T.);
#11263=ADVANCED_FACE('',(#779),#312,.F.);
#11264=ADVANCED_FACE('',(#780),#10945,.F.);
#11265=ADVANCED_FACE('',(#781),#313,.F.);
#11266=ADVANCED_FACE('',(#782,#51,#52,#53,#54),#314,.T.);
#11267=ADVANCED_FACE('',(#783),#315,.F.);
#11268=ADVANCED_FACE('',(#784),#316,.F.);
#11269=ADVANCED_FACE('',(#785),#317,.F.);
#11270=ADVANCED_FACE('',(#786),#10946,.T.);
#11271=ADVANCED_FACE('',(#787),#318,.F.);
#11272=ADVANCED_FACE('',(#788),#10947,.T.);
#11273=ADVANCED_FACE('',(#789),#319,.F.);
#11274=ADVANCED_FACE('',(#790),#10948,.F.);
#11275=ADVANCED_FACE('',(#791),#320,.F.);
#11276=ADVANCED_FACE('',(#792),#321,.T.);
#11277=ADVANCED_FACE('',(#793),#10949,.F.);
#11278=ADVANCED_FACE('',(#794),#322,.F.);
#11279=ADVANCED_FACE('',(#795,#55,#56,#57,#58),#323,.F.);
#11280=ADVANCED_FACE('',(#796),#324,.F.);
#11281=ADVANCED_FACE('',(#797),#325,.F.);
#11282=ADVANCED_FACE('',(#798),#326,.F.);
#11283=ADVANCED_FACE('',(#799),#327,.F.);
#11284=ADVANCED_FACE('',(#800),#328,.F.);
#11285=ADVANCED_FACE('',(#801),#329,.F.);
#11286=ADVANCED_FACE('',(#802),#10950,.T.);
#11287=ADVANCED_FACE('',(#803),#330,.F.);
#11288=ADVANCED_FACE('',(#804),#10951,.T.);
#11289=ADVANCED_FACE('',(#805),#331,.F.);
#11290=ADVANCED_FACE('',(#806),#10952,.F.);
#11291=ADVANCED_FACE('',(#807),#332,.F.);
#11292=ADVANCED_FACE('',(#808),#10953,.F.);
#11293=ADVANCED_FACE('',(#809),#333,.F.);
#11294=ADVANCED_FACE('',(#810),#334,.F.);
#11295=ADVANCED_FACE('',(#811),#335,.F.);
#11296=ADVANCED_FACE('',(#812),#336,.F.);
#11297=ADVANCED_FACE('',(#813),#337,.F.);
#11298=ADVANCED_FACE('',(#814),#338,.F.);
#11299=ADVANCED_FACE('',(#815),#339,.F.);
#11300=ADVANCED_FACE('',(#816),#10954,.T.);
#11301=ADVANCED_FACE('',(#817),#340,.F.);
#11302=ADVANCED_FACE('',(#818),#10955,.T.);
#11303=ADVANCED_FACE('',(#819),#341,.F.);
#11304=ADVANCED_FACE('',(#820),#10956,.F.);
#11305=ADVANCED_FACE('',(#821),#342,.F.);
#11306=ADVANCED_FACE('',(#822),#10957,.F.);
#11307=ADVANCED_FACE('',(#823),#343,.F.);
#11308=ADVANCED_FACE('',(#824),#344,.F.);
#11309=ADVANCED_FACE('',(#825),#345,.F.);
#11310=ADVANCED_FACE('',(#826),#346,.F.);
#11311=ADVANCED_FACE('',(#827),#347,.F.);
#11312=ADVANCED_FACE('',(#828),#348,.F.);
#11313=ADVANCED_FACE('',(#829),#349,.F.);
#11314=ADVANCED_FACE('',(#830),#10958,.T.);
#11315=ADVANCED_FACE('',(#831),#350,.F.);
#11316=ADVANCED_FACE('',(#832),#10959,.T.);
#11317=ADVANCED_FACE('',(#833),#351,.F.);
#11318=ADVANCED_FACE('',(#834),#10960,.F.);
#11319=ADVANCED_FACE('',(#835),#352,.F.);
#11320=ADVANCED_FACE('',(#836),#10961,.F.);
#11321=ADVANCED_FACE('',(#837),#353,.F.);
#11322=ADVANCED_FACE('',(#838),#354,.F.);
#11323=ADVANCED_FACE('',(#839),#355,.F.);
#11324=ADVANCED_FACE('',(#840),#356,.F.);
#11325=ADVANCED_FACE('',(#841),#357,.F.);
#11326=ADVANCED_FACE('',(#842),#10962,.F.);
#11327=ADVANCED_FACE('',(#843),#117,.F.);
#11328=ADVANCED_FACE('',(#844),#358,.T.);
#11329=ADVANCED_FACE('',(#845),#118,.F.);
#11330=ADVANCED_FACE('',(#846),#359,.T.);
#11331=ADVANCED_FACE('',(#847),#360,.F.);
#11332=ADVANCED_FACE('',(#848),#10963,.F.);
#11333=ADVANCED_FACE('',(#849),#119,.F.);
#11334=ADVANCED_FACE('',(#850),#361,.T.);
#11335=ADVANCED_FACE('',(#851),#120,.F.);
#11336=ADVANCED_FACE('',(#852),#362,.T.);
#11337=ADVANCED_FACE('',(#853),#363,.F.);
#11338=ADVANCED_FACE('',(#854),#10964,.F.);
#11339=ADVANCED_FACE('',(#855),#364,.T.);
#11340=ADVANCED_FACE('',(#856),#121,.F.);
#11341=ADVANCED_FACE('',(#857),#365,.T.);
#11342=ADVANCED_FACE('',(#858),#122,.T.);
#11343=ADVANCED_FACE('',(#859),#366,.T.);
#11344=ADVANCED_FACE('',(#860),#123,.T.);
#11345=ADVANCED_FACE('',(#861),#367,.T.);
#11346=ADVANCED_FACE('',(#862),#124,.T.);
#11347=ADVANCED_FACE('',(#863),#368,.T.);
#11348=ADVANCED_FACE('',(#864),#125,.T.);
#11349=ADVANCED_FACE('',(#865),#369,.T.);
#11350=ADVANCED_FACE('',(#866),#126,.F.);
#11351=ADVANCED_FACE('',(#867),#370,.T.);
#11352=ADVANCED_FACE('',(#868),#371,.F.);
#11353=ADVANCED_FACE('',(#869),#10965,.F.);
#11354=ADVANCED_FACE('',(#870),#372,.F.);
#11355=ADVANCED_FACE('',(#871),#127,.F.);
#11356=ADVANCED_FACE('',(#872),#10966,.F.);
#11357=ADVANCED_FACE('',(#873),#128,.F.);
#11358=ADVANCED_FACE('',(#874),#10967,.F.);
#11359=ADVANCED_FACE('',(#875),#373,.T.);
#11360=ADVANCED_FACE('',(#876),#129,.F.);
#11361=ADVANCED_FACE('',(#877),#374,.T.);
#11362=ADVANCED_FACE('',(#878),#130,.F.);
#11363=ADVANCED_FACE('',(#879),#10968,.F.);
#11364=ADVANCED_FACE('',(#880),#375,.F.);
#11365=ADVANCED_FACE('',(#881),#376,.T.);
#11366=ADVANCED_FACE('',(#882),#131,.F.);
#11367=ADVANCED_FACE('',(#883),#377,.T.);
#11368=ADVANCED_FACE('',(#884),#132,.F.);
#11369=ADVANCED_FACE('',(#885),#10969,.F.);
#11370=ADVANCED_FACE('',(#886),#378,.F.);
#11371=ADVANCED_FACE('',(#887),#379,.T.);
#11372=ADVANCED_FACE('',(#888),#133,.T.);
#11373=ADVANCED_FACE('',(#889),#380,.T.);
#11374=ADVANCED_FACE('',(#890),#134,.T.);
#11375=ADVANCED_FACE('',(#891),#381,.T.);
#11376=ADVANCED_FACE('',(#892),#135,.T.);
#11377=ADVANCED_FACE('',(#893),#382,.T.);
#11378=ADVANCED_FACE('',(#894),#136,.T.);
#11379=ADVANCED_FACE('',(#895),#383,.T.);
#11380=ADVANCED_FACE('',(#896),#137,.F.);
#11381=ADVANCED_FACE('',(#897),#384,.T.);
#11382=ADVANCED_FACE('',(#898),#385,.T.);
#11383=ADVANCED_FACE('',(#899),#138,.F.);
#11384=ADVANCED_FACE('',(#900),#139,.F.);
#11385=ADVANCED_FACE('',(#901),#140,.F.);
#11386=ADVANCED_FACE('',(#902),#10970,.F.);
#11387=ADVANCED_FACE('',(#903),#386,.F.);
#11388=ADVANCED_FACE('',(#904,#59),#387,.F.);
#11389=ADVANCED_FACE('',(#905),#388,.F.);
#11390=ADVANCED_FACE('',(#906),#10971,.F.);
#11391=ADVANCED_FACE('',(#907),#10972,.F.);
#11392=ADVANCED_FACE('',(#908),#389,.F.);
#11393=ADVANCED_FACE('',(#909,#60),#390,.F.);
#11394=ADVANCED_FACE('',(#910),#391,.F.);
#11395=ADVANCED_FACE('',(#911),#10973,.F.);
#11396=ADVANCED_FACE('',(#912),#10974,.F.);
#11397=ADVANCED_FACE('',(#913),#10975,.T.);
#11398=ADVANCED_FACE('',(#914),#392,.F.);
#11399=ADVANCED_FACE('',(#915),#10976,.T.);
#11400=ADVANCED_FACE('',(#916),#393,.F.);
#11401=ADVANCED_FACE('',(#917),#10977,.T.);
#11402=ADVANCED_FACE('',(#918),#394,.F.);
#11403=ADVANCED_FACE('',(#919),#10978,.T.);
#11404=ADVANCED_FACE('',(#920),#395,.F.);
#11405=ADVANCED_FACE('',(#921),#10979,.T.);
#11406=ADVANCED_FACE('',(#922),#10980,.T.);
#11407=ADVANCED_FACE('',(#923),#10981,.T.);
#11408=ADVANCED_FACE('',(#924),#569,.T.);
#11409=ADVANCED_FACE('',(#925),#10982,.T.);
#11410=ADVANCED_FACE('',(#926),#570,.T.);
#11411=ADVANCED_FACE('',(#927),#10983,.T.);
#11412=ADVANCED_FACE('',(#928),#396,.T.);
#11413=ADVANCED_FACE('',(#929),#397,.T.);
#11414=ADVANCED_FACE('',(#930),#398,.F.);
#11415=ADVANCED_FACE('',(#931),#399,.F.);
#11416=ADVANCED_FACE('',(#932),#400,.F.);
#11417=ADVANCED_FACE('',(#933),#10984,.F.);
#11418=ADVANCED_FACE('',(#934),#401,.F.);
#11419=ADVANCED_FACE('',(#935),#10985,.F.);
#11420=ADVANCED_FACE('',(#936),#402,.F.);
#11421=ADVANCED_FACE('',(#937),#403,.T.);
#11422=ADVANCED_FACE('',(#938),#404,.T.);
#11423=ADVANCED_FACE('',(#939),#141,.F.);
#11424=ADVANCED_FACE('',(#940),#405,.T.);
#11425=ADVANCED_FACE('',(#941),#142,.F.);
#11426=ADVANCED_FACE('',(#942),#406,.T.);
#11427=ADVANCED_FACE('',(#943),#407,.F.);
#11428=ADVANCED_FACE('',(#944),#408,.T.);
#11429=ADVANCED_FACE('',(#945),#409,.F.);
#11430=ADVANCED_FACE('',(#946),#410,.F.);
#11431=ADVANCED_FACE('',(#947),#411,.F.);
#11432=ADVANCED_FACE('',(#948,#61,#62,#63,#64),#412,.F.);
#11433=ADVANCED_FACE('',(#949),#413,.F.);
#11434=ADVANCED_FACE('',(#950),#10986,.T.);
#11435=ADVANCED_FACE('',(#951),#10987,.T.);
#11436=ADVANCED_FACE('',(#952),#571,.T.);
#11437=ADVANCED_FACE('',(#953),#10988,.T.);
#11438=ADVANCED_FACE('',(#954),#572,.T.);
#11439=ADVANCED_FACE('',(#955),#10989,.T.);
#11440=ADVANCED_FACE('',(#956),#573,.T.);
#11441=ADVANCED_FACE('',(#957),#10990,.T.);
#11442=ADVANCED_FACE('',(#958),#574,.T.);
#11443=ADVANCED_FACE('',(#959),#10991,.T.);
#11444=ADVANCED_FACE('',(#960),#414,.T.);
#11445=ADVANCED_FACE('',(#961),#415,.F.);
#11446=ADVANCED_FACE('',(#962),#143,.F.);
#11447=ADVANCED_FACE('',(#963),#416,.F.);
#11448=ADVANCED_FACE('',(#964),#144,.T.);
#11449=ADVANCED_FACE('',(#965),#145,.T.);
#11450=ADVANCED_FACE('',(#966),#417,.F.);
#11451=ADVANCED_FACE('',(#967),#146,.F.);
#11452=ADVANCED_FACE('',(#968),#418,.F.);
#11453=ADVANCED_FACE('',(#969),#10992,.T.);
#11454=ADVANCED_FACE('',(#970),#419,.F.);
#11455=ADVANCED_FACE('',(#971),#420,.F.);
#11456=ADVANCED_FACE('',(#972),#421,.F.);
#11457=ADVANCED_FACE('',(#973),#422,.F.);
#11458=ADVANCED_FACE('',(#974),#147,.F.);
#11459=ADVANCED_FACE('',(#975),#423,.F.);
#11460=ADVANCED_FACE('',(#976),#148,.T.);
#11461=ADVANCED_FACE('',(#977),#424,.F.);
#11462=ADVANCED_FACE('',(#978),#149,.T.);
#11463=ADVANCED_FACE('',(#979),#425,.F.);
#11464=ADVANCED_FACE('',(#980),#150,.F.);
#11465=ADVANCED_FACE('',(#981),#426,.T.);
#11466=ADVANCED_FACE('',(#982),#10993,.F.);
#11467=ADVANCED_FACE('',(#983),#427,.T.);
#11468=ADVANCED_FACE('',(#984),#10994,.T.);
#11469=ADVANCED_FACE('',(#985),#10995,.T.);
#11470=ADVANCED_FACE('',(#986),#428,.T.);
#11471=ADVANCED_FACE('',(#987),#10996,.F.);
#11472=ADVANCED_FACE('',(#988),#429,.T.);
#11473=ADVANCED_FACE('',(#989),#430,.T.);
#11474=ADVANCED_FACE('',(#990),#431,.F.);
#11475=ADVANCED_FACE('',(#991),#10997,.F.);
#11476=ADVANCED_FACE('',(#992),#10998,.F.);
#11477=ADVANCED_FACE('',(#993),#432,.F.);
#11478=ADVANCED_FACE('',(#994),#433,.F.);
#11479=ADVANCED_FACE('',(#995),#434,.F.);
#11480=ADVANCED_FACE('',(#996),#151,.F.);
#11481=ADVANCED_FACE('',(#997),#435,.F.);
#11482=ADVANCED_FACE('',(#998),#152,.F.);
#11483=ADVANCED_FACE('',(#999),#10999,.F.);
#11484=ADVANCED_FACE('',(#1000),#436,.F.);
#11485=ADVANCED_FACE('',(#1001),#153,.F.);
#11486=ADVANCED_FACE('',(#1002),#437,.F.);
#11487=ADVANCED_FACE('',(#1003),#154,.F.);
#11488=ADVANCED_FACE('',(#1004),#155,.F.);
#11489=ADVANCED_FACE('',(#1005),#156,.F.);
#11490=ADVANCED_FACE('',(#1006),#157,.F.);
#11491=ADVANCED_FACE('',(#1007),#438,.T.);
#11492=ADVANCED_FACE('',(#1008),#158,.T.);
#11493=ADVANCED_FACE('',(#1009),#439,.T.);
#11494=ADVANCED_FACE('',(#1010),#159,.T.);
#11495=ADVANCED_FACE('',(#1011),#440,.T.);
#11496=ADVANCED_FACE('',(#1012),#160,.T.);
#11497=ADVANCED_FACE('',(#1013),#441,.T.);
#11498=ADVANCED_FACE('',(#1014),#161,.T.);
#11499=ADVANCED_FACE('',(#1015),#442,.T.);
#11500=ADVANCED_FACE('',(#1016),#162,.F.);
#11501=ADVANCED_FACE('',(#1017),#11000,.F.);
#11502=ADVANCED_FACE('',(#1018),#163,.F.);
#11503=ADVANCED_FACE('',(#1019),#11001,.F.);
#11504=ADVANCED_FACE('',(#1020),#164,.F.);
#11505=ADVANCED_FACE('',(#1021),#443,.F.);
#11506=ADVANCED_FACE('',(#1022),#11002,.F.);
#11507=ADVANCED_FACE('',(#1023),#165,.F.);
#11508=ADVANCED_FACE('',(#1024),#444,.T.);
#11509=ADVANCED_FACE('',(#1025),#166,.F.);
#11510=ADVANCED_FACE('',(#1026),#445,.T.);
#11511=ADVANCED_FACE('',(#1027),#446,.F.);
#11512=ADVANCED_FACE('',(#1028),#11003,.F.);
#11513=ADVANCED_FACE('',(#1029),#167,.F.);
#11514=ADVANCED_FACE('',(#1030),#447,.T.);
#11515=ADVANCED_FACE('',(#1031),#168,.F.);
#11516=ADVANCED_FACE('',(#1032),#448,.T.);
#11517=ADVANCED_FACE('',(#1033),#11004,.T.);
#11518=ADVANCED_FACE('',(#1034),#449,.F.);
#11519=ADVANCED_FACE('',(#1035),#11005,.T.);
#11520=ADVANCED_FACE('',(#1036),#450,.F.);
#11521=ADVANCED_FACE('',(#1037),#11006,.T.);
#11522=ADVANCED_FACE('',(#1038),#451,.F.);
#11523=ADVANCED_FACE('',(#1039),#11007,.T.);
#11524=ADVANCED_FACE('',(#1040),#452,.F.);
#11525=ADVANCED_FACE('',(#1041),#11008,.F.);
#11526=ADVANCED_FACE('',(#1042),#453,.T.);
#11527=ADVANCED_FACE('',(#1043),#169,.F.);
#11528=ADVANCED_FACE('',(#1044),#170,.F.);
#11529=ADVANCED_FACE('',(#1045),#454,.T.);
#11530=ADVANCED_FACE('',(#1046),#171,.T.);
#11531=ADVANCED_FACE('',(#1047),#455,.T.);
#11532=ADVANCED_FACE('',(#1048),#172,.T.);
#11533=ADVANCED_FACE('',(#1049),#456,.T.);
#11534=ADVANCED_FACE('',(#1050),#173,.T.);
#11535=ADVANCED_FACE('',(#1051),#457,.T.);
#11536=ADVANCED_FACE('',(#1052),#174,.T.);
#11537=ADVANCED_FACE('',(#1053,#65,#66,#67,#68),#458,.T.);
#11538=ADVANCED_FACE('',(#1054),#11009,.F.);
#11539=ADVANCED_FACE('',(#1055),#459,.F.);
#11540=ADVANCED_FACE('',(#1056),#460,.F.);
#11541=ADVANCED_FACE('',(#1057),#461,.F.);
#11542=ADVANCED_FACE('',(#1058),#462,.F.);
#11543=ADVANCED_FACE('',(#1059),#463,.F.);
#11544=ADVANCED_FACE('',(#1060),#11010,.F.);
#11545=ADVANCED_FACE('',(#1061),#464,.F.);
#11546=ADVANCED_FACE('',(#1062),#11011,.F.);
#11547=ADVANCED_FACE('',(#1063),#465,.F.);
#11548=ADVANCED_FACE('',(#1064),#11012,.T.);
#11549=ADVANCED_FACE('',(#1065),#466,.F.);
#11550=ADVANCED_FACE('',(#1066),#11013,.T.);
#11551=ADVANCED_FACE('',(#1067),#467,.F.);
#11552=ADVANCED_FACE('',(#1068),#468,.F.);
#11553=ADVANCED_FACE('',(#1069),#469,.F.);
#11554=ADVANCED_FACE('',(#1070),#470,.T.);
#11555=ADVANCED_FACE('',(#1071),#471,.F.);
#11556=ADVANCED_FACE('',(#1072),#472,.T.);
#11557=ADVANCED_FACE('',(#1073),#11014,.F.);
#11558=ADVANCED_FACE('',(#1074),#473,.T.);
#11559=ADVANCED_FACE('',(#1075),#11015,.T.);
#11560=ADVANCED_FACE('',(#1076),#474,.T.);
#11561=ADVANCED_FACE('',(#1077),#475,.T.);
#11562=ADVANCED_FACE('',(#1078),#11016,.T.);
#11563=ADVANCED_FACE('',(#1079),#476,.T.);
#11564=ADVANCED_FACE('',(#1080),#11017,.F.);
#11565=ADVANCED_FACE('',(#1081),#11018,.T.);
#11566=ADVANCED_FACE('',(#1082),#11019,.T.);
#11567=ADVANCED_FACE('',(#1083),#11020,.T.);
#11568=ADVANCED_FACE('',(#1084),#575,.T.);
#11569=ADVANCED_FACE('',(#1085),#11021,.T.);
#11570=ADVANCED_FACE('',(#1086),#576,.T.);
#11571=ADVANCED_FACE('',(#1087),#11022,.T.);
#11572=ADVANCED_FACE('',(#1088),#477,.T.);
#11573=ADVANCED_FACE('',(#1089),#478,.F.);
#11574=ADVANCED_FACE('',(#1090),#479,.F.);
#11575=ADVANCED_FACE('',(#1091),#480,.F.);
#11576=ADVANCED_FACE('',(#1092),#481,.F.);
#11577=ADVANCED_FACE('',(#1093),#11023,.F.);
#11578=ADVANCED_FACE('',(#1094),#482,.F.);
#11579=ADVANCED_FACE('',(#1095),#11024,.F.);
#11580=ADVANCED_FACE('',(#1096),#483,.F.);
#11581=ADVANCED_FACE('',(#1097),#484,.T.);
#11582=ADVANCED_FACE('',(#1098),#175,.F.);
#11583=ADVANCED_FACE('',(#1099),#485,.T.);
#11584=ADVANCED_FACE('',(#1100),#176,.F.);
#11585=ADVANCED_FACE('',(#1101),#486,.T.);
#11586=ADVANCED_FACE('',(#1102),#487,.T.);
#11587=ADVANCED_FACE('',(#1103),#488,.F.);
#11588=ADVANCED_FACE('',(#1104),#489,.F.);
#11589=ADVANCED_FACE('',(#1105),#490,.F.);
#11590=ADVANCED_FACE('',(#1106),#491,.F.);
#11591=ADVANCED_FACE('',(#1107),#492,.F.);
#11592=ADVANCED_FACE('',(#1108),#493,.F.);
#11593=ADVANCED_FACE('',(#1109),#494,.F.);
#11594=ADVANCED_FACE('',(#1110),#495,.F.);
#11595=ADVANCED_FACE('',(#1111),#496,.F.);
#11596=ADVANCED_FACE('',(#1112),#177,.T.);
#11597=ADVANCED_FACE('',(#1113),#178,.T.);
#11598=ADVANCED_FACE('',(#1114),#497,.F.);
#11599=ADVANCED_FACE('',(#1115),#498,.F.);
#11600=ADVANCED_FACE('',(#1116),#179,.F.);
#11601=ADVANCED_FACE('',(#1117),#180,.F.);
#11602=ADVANCED_FACE('',(#1118),#181,.F.);
#11603=ADVANCED_FACE('',(#1119),#182,.F.);
#11604=ADVANCED_FACE('',(#1120),#499,.F.);
#11605=ADVANCED_FACE('',(#1121),#500,.F.);
#11606=ADVANCED_FACE('',(#1122),#183,.T.);
#11607=ADVANCED_FACE('',(#1123),#184,.T.);
#11608=ADVANCED_FACE('',(#1124),#501,.F.);
#11609=ADVANCED_FACE('',(#1125),#502,.F.);
#11610=ADVANCED_FACE('',(#1126),#503,.F.);
#11611=ADVANCED_FACE('',(#1127),#11025,.T.);
#11612=ADVANCED_FACE('',(#1128),#504,.F.);
#11613=ADVANCED_FACE('',(#1129),#505,.F.);
#11614=ADVANCED_FACE('',(#1130),#11026,.F.);
#11615=ADVANCED_FACE('',(#1131),#11027,.F.);
#11616=ADVANCED_FACE('',(#1132),#506,.F.);
#11617=ADVANCED_FACE('',(#1133),#507,.T.);
#11618=ADVANCED_FACE('',(#1134),#11028,.F.);
#11619=ADVANCED_FACE('',(#1135),#11029,.F.);
#11620=ADVANCED_FACE('',(#1136),#508,.F.);
#11621=ADVANCED_FACE('',(#1137),#509,.F.);
#11622=ADVANCED_FACE('',(#1138),#510,.F.);
#11623=ADVANCED_FACE('',(#1139),#511,.F.);
#11624=ADVANCED_FACE('',(#1140),#11030,.T.);
#11625=ADVANCED_FACE('',(#1141),#11031,.T.);
#11626=ADVANCED_FACE('',(#1142),#512,.F.);
#11627=ADVANCED_FACE('',(#1143),#11032,.T.);
#11628=ADVANCED_FACE('',(#1144,#69,#70),#513,.F.);
#11629=ADVANCED_FACE('',(#1145),#185,.F.);
#11630=ADVANCED_FACE('',(#1146),#11033,.F.);
#11631=ADVANCED_FACE('',(#1147),#186,.F.);
#11632=ADVANCED_FACE('',(#1148),#11034,.F.);
#11633=ADVANCED_FACE('',(#1149),#514,.T.);
#11634=ADVANCED_FACE('',(#1150),#187,.F.);
#11635=ADVANCED_FACE('',(#1151),#515,.T.);
#11636=ADVANCED_FACE('',(#1152),#188,.T.);
#11637=ADVANCED_FACE('',(#1153),#516,.T.);
#11638=ADVANCED_FACE('',(#1154),#189,.T.);
#11639=ADVANCED_FACE('',(#1155),#517,.T.);
#11640=ADVANCED_FACE('',(#1156),#190,.T.);
#11641=ADVANCED_FACE('',(#1157),#518,.T.);
#11642=ADVANCED_FACE('',(#1158),#191,.T.);
#11643=ADVANCED_FACE('',(#1159),#519,.T.);
#11644=ADVANCED_FACE('',(#1160),#192,.F.);
#11645=ADVANCED_FACE('',(#1161),#520,.T.);
#11646=ADVANCED_FACE('',(#1162),#521,.T.);
#11647=ADVANCED_FACE('',(#1163),#11035,.T.);
#11648=ADVANCED_FACE('',(#1164),#522,.T.);
#11649=ADVANCED_FACE('',(#1165),#11036,.T.);
#11650=ADVANCED_FACE('',(#1166),#523,.T.);
#11651=ADVANCED_FACE('',(#1167),#11037,.T.);
#11652=ADVANCED_FACE('',(#1168),#524,.T.);
#11653=ADVANCED_FACE('',(#1169),#11038,.F.);
#11654=ADVANCED_FACE('',(#1170,#71,#72),#525,.T.);
#11655=ADVANCED_FACE('',(#1171),#193,.F.);
#11656=ADVANCED_FACE('',(#1172),#194,.F.);
#11657=ADVANCED_FACE('',(#1173),#526,.T.);
#11658=ADVANCED_FACE('',(#1174),#195,.F.);
#11659=ADVANCED_FACE('',(#1175),#527,.T.);
#11660=ADVANCED_FACE('',(#1176),#196,.T.);
#11661=ADVANCED_FACE('',(#1177),#528,.T.);
#11662=ADVANCED_FACE('',(#1178),#197,.T.);
#11663=ADVANCED_FACE('',(#1179),#529,.T.);
#11664=ADVANCED_FACE('',(#1180),#198,.T.);
#11665=ADVANCED_FACE('',(#1181),#530,.T.);
#11666=ADVANCED_FACE('',(#1182),#199,.T.);
#11667=ADVANCED_FACE('',(#1183),#531,.T.);
#11668=ADVANCED_FACE('',(#1184),#200,.F.);
#11669=ADVANCED_FACE('',(#1185),#532,.T.);
#11670=ADVANCED_FACE('',(#1186),#11039,.T.);
#11671=ADVANCED_FACE('',(#1187),#533,.T.);
#11672=ADVANCED_FACE('',(#1188),#11040,.F.);
#11673=ADVANCED_FACE('',(#1189),#534,.T.);
#11674=ADVANCED_FACE('',(#1190),#11041,.T.);
#11675=ADVANCED_FACE('',(#1191),#11042,.T.);
#11676=ADVANCED_FACE('',(#1192),#11043,.T.);
#11677=ADVANCED_FACE('',(#1193),#19,.T.);
#11678=ADVANCED_FACE('',(#1194),#11044,.T.);
#11679=ADVANCED_FACE('',(#1195),#20,.T.);
#11680=ADVANCED_FACE('',(#1196),#11045,.T.);
#11681=ADVANCED_FACE('',(#1197),#11046,.T.);
#11682=ADVANCED_FACE('',(#1198),#21,.T.);
#11683=ADVANCED_FACE('',(#1199),#11047,.T.);
#11684=ADVANCED_FACE('',(#1200),#22,.T.);
#11685=ADVANCED_FACE('',(#1201),#11048,.T.);
#11686=ADVANCED_FACE('',(#1202),#535,.T.);
#11687=ADVANCED_FACE('',(#1203),#536,.T.);
#11688=ADVANCED_FACE('',(#1204),#11049,.T.);
#11689=ADVANCED_FACE('',(#1205),#537,.T.);
#11690=ADVANCED_FACE('',(#1206),#11050,.T.);
#11691=ADVANCED_FACE('',(#1207),#538,.T.);
#11692=ADVANCED_FACE('',(#1208),#201,.T.);
#11693=ADVANCED_FACE('',(#1209),#539,.T.);
#11694=ADVANCED_FACE('',(#1210),#202,.T.);
#11695=ADVANCED_FACE('',(#1211),#540,.T.);
#11696=ADVANCED_FACE('',(#1212),#541,.T.);
#11697=ADVANCED_FACE('',(#1213),#542,.T.);
#11698=ADVANCED_FACE('',(#1214),#11051,.T.);
#11699=ADVANCED_FACE('',(#1215),#11052,.T.);
#11700=ADVANCED_FACE('',(#1216),#11053,.T.);
#11701=ADVANCED_FACE('',(#1217),#23,.T.);
#11702=ADVANCED_FACE('',(#1218),#11054,.T.);
#11703=ADVANCED_FACE('',(#1219),#24,.T.);
#11704=ADVANCED_FACE('',(#1220),#11055,.T.);
#11705=ADVANCED_FACE('',(#1221),#11056,.T.);
#11706=ADVANCED_FACE('',(#1222),#25,.T.);
#11707=ADVANCED_FACE('',(#1223),#11057,.T.);
#11708=ADVANCED_FACE('',(#1224),#26,.T.);
#11709=ADVANCED_FACE('',(#1225),#11058,.T.);
#11710=ADVANCED_FACE('',(#1226),#203,.T.);
#11711=ADVANCED_FACE('',(#1227),#543,.T.);
#11712=ADVANCED_FACE('',(#1228),#204,.T.);
#11713=ADVANCED_FACE('',(#1229),#544,.T.);
#11714=ADVANCED_FACE('',(#1230),#545,.T.);
#11715=ADVANCED_FACE('',(#1231),#546,.T.);
#11716=ADVANCED_FACE('',(#1232),#547,.T.);
#11717=ADVANCED_FACE('',(#1233),#548,.T.);
#11718=ADVANCED_FACE('',(#1234),#549,.T.);
#11719=ADVANCED_FACE('',(#1235),#205,.T.);
#11720=ADVANCED_FACE('',(#1236),#550,.T.);
#11721=ADVANCED_FACE('',(#1237),#206,.T.);
#11722=ADVANCED_FACE('',(#1238),#551,.T.);
#11723=ADVANCED_FACE('',(#1239),#552,.T.);
#11724=ADVANCED_FACE('',(#1240),#11059,.T.);
#11725=ADVANCED_FACE('',(#1241),#553,.T.);
#11726=ADVANCED_FACE('',(#1242),#11060,.T.);
#11727=ADVANCED_FACE('',(#1243),#554,.T.);
#11728=ADVANCED_FACE('',(#1244),#555,.T.);
#11729=ADVANCED_FACE('',(#1245),#556,.T.);
#11730=ADVANCED_FACE('',(#1246),#207,.T.);
#11731=ADVANCED_FACE('',(#1247),#557,.T.);
#11732=ADVANCED_FACE('',(#1248),#208,.T.);
#11733=ADVANCED_FACE('',(#1249),#558,.T.);
#11734=ADVANCED_FACE('',(#1250),#559,.T.);
#11735=ADVANCED_FACE('',(#1251),#560,.F.);
#11736=CLOSED_SHELL('',(#11061,#11062,#11063,#11064,#11065,#11066,#11067,
#11068,#11069,#11070,#11071,#11072,#11073,#11074,#11075,#11076,#11077,#11078,
#11079,#11080,#11081,#11082,#11083,#11084,#11085,#11086,#11087,#11088,#11089,
#11090,#11091,#11092,#11093,#11094,#11095,#11096,#11097,#11098,#11099,#11100,
#11101,#11102,#11103,#11104,#11105,#11106,#11107,#11108,#11109,#11110,#11111,
#11112,#11113,#11114,#11115,#11116,#11117,#11118,#11119,#11120,#11121,#11122,
#11123,#11124,#11125,#11126,#11127,#11128,#11129,#11130,#11131,#11132,#11133,
#11134,#11135,#11136,#11137,#11138,#11139,#11140,#11141,#11142,#11143,#11144,
#11145,#11146,#11147,#11148,#11149,#11150,#11151,#11152,#11153,#11154,#11155,
#11156,#11157,#11158,#11159,#11160,#11161,#11162,#11163,#11164,#11165,#11166,
#11167,#11168,#11169,#11170,#11171,#11172,#11173,#11174,#11175,#11176,#11177,
#11178,#11179,#11180,#11181,#11182,#11183,#11184,#11185,#11186,#11187,#11188,
#11189,#11190,#11191,#11192,#11193,#11194,#11195,#11196,#11197,#11198,#11199));
#11737=CLOSED_SHELL('',(#11200,#11201,#11202,#11203,#11204,#11205,#11206,
#11207,#11208,#11209,#11210,#11211,#11212,#11213,#11214,#11215,#11216,#11217,
#11218,#11219,#11220,#11221,#11222,#11223,#11224,#11225,#11226,#11227,#11228,
#11229,#11230,#11231,#11232,#11233,#11234,#11235,#11236,#11237,#11238,#11239,
#11240,#11241,#11242,#11243,#11244,#11245,#11246,#11247,#11248,#11249,#11250,
#11251,#11252,#11253,#11254,#11255,#11256,#11257,#11258,#11259,#11260,#11261,
#11262,#11263,#11264,#11265,#11266,#11267,#11268,#11269,#11270,#11271,#11272,
#11273,#11274,#11275,#11276,#11277,#11278,#11279,#11280,#11281,#11282,#11283,
#11284,#11285,#11286,#11287,#11288,#11289,#11290,#11291,#11292,#11293,#11294,
#11295,#11296,#11297,#11298,#11299,#11300,#11301,#11302,#11303,#11304,#11305,
#11306,#11307,#11308,#11309,#11310,#11311,#11312,#11313,#11314,#11315,#11316,
#11317,#11318,#11319,#11320,#11321,#11322,#11323,#11324,#11325,#11326,#11327,
#11328,#11329,#11330,#11331,#11332,#11333,#11334,#11335,#11336,#11337,#11338,
#11339,#11340,#11341,#11342,#11343,#11344,#11345,#11346,#11347,#11348,#11349,
#11350,#11351,#11352,#11353,#11354,#11355,#11356,#11357,#11358,#11359,#11360,
#11361,#11362,#11363,#11364,#11365,#11366,#11367,#11368,#11369,#11370,#11371,
#11372,#11373,#11374,#11375,#11376,#11377,#11378,#11379,#11380,#11381,#11382,
#11383,#11384,#11385,#11386,#11387,#11388,#11389,#11390,#11391,#11392,#11393,
#11394,#11395,#11396,#11397,#11398,#11399,#11400,#11401,#11402,#11403,#11404));
#11738=CLOSED_SHELL('',(#11405,#11406,#11407,#11408,#11409,#11410,#11411,
#11412,#11413,#11414,#11415,#11416,#11417,#11418,#11419,#11420,#11421,#11422,
#11423,#11424,#11425,#11426,#11427,#11428,#11429,#11430,#11431,#11432,#11433,
#11434,#11435,#11436,#11437,#11438,#11439,#11440,#11441,#11442,#11443,#11444,
#11445,#11446,#11447,#11448,#11449,#11450,#11451,#11452,#11453,#11454,#11455,
#11456,#11457,#11458,#11459,#11460,#11461,#11462,#11463,#11464,#11465,#11466,
#11467,#11468,#11469,#11470,#11471,#11472,#11473,#11474,#11475,#11476,#11477,
#11478,#11479,#11480,#11481,#11482,#11483,#11484,#11485,#11486,#11487,#11488,
#11489,#11490,#11491,#11492,#11493,#11494,#11495,#11496,#11497,#11498,#11499,
#11500,#11501,#11502,#11503,#11504,#11505,#11506,#11507,#11508,#11509,#11510,
#11511,#11512,#11513,#11514,#11515,#11516,#11517,#11518,#11519,#11520,#11521,
#11522,#11523,#11524,#11525,#11526,#11527,#11528,#11529,#11530,#11531,#11532,
#11533,#11534,#11535,#11536,#11537,#11538,#11539,#11540,#11541,#11542,#11543,
#11544,#11545,#11546,#11547,#11548,#11549,#11550,#11551,#11552,#11553,#11554,
#11555,#11556,#11557,#11558,#11559,#11560,#11561,#11562,#11563,#11564));
#11739=CLOSED_SHELL('',(#11565,#11566,#11567,#11568,#11569,#11570,#11571,
#11572,#11573,#11574,#11575,#11576,#11577,#11578,#11579,#11580,#11581,#11582,
#11583,#11584,#11585,#11586,#11587,#11588,#11589,#11590,#11591,#11592,#11593,
#11594,#11595,#11596,#11597,#11598,#11599,#11600,#11601,#11602,#11603,#11604,
#11605,#11606,#11607,#11608,#11609,#11610,#11611,#11612,#11613,#11614,#11615,
#11616,#11617,#11618,#11619,#11620,#11621,#11622,#11623,#11624,#11625,#11626,
#11627,#11628,#11629,#11630,#11631,#11632,#11633,#11634,#11635,#11636,#11637,
#11638,#11639,#11640,#11641,#11642,#11643,#11644,#11645,#11646,#11647,#11648,
#11649,#11650,#11651,#11652,#11653,#11654,#11655,#11656,#11657,#11658,#11659,
#11660,#11661,#11662,#11663,#11664,#11665,#11666,#11667,#11668,#11669,#11670,
#11671,#11672,#11673));
#11740=CLOSED_SHELL('',(#11674,#11675,#11676,#11677,#11678,#11679,#11680,
#11681,#11682,#11683,#11684,#11685,#11686,#11687,#11688,#11689,#11690,#11691,
#11692,#11693,#11694,#11695,#11696,#11697,#11698,#11699,#11700,#11701,#11702,
#11703,#11704,#11705,#11706,#11707,#11708,#11709,#11710,#11711,#11712,#11713,
#11714,#11715,#11716,#11717,#11718,#11719,#11720,#11721,#11722,#11723,#11724,
#11725,#11726,#11727,#11728,#11729,#11730,#11731,#11732,#11733,#11734,#11735));
#11741=DERIVED_UNIT_ELEMENT(#11745,1.);
#11742=DERIVED_UNIT_ELEMENT(#19777,-3.);
#11743=DERIVED_UNIT_ELEMENT(#11745,1.);
#11744=DERIVED_UNIT_ELEMENT(#19777,-3.);
#11745=(
MASS_UNIT()
NAMED_UNIT(*)
SI_UNIT(.KILO.,.GRAM.)
);
#11746=DERIVED_UNIT((#11741,#11742));
#11747=DERIVED_UNIT((#11743,#11744));
#11748=MEASURE_REPRESENTATION_ITEM('density measure',
POSITIVE_RATIO_MEASURE(7850.),#11746);
#11749=MEASURE_REPRESENTATION_ITEM('density measure',
POSITIVE_RATIO_MEASURE(7850.),#11747);
#11750=PROPERTY_DEFINITION_REPRESENTATION(#11760,#11754);
#11751=PROPERTY_DEFINITION_REPRESENTATION(#11761,#11755);
#11752=PROPERTY_DEFINITION_REPRESENTATION(#11762,#11756);
#11753=PROPERTY_DEFINITION_REPRESENTATION(#11763,#11757);
#11754=REPRESENTATION('material name',(#11758),#19773);
#11755=REPRESENTATION('density',(#11748),#19773);
#11756=REPRESENTATION('material name',(#11759),#19774);
#11757=REPRESENTATION('density',(#11749),#19774);
#11758=DESCRIPTIVE_REPRESENTATION_ITEM('Steel','Steel');
#11759=DESCRIPTIVE_REPRESENTATION_ITEM('Steel','Steel');
#11760=PROPERTY_DEFINITION('material property','material name',#19793);
#11761=PROPERTY_DEFINITION('material property','density of part',#19793);
#11762=PROPERTY_DEFINITION('material property','material name',#19794);
#11763=PROPERTY_DEFINITION('material property','density of part',#19794);
#11764=AXIS2_PLACEMENT_3D('',#16409,#12906,#12907);
#11765=AXIS2_PLACEMENT_3D('',#16410,#12908,#12909);
#11766=AXIS2_PLACEMENT_3D('',#16411,#12910,#12911);
#11767=AXIS2_PLACEMENT_3D('',#16414,#12912,#12913);
#11768=AXIS2_PLACEMENT_3D('',#16418,#12915,#12916);
#11769=AXIS2_PLACEMENT_3D('',#16421,#12918,#12919);
#11770=AXIS2_PLACEMENT_3D('',#16422,#12920,#12921);
#11771=AXIS2_PLACEMENT_3D('',#16427,#12923,#12924);
#11772=AXIS2_PLACEMENT_3D('',#16430,#12926,#12927);
#11773=AXIS2_PLACEMENT_3D('',#16431,#12928,#12929);
#11774=AXIS2_PLACEMENT_3D('',#16433,#12930,#12931);
#11775=AXIS2_PLACEMENT_3D('',#16435,#12932,#12933);
#11776=AXIS2_PLACEMENT_3D('',#16436,#12934,#12935);
#11777=AXIS2_PLACEMENT_3D('',#16437,#12936,#12937);
#11778=AXIS2_PLACEMENT_3D('',#16441,#12939,#12940);
#11779=AXIS2_PLACEMENT_3D('',#16443,#12942,#12943);
#11780=AXIS2_PLACEMENT_3D('',#16445,#12944,#12945);
#11781=AXIS2_PLACEMENT_3D('',#16447,#12946,#12947);
#11782=AXIS2_PLACEMENT_3D('',#16448,#12948,#12949);
#11783=AXIS2_PLACEMENT_3D('',#16449,#12950,#12951);
#11784=AXIS2_PLACEMENT_3D('',#16452,#12954,#12955);
#11785=AXIS2_PLACEMENT_3D('',#16455,#12956,#12957);
#11786=AXIS2_PLACEMENT_3D('',#16459,#12960,#12961);
#11787=AXIS2_PLACEMENT_3D('',#16460,#12962,#12963);
#11788=AXIS2_PLACEMENT_3D('',#16466,#12967,#12968);
#11789=AXIS2_PLACEMENT_3D('',#16472,#12972,#12973);
#11790=AXIS2_PLACEMENT_3D('',#16480,#12978,#12979);
#11791=AXIS2_PLACEMENT_3D('',#16488,#12984,#12985);
#11792=AXIS2_PLACEMENT_3D('',#16492,#12988,#12989);
#11793=AXIS2_PLACEMENT_3D('',#16495,#12991,#12992);
#11794=AXIS2_PLACEMENT_3D('',#16496,#12993,#12994);
#11795=AXIS2_PLACEMENT_3D('',#16500,#12997,#12998);
#11796=AXIS2_PLACEMENT_3D('',#16503,#13000,#13001);
#11797=AXIS2_PLACEMENT_3D('',#16504,#13002,#13003);
#11798=AXIS2_PLACEMENT_3D('',#16508,#13006,#13007);
#11799=AXIS2_PLACEMENT_3D('',#16514,#13011,#13012);
#11800=AXIS2_PLACEMENT_3D('',#16517,#13014,#13015);
#11801=AXIS2_PLACEMENT_3D('',#16518,#13016,#13017);
#11802=AXIS2_PLACEMENT_3D('',#16522,#13020,#13021);
#11803=AXIS2_PLACEMENT_3D('',#16525,#13023,#13024);
#11804=AXIS2_PLACEMENT_3D('',#16526,#13025,#13026);
#11805=AXIS2_PLACEMENT_3D('',#16528,#13028,#13029);
#11806=AXIS2_PLACEMENT_3D('',#16532,#13032,#13033);
#11807=AXIS2_PLACEMENT_3D('',#16540,#13038,#13039);
#11808=AXIS2_PLACEMENT_3D('',#16546,#13043,#13044);
#11809=AXIS2_PLACEMENT_3D('',#16548,#13046,#13047);
#11810=AXIS2_PLACEMENT_3D('',#16553,#13050,#13051);
#11811=AXIS2_PLACEMENT_3D('',#16554,#13052,#13053);
#11812=AXIS2_PLACEMENT_3D('',#16557,#13055,#13056);
#11813=AXIS2_PLACEMENT_3D('',#16558,#13057,#13058);
#11814=AXIS2_PLACEMENT_3D('',#16561,#13060,#13061);
#11815=AXIS2_PLACEMENT_3D('',#16562,#13062,#13063);
#11816=AXIS2_PLACEMENT_3D('',#16566,#13065,#13066);
#11817=AXIS2_PLACEMENT_3D('',#16568,#13068,#13069);
#11818=AXIS2_PLACEMENT_3D('',#16570,#13071,#13072);
#11819=AXIS2_PLACEMENT_3D('',#16572,#13073,#13074);
#11820=AXIS2_PLACEMENT_3D('',#16576,#13076,#13077);
#11821=AXIS2_PLACEMENT_3D('',#16580,#13079,#13080);
#11822=AXIS2_PLACEMENT_3D('',#16584,#13082,#13083);
#11823=AXIS2_PLACEMENT_3D('',#16588,#13085,#13086);
#11824=AXIS2_PLACEMENT_3D('',#16592,#13088,#13089);
#11825=AXIS2_PLACEMENT_3D('',#16596,#13091,#13092);
#11826=AXIS2_PLACEMENT_3D('',#16600,#13094,#13095);
#11827=AXIS2_PLACEMENT_3D('',#16604,#13097,#13098);
#11828=AXIS2_PLACEMENT_3D('',#16607,#13100,#13101);
#11829=AXIS2_PLACEMENT_3D('',#16609,#13102,#13103);
#11830=AXIS2_PLACEMENT_3D('',#16612,#13104,#13105);
#11831=AXIS2_PLACEMENT_3D('',#16616,#13107,#13108);
#11832=AXIS2_PLACEMENT_3D('',#16620,#13110,#13111);
#11833=AXIS2_PLACEMENT_3D('',#16624,#13113,#13114);
#11834=AXIS2_PLACEMENT_3D('',#16627,#13116,#13117);
#11835=AXIS2_PLACEMENT_3D('',#16628,#13118,#13119);
#11836=AXIS2_PLACEMENT_3D('',#16631,#13120,#13121);
#11837=AXIS2_PLACEMENT_3D('',#16635,#13123,#13124);
#11838=AXIS2_PLACEMENT_3D('',#16637,#13126,#13127);
#11839=AXIS2_PLACEMENT_3D('',#16639,#13128,#13129);
#11840=AXIS2_PLACEMENT_3D('',#16641,#13130,#13131);
#11841=AXIS2_PLACEMENT_3D('',#16642,#13132,#13133);
#11842=AXIS2_PLACEMENT_3D('',#16643,#13134,#13135);
#11843=AXIS2_PLACEMENT_3D('',#16647,#13137,#13138);
#11844=AXIS2_PLACEMENT_3D('',#16649,#13140,#13141);
#11845=AXIS2_PLACEMENT_3D('',#16650,#13142,#13143);
#11846=AXIS2_PLACEMENT_3D('',#16651,#13144,#13145);
#11847=AXIS2_PLACEMENT_3D('',#16652,#13146,#13147);
#11848=AXIS2_PLACEMENT_3D('',#16654,#13148,#13149);
#11849=AXIS2_PLACEMENT_3D('',#16656,#13150,#13151);
#11850=AXIS2_PLACEMENT_3D('',#16657,#13152,#13153);
#11851=AXIS2_PLACEMENT_3D('',#16658,#13154,#13155);
#11852=AXIS2_PLACEMENT_3D('',#16662,#13157,#13158);
#11853=AXIS2_PLACEMENT_3D('',#16664,#13160,#13161);
#11854=AXIS2_PLACEMENT_3D('',#16666,#13162,#13163);
#11855=AXIS2_PLACEMENT_3D('',#16668,#13164,#13165);
#11856=AXIS2_PLACEMENT_3D('',#16669,#13166,#13167);
#11857=AXIS2_PLACEMENT_3D('',#16670,#13168,#13169);
#11858=AXIS2_PLACEMENT_3D('',#16673,#13170,#13171);
#11859=AXIS2_PLACEMENT_3D('',#16676,#13174,#13175);
#11860=AXIS2_PLACEMENT_3D('',#16680,#13177,#13178);
#11861=AXIS2_PLACEMENT_3D('',#16682,#13180,#13181);
#11862=AXIS2_PLACEMENT_3D('',#16686,#13184,#13185);
#11863=AXIS2_PLACEMENT_3D('',#16689,#13187,#13188);
#11864=AXIS2_PLACEMENT_3D('',#16690,#13189,#13190);
#11865=AXIS2_PLACEMENT_3D('',#16694,#13193,#13194);
#11866=AXIS2_PLACEMENT_3D('',#16697,#13196,#13197);
#11867=AXIS2_PLACEMENT_3D('',#16698,#13198,#13199);
#11868=AXIS2_PLACEMENT_3D('',#16702,#13202,#13203);
#11869=AXIS2_PLACEMENT_3D('',#16705,#13205,#13206);
#11870=AXIS2_PLACEMENT_3D('',#16706,#13207,#13208);
#11871=AXIS2_PLACEMENT_3D('',#16710,#13211,#13212);
#11872=AXIS2_PLACEMENT_3D('',#16714,#13215,#13216);
#11873=AXIS2_PLACEMENT_3D('',#16718,#13219,#13220);
#11874=AXIS2_PLACEMENT_3D('',#16722,#13223,#13224);
#11875=AXIS2_PLACEMENT_3D('',#16728,#13228,#13229);
#11876=AXIS2_PLACEMENT_3D('',#16730,#13230,#13231);
#11877=AXIS2_PLACEMENT_3D('',#16732,#13233,#13234);
#11878=AXIS2_PLACEMENT_3D('',#16736,#13237,#13238);
#11879=AXIS2_PLACEMENT_3D('',#16737,#13239,#13240);
#11880=AXIS2_PLACEMENT_3D('',#16738,#13241,#13242);
#11881=AXIS2_PLACEMENT_3D('',#16740,#13243,#13244);
#11882=AXIS2_PLACEMENT_3D('',#16742,#13246,#13247);
#11883=AXIS2_PLACEMENT_3D('',#16746,#13250,#13251);
#11884=AXIS2_PLACEMENT_3D('',#16747,#13252,#13253);
#11885=AXIS2_PLACEMENT_3D('',#16748,#13254,#13255);
#11886=AXIS2_PLACEMENT_3D('',#16750,#13257,#13258);
#11887=AXIS2_PLACEMENT_3D('',#16758,#13263,#13264);
#11888=AXIS2_PLACEMENT_3D('',#16761,#13266,#13267);
#11889=AXIS2_PLACEMENT_3D('',#16762,#13268,#13269);
#11890=AXIS2_PLACEMENT_3D('',#16766,#13272,#13273);
#11891=AXIS2_PLACEMENT_3D('',#16769,#13275,#13276);
#11892=AXIS2_PLACEMENT_3D('',#16770,#13277,#13278);
#11893=AXIS2_PLACEMENT_3D('',#16774,#13281,#13282);
#11894=AXIS2_PLACEMENT_3D('',#16777,#13284,#13285);
#11895=AXIS2_PLACEMENT_3D('',#16778,#13286,#13287);
#11896=AXIS2_PLACEMENT_3D('',#16782,#13290,#13291);
#11897=AXIS2_PLACEMENT_3D('',#16785,#13293,#13294);
#11898=AXIS2_PLACEMENT_3D('',#16786,#13295,#13296);
#11899=AXIS2_PLACEMENT_3D('',#16792,#13300,#13301);
#11900=AXIS2_PLACEMENT_3D('',#16801,#13306,#13307);
#11901=AXIS2_PLACEMENT_3D('',#16803,#13308,#13309);
#11902=AXIS2_PLACEMENT_3D('',#16806,#13311,#13312);
#11903=AXIS2_PLACEMENT_3D('',#16807,#13313,#13314);
#11904=AXIS2_PLACEMENT_3D('',#16813,#13318,#13319);
#11905=AXIS2_PLACEMENT_3D('',#16815,#13320,#13321);
#11906=AXIS2_PLACEMENT_3D('',#16818,#13323,#13324);
#11907=AXIS2_PLACEMENT_3D('',#16819,#13325,#13326);
#11908=AXIS2_PLACEMENT_3D('',#16825,#13330,#13331);
#11909=AXIS2_PLACEMENT_3D('',#16828,#13332,#13333);
#11910=AXIS2_PLACEMENT_3D('',#16832,#13335,#13336);
#11911=AXIS2_PLACEMENT_3D('',#16834,#13338,#13339);
#11912=AXIS2_PLACEMENT_3D('',#16840,#13343,#13344);
#11913=AXIS2_PLACEMENT_3D('',#16842,#13345,#13346);
#11914=AXIS2_PLACEMENT_3D('',#16846,#13348,#13349);
#11915=AXIS2_PLACEMENT_3D('',#16848,#13351,#13352);
#11916=AXIS2_PLACEMENT_3D('',#16854,#13356,#13357);
#11917=AXIS2_PLACEMENT_3D('',#16855,#13358,#13359);
#11918=AXIS2_PLACEMENT_3D('',#16856,#13360,#13361);
#11919=AXIS2_PLACEMENT_3D('',#16857,#13362,#13363);
#11920=AXIS2_PLACEMENT_3D('',#16860,#13364,#13365);
#11921=AXIS2_PLACEMENT_3D('',#16864,#13367,#13368);
#11922=AXIS2_PLACEMENT_3D('',#16866,#13370,#13371);
#11923=AXIS2_PLACEMENT_3D('',#16872,#13375,#13376);
#11924=AXIS2_PLACEMENT_3D('',#16877,#13380,#13381);
#11925=AXIS2_PLACEMENT_3D('',#16879,#13383,#13384);
#11926=AXIS2_PLACEMENT_3D('',#16880,#13385,#13386);
#11927=AXIS2_PLACEMENT_3D('',#16882,#13388,#13389);
#11928=AXIS2_PLACEMENT_3D('',#16883,#13390,#13391);
#11929=AXIS2_PLACEMENT_3D('',#16886,#13394,#13395);
#11930=AXIS2_PLACEMENT_3D('',#16888,#13397,#13398);
#11931=AXIS2_PLACEMENT_3D('',#16892,#13401,#13402);
#11932=AXIS2_PLACEMENT_3D('',#16893,#13403,#13404);
#11933=AXIS2_PLACEMENT_3D('',#16894,#13405,#13406);
#11934=AXIS2_PLACEMENT_3D('',#16897,#13409,#13410);
#11935=AXIS2_PLACEMENT_3D('',#16899,#13412,#13413);
#11936=AXIS2_PLACEMENT_3D('',#16901,#13415,#13416);
#11937=AXIS2_PLACEMENT_3D('',#16903,#13418,#13419);
#11938=AXIS2_PLACEMENT_3D('',#16905,#13421,#13422);
#11939=AXIS2_PLACEMENT_3D('',#16907,#13424,#13425);
#11940=AXIS2_PLACEMENT_3D('',#16909,#13427,#13428);
#11941=AXIS2_PLACEMENT_3D('',#16911,#13430,#13431);
#11942=AXIS2_PLACEMENT_3D('',#16914,#13433,#13434);
#11943=AXIS2_PLACEMENT_3D('',#16915,#13435,#13436);
#11944=AXIS2_PLACEMENT_3D('',#16919,#13439,#13440);
#11945=AXIS2_PLACEMENT_3D('',#16922,#13442,#13443);
#11946=AXIS2_PLACEMENT_3D('',#16923,#13444,#13445);
#11947=AXIS2_PLACEMENT_3D('',#16926,#13447,#13448);
#11948=AXIS2_PLACEMENT_3D('',#16927,#13449,#13450);
#11949=AXIS2_PLACEMENT_3D('',#16930,#13452,#13453);
#11950=AXIS2_PLACEMENT_3D('',#16931,#13454,#13455);
#11951=AXIS2_PLACEMENT_3D('',#16933,#13456,#13457);
#11952=AXIS2_PLACEMENT_3D('',#16935,#13459,#13460);
#11953=AXIS2_PLACEMENT_3D('',#16939,#13463,#13464);
#11954=AXIS2_PLACEMENT_3D('',#16940,#13465,#13466);
#11955=AXIS2_PLACEMENT_3D('',#16942,#13468,#13469);
#11956=AXIS2_PLACEMENT_3D('',#16948,#13473,#13474);
#11957=AXIS2_PLACEMENT_3D('',#16949,#13475,#13476);
#11958=AXIS2_PLACEMENT_3D('',#16950,#13477,#13478);
#11959=AXIS2_PLACEMENT_3D('',#16953,#13480,#13481);
#11960=AXIS2_PLACEMENT_3D('',#16954,#13482,#13483);
#11961=AXIS2_PLACEMENT_3D('',#16958,#13486,#13487);
#11962=AXIS2_PLACEMENT_3D('',#16961,#13489,#13490);
#11963=AXIS2_PLACEMENT_3D('',#16962,#13491,#13492);
#11964=AXIS2_PLACEMENT_3D('',#16966,#13495,#13496);
#11965=AXIS2_PLACEMENT_3D('',#16969,#13498,#13499);
#11966=AXIS2_PLACEMENT_3D('',#16970,#13500,#13501);
#11967=AXIS2_PLACEMENT_3D('',#16974,#13504,#13505);
#11968=AXIS2_PLACEMENT_3D('',#16977,#13507,#13508);
#11969=AXIS2_PLACEMENT_3D('',#16978,#13509,#13510);
#11970=AXIS2_PLACEMENT_3D('',#16982,#13513,#13514);
#11971=AXIS2_PLACEMENT_3D('',#16983,#13515,#13516);
#11972=AXIS2_PLACEMENT_3D('',#16984,#13517,#13518);
#11973=AXIS2_PLACEMENT_3D('',#16988,#13521,#13522);
#11974=AXIS2_PLACEMENT_3D('',#16989,#13523,#13524);
#11975=AXIS2_PLACEMENT_3D('',#16990,#13525,#13526);
#11976=AXIS2_PLACEMENT_3D('',#16994,#13528,#13529);
#11977=AXIS2_PLACEMENT_3D('',#16996,#13531,#13532);
#11978=AXIS2_PLACEMENT_3D('',#17000,#13535,#13536);
#11979=AXIS2_PLACEMENT_3D('',#17002,#13537,#13538);
#11980=AXIS2_PLACEMENT_3D('',#17004,#13540,#13541);
#11981=AXIS2_PLACEMENT_3D('',#17006,#13543,#13544);
#11982=AXIS2_PLACEMENT_3D('',#17010,#13547,#13548);
#11983=AXIS2_PLACEMENT_3D('',#17011,#13549,#13550);
#11984=AXIS2_PLACEMENT_3D('',#17012,#13551,#13552);
#11985=AXIS2_PLACEMENT_3D('',#17016,#13554,#13555);
#11986=AXIS2_PLACEMENT_3D('',#17018,#13557,#13558);
#11987=AXIS2_PLACEMENT_3D('',#17022,#13561,#13562);
#11988=AXIS2_PLACEMENT_3D('',#17024,#13563,#13564);
#11989=AXIS2_PLACEMENT_3D('',#17026,#13566,#13567);
#11990=AXIS2_PLACEMENT_3D('',#17028,#13569,#13570);
#11991=AXIS2_PLACEMENT_3D('',#17031,#13572,#13573);
#11992=AXIS2_PLACEMENT_3D('',#17032,#13574,#13575);
#11993=AXIS2_PLACEMENT_3D('',#17034,#13576,#13577);
#11994=AXIS2_PLACEMENT_3D('',#17036,#13579,#13580);
#11995=AXIS2_PLACEMENT_3D('',#17039,#13582,#13583);
#11996=AXIS2_PLACEMENT_3D('',#17040,#13584,#13585);
#11997=AXIS2_PLACEMENT_3D('',#17042,#13586,#13587);
#11998=AXIS2_PLACEMENT_3D('',#17043,#13588,#13589);
#11999=AXIS2_PLACEMENT_3D('',#17045,#13591,#13592);
#12000=AXIS2_PLACEMENT_3D('',#17047,#13594,#13595);
#12001=AXIS2_PLACEMENT_3D('',#17050,#13598,#13599);
#12002=AXIS2_PLACEMENT_3D('',#17052,#13601,#13602);
#12003=AXIS2_PLACEMENT_3D('',#17053,#13603,#13604);
#12004=AXIS2_PLACEMENT_3D('',#17055,#13606,#13607);
#12005=AXIS2_PLACEMENT_3D('',#17056,#13608,#13609);
#12006=AXIS2_PLACEMENT_3D('',#17058,#13611,#13612);
#12007=AXIS2_PLACEMENT_3D('',#17059,#13613,#13614);
#12008=AXIS2_PLACEMENT_3D('',#17060,#13615,#13616);
#12009=AXIS2_PLACEMENT_3D('',#17063,#13617,#13618);
#12010=AXIS2_PLACEMENT_3D('',#17067,#13620,#13621);
#12011=AXIS2_PLACEMENT_3D('',#17070,#13623,#13624);
#12012=AXIS2_PLACEMENT_3D('',#17071,#13625,#13626);
#12013=AXIS2_PLACEMENT_3D('',#17076,#13628,#13629);
#12014=AXIS2_PLACEMENT_3D('',#17079,#13631,#13632);
#12015=AXIS2_PLACEMENT_3D('',#17080,#13633,#13634);
#12016=AXIS2_PLACEMENT_3D('',#17082,#13635,#13636);
#12017=AXIS2_PLACEMENT_3D('',#17084,#13637,#13638);
#12018=AXIS2_PLACEMENT_3D('',#17085,#13639,#13640);
#12019=AXIS2_PLACEMENT_3D('',#17086,#13641,#13642);
#12020=AXIS2_PLACEMENT_3D('',#17090,#13644,#13645);
#12021=AXIS2_PLACEMENT_3D('',#17092,#13647,#13648);
#12022=AXIS2_PLACEMENT_3D('',#17094,#13649,#13650);
#12023=AXIS2_PLACEMENT_3D('',#17096,#13651,#13652);
#12024=AXIS2_PLACEMENT_3D('',#17097,#13653,#13654);
#12025=AXIS2_PLACEMENT_3D('',#17098,#13655,#13656);
#12026=AXIS2_PLACEMENT_3D('',#17101,#13659,#13660);
#12027=AXIS2_PLACEMENT_3D('',#17104,#13661,#13662);
#12028=AXIS2_PLACEMENT_3D('',#17108,#13665,#13666);
#12029=AXIS2_PLACEMENT_3D('',#17109,#13667,#13668);
#12030=AXIS2_PLACEMENT_3D('',#17115,#13672,#13673);
#12031=AXIS2_PLACEMENT_3D('',#17121,#13677,#13678);
#12032=AXIS2_PLACEMENT_3D('',#17129,#13683,#13684);
#12033=AXIS2_PLACEMENT_3D('',#17131,#13686,#13687);
#12034=AXIS2_PLACEMENT_3D('',#17139,#13692,#13693);
#12035=AXIS2_PLACEMENT_3D('',#17142,#13695,#13696);
#12036=AXIS2_PLACEMENT_3D('',#17143,#13697,#13698);
#12037=AXIS2_PLACEMENT_3D('',#17147,#13701,#13702);
#12038=AXIS2_PLACEMENT_3D('',#17150,#13704,#13705);
#12039=AXIS2_PLACEMENT_3D('',#17151,#13706,#13707);
#12040=AXIS2_PLACEMENT_3D('',#17161,#13713,#13714);
#12041=AXIS2_PLACEMENT_3D('',#17167,#13718,#13719);
#12042=AXIS2_PLACEMENT_3D('',#17170,#13721,#13722);
#12043=AXIS2_PLACEMENT_3D('',#17171,#13723,#13724);
#12044=AXIS2_PLACEMENT_3D('',#17175,#13727,#13728);
#12045=AXIS2_PLACEMENT_3D('',#17178,#13730,#13731);
#12046=AXIS2_PLACEMENT_3D('',#17179,#13732,#13733);
#12047=AXIS2_PLACEMENT_3D('',#17181,#13735,#13736);
#12048=AXIS2_PLACEMENT_3D('',#17185,#13739,#13740);
#12049=AXIS2_PLACEMENT_3D('',#17187,#13742,#13743);
#12050=AXIS2_PLACEMENT_3D('',#17193,#13747,#13748);
#12051=AXIS2_PLACEMENT_3D('',#17197,#13751,#13752);
#12052=AXIS2_PLACEMENT_3D('',#17201,#13755,#13756);
#12053=AXIS2_PLACEMENT_3D('',#17203,#13758,#13759);
#12054=AXIS2_PLACEMENT_3D('',#17211,#13764,#13765);
#12055=AXIS2_PLACEMENT_3D('',#17213,#13767,#13768);
#12056=AXIS2_PLACEMENT_3D('',#17222,#13773,#13774);
#12057=AXIS2_PLACEMENT_3D('',#17231,#13779,#13780);
#12058=AXIS2_PLACEMENT_3D('',#17240,#13785,#13786);
#12059=AXIS2_PLACEMENT_3D('',#17246,#13790,#13791);
#12060=AXIS2_PLACEMENT_3D('',#17250,#13793,#13794);
#12061=AXIS2_PLACEMENT_3D('',#17251,#13795,#13796);
#12062=AXIS2_PLACEMENT_3D('',#17252,#13797,#13798);
#12063=AXIS2_PLACEMENT_3D('',#17255,#13800,#13801);
#12064=AXIS2_PLACEMENT_3D('',#17256,#13802,#13803);
#12065=AXIS2_PLACEMENT_3D('',#17262,#13807,#13808);
#12066=AXIS2_PLACEMENT_3D('',#17266,#13811,#13812);
#12067=AXIS2_PLACEMENT_3D('',#17267,#13813,#13814);
#12068=AXIS2_PLACEMENT_3D('',#17268,#13815,#13816);
#12069=AXIS2_PLACEMENT_3D('',#17269,#13817,#13818);
#12070=AXIS2_PLACEMENT_3D('',#17270,#13819,#13820);
#12071=AXIS2_PLACEMENT_3D('',#17271,#13821,#13822);
#12072=AXIS2_PLACEMENT_3D('',#17275,#13824,#13825);
#12073=AXIS2_PLACEMENT_3D('',#17276,#13826,#13827);
#12074=AXIS2_PLACEMENT_3D('',#17277,#13828,#13829);
#12075=AXIS2_PLACEMENT_3D('',#17280,#13831,#13832);
#12076=AXIS2_PLACEMENT_3D('',#17281,#13833,#13834);
#12077=AXIS2_PLACEMENT_3D('',#17287,#13838,#13839);
#12078=AXIS2_PLACEMENT_3D('',#17291,#13842,#13843);
#12079=AXIS2_PLACEMENT_3D('',#17294,#13845,#13846);
#12080=AXIS2_PLACEMENT_3D('',#17295,#13847,#13848);
#12081=AXIS2_PLACEMENT_3D('',#17296,#13849,#13850);
#12082=AXIS2_PLACEMENT_3D('',#17297,#13851,#13852);
#12083=AXIS2_PLACEMENT_3D('',#17298,#13853,#13854);
#12084=AXIS2_PLACEMENT_3D('',#17307,#13860,#13861);
#12085=AXIS2_PLACEMENT_3D('',#17317,#13867,#13868);
#12086=AXIS2_PLACEMENT_3D('',#17389,#13905,#13906);
#12087=AXIS2_PLACEMENT_3D('',#17395,#13910,#13911);
#12088=AXIS2_PLACEMENT_3D('',#17401,#13915,#13916);
#12089=AXIS2_PLACEMENT_3D('',#17404,#13918,#13919);
#12090=AXIS2_PLACEMENT_3D('',#17405,#13920,#13921);
#12091=AXIS2_PLACEMENT_3D('',#17407,#13922,#13923);
#12092=AXIS2_PLACEMENT_3D('',#17409,#13925,#13926);
#12093=AXIS2_PLACEMENT_3D('',#17413,#13929,#13930);
#12094=AXIS2_PLACEMENT_3D('',#17417,#13933,#13934);
#12095=AXIS2_PLACEMENT_3D('',#17420,#13936,#13937);
#12096=AXIS2_PLACEMENT_3D('',#17421,#13938,#13939);
#12097=AXIS2_PLACEMENT_3D('',#17422,#13940,#13941);
#12098=AXIS2_PLACEMENT_3D('',#17423,#13942,#13943);
#12099=AXIS2_PLACEMENT_3D('',#17427,#13946,#13947);
#12100=AXIS2_PLACEMENT_3D('',#17430,#13949,#13950);
#12101=AXIS2_PLACEMENT_3D('',#17431,#13951,#13952);
#12102=AXIS2_PLACEMENT_3D('',#17439,#13957,#13958);
#12103=AXIS2_PLACEMENT_3D('',#17447,#13963,#13964);
#12104=AXIS2_PLACEMENT_3D('',#17451,#13967,#13968);
#12105=AXIS2_PLACEMENT_3D('',#17452,#13969,#13970);
#12106=AXIS2_PLACEMENT_3D('',#17453,#13971,#13972);
#12107=AXIS2_PLACEMENT_3D('',#17457,#13974,#13975);
#12108=AXIS2_PLACEMENT_3D('',#17459,#13977,#13978);
#12109=AXIS2_PLACEMENT_3D('',#17463,#13981,#13982);
#12110=AXIS2_PLACEMENT_3D('',#17464,#13983,#13984);
#12111=AXIS2_PLACEMENT_3D('',#17465,#13985,#13986);
#12112=AXIS2_PLACEMENT_3D('',#17467,#13988,#13989);
#12113=AXIS2_PLACEMENT_3D('',#17471,#13991,#13992);
#12114=AXIS2_PLACEMENT_3D('',#17475,#13994,#13995);
#12115=AXIS2_PLACEMENT_3D('',#17479,#13997,#13998);
#12116=AXIS2_PLACEMENT_3D('',#17483,#14000,#14001);
#12117=AXIS2_PLACEMENT_3D('',#17487,#14003,#14004);
#12118=AXIS2_PLACEMENT_3D('',#17491,#14006,#14007);
#12119=AXIS2_PLACEMENT_3D('',#17495,#14009,#14010);
#12120=AXIS2_PLACEMENT_3D('',#17499,#14012,#14013);
#12121=AXIS2_PLACEMENT_3D('',#17502,#14015,#14016);
#12122=AXIS2_PLACEMENT_3D('',#17504,#14017,#14018);
#12123=AXIS2_PLACEMENT_3D('',#17507,#14019,#14020);
#12124=AXIS2_PLACEMENT_3D('',#17511,#14022,#14023);
#12125=AXIS2_PLACEMENT_3D('',#17513,#14025,#14026);
#12126=AXIS2_PLACEMENT_3D('',#17583,#14062,#14063);
#12127=AXIS2_PLACEMENT_3D('',#17589,#14067,#14068);
#12128=AXIS2_PLACEMENT_3D('',#17595,#14072,#14073);
#12129=AXIS2_PLACEMENT_3D('',#17597,#14074,#14075);
#12130=AXIS2_PLACEMENT_3D('',#17600,#14077,#14078);
#12131=AXIS2_PLACEMENT_3D('',#17601,#14079,#14080);
#12132=AXIS2_PLACEMENT_3D('',#17604,#14083,#14084);
#12133=AXIS2_PLACEMENT_3D('',#17606,#14085,#14086);
#12134=AXIS2_PLACEMENT_3D('',#17609,#14088,#14089);
#12135=AXIS2_PLACEMENT_3D('',#17610,#14090,#14091);
#12136=AXIS2_PLACEMENT_3D('',#17613,#14094,#14095);
#12137=AXIS2_PLACEMENT_3D('',#17616,#14096,#14097);
#12138=AXIS2_PLACEMENT_3D('',#17620,#14099,#14100);
#12139=AXIS2_PLACEMENT_3D('',#17622,#14102,#14103);
#12140=AXIS2_PLACEMENT_3D('',#17627,#14107,#14108);
#12141=AXIS2_PLACEMENT_3D('',#17648,#14121,#14122);
#12142=AXIS2_PLACEMENT_3D('',#17665,#14133,#14134);
#12143=AXIS2_PLACEMENT_3D('',#17667,#14135,#14136);
#12144=AXIS2_PLACEMENT_3D('',#17669,#14137,#14138);
#12145=AXIS2_PLACEMENT_3D('',#17671,#14140,#14141);
#12146=AXIS2_PLACEMENT_3D('',#17675,#14144,#14145);
#12147=AXIS2_PLACEMENT_3D('',#17679,#14147,#14148);
#12148=AXIS2_PLACEMENT_3D('',#17683,#14150,#14151);
#12149=AXIS2_PLACEMENT_3D('',#17687,#14153,#14154);
#12150=AXIS2_PLACEMENT_3D('',#17691,#14156,#14157);
#12151=AXIS2_PLACEMENT_3D('',#17695,#14159,#14160);
#12152=AXIS2_PLACEMENT_3D('',#17699,#14162,#14163);
#12153=AXIS2_PLACEMENT_3D('',#17719,#14176,#14177);
#12154=AXIS2_PLACEMENT_3D('',#17742,#14190,#14191);
#12155=AXIS2_PLACEMENT_3D('',#17745,#14193,#14194);
#12156=AXIS2_PLACEMENT_3D('',#17747,#14195,#14196);
#12157=AXIS2_PLACEMENT_3D('',#17749,#14197,#14198);
#12158=AXIS2_PLACEMENT_3D('',#17754,#14200,#14201);
#12159=AXIS2_PLACEMENT_3D('',#17757,#14203,#14204);
#12160=AXIS2_PLACEMENT_3D('',#17758,#14205,#14206);
#12161=AXIS2_PLACEMENT_3D('',#17760,#14208,#14209);
#12162=AXIS2_PLACEMENT_3D('',#17761,#14210,#14211);
#12163=AXIS2_PLACEMENT_3D('',#17763,#14213,#14214);
#12164=AXIS2_PLACEMENT_3D('',#17764,#14215,#14216);
#12165=AXIS2_PLACEMENT_3D('',#17770,#14220,#14221);
#12166=AXIS2_PLACEMENT_3D('',#17776,#14225,#14226);
#12167=AXIS2_PLACEMENT_3D('',#17778,#14227,#14228);
#12168=AXIS2_PLACEMENT_3D('',#17781,#14230,#14231);
#12169=AXIS2_PLACEMENT_3D('',#17782,#14232,#14233);
#12170=AXIS2_PLACEMENT_3D('',#17785,#14236,#14237);
#12171=AXIS2_PLACEMENT_3D('',#17787,#14238,#14239);
#12172=AXIS2_PLACEMENT_3D('',#17790,#14241,#14242);
#12173=AXIS2_PLACEMENT_3D('',#17791,#14243,#14244);
#12174=AXIS2_PLACEMENT_3D('',#17794,#14247,#14248);
#12175=AXIS2_PLACEMENT_3D('',#17796,#14249,#14250);
#12176=AXIS2_PLACEMENT_3D('',#17799,#14252,#14253);
#12177=AXIS2_PLACEMENT_3D('',#17800,#14254,#14255);
#12178=AXIS2_PLACEMENT_3D('',#17802,#14257,#14258);
#12179=AXIS2_PLACEMENT_3D('',#17804,#14259,#14260);
#12180=AXIS2_PLACEMENT_3D('',#17806,#14261,#14262);
#12181=AXIS2_PLACEMENT_3D('',#17808,#14264,#14265);
#12182=AXIS2_PLACEMENT_3D('',#17810,#14267,#14268);
#12183=AXIS2_PLACEMENT_3D('',#17812,#14270,#14271);
#12184=AXIS2_PLACEMENT_3D('',#17813,#14272,#14273);
#12185=AXIS2_PLACEMENT_3D('',#17815,#14275,#14276);
#12186=AXIS2_PLACEMENT_3D('',#17816,#14277,#14278);
#12187=AXIS2_PLACEMENT_3D('',#17822,#14282,#14283);
#12188=AXIS2_PLACEMENT_3D('',#17828,#14287,#14288);
#12189=AXIS2_PLACEMENT_3D('',#17830,#14289,#14290);
#12190=AXIS2_PLACEMENT_3D('',#17833,#14292,#14293);
#12191=AXIS2_PLACEMENT_3D('',#17834,#14294,#14295);
#12192=AXIS2_PLACEMENT_3D('',#17837,#14298,#14299);
#12193=AXIS2_PLACEMENT_3D('',#17839,#14300,#14301);
#12194=AXIS2_PLACEMENT_3D('',#17842,#14303,#14304);
#12195=AXIS2_PLACEMENT_3D('',#17843,#14305,#14306);
#12196=AXIS2_PLACEMENT_3D('',#17846,#14309,#14310);
#12197=AXIS2_PLACEMENT_3D('',#17848,#14311,#14312);
#12198=AXIS2_PLACEMENT_3D('',#17851,#14314,#14315);
#12199=AXIS2_PLACEMENT_3D('',#17852,#14316,#14317);
#12200=AXIS2_PLACEMENT_3D('',#17854,#14319,#14320);
#12201=AXIS2_PLACEMENT_3D('',#17856,#14321,#14322);
#12202=AXIS2_PLACEMENT_3D('',#17859,#14324,#14325);
#12203=AXIS2_PLACEMENT_3D('',#17860,#14326,#14327);
#12204=AXIS2_PLACEMENT_3D('',#17862,#14329,#14330);
#12205=AXIS2_PLACEMENT_3D('',#17864,#14332,#14333);
#12206=AXIS2_PLACEMENT_3D('',#17865,#14334,#14335);
#12207=AXIS2_PLACEMENT_3D('',#17867,#14337,#14338);
#12208=AXIS2_PLACEMENT_3D('',#17868,#14339,#14340);
#12209=AXIS2_PLACEMENT_3D('',#17874,#14344,#14345);
#12210=AXIS2_PLACEMENT_3D('',#17880,#14349,#14350);
#12211=AXIS2_PLACEMENT_3D('',#17882,#14351,#14352);
#12212=AXIS2_PLACEMENT_3D('',#17885,#14354,#14355);
#12213=AXIS2_PLACEMENT_3D('',#17886,#14356,#14357);
#12214=AXIS2_PLACEMENT_3D('',#17889,#14360,#14361);
#12215=AXIS2_PLACEMENT_3D('',#17891,#14362,#14363);
#12216=AXIS2_PLACEMENT_3D('',#17894,#14365,#14366);
#12217=AXIS2_PLACEMENT_3D('',#17895,#14367,#14368);
#12218=AXIS2_PLACEMENT_3D('',#17898,#14371,#14372);
#12219=AXIS2_PLACEMENT_3D('',#17900,#14373,#14374);
#12220=AXIS2_PLACEMENT_3D('',#17903,#14376,#14377);
#12221=AXIS2_PLACEMENT_3D('',#17904,#14378,#14379);
#12222=AXIS2_PLACEMENT_3D('',#17906,#14381,#14382);
#12223=AXIS2_PLACEMENT_3D('',#17908,#14383,#14384);
#12224=AXIS2_PLACEMENT_3D('',#17911,#14386,#14387);
#12225=AXIS2_PLACEMENT_3D('',#17912,#14388,#14389);
#12226=AXIS2_PLACEMENT_3D('',#17914,#14391,#14392);
#12227=AXIS2_PLACEMENT_3D('',#17916,#14394,#14395);
#12228=AXIS2_PLACEMENT_3D('',#17917,#14396,#14397);
#12229=AXIS2_PLACEMENT_3D('',#17919,#14399,#14400);
#12230=AXIS2_PLACEMENT_3D('',#17920,#14401,#14402);
#12231=AXIS2_PLACEMENT_3D('',#17921,#14403,#14404);
#12232=AXIS2_PLACEMENT_3D('',#17926,#14407,#14408);
#12233=AXIS2_PLACEMENT_3D('',#17927,#14409,#14410);
#12234=AXIS2_PLACEMENT_3D('',#17931,#14413,#14414);
#12235=AXIS2_PLACEMENT_3D('',#17934,#14416,#14417);
#12236=AXIS2_PLACEMENT_3D('',#17935,#14418,#14419);
#12237=AXIS2_PLACEMENT_3D('',#17937,#14421,#14422);
#12238=AXIS2_PLACEMENT_3D('',#17943,#14426,#14427);
#12239=AXIS2_PLACEMENT_3D('',#17946,#14429,#14430);
#12240=AXIS2_PLACEMENT_3D('',#17947,#14431,#14432);
#12241=AXIS2_PLACEMENT_3D('',#17952,#14435,#14436);
#12242=AXIS2_PLACEMENT_3D('',#17953,#14437,#14438);
#12243=AXIS2_PLACEMENT_3D('',#17957,#14441,#14442);
#12244=AXIS2_PLACEMENT_3D('',#17960,#14444,#14445);
#12245=AXIS2_PLACEMENT_3D('',#17961,#14446,#14447);
#12246=AXIS2_PLACEMENT_3D('',#17963,#14449,#14450);
#12247=AXIS2_PLACEMENT_3D('',#17969,#14454,#14455);
#12248=AXIS2_PLACEMENT_3D('',#17972,#14457,#14458);
#12249=AXIS2_PLACEMENT_3D('',#17973,#14459,#14460);
#12250=AXIS2_PLACEMENT_3D('',#17977,#14463,#14464);
#12251=AXIS2_PLACEMENT_3D('',#17980,#14466,#14467);
#12252=AXIS2_PLACEMENT_3D('',#17981,#14468,#14469);
#12253=AXIS2_PLACEMENT_3D('',#17985,#14472,#14473);
#12254=AXIS2_PLACEMENT_3D('',#17988,#14475,#14476);
#12255=AXIS2_PLACEMENT_3D('',#17989,#14477,#14478);
#12256=AXIS2_PLACEMENT_3D('',#17993,#14481,#14482);
#12257=AXIS2_PLACEMENT_3D('',#17996,#14484,#14485);
#12258=AXIS2_PLACEMENT_3D('',#17997,#14486,#14487);
#12259=AXIS2_PLACEMENT_3D('',#18001,#14490,#14491);
#12260=AXIS2_PLACEMENT_3D('',#18004,#14493,#14494);
#12261=AXIS2_PLACEMENT_3D('',#18005,#14495,#14496);
#12262=AXIS2_PLACEMENT_3D('',#18009,#14499,#14500);
#12263=AXIS2_PLACEMENT_3D('',#18012,#14502,#14503);
#12264=AXIS2_PLACEMENT_3D('',#18013,#14504,#14505);
#12265=AXIS2_PLACEMENT_3D('',#18017,#14508,#14509);
#12266=AXIS2_PLACEMENT_3D('',#18019,#14511,#14512);
#12267=AXIS2_PLACEMENT_3D('',#18020,#14513,#14514);
#12268=AXIS2_PLACEMENT_3D('',#18021,#14515,#14516);
#12269=AXIS2_PLACEMENT_3D('',#18027,#14520,#14521);
#12270=AXIS2_PLACEMENT_3D('',#18030,#14523,#14524);
#12271=AXIS2_PLACEMENT_3D('',#18031,#14525,#14526);
#12272=AXIS2_PLACEMENT_3D('',#18033,#14528,#14529);
#12273=AXIS2_PLACEMENT_3D('',#18035,#14530,#14531);
#12274=AXIS2_PLACEMENT_3D('',#18037,#14533,#14534);
#12275=AXIS2_PLACEMENT_3D('',#18039,#14535,#14536);
#12276=AXIS2_PLACEMENT_3D('',#18041,#14538,#14539);
#12277=AXIS2_PLACEMENT_3D('',#18043,#14540,#14541);
#12278=AXIS2_PLACEMENT_3D('',#18045,#14543,#14544);
#12279=AXIS2_PLACEMENT_3D('',#18047,#14545,#14546);
#12280=AXIS2_PLACEMENT_3D('',#18049,#14548,#14549);
#12281=AXIS2_PLACEMENT_3D('',#18055,#14553,#14554);
#12282=AXIS2_PLACEMENT_3D('',#18058,#14556,#14557);
#12283=AXIS2_PLACEMENT_3D('',#18059,#14558,#14559);
#12284=AXIS2_PLACEMENT_3D('',#18063,#14562,#14563);
#12285=AXIS2_PLACEMENT_3D('',#18064,#14564,#14565);
#12286=AXIS2_PLACEMENT_3D('',#18065,#14566,#14567);
#12287=AXIS2_PLACEMENT_3D('',#18069,#14569,#14570);
#12288=AXIS2_PLACEMENT_3D('',#18071,#14572,#14573);
#12289=AXIS2_PLACEMENT_3D('',#18075,#14576,#14577);
#12290=AXIS2_PLACEMENT_3D('',#18081,#14581,#14582);
#12291=AXIS2_PLACEMENT_3D('',#18084,#14584,#14585);
#12292=AXIS2_PLACEMENT_3D('',#18085,#14586,#14587);
#12293=AXIS2_PLACEMENT_3D('',#18089,#14590,#14591);
#12294=AXIS2_PLACEMENT_3D('',#18090,#14592,#14593);
#12295=AXIS2_PLACEMENT_3D('',#18091,#14594,#14595);
#12296=AXIS2_PLACEMENT_3D('',#18095,#14597,#14598);
#12297=AXIS2_PLACEMENT_3D('',#18097,#14600,#14601);
#12298=AXIS2_PLACEMENT_3D('',#18101,#14604,#14605);
#12299=AXIS2_PLACEMENT_3D('',#18104,#14608,#14609);
#12300=AXIS2_PLACEMENT_3D('',#18107,#14611,#14612);
#12301=AXIS2_PLACEMENT_3D('',#18108,#14613,#14614);
#12302=AXIS2_PLACEMENT_3D('',#18112,#14617,#14618);
#12303=AXIS2_PLACEMENT_3D('',#18115,#14620,#14621);
#12304=AXIS2_PLACEMENT_3D('',#18116,#14622,#14623);
#12305=AXIS2_PLACEMENT_3D('',#18120,#14626,#14627);
#12306=AXIS2_PLACEMENT_3D('',#18123,#14629,#14630);
#12307=AXIS2_PLACEMENT_3D('',#18124,#14631,#14632);
#12308=AXIS2_PLACEMENT_3D('',#18128,#14635,#14636);
#12309=AXIS2_PLACEMENT_3D('',#18131,#14638,#14639);
#12310=AXIS2_PLACEMENT_3D('',#18132,#14640,#14641);
#12311=AXIS2_PLACEMENT_3D('',#18136,#14644,#14645);
#12312=AXIS2_PLACEMENT_3D('',#18138,#14647,#14648);
#12313=AXIS2_PLACEMENT_3D('',#18139,#14649,#14650);
#12314=AXIS2_PLACEMENT_3D('',#18140,#14651,#14652);
#12315=AXIS2_PLACEMENT_3D('',#18142,#14654,#14655);
#12316=AXIS2_PLACEMENT_3D('',#18143,#14656,#14657);
#12317=AXIS2_PLACEMENT_3D('',#18145,#14659,#14660);
#12318=AXIS2_PLACEMENT_3D('',#18147,#14662,#14663);
#12319=AXIS2_PLACEMENT_3D('',#18149,#14664,#14665);
#12320=AXIS2_PLACEMENT_3D('',#18151,#14667,#14668);
#12321=AXIS2_PLACEMENT_3D('',#18153,#14670,#14671);
#12322=AXIS2_PLACEMENT_3D('',#18155,#14672,#14673);
#12323=AXIS2_PLACEMENT_3D('',#18157,#14675,#14676);
#12324=AXIS2_PLACEMENT_3D('',#18159,#14678,#14679);
#12325=AXIS2_PLACEMENT_3D('',#18160,#14680,#14681);
#12326=AXIS2_PLACEMENT_3D('',#18162,#14682,#14683);
#12327=AXIS2_PLACEMENT_3D('',#18164,#14685,#14686);
#12328=AXIS2_PLACEMENT_3D('',#18166,#14688,#14689);
#12329=AXIS2_PLACEMENT_3D('',#18168,#14690,#14691);
#12330=AXIS2_PLACEMENT_3D('',#18170,#14693,#14694);
#12331=AXIS2_PLACEMENT_3D('',#18172,#14696,#14697);
#12332=AXIS2_PLACEMENT_3D('',#18173,#14698,#14699);
#12333=AXIS2_PLACEMENT_3D('',#18175,#14701,#14702);
#12334=AXIS2_PLACEMENT_3D('',#18178,#14705,#14706);
#12335=AXIS2_PLACEMENT_3D('',#18179,#14707,#14708);
#12336=AXIS2_PLACEMENT_3D('',#18181,#14710,#14711);
#12337=AXIS2_PLACEMENT_3D('',#18183,#14713,#14714);
#12338=AXIS2_PLACEMENT_3D('',#18186,#14717,#14718);
#12339=AXIS2_PLACEMENT_3D('',#18187,#14719,#14720);
#12340=AXIS2_PLACEMENT_3D('',#18189,#14722,#14723);
#12341=AXIS2_PLACEMENT_3D('',#18190,#14724,#14725);
#12342=AXIS2_PLACEMENT_3D('',#18193,#14726,#14727);
#12343=AXIS2_PLACEMENT_3D('',#18197,#14729,#14730);
#12344=AXIS2_PLACEMENT_3D('',#18200,#14732,#14733);
#12345=AXIS2_PLACEMENT_3D('',#18201,#14734,#14735);
#12346=AXIS2_PLACEMENT_3D('',#18206,#14737,#14738);
#12347=AXIS2_PLACEMENT_3D('',#18209,#14740,#14741);
#12348=AXIS2_PLACEMENT_3D('',#18210,#14742,#14743);
#12349=AXIS2_PLACEMENT_3D('',#18213,#14744,#14745);
#12350=AXIS2_PLACEMENT_3D('',#18217,#14748,#14749);
#12351=AXIS2_PLACEMENT_3D('',#18218,#14750,#14751);
#12352=AXIS2_PLACEMENT_3D('',#18220,#14752,#14753);
#12353=AXIS2_PLACEMENT_3D('',#18222,#14754,#14755);
#12354=AXIS2_PLACEMENT_3D('',#18223,#14756,#14757);
#12355=AXIS2_PLACEMENT_3D('',#18224,#14758,#14759);
#12356=AXIS2_PLACEMENT_3D('',#18228,#14761,#14762);
#12357=AXIS2_PLACEMENT_3D('',#18230,#14764,#14765);
#12358=AXIS2_PLACEMENT_3D('',#18232,#14766,#14767);
#12359=AXIS2_PLACEMENT_3D('',#18234,#14768,#14769);
#12360=AXIS2_PLACEMENT_3D('',#18235,#14770,#14771);
#12361=AXIS2_PLACEMENT_3D('',#18236,#14772,#14773);
#12362=AXIS2_PLACEMENT_3D('',#18239,#14776,#14777);
#12363=AXIS2_PLACEMENT_3D('',#18245,#14781,#14782);
#12364=AXIS2_PLACEMENT_3D('',#18251,#14786,#14787);
#12365=AXIS2_PLACEMENT_3D('',#18259,#14792,#14793);
#12366=AXIS2_PLACEMENT_3D('',#18267,#14798,#14799);
#12367=AXIS2_PLACEMENT_3D('',#18271,#14802,#14803);
#12368=AXIS2_PLACEMENT_3D('',#18274,#14805,#14806);
#12369=AXIS2_PLACEMENT_3D('',#18275,#14807,#14808);
#12370=AXIS2_PLACEMENT_3D('',#18279,#14811,#14812);
#12371=AXIS2_PLACEMENT_3D('',#18282,#14814,#14815);
#12372=AXIS2_PLACEMENT_3D('',#18283,#14816,#14817);
#12373=AXIS2_PLACEMENT_3D('',#18287,#14820,#14821);
#12374=AXIS2_PLACEMENT_3D('',#18293,#14825,#14826);
#12375=AXIS2_PLACEMENT_3D('',#18297,#14829,#14830);
#12376=AXIS2_PLACEMENT_3D('',#18300,#14832,#14833);
#12377=AXIS2_PLACEMENT_3D('',#18301,#14834,#14835);
#12378=AXIS2_PLACEMENT_3D('',#18305,#14838,#14839);
#12379=AXIS2_PLACEMENT_3D('',#18308,#14841,#14842);
#12380=AXIS2_PLACEMENT_3D('',#18309,#14843,#14844);
#12381=AXIS2_PLACEMENT_3D('',#18311,#14846,#14847);
#12382=AXIS2_PLACEMENT_3D('',#18319,#14852,#14853);
#12383=AXIS2_PLACEMENT_3D('',#18325,#14857,#14858);
#12384=AXIS2_PLACEMENT_3D('',#18329,#14860,#14861);
#12385=AXIS2_PLACEMENT_3D('',#18331,#14863,#14864);
#12386=AXIS2_PLACEMENT_3D('',#18334,#14866,#14867);
#12387=AXIS2_PLACEMENT_3D('',#18335,#14868,#14869);
#12388=AXIS2_PLACEMENT_3D('',#18337,#14871,#14872);
#12389=AXIS2_PLACEMENT_3D('',#18339,#14873,#14874);
#12390=AXIS2_PLACEMENT_3D('',#18343,#14876,#14877);
#12391=AXIS2_PLACEMENT_3D('',#18357,#14884,#14885);
#12392=AXIS2_PLACEMENT_3D('',#18371,#14892,#14893);
#12393=AXIS2_PLACEMENT_3D('',#18375,#14895,#14896);
#12394=AXIS2_PLACEMENT_3D('',#18379,#14898,#14899);
#12395=AXIS2_PLACEMENT_3D('',#18383,#14901,#14902);
#12396=AXIS2_PLACEMENT_3D('',#18387,#14904,#14905);
#12397=AXIS2_PLACEMENT_3D('',#18391,#14907,#14908);
#12398=AXIS2_PLACEMENT_3D('',#18395,#14910,#14911);
#12399=AXIS2_PLACEMENT_3D('',#18398,#14913,#14914);
#12400=AXIS2_PLACEMENT_3D('',#18400,#14915,#14916);
#12401=AXIS2_PLACEMENT_3D('',#18403,#14917,#14918);
#12402=AXIS2_PLACEMENT_3D('',#18407,#14920,#14921);
#12403=AXIS2_PLACEMENT_3D('',#18411,#14923,#14924);
#12404=AXIS2_PLACEMENT_3D('',#18415,#14926,#14927);
#12405=AXIS2_PLACEMENT_3D('',#18418,#14929,#14930);
#12406=AXIS2_PLACEMENT_3D('',#18419,#14931,#14932);
#12407=AXIS2_PLACEMENT_3D('',#18423,#14935,#14936);
#12408=AXIS2_PLACEMENT_3D('',#18426,#14938,#14939);
#12409=AXIS2_PLACEMENT_3D('',#18427,#14940,#14941);
#12410=AXIS2_PLACEMENT_3D('',#18430,#14942,#14943);
#12411=AXIS2_PLACEMENT_3D('',#18434,#14945,#14946);
#12412=AXIS2_PLACEMENT_3D('',#18436,#14948,#14949);
#12413=AXIS2_PLACEMENT_3D('',#18438,#14950,#14951);
#12414=AXIS2_PLACEMENT_3D('',#18440,#14952,#14953);
#12415=AXIS2_PLACEMENT_3D('',#18441,#14954,#14955);
#12416=AXIS2_PLACEMENT_3D('',#18442,#14956,#14957);
#12417=AXIS2_PLACEMENT_3D('',#18446,#14959,#14960);
#12418=AXIS2_PLACEMENT_3D('',#18448,#14962,#14963);
#12419=AXIS2_PLACEMENT_3D('',#18449,#14964,#14965);
#12420=AXIS2_PLACEMENT_3D('',#18450,#14966,#14967);
#12421=AXIS2_PLACEMENT_3D('',#18451,#14968,#14969);
#12422=AXIS2_PLACEMENT_3D('',#18453,#14970,#14971);
#12423=AXIS2_PLACEMENT_3D('',#18455,#14973,#14974);
#12424=AXIS2_PLACEMENT_3D('',#18457,#14975,#14976);
#12425=AXIS2_PLACEMENT_3D('',#18459,#14977,#14978);
#12426=AXIS2_PLACEMENT_3D('',#18460,#14979,#14980);
#12427=AXIS2_PLACEMENT_3D('',#18461,#14981,#14982);
#12428=AXIS2_PLACEMENT_3D('',#18465,#14984,#14985);
#12429=AXIS2_PLACEMENT_3D('',#18467,#14987,#14988);
#12430=AXIS2_PLACEMENT_3D('',#18469,#14989,#14990);
#12431=AXIS2_PLACEMENT_3D('',#18471,#14991,#14992);
#12432=AXIS2_PLACEMENT_3D('',#18472,#14993,#14994);
#12433=AXIS2_PLACEMENT_3D('',#18473,#14995,#14996);
#12434=AXIS2_PLACEMENT_3D('',#18476,#14997,#14998);
#12435=AXIS2_PLACEMENT_3D('',#18479,#15001,#15002);
#12436=AXIS2_PLACEMENT_3D('',#18485,#15006,#15007);
#12437=AXIS2_PLACEMENT_3D('',#18489,#15010,#15011);
#12438=AXIS2_PLACEMENT_3D('',#18492,#15013,#15014);
#12439=AXIS2_PLACEMENT_3D('',#18493,#15015,#15016);
#12440=AXIS2_PLACEMENT_3D('',#18497,#15019,#15020);
#12441=AXIS2_PLACEMENT_3D('',#18498,#15021,#15022);
#12442=AXIS2_PLACEMENT_3D('',#18499,#15023,#15024);
#12443=AXIS2_PLACEMENT_3D('',#18502,#15026,#15027);
#12444=AXIS2_PLACEMENT_3D('',#18503,#15028,#15029);
#12445=AXIS2_PLACEMENT_3D('',#18507,#15032,#15033);
#12446=AXIS2_PLACEMENT_3D('',#18510,#15035,#15036);
#12447=AXIS2_PLACEMENT_3D('',#18511,#15037,#15038);
#12448=AXIS2_PLACEMENT_3D('',#18515,#15041,#15042);
#12449=AXIS2_PLACEMENT_3D('',#18518,#15043,#15044);
#12450=AXIS2_PLACEMENT_3D('',#18522,#15046,#15047);
#12451=AXIS2_PLACEMENT_3D('',#18524,#15049,#15050);
#12452=AXIS2_PLACEMENT_3D('',#18530,#15054,#15055);
#12453=AXIS2_PLACEMENT_3D('',#18539,#15061,#15062);
#12454=AXIS2_PLACEMENT_3D('',#18543,#15065,#15066);
#12455=AXIS2_PLACEMENT_3D('',#18547,#15069,#15070);
#12456=AXIS2_PLACEMENT_3D('',#18549,#15071,#15072);
#12457=AXIS2_PLACEMENT_3D('',#18551,#15074,#15075);
#12458=AXIS2_PLACEMENT_3D('',#18555,#15078,#15079);
#12459=AXIS2_PLACEMENT_3D('',#18557,#15080,#15081);
#12460=AXIS2_PLACEMENT_3D('',#18559,#15083,#15084);
#12461=AXIS2_PLACEMENT_3D('',#18563,#15087,#15088);
#12462=AXIS2_PLACEMENT_3D('',#18565,#15089,#15090);
#12463=AXIS2_PLACEMENT_3D('',#18567,#15092,#15093);
#12464=AXIS2_PLACEMENT_3D('',#18571,#15096,#15097);
#12465=AXIS2_PLACEMENT_3D('',#18572,#15098,#15099);
#12466=AXIS2_PLACEMENT_3D('',#18573,#15100,#15101);
#12467=AXIS2_PLACEMENT_3D('',#18578,#15105,#15106);
#12468=AXIS2_PLACEMENT_3D('',#18580,#15108,#15109);
#12469=AXIS2_PLACEMENT_3D('',#18582,#15111,#15112);
#12470=AXIS2_PLACEMENT_3D('',#18583,#15113,#15114);
#12471=AXIS2_PLACEMENT_3D('',#18585,#15116,#15117);
#12472=AXIS2_PLACEMENT_3D('',#18587,#15119,#15120);
#12473=AXIS2_PLACEMENT_3D('',#18589,#15122,#15123);
#12474=AXIS2_PLACEMENT_3D('',#18591,#15125,#15126);
#12475=AXIS2_PLACEMENT_3D('',#18596,#15130,#15131);
#12476=AXIS2_PLACEMENT_3D('',#18605,#15136,#15137);
#12477=AXIS2_PLACEMENT_3D('',#18608,#15138,#15139);
#12478=AXIS2_PLACEMENT_3D('',#18612,#15141,#15142);
#12479=AXIS2_PLACEMENT_3D('',#18614,#15144,#15145);
#12480=AXIS2_PLACEMENT_3D('',#18617,#15146,#15147);
#12481=AXIS2_PLACEMENT_3D('',#18620,#15149,#15150);
#12482=AXIS2_PLACEMENT_3D('',#18622,#15152,#15153);
#12483=AXIS2_PLACEMENT_3D('',#18628,#15157,#15158);
#12484=AXIS2_PLACEMENT_3D('',#18634,#15162,#15163);
#12485=AXIS2_PLACEMENT_3D('',#18639,#15167,#15168);
#12486=AXIS2_PLACEMENT_3D('',#18641,#15170,#15171);
#12487=AXIS2_PLACEMENT_3D('',#18643,#15173,#15174);
#12488=AXIS2_PLACEMENT_3D('',#18644,#15175,#15176);
#12489=AXIS2_PLACEMENT_3D('',#18645,#15177,#15178);
#12490=AXIS2_PLACEMENT_3D('',#18647,#15179,#15180);
#12491=AXIS2_PLACEMENT_3D('',#18649,#15181,#15182);
#12492=AXIS2_PLACEMENT_3D('',#18651,#15184,#15185);
#12493=AXIS2_PLACEMENT_3D('',#18654,#15188,#15189);
#12494=AXIS2_PLACEMENT_3D('',#18656,#15190,#15191);
#12495=AXIS2_PLACEMENT_3D('',#18658,#15193,#15194);
#12496=AXIS2_PLACEMENT_3D('',#18661,#15197,#15198);
#12497=AXIS2_PLACEMENT_3D('',#18662,#15199,#15200);
#12498=AXIS2_PLACEMENT_3D('',#18664,#15201,#15202);
#12499=AXIS2_PLACEMENT_3D('',#18666,#15204,#15205);
#12500=AXIS2_PLACEMENT_3D('',#18668,#15206,#15207);
#12501=AXIS2_PLACEMENT_3D('',#18670,#15209,#15210);
#12502=AXIS2_PLACEMENT_3D('',#18673,#15212,#15213);
#12503=AXIS2_PLACEMENT_3D('',#18674,#15214,#15215);
#12504=AXIS2_PLACEMENT_3D('',#18678,#15218,#15219);
#12505=AXIS2_PLACEMENT_3D('',#18681,#15221,#15222);
#12506=AXIS2_PLACEMENT_3D('',#18682,#15223,#15224);
#12507=AXIS2_PLACEMENT_3D('',#18686,#15227,#15228);
#12508=AXIS2_PLACEMENT_3D('',#18688,#15229,#15230);
#12509=AXIS2_PLACEMENT_3D('',#18690,#15232,#15233);
#12510=AXIS2_PLACEMENT_3D('',#18694,#15236,#15237);
#12511=AXIS2_PLACEMENT_3D('',#18696,#15238,#15239);
#12512=AXIS2_PLACEMENT_3D('',#18698,#15241,#15242);
#12513=AXIS2_PLACEMENT_3D('',#18702,#15245,#15246);
#12514=AXIS2_PLACEMENT_3D('',#18704,#15248,#15249);
#12515=AXIS2_PLACEMENT_3D('',#18705,#15250,#15251);
#12516=AXIS2_PLACEMENT_3D('',#18707,#15253,#15254);
#12517=AXIS2_PLACEMENT_3D('',#18708,#15255,#15256);
#12518=AXIS2_PLACEMENT_3D('',#18711,#15258,#15259);
#12519=AXIS2_PLACEMENT_3D('',#18712,#15260,#15261);
#12520=AXIS2_PLACEMENT_3D('',#18715,#15263,#15264);
#12521=AXIS2_PLACEMENT_3D('',#18716,#15265,#15266);
#12522=AXIS2_PLACEMENT_3D('',#18719,#15268,#15269);
#12523=AXIS2_PLACEMENT_3D('',#18720,#15270,#15271);
#12524=AXIS2_PLACEMENT_3D('',#18723,#15273,#15274);
#12525=AXIS2_PLACEMENT_3D('',#18724,#15275,#15276);
#12526=AXIS2_PLACEMENT_3D('',#18728,#15279,#15280);
#12527=AXIS2_PLACEMENT_3D('',#18729,#15281,#15282);
#12528=AXIS2_PLACEMENT_3D('',#18730,#15283,#15284);
#12529=AXIS2_PLACEMENT_3D('',#18735,#15287,#15288);
#12530=AXIS2_PLACEMENT_3D('',#18736,#15289,#15290);
#12531=AXIS2_PLACEMENT_3D('',#18740,#15293,#15294);
#12532=AXIS2_PLACEMENT_3D('',#18743,#15296,#15297);
#12533=AXIS2_PLACEMENT_3D('',#18744,#15298,#15299);
#12534=AXIS2_PLACEMENT_3D('',#18746,#15301,#15302);
#12535=AXIS2_PLACEMENT_3D('',#18750,#15305,#15306);
#12536=AXIS2_PLACEMENT_3D('',#18751,#15307,#15308);
#12537=AXIS2_PLACEMENT_3D('',#18752,#15309,#15310);
#12538=AXIS2_PLACEMENT_3D('',#18757,#15313,#15314);
#12539=AXIS2_PLACEMENT_3D('',#18758,#15315,#15316);
#12540=AXIS2_PLACEMENT_3D('',#18762,#15319,#15320);
#12541=AXIS2_PLACEMENT_3D('',#18765,#15322,#15323);
#12542=AXIS2_PLACEMENT_3D('',#18766,#15324,#15325);
#12543=AXIS2_PLACEMENT_3D('',#18768,#15327,#15328);
#12544=AXIS2_PLACEMENT_3D('',#18770,#15329,#15330);
#12545=AXIS2_PLACEMENT_3D('',#18772,#15332,#15333);
#12546=AXIS2_PLACEMENT_3D('',#18776,#15336,#15337);
#12547=AXIS2_PLACEMENT_3D('',#18778,#15338,#15339);
#12548=AXIS2_PLACEMENT_3D('',#18780,#15341,#15342);
#12549=AXIS2_PLACEMENT_3D('',#18784,#15345,#15346);
#12550=AXIS2_PLACEMENT_3D('',#18786,#15347,#15348);
#12551=AXIS2_PLACEMENT_3D('',#18788,#15350,#15351);
#12552=AXIS2_PLACEMENT_3D('',#18792,#15354,#15355);
#12553=AXIS2_PLACEMENT_3D('',#18794,#15356,#15357);
#12554=AXIS2_PLACEMENT_3D('',#18796,#15359,#15360);
#12555=AXIS2_PLACEMENT_3D('',#18800,#15363,#15364);
#12556=AXIS2_PLACEMENT_3D('',#18802,#15365,#15366);
#12557=AXIS2_PLACEMENT_3D('',#18804,#15368,#15369);
#12558=AXIS2_PLACEMENT_3D('',#18810,#15373,#15374);
#12559=AXIS2_PLACEMENT_3D('',#18812,#15375,#15376);
#12560=AXIS2_PLACEMENT_3D('',#18814,#15378,#15379);
#12561=AXIS2_PLACEMENT_3D('',#18818,#15381,#15382);
#12562=AXIS2_PLACEMENT_3D('',#18820,#15384,#15385);
#12563=AXIS2_PLACEMENT_3D('',#18824,#15388,#15389);
#12564=AXIS2_PLACEMENT_3D('',#18826,#15390,#15391);
#12565=AXIS2_PLACEMENT_3D('',#18828,#15393,#15394);
#12566=AXIS2_PLACEMENT_3D('',#18832,#15397,#15398);
#12567=AXIS2_PLACEMENT_3D('',#18835,#15400,#15401);
#12568=AXIS2_PLACEMENT_3D('',#18836,#15402,#15403);
#12569=AXIS2_PLACEMENT_3D('',#18840,#15406,#15407);
#12570=AXIS2_PLACEMENT_3D('',#18843,#15409,#15410);
#12571=AXIS2_PLACEMENT_3D('',#18844,#15411,#15412);
#12572=AXIS2_PLACEMENT_3D('',#18848,#15415,#15416);
#12573=AXIS2_PLACEMENT_3D('',#18849,#15417,#15418);
#12574=AXIS2_PLACEMENT_3D('',#18850,#15419,#15420);
#12575=AXIS2_PLACEMENT_3D('',#18856,#15423,#15424);
#12576=AXIS2_PLACEMENT_3D('',#18860,#15426,#15427);
#12577=AXIS2_PLACEMENT_3D('',#18864,#15429,#15430);
#12578=AXIS2_PLACEMENT_3D('',#18867,#15432,#15433);
#12579=AXIS2_PLACEMENT_3D('',#18868,#15434,#15435);
#12580=AXIS2_PLACEMENT_3D('',#18872,#15437,#15438);
#12581=AXIS2_PLACEMENT_3D('',#18874,#15440,#15441);
#12582=AXIS2_PLACEMENT_3D('',#18880,#15445,#15446);
#12583=AXIS2_PLACEMENT_3D('',#18882,#15447,#15448);
#12584=AXIS2_PLACEMENT_3D('',#18888,#15451,#15452);
#12585=AXIS2_PLACEMENT_3D('',#18894,#15456,#15457);
#12586=AXIS2_PLACEMENT_3D('',#18900,#15461,#15462);
#12587=AXIS2_PLACEMENT_3D('',#18902,#15463,#15464);
#12588=AXIS2_PLACEMENT_3D('',#18908,#15467,#15468);
#12589=AXIS2_PLACEMENT_3D('',#18914,#15472,#15473);
#12590=AXIS2_PLACEMENT_3D('',#18916,#15474,#15475);
#12591=AXIS2_PLACEMENT_3D('',#18924,#15479,#15480);
#12592=AXIS2_PLACEMENT_3D('',#18928,#15483,#15484);
#12593=AXIS2_PLACEMENT_3D('',#18930,#15486,#15487);
#12594=AXIS2_PLACEMENT_3D('',#18932,#15488,#15489);
#12595=AXIS2_PLACEMENT_3D('',#18940,#15493,#15494);
#12596=AXIS2_PLACEMENT_3D('',#18944,#15497,#15498);
#12597=AXIS2_PLACEMENT_3D('',#18946,#15500,#15501);
#12598=AXIS2_PLACEMENT_3D('',#18949,#15504,#15505);
#12599=AXIS2_PLACEMENT_3D('',#18951,#15507,#15508);
#12600=AXIS2_PLACEMENT_3D('',#18954,#15511,#15512);
#12601=AXIS2_PLACEMENT_3D('',#18956,#15514,#15515);
#12602=AXIS2_PLACEMENT_3D('',#18958,#15517,#15518);
#12603=AXIS2_PLACEMENT_3D('',#18960,#15520,#15521);
#12604=AXIS2_PLACEMENT_3D('',#18963,#15524,#15525);
#12605=AXIS2_PLACEMENT_3D('',#18966,#15528,#15529);
#12606=AXIS2_PLACEMENT_3D('',#18967,#15530,#15531);
#12607=AXIS2_PLACEMENT_3D('',#18969,#15533,#15534);
#12608=AXIS2_PLACEMENT_3D('',#18972,#15537,#15538);
#12609=AXIS2_PLACEMENT_3D('',#18974,#15540,#15541);
#12610=AXIS2_PLACEMENT_3D('',#18976,#15543,#15544);
#12611=AXIS2_PLACEMENT_3D('',#18977,#15545,#15546);
#12612=AXIS2_PLACEMENT_3D('',#18979,#15548,#15549);
#12613=AXIS2_PLACEMENT_3D('',#18981,#15551,#15552);
#12614=AXIS2_PLACEMENT_3D('',#18983,#15554,#15555);
#12615=AXIS2_PLACEMENT_3D('',#18984,#15556,#15557);
#12616=AXIS2_PLACEMENT_3D('',#18987,#15558,#15559);
#12617=AXIS2_PLACEMENT_3D('',#18991,#15561,#15562);
#12618=AXIS2_PLACEMENT_3D('',#18994,#15564,#15565);
#12619=AXIS2_PLACEMENT_3D('',#18995,#15566,#15567);
#12620=AXIS2_PLACEMENT_3D('',#19000,#15569,#15570);
#12621=AXIS2_PLACEMENT_3D('',#19003,#15572,#15573);
#12622=AXIS2_PLACEMENT_3D('',#19004,#15574,#15575);
#12623=AXIS2_PLACEMENT_3D('',#19007,#15576,#15577);
#12624=AXIS2_PLACEMENT_3D('',#19011,#15580,#15581);
#12625=AXIS2_PLACEMENT_3D('',#19012,#15582,#15583);
#12626=AXIS2_PLACEMENT_3D('',#19014,#15584,#15585);
#12627=AXIS2_PLACEMENT_3D('',#19016,#15586,#15587);
#12628=AXIS2_PLACEMENT_3D('',#19017,#15588,#15589);
#12629=AXIS2_PLACEMENT_3D('',#19018,#15590,#15591);
#12630=AXIS2_PLACEMENT_3D('',#19022,#15593,#15594);
#12631=AXIS2_PLACEMENT_3D('',#19024,#15596,#15597);
#12632=AXIS2_PLACEMENT_3D('',#19026,#15598,#15599);
#12633=AXIS2_PLACEMENT_3D('',#19028,#15600,#15601);
#12634=AXIS2_PLACEMENT_3D('',#19029,#15602,#15603);
#12635=AXIS2_PLACEMENT_3D('',#19030,#15604,#15605);
#12636=AXIS2_PLACEMENT_3D('',#19033,#15608,#15609);
#12637=AXIS2_PLACEMENT_3D('',#19039,#15613,#15614);
#12638=AXIS2_PLACEMENT_3D('',#19045,#15618,#15619);
#12639=AXIS2_PLACEMENT_3D('',#19053,#15624,#15625);
#12640=AXIS2_PLACEMENT_3D('',#19055,#15627,#15628);
#12641=AXIS2_PLACEMENT_3D('',#19063,#15633,#15634);
#12642=AXIS2_PLACEMENT_3D('',#19066,#15636,#15637);
#12643=AXIS2_PLACEMENT_3D('',#19067,#15638,#15639);
#12644=AXIS2_PLACEMENT_3D('',#19071,#15642,#15643);
#12645=AXIS2_PLACEMENT_3D('',#19074,#15645,#15646);
#12646=AXIS2_PLACEMENT_3D('',#19075,#15647,#15648);
#12647=AXIS2_PLACEMENT_3D('',#19085,#15654,#15655);
#12648=AXIS2_PLACEMENT_3D('',#19091,#15659,#15660);
#12649=AXIS2_PLACEMENT_3D('',#19094,#15662,#15663);
#12650=AXIS2_PLACEMENT_3D('',#19095,#15664,#15665);
#12651=AXIS2_PLACEMENT_3D('',#19099,#15668,#15669);
#12652=AXIS2_PLACEMENT_3D('',#19102,#15671,#15672);
#12653=AXIS2_PLACEMENT_3D('',#19103,#15673,#15674);
#12654=AXIS2_PLACEMENT_3D('',#19105,#15676,#15677);
#12655=AXIS2_PLACEMENT_3D('',#19109,#15680,#15681);
#12656=AXIS2_PLACEMENT_3D('',#19111,#15683,#15684);
#12657=AXIS2_PLACEMENT_3D('',#19117,#15688,#15689);
#12658=AXIS2_PLACEMENT_3D('',#19121,#15692,#15693);
#12659=AXIS2_PLACEMENT_3D('',#19125,#15696,#15697);
#12660=AXIS2_PLACEMENT_3D('',#19127,#15699,#15700);
#12661=AXIS2_PLACEMENT_3D('',#19135,#15705,#15706);
#12662=AXIS2_PLACEMENT_3D('',#19137,#15708,#15709);
#12663=AXIS2_PLACEMENT_3D('',#19146,#15714,#15715);
#12664=AXIS2_PLACEMENT_3D('',#19152,#15719,#15720);
#12665=AXIS2_PLACEMENT_3D('',#19156,#15722,#15723);
#12666=AXIS2_PLACEMENT_3D('',#19157,#15724,#15725);
#12667=AXIS2_PLACEMENT_3D('',#19158,#15726,#15727);
#12668=AXIS2_PLACEMENT_3D('',#19161,#15729,#15730);
#12669=AXIS2_PLACEMENT_3D('',#19162,#15731,#15732);
#12670=AXIS2_PLACEMENT_3D('',#19168,#15736,#15737);
#12671=AXIS2_PLACEMENT_3D('',#19172,#15740,#15741);
#12672=AXIS2_PLACEMENT_3D('',#19173,#15742,#15743);
#12673=AXIS2_PLACEMENT_3D('',#19174,#15744,#15745);
#12674=AXIS2_PLACEMENT_3D('',#19175,#15746,#15747);
#12675=AXIS2_PLACEMENT_3D('',#19176,#15748,#15749);
#12676=AXIS2_PLACEMENT_3D('',#19177,#15750,#15751);
#12677=AXIS2_PLACEMENT_3D('',#19181,#15753,#15754);
#12678=AXIS2_PLACEMENT_3D('',#19182,#15755,#15756);
#12679=AXIS2_PLACEMENT_3D('',#19183,#15757,#15758);
#12680=AXIS2_PLACEMENT_3D('',#19186,#15760,#15761);
#12681=AXIS2_PLACEMENT_3D('',#19187,#15762,#15763);
#12682=AXIS2_PLACEMENT_3D('',#19193,#15767,#15768);
#12683=AXIS2_PLACEMENT_3D('',#19197,#15771,#15772);
#12684=AXIS2_PLACEMENT_3D('',#19201,#15774,#15775);
#12685=AXIS2_PLACEMENT_3D('',#19202,#15776,#15777);
#12686=AXIS2_PLACEMENT_3D('',#19203,#15778,#15779);
#12687=AXIS2_PLACEMENT_3D('',#19206,#15781,#15782);
#12688=AXIS2_PLACEMENT_3D('',#19207,#15783,#15784);
#12689=AXIS2_PLACEMENT_3D('',#19213,#15788,#15789);
#12690=AXIS2_PLACEMENT_3D('',#19217,#15792,#15793);
#12691=AXIS2_PLACEMENT_3D('',#19225,#15798,#15799);
#12692=AXIS2_PLACEMENT_3D('',#19227,#15800,#15801);
#12693=AXIS2_PLACEMENT_3D('',#19229,#15803,#15804);
#12694=AXIS2_PLACEMENT_3D('',#19233,#15807,#15808);
#12695=AXIS2_PLACEMENT_3D('',#19239,#15812,#15813);
#12696=AXIS2_PLACEMENT_3D('',#19240,#15814,#15815);
#12697=AXIS2_PLACEMENT_3D('',#19241,#15816,#15817);
#12698=AXIS2_PLACEMENT_3D('',#19244,#15819,#15820);
#12699=AXIS2_PLACEMENT_3D('',#19245,#15821,#15822);
#12700=AXIS2_PLACEMENT_3D('',#19249,#15825,#15826);
#12701=AXIS2_PLACEMENT_3D('',#19259,#15832,#15833);
#12702=AXIS2_PLACEMENT_3D('',#19261,#15834,#15835);
#12703=AXIS2_PLACEMENT_3D('',#19263,#15837,#15838);
#12704=AXIS2_PLACEMENT_3D('',#19266,#15840,#15841);
#12705=AXIS2_PLACEMENT_3D('',#19267,#15842,#15843);
#12706=AXIS2_PLACEMENT_3D('',#19273,#15847,#15848);
#12707=AXIS2_PLACEMENT_3D('',#19279,#15852,#15853);
#12708=AXIS2_PLACEMENT_3D('',#19283,#15856,#15857);
#12709=AXIS2_PLACEMENT_3D('',#19287,#15860,#15861);
#12710=AXIS2_PLACEMENT_3D('',#19288,#15862,#15863);
#12711=AXIS2_PLACEMENT_3D('',#19289,#15864,#15865);
#12712=AXIS2_PLACEMENT_3D('',#19290,#15866,#15867);
#12713=AXIS2_PLACEMENT_3D('',#19291,#15868,#15869);
#12714=AXIS2_PLACEMENT_3D('',#19299,#15874,#15875);
#12715=AXIS2_PLACEMENT_3D('',#19300,#15876,#15877);
#12716=AXIS2_PLACEMENT_3D('',#19301,#15878,#15879);
#12717=AXIS2_PLACEMENT_3D('',#19305,#15881,#15882);
#12718=AXIS2_PLACEMENT_3D('',#19309,#15884,#15885);
#12719=AXIS2_PLACEMENT_3D('',#19313,#15887,#15888);
#12720=AXIS2_PLACEMENT_3D('',#19317,#15890,#15891);
#12721=AXIS2_PLACEMENT_3D('',#19321,#15893,#15894);
#12722=AXIS2_PLACEMENT_3D('',#19325,#15896,#15897);
#12723=AXIS2_PLACEMENT_3D('',#19328,#15899,#15900);
#12724=AXIS2_PLACEMENT_3D('',#19330,#15901,#15902);
#12725=AXIS2_PLACEMENT_3D('',#19331,#15903,#15904);
#12726=AXIS2_PLACEMENT_3D('',#19334,#15906,#15907);
#12727=AXIS2_PLACEMENT_3D('',#19335,#15908,#15909);
#12728=AXIS2_PLACEMENT_3D('',#19337,#15910,#15911);
#12729=AXIS2_PLACEMENT_3D('',#19339,#15913,#15914);
#12730=AXIS2_PLACEMENT_3D('',#19342,#15916,#15917);
#12731=AXIS2_PLACEMENT_3D('',#19343,#15918,#15919);
#12732=AXIS2_PLACEMENT_3D('',#19345,#15920,#15921);
#12733=AXIS2_PLACEMENT_3D('',#19347,#15923,#15924);
#12734=AXIS2_PLACEMENT_3D('',#19351,#15927,#15928);
#12735=AXIS2_PLACEMENT_3D('',#19354,#15930,#15931);
#12736=AXIS2_PLACEMENT_3D('',#19355,#15932,#15933);
#12737=AXIS2_PLACEMENT_3D('',#19359,#15936,#15937);
#12738=AXIS2_PLACEMENT_3D('',#19362,#15939,#15940);
#12739=AXIS2_PLACEMENT_3D('',#19363,#15941,#15942);
#12740=AXIS2_PLACEMENT_3D('',#19367,#15945,#15946);
#12741=AXIS2_PLACEMENT_3D('',#19370,#15948,#15949);
#12742=AXIS2_PLACEMENT_3D('',#19371,#15950,#15951);
#12743=AXIS2_PLACEMENT_3D('',#19375,#15954,#15955);
#12744=AXIS2_PLACEMENT_3D('',#19378,#15957,#15958);
#12745=AXIS2_PLACEMENT_3D('',#19379,#15959,#15960);
#12746=AXIS2_PLACEMENT_3D('',#19383,#15963,#15964);
#12747=AXIS2_PLACEMENT_3D('',#19386,#15966,#15967);
#12748=AXIS2_PLACEMENT_3D('',#19387,#15968,#15969);
#12749=AXIS2_PLACEMENT_3D('',#19391,#15972,#15973);
#12750=AXIS2_PLACEMENT_3D('',#19393,#15975,#15976);
#12751=AXIS2_PLACEMENT_3D('',#19394,#15977,#15978);
#12752=AXIS2_PLACEMENT_3D('',#19395,#15979,#15980);
#12753=AXIS2_PLACEMENT_3D('',#19401,#15984,#15985);
#12754=AXIS2_PLACEMENT_3D('',#19404,#15987,#15988);
#12755=AXIS2_PLACEMENT_3D('',#19405,#15989,#15990);
#12756=AXIS2_PLACEMENT_3D('',#19409,#15993,#15994);
#12757=AXIS2_PLACEMENT_3D('',#19412,#15996,#15997);
#12758=AXIS2_PLACEMENT_3D('',#19413,#15998,#15999);
#12759=AXIS2_PLACEMENT_3D('',#19417,#16002,#16003);
#12760=AXIS2_PLACEMENT_3D('',#19420,#16005,#16006);
#12761=AXIS2_PLACEMENT_3D('',#19421,#16007,#16008);
#12762=AXIS2_PLACEMENT_3D('',#19425,#16011,#16012);
#12763=AXIS2_PLACEMENT_3D('',#19426,#16013,#16014);
#12764=AXIS2_PLACEMENT_3D('',#19427,#16015,#16016);
#12765=AXIS2_PLACEMENT_3D('',#19431,#16018,#16019);
#12766=AXIS2_PLACEMENT_3D('',#19435,#16021,#16022);
#12767=AXIS2_PLACEMENT_3D('',#19439,#16024,#16025);
#12768=AXIS2_PLACEMENT_3D('',#19443,#16027,#16028);
#12769=AXIS2_PLACEMENT_3D('',#19447,#16030,#16031);
#12770=AXIS2_PLACEMENT_3D('',#19451,#16033,#16034);
#12771=AXIS2_PLACEMENT_3D('',#19454,#16036,#16037);
#12772=AXIS2_PLACEMENT_3D('',#19456,#16038,#16039);
#12773=AXIS2_PLACEMENT_3D('',#19457,#16040,#16041);
#12774=AXIS2_PLACEMENT_3D('',#19459,#16043,#16044);
#12775=AXIS2_PLACEMENT_3D('',#19461,#16046,#16047);
#12776=AXIS2_PLACEMENT_3D('',#19465,#16050,#16051);
#12777=AXIS2_PLACEMENT_3D('',#19467,#16052,#16053);
#12778=AXIS2_PLACEMENT_3D('',#19469,#16055,#16056);
#12779=AXIS2_PLACEMENT_3D('',#19473,#16059,#16060);
#12780=AXIS2_PLACEMENT_3D('',#19474,#16061,#16062);
#12781=AXIS2_PLACEMENT_3D('',#19476,#16064,#16065);
#12782=AXIS2_PLACEMENT_3D('',#19478,#16067,#16068);
#12783=AXIS2_PLACEMENT_3D('',#19480,#16070,#16071);
#12784=AXIS2_PLACEMENT_3D('',#19482,#16073,#16074);
#12785=AXIS2_PLACEMENT_3D('',#19484,#16076,#16077);
#12786=AXIS2_PLACEMENT_3D('',#19486,#16079,#16080);
#12787=AXIS2_PLACEMENT_3D('',#19488,#16082,#16083);
#12788=AXIS2_PLACEMENT_3D('',#19490,#16085,#16086);
#12789=AXIS2_PLACEMENT_3D('',#19492,#16088,#16089);
#12790=AXIS2_PLACEMENT_3D('',#19493,#16090,#16091);
#12791=AXIS2_PLACEMENT_3D('',#19495,#16093,#16094);
#12792=AXIS2_PLACEMENT_3D('',#19497,#16096,#16097);
#12793=AXIS2_PLACEMENT_3D('',#19499,#16099,#16100);
#12794=AXIS2_PLACEMENT_3D('',#19500,#16101,#16102);
#12795=AXIS2_PLACEMENT_3D('',#19505,#16104,#16105);
#12796=AXIS2_PLACEMENT_3D('',#19508,#16107,#16108);
#12797=AXIS2_PLACEMENT_3D('',#19509,#16109,#16110);
#12798=AXIS2_PLACEMENT_3D('',#19514,#16113,#16114);
#12799=AXIS2_PLACEMENT_3D('',#19515,#16115,#16116);
#12800=AXIS2_PLACEMENT_3D('',#19520,#16118,#16119);
#12801=AXIS2_PLACEMENT_3D('',#19523,#16121,#16122);
#12802=AXIS2_PLACEMENT_3D('',#19524,#16123,#16124);
#12803=AXIS2_PLACEMENT_3D('',#19526,#16125,#16126);
#12804=AXIS2_PLACEMENT_3D('',#19528,#16127,#16128);
#12805=AXIS2_PLACEMENT_3D('',#19529,#16129,#16130);
#12806=AXIS2_PLACEMENT_3D('',#19530,#16131,#16132);
#12807=AXIS2_PLACEMENT_3D('',#19534,#16134,#16135);
#12808=AXIS2_PLACEMENT_3D('',#19536,#16137,#16138);
#12809=AXIS2_PLACEMENT_3D('',#19538,#16139,#16140);
#12810=AXIS2_PLACEMENT_3D('',#19540,#16141,#16142);
#12811=AXIS2_PLACEMENT_3D('',#19541,#16143,#16144);
#12812=AXIS2_PLACEMENT_3D('',#19542,#16145,#16146);
#12813=AXIS2_PLACEMENT_3D('',#19545,#16149,#16150);
#12814=AXIS2_PLACEMENT_3D('',#19550,#16153,#16154);
#12815=AXIS2_PLACEMENT_3D('',#19551,#16155,#16156);
#12816=AXIS2_PLACEMENT_3D('',#19553,#16157,#16158);
#12817=AXIS2_PLACEMENT_3D('',#19555,#16159,#16160);
#12818=AXIS2_PLACEMENT_3D('',#19556,#16161,#16162);
#12819=AXIS2_PLACEMENT_3D('',#19557,#16163,#16164);
#12820=AXIS2_PLACEMENT_3D('',#19561,#16166,#16167);
#12821=AXIS2_PLACEMENT_3D('',#19563,#16169,#16170);
#12822=AXIS2_PLACEMENT_3D('',#19565,#16171,#16172);
#12823=AXIS2_PLACEMENT_3D('',#19567,#16173,#16174);
#12824=AXIS2_PLACEMENT_3D('',#19568,#16175,#16176);
#12825=AXIS2_PLACEMENT_3D('',#19569,#16177,#16178);
#12826=AXIS2_PLACEMENT_3D('',#19572,#16181,#16182);
#12827=AXIS2_PLACEMENT_3D('',#19578,#16186,#16187);
#12828=AXIS2_PLACEMENT_3D('',#19582,#16190,#16191);
#12829=AXIS2_PLACEMENT_3D('',#19585,#16193,#16194);
#12830=AXIS2_PLACEMENT_3D('',#19586,#16195,#16196);
#12831=AXIS2_PLACEMENT_3D('',#19590,#16199,#16200);
#12832=AXIS2_PLACEMENT_3D('',#19593,#16202,#16203);
#12833=AXIS2_PLACEMENT_3D('',#19594,#16204,#16205);
#12834=AXIS2_PLACEMENT_3D('',#19598,#16208,#16209);
#12835=AXIS2_PLACEMENT_3D('',#19602,#16211,#16212);
#12836=AXIS2_PLACEMENT_3D('',#19604,#16214,#16215);
#12837=AXIS2_PLACEMENT_3D('',#19608,#16218,#16219);
#12838=AXIS2_PLACEMENT_3D('',#19611,#16221,#16222);
#12839=AXIS2_PLACEMENT_3D('',#19612,#16223,#16224);
#12840=AXIS2_PLACEMENT_3D('',#19616,#16227,#16228);
#12841=AXIS2_PLACEMENT_3D('',#19620,#16231,#16232);
#12842=AXIS2_PLACEMENT_3D('',#19624,#16235,#16236);
#12843=AXIS2_PLACEMENT_3D('',#19628,#16238,#16239);
#12844=AXIS2_PLACEMENT_3D('',#19631,#16241,#16242);
#12845=AXIS2_PLACEMENT_3D('',#19632,#16243,#16244);
#12846=AXIS2_PLACEMENT_3D('',#19634,#16245,#16246);
#12847=AXIS2_PLACEMENT_3D('',#19637,#16248,#16249);
#12848=AXIS2_PLACEMENT_3D('',#19638,#16250,#16251);
#12849=AXIS2_PLACEMENT_3D('',#19642,#16253,#16254);
#12850=AXIS2_PLACEMENT_3D('',#19644,#16256,#16257);
#12851=AXIS2_PLACEMENT_3D('',#19646,#16258,#16259);
#12852=AXIS2_PLACEMENT_3D('',#19648,#16260,#16261);
#12853=AXIS2_PLACEMENT_3D('',#19649,#16262,#16263);
#12854=AXIS2_PLACEMENT_3D('',#19650,#16264,#16265);
#12855=AXIS2_PLACEMENT_3D('',#19654,#16267,#16268);
#12856=AXIS2_PLACEMENT_3D('',#19656,#16270,#16271);
#12857=AXIS2_PLACEMENT_3D('',#19658,#16272,#16273);
#12858=AXIS2_PLACEMENT_3D('',#19660,#16274,#16275);
#12859=AXIS2_PLACEMENT_3D('',#19661,#16276,#16277);
#12860=AXIS2_PLACEMENT_3D('',#19662,#16278,#16279);
#12861=AXIS2_PLACEMENT_3D('',#19665,#16281,#16282);
#12862=AXIS2_PLACEMENT_3D('',#19667,#16284,#16285);
#12863=AXIS2_PLACEMENT_3D('',#19669,#16287,#16288);
#12864=AXIS2_PLACEMENT_3D('',#19671,#16289,#16290);
#12865=AXIS2_PLACEMENT_3D('',#19672,#16291,#16292);
#12866=AXIS2_PLACEMENT_3D('',#19673,#16293,#16294);
#12867=AXIS2_PLACEMENT_3D('',#19675,#16295,#16296);
#12868=AXIS2_PLACEMENT_3D('',#19677,#16298,#16299);
#12869=AXIS2_PLACEMENT_3D('',#19679,#16300,#16301);
#12870=AXIS2_PLACEMENT_3D('',#19680,#16302,#16303);
#12871=AXIS2_PLACEMENT_3D('',#19681,#16304,#16305);
#12872=AXIS2_PLACEMENT_3D('',#19683,#16307,#16308);
#12873=AXIS2_PLACEMENT_3D('',#19687,#16310,#16311);
#12874=AXIS2_PLACEMENT_3D('',#19689,#16313,#16314);
#12875=AXIS2_PLACEMENT_3D('',#19693,#16317,#16318);
#12876=AXIS2_PLACEMENT_3D('',#19696,#16320,#16321);
#12877=AXIS2_PLACEMENT_3D('',#19697,#16322,#16323);
#12878=AXIS2_PLACEMENT_3D('',#19701,#16326,#16327);
#12879=AXIS2_PLACEMENT_3D('',#19705,#16330,#16331);
#12880=AXIS2_PLACEMENT_3D('',#19709,#16334,#16335);
#12881=AXIS2_PLACEMENT_3D('',#19711,#16337,#16338);
#12882=AXIS2_PLACEMENT_3D('',#19717,#16342,#16343);
#12883=AXIS2_PLACEMENT_3D('',#19721,#16346,#16347);
#12884=AXIS2_PLACEMENT_3D('',#19723,#16348,#16349);
#12885=AXIS2_PLACEMENT_3D('',#19725,#16351,#16352);
#12886=AXIS2_PLACEMENT_3D('',#19729,#16355,#16356);
#12887=AXIS2_PLACEMENT_3D('',#19730,#16357,#16358);
#12888=AXIS2_PLACEMENT_3D('',#19731,#16359,#16360);
#12889=AXIS2_PLACEMENT_3D('',#19733,#16362,#16363);
#12890=AXIS2_PLACEMENT_3D('',#19735,#16365,#16366);
#12891=AXIS2_PLACEMENT_3D('',#19737,#16368,#16369);
#12892=AXIS2_PLACEMENT_3D('',#19739,#16371,#16372);
#12893=AXIS2_PLACEMENT_3D('',#19741,#16374,#16375);
#12894=AXIS2_PLACEMENT_3D('',#19742,#16376,#16377);
#12895=AXIS2_PLACEMENT_3D('',#19743,#16378,#16379);
#12896=AXIS2_PLACEMENT_3D('',#19747,#16382,#16383);
#12897=AXIS2_PLACEMENT_3D('',#19750,#16385,#16386);
#12898=AXIS2_PLACEMENT_3D('',#19751,#16387,#16388);
#12899=AXIS2_PLACEMENT_3D('',#19755,#16391,#16392);
#12900=AXIS2_PLACEMENT_3D('',#19758,#16394,#16395);
#12901=AXIS2_PLACEMENT_3D('',#19759,#16396,#16397);
#12902=AXIS2_PLACEMENT_3D('',#19763,#16400,#16401);
#12903=AXIS2_PLACEMENT_3D('',#19765,#16403,#16404);
#12904=AXIS2_PLACEMENT_3D('',#19766,#16405,#16406);
#12905=AXIS2_PLACEMENT_3D('',#19767,#16407,#16408);
#12906=DIRECTION('axis',(0.,0.,1.));
#12907=DIRECTION('refdir',(1.,0.,0.));
#12908=DIRECTION('axis',(0.,0.,1.));
#12909=DIRECTION('refdir',(1.,0.,0.));
#12910=DIRECTION('center_axis',(0.,-1.,-8.88178419700128E-15));
#12911=DIRECTION('ref_axis',(0.382683432365083,0.,0.92387953251129));
#12912=DIRECTION('center_axis',(0.,1.,0.));
#12913=DIRECTION('ref_axis',(0.382683432365083,0.,0.92387953251129));
#12914=DIRECTION('',(0.,1.,8.88178419700128E-15));
#12915=DIRECTION('center_axis',(7.5672217820544E-14,-0.939692620785955,
0.342020143325541));
#12916=DIRECTION('ref_axis',(2.07907709742078E-13,0.342020143325541,0.939692620785955));
#12917=DIRECTION('',(0.,-1.,-8.88178419700128E-15));
#12918=DIRECTION('center_axis',(-0.707106781186544,0.707106781186551,0.));
#12919=DIRECTION('ref_axis',(0.707106781186551,0.707106781186544,1.23644781121348E-14));
#12920=DIRECTION('center_axis',(0.,0.766044443118979,0.642787609686539));
#12921=DIRECTION('ref_axis',(0.382683432365086,0.593858316341261,-0.707732781991621));
#12922=DIRECTION('',(0.,0.766044443118979,0.642787609686539));
#12923=DIRECTION('center_axis',(-7.29847666341303E-15,-0.766044443118979,
-0.642787609686539));
#12924=DIRECTION('ref_axis',(0.,0.642787609686538,-0.766044443118979));
#12925=DIRECTION('',(0.,-0.766044443118979,-0.642787609686539));
#12926=DIRECTION('center_axis',(-7.05247236249314E-15,0.939692620785915,
0.342020143325651));
#12927=DIRECTION('ref_axis',(-1.93765085672766E-14,0.342020143325651,-0.939692620785915));
#12928=DIRECTION('center_axis',(-1.,0.,0.));
#12929=DIRECTION('ref_axis',(0.,0.,1.));
#12930=DIRECTION('center_axis',(-1.,0.,0.));
#12931=DIRECTION('ref_axis',(0.,0.422618261740713,0.906307787036643));
#12932=DIRECTION('center_axis',(-7.35791094493761E-15,1.77635683940029E-14,
1.));
#12933=DIRECTION('ref_axis',(0.,-1.,1.77635683940029E-14));
#12934=DIRECTION('center_axis',(1.,0.,0.));
#12935=DIRECTION('ref_axis',(0.,0.422618261740718,0.906307787036641));
#12936=DIRECTION('center_axis',(0.,-2.01177118537378E-14,-1.));
#12937=DIRECTION('ref_axis',(0.382683432365106,-0.92387953251128,1.92271478790289E-14));
#12938=DIRECTION('',(0.,-2.01177118537378E-14,-1.));
#12939=DIRECTION('center_axis',(-7.3579109449381E-15,1.77635683940026E-14,
1.));
#12940=DIRECTION('ref_axis',(0.,-1.,1.77635683940026E-14));
#12941=DIRECTION('',(0.,2.01177118537378E-14,1.));
#12942=DIRECTION('center_axis',(-1.,0.,0.));
#12943=DIRECTION('ref_axis',(0.,0.422618261740695,-0.906307787036652));
#12944=DIRECTION('center_axis',(-1.,0.,0.));
#12945=DIRECTION('ref_axis',(0.,0.422618261740706,-0.906307787036647));
#12946=DIRECTION('center_axis',(1.24503425434685E-14,0.766044443119002,
-0.642787609686511));
#12947=DIRECTION('ref_axis',(0.,0.64278760968651,0.766044443119002));
#12948=DIRECTION('center_axis',(1.,0.,0.));
#12949=DIRECTION('ref_axis',(0.,0.422618261740713,-0.906307787036643));
#12950=DIRECTION('center_axis',(7.85046229341883E-17,-0.766044443118998,
0.642787609686516));
#12951=DIRECTION('ref_axis',(0.382683432365094,0.593858316341238,0.707732781991636));
#12952=DIRECTION('',(7.85046229341883E-17,-0.766044443118998,0.642787609686516));
#12953=DIRECTION('',(-3.92523114670937E-17,0.766044443118998,-0.642787609686516));
#12954=DIRECTION('center_axis',(0.,1.,-8.88178419700128E-15));
#12955=DIRECTION('ref_axis',(0.382683432365098,0.,-0.923879532511284));
#12956=DIRECTION('center_axis',(-0.707106781186544,0.707106781186551,0.));
#12957=DIRECTION('ref_axis',(0.707106781186552,0.707106781186543,-1.25607396694703E-14));
#12958=DIRECTION('',(0.,1.,-8.88178419700128E-15));
#12959=DIRECTION('',(0.,-1.,8.88178419700128E-15));
#12960=DIRECTION('center_axis',(0.,1.,0.));
#12961=DIRECTION('ref_axis',(0.382683432365098,0.,-0.923879532511284));
#12962=DIRECTION('center_axis',(0.70710678118654,-6.28036983473519E-15,
0.707106781186555));
#12963=DIRECTION('ref_axis',(0.707106781186555,0.,-0.70710678118654));
#12964=DIRECTION('',(0.707106781186555,0.,-0.70710678118654));
#12965=DIRECTION('',(0.,1.,8.88178419700128E-15));
#12966=DIRECTION('',(-0.684791078771718,0.249243569363762,0.684791078771824));
#12967=DIRECTION('center_axis',(0.,-1.,0.));
#12968=DIRECTION('ref_axis',(0.,0.,-1.));
#12969=DIRECTION('',(0.,0.,-1.));
#12970=DIRECTION('',(1.,0.,0.));
#12971=DIRECTION('',(0.,0.,1.));
#12972=DIRECTION('center_axis',(0.707106781186544,-0.707106781186551,0.));
#12973=DIRECTION('ref_axis',(-0.707106781186551,-0.707106781186544,4.55885329486705E-15));
#12974=DIRECTION('',(-0.707106781186551,-0.707106781186544,-6.28036983473509E-15));
#12975=DIRECTION('',(-0.608120402411349,-0.608120402411342,-0.51027360537473));
#12976=DIRECTION('',(0.,0.,1.));
#12977=DIRECTION('',(-0.707106781186551,-0.707106781186544,4.55885329486705E-15));
#12978=DIRECTION('center_axis',(0.,8.88178419700128E-15,-1.));
#12979=DIRECTION('ref_axis',(0.,-1.,-8.88178419700128E-15));
#12980=DIRECTION('',(-1.,0.,0.));
#12981=DIRECTION('',(0.,-1.,-8.88178419700128E-15));
#12982=DIRECTION('',(-0.707106781186551,0.707106781186544,6.28036983473509E-15));
#12983=DIRECTION('',(-1.,0.,0.));
#12984=DIRECTION('center_axis',(0.,-0.642787609686516,-0.766044443118998));
#12985=DIRECTION('ref_axis',(0.,-0.766044443118998,0.642787609686516));
#12986=DIRECTION('',(1.,0.,0.));
#12987=DIRECTION('',(0.,-0.766044443118998,0.642787609686516));
#12988=DIRECTION('center_axis',(-1.,0.,0.));
#12989=DIRECTION('ref_axis',(0.,0.422618261740724,-0.906307787036639));
#12990=DIRECTION('',(-1.,0.,0.));
#12991=DIRECTION('center_axis',(1.,0.,0.));
#12992=DIRECTION('ref_axis',(0.,0.422618261740724,-0.906307787036639));
#12993=DIRECTION('center_axis',(0.,1.,-2.01177118537378E-14));
#12994=DIRECTION('ref_axis',(0.,-2.01177118537378E-14,-1.));
#12995=DIRECTION('',(1.,0.,0.));
#12996=DIRECTION('',(0.,-2.01177118537378E-14,-1.));
#12997=DIRECTION('center_axis',(-1.,0.,0.));
#12998=DIRECTION('ref_axis',(0.,0.422618261740705,0.906307787036647));
#12999=DIRECTION('',(-1.,0.,0.));
#13000=DIRECTION('center_axis',(1.,0.,0.));
#13001=DIRECTION('ref_axis',(0.,0.422618261740705,0.906307787036647));
#13002=DIRECTION('center_axis',(0.,-0.642787609686539,0.766044443118979));
#13003=DIRECTION('ref_axis',(0.,0.766044443118979,0.642787609686539));
#13004=DIRECTION('',(-1.,0.,0.));
#13005=DIRECTION('',(0.,0.766044443118979,0.642787609686539));
#13006=DIRECTION('center_axis',(0.70710678118654,0.454519477672048,-0.541675220419708));
#13007=DIRECTION('ref_axis',(-0.608120402411352,0.,-0.793844806099439));
#13008=DIRECTION('',(0.707106781186556,-0.454519477672037,0.541675220419697));
#13009=DIRECTION('',(0.,-0.766044443118979,-0.642787609686539));
#13010=DIRECTION('',(-0.684791078771735,0.24924356936392,-0.68479107877175));
#13011=DIRECTION('center_axis',(1.,0.,0.));
#13012=DIRECTION('ref_axis',(0.,0.422618261740705,0.906307787036647));
#13013=DIRECTION('',(0.707106781186571,0.707106781186524,0.));
#13014=DIRECTION('center_axis',(1.,0.,0.));
#13015=DIRECTION('ref_axis',(0.,0.422618261740705,0.906307787036647));
#13016=DIRECTION('center_axis',(0.707106781186571,-0.707106781186524,1.42253704737345E-14));
#13017=DIRECTION('ref_axis',(2.01177118537364E-14,0.,-1.));
#13018=DIRECTION('',(0.707106781186524,0.707106781186571,0.));
#13019=DIRECTION('',(0.,2.01177118537378E-14,1.));
#13020=DIRECTION('center_axis',(1.,0.,0.));
#13021=DIRECTION('ref_axis',(0.,0.422618261740724,-0.906307787036639));
#13022=DIRECTION('',(0.707106781186521,-0.454519477672047,-0.541675220419733));
#13023=DIRECTION('center_axis',(1.,0.,0.));
#13024=DIRECTION('ref_axis',(0.,0.422618261740724,-0.906307787036639));
#13025=DIRECTION('center_axis',(0.707106781186552,0.454519477672024,0.541675220419713));
#13026=DIRECTION('ref_axis',(0.608120402411348,0.,-0.793844806099441));
#13027=DIRECTION('',(0.,0.766044443118998,-0.642787609686516));
#13028=DIRECTION('center_axis',(0.707106781186555,-6.28036983473505E-15,
-0.70710678118654));
#13029=DIRECTION('ref_axis',(-0.70710678118654,0.,-0.707106781186555));
#13030=DIRECTION('',(0.,-1.,8.88178419700128E-15));
#13031=DIRECTION('',(-0.70710678118654,0.,-0.707106781186555));
#13032=DIRECTION('center_axis',(0.,8.88178419700128E-15,1.));
#13033=DIRECTION('ref_axis',(0.,1.,-8.88178419700128E-15));
#13034=DIRECTION('',(0.707106781186551,0.707106781186544,-6.28036983473509E-15));
#13035=DIRECTION('',(-1.,0.,0.));
#13036=DIRECTION('',(0.707106781186551,-0.707106781186544,6.28036983473509E-15));
#13037=DIRECTION('',(0.,1.,-8.88178419700128E-15));
#13038=DIRECTION('center_axis',(0.,-1.,0.));
#13039=DIRECTION('ref_axis',(0.,0.,-1.));
#13040=DIRECTION('',(0.,0.,1.));
#13041=DIRECTION('',(1.,0.,0.));
#13042=DIRECTION('',(0.,0.,-1.));
#13043=DIRECTION('center_axis',(-1.,0.,0.));
#13044=DIRECTION('ref_axis',(0.,0.,1.));
#13045=DIRECTION('',(0.,0.,1.));
#13046=DIRECTION('center_axis',(0.,0.642787609686538,0.766044443118979));
#13047=DIRECTION('ref_axis',(0.,0.766044443118979,-0.642787609686538));
#13048=DIRECTION('',(0.608120402411347,-0.608120402411341,0.510273605374734));
#13049=DIRECTION('',(0.608120402411348,0.608120402411341,-0.510273605374733));
#13050=DIRECTION('center_axis',(0.,0.642787609686538,0.766044443118979));
#13051=DIRECTION('ref_axis',(0.,-0.766044443118979,0.642787609686538));
#13052=DIRECTION('center_axis',(0.,0.642787609686535,-0.766044443118982));
#13053=DIRECTION('ref_axis',(0.,-0.766044443118982,-0.642787609686535));
#13054=DIRECTION('',(-0.608120402411349,0.608120402411342,0.510273605374731));
#13055=DIRECTION('center_axis',(0.,0.642787609686535,-0.766044443118982));
#13056=DIRECTION('ref_axis',(0.,-0.766044443118982,-0.642787609686535));
#13057=DIRECTION('center_axis',(0.,0.,-1.));
#13058=DIRECTION('ref_axis',(0.,-1.,0.));
#13059=DIRECTION('',(0.,0.,-1.));
#13060=DIRECTION('center_axis',(0.,0.,1.));
#13061=DIRECTION('ref_axis',(-0.707106781186538,-0.707106781186557,0.));
#13062=DIRECTION('center_axis',(0.,0.,-1.));
#13063=DIRECTION('ref_axis',(0.,-1.,0.));
#13064=DIRECTION('',(0.,0.,1.));
#13065=DIRECTION('center_axis',(0.,0.,1.));
#13066=DIRECTION('ref_axis',(-0.70710678118654,-0.707106781186555,0.));
#13067=DIRECTION('',(0.,0.,-1.));
#13068=DIRECTION('center_axis',(0.707106781186544,-0.707106781186551,0.));
#13069=DIRECTION('ref_axis',(-0.707106781186551,-0.707106781186544,4.55885329486705E-15));
#13070=DIRECTION('',(-0.707106781186551,-0.707106781186544,4.55885329486705E-15));
#13071=DIRECTION('center_axis',(1.,0.,0.));
#13072=DIRECTION('ref_axis',(0.,0.,-1.));
#13073=DIRECTION('center_axis',(-1.,0.,0.));
#13074=DIRECTION('ref_axis',(0.,-1.,-2.84217094304041E-14));
#13075=DIRECTION('',(0.,-0.999390827019097,0.034899496702476));
#13076=DIRECTION('center_axis',(1.,0.,0.));
#13077=DIRECTION('ref_axis',(0.,1.,1.42108547151905E-14));
#13078=DIRECTION('',(0.,-1.21645785050659E-14,1.));
#13079=DIRECTION('center_axis',(1.,0.,0.));
#13080=DIRECTION('ref_axis',(0.,0.38268343236509,0.923879532511287));
#13081=DIRECTION('',(0.,-0.707106781186547,0.707106781186548));
#13082=DIRECTION('center_axis',(-1.,0.,0.));
#13083=DIRECTION('ref_axis',(0.,-0.38268343236509,-0.923879532511286));
#13084=DIRECTION('',(0.,-1.,0.));
#13085=DIRECTION('center_axis',(-1.,0.,0.));
#13086=DIRECTION('ref_axis',(0.,-6.09036630651516E-15,-1.));
#13087=DIRECTION('',(0.,3.0280021411161E-16,-1.));
#13088=DIRECTION('center_axis',(-1.,0.,0.));
#13089=DIRECTION('ref_axis',(0.,1.,-4.56777472988636E-15));
#13090=DIRECTION('',(0.,1.,1.31042717660664E-15));
#13091=DIRECTION('center_axis',(-1.,0.,0.));
#13092=DIRECTION('ref_axis',(0.,-0.382683432365093,0.923879532511286));
#13093=DIRECTION('',(0.,0.707106781186547,0.707106781186548));
#13094=DIRECTION('center_axis',(1.,0.,0.));
#13095=DIRECTION('ref_axis',(0.,0.382683432365091,-0.923879532511287));
#13096=DIRECTION('',(0.,-1.52057231313324E-15,1.));
#13097=DIRECTION('center_axis',(1.,0.,0.));
#13098=DIRECTION('ref_axis',(0.,0.0348994967025012,-0.999390827019096));
#13099=DIRECTION('',(0.,0.999390827019096,0.0348994967025063));
#13100=DIRECTION('center_axis',(-1.,0.,0.));
#13101=DIRECTION('ref_axis',(0.,-0.0348994967025043,0.999390827019096));
#13102=DIRECTION('center_axis',(1.,0.,0.));
#13103=DIRECTION('ref_axis',(0.,0.,-1.));
#13104=DIRECTION('center_axis',(1.,0.,0.));
#13105=DIRECTION('ref_axis',(0.,-1.,0.));
#13106=DIRECTION('',(0.,5.94063521552512E-15,-1.));
#13107=DIRECTION('center_axis',(1.,0.,0.));
#13108=DIRECTION('ref_axis',(0.,0.,1.));
#13109=DIRECTION('',(0.,-5.44558228089803E-15,1.));
#13110=DIRECTION('center_axis',(1.,0.,0.));
#13111=DIRECTION('ref_axis',(0.,1.,5.55111512312578E-15));
#13112=DIRECTION('',(0.,-5.44558228089803E-15,1.));
#13113=DIRECTION('center_axis',(1.,0.,0.));
#13114=DIRECTION('ref_axis',(0.,0.,-1.));
#13115=DIRECTION('',(0.,5.94063521552512E-15,-1.));
#13116=DIRECTION('center_axis',(1.,0.,0.));
#13117=DIRECTION('ref_axis',(0.,0.,-1.));
#13118=DIRECTION('center_axis',(0.,1.52057231313324E-15,-1.));
#13119=DIRECTION('ref_axis',(0.,-1.,0.));
#13120=DIRECTION('center_axis',(-9.62964972193657E-33,-1.2240074965992E-32,
-1.));
#13121=DIRECTION('ref_axis',(0.,-1.,0.));
#13122=DIRECTION('',(0.,1.52057231313324E-15,-1.));
#13123=DIRECTION('center_axis',(0.,0.,1.));
#13124=DIRECTION('ref_axis',(-0.707106781186538,-0.707106781186557,0.));
#13125=DIRECTION('',(1.39452223873683E-31,-1.52057231313324E-15,1.));
#13126=DIRECTION('center_axis',(-1.,0.,0.));
#13127=DIRECTION('ref_axis',(0.,0.,1.));
#13128=DIRECTION('center_axis',(-1.,0.,0.));
#13129=DIRECTION('ref_axis',(0.,0.719339800338635,-0.694658370459014));
#13130=DIRECTION('center_axis',(0.,0.999390827019094,0.0348994967025567));
#13131=DIRECTION('ref_axis',(-0.707106781186533,-0.0246776707783759,0.706676030840848));
#13132=DIRECTION('center_axis',(1.,0.,0.));
#13133=DIRECTION('ref_axis',(0.,0.719339800338635,-0.694658370459014));
#13134=DIRECTION('center_axis',(0.,-0.999390827019096,-0.0348994967025064));
#13135=DIRECTION('ref_axis',(0.,-0.0348994967025164,0.999390827019095));
#13136=DIRECTION('',(-2.45326946669339E-18,-0.999390827019096,-0.0348994967025063));
#13137=DIRECTION('center_axis',(0.,0.999390827019095,0.0348994967025164));
#13138=DIRECTION('ref_axis',(-0.70710678118655,-0.0246776707783468,0.706676030840832));
#13139=DIRECTION('',(-2.45326946669338E-18,0.999390827019096,0.0348994967025063));
#13140=DIRECTION('center_axis',(1.,0.,0.));
#13141=DIRECTION('ref_axis',(0.,0.,-1.));
#13142=DIRECTION('center_axis',(1.,0.,0.));
#13143=DIRECTION('ref_axis',(0.,-0.719339800338653,0.694658370458995));
#13144=DIRECTION('center_axis',(-1.,0.,0.));
#13145=DIRECTION('ref_axis',(0.,-0.719339800338653,0.694658370458995));
#13146=DIRECTION('center_axis',(1.,0.,0.));
#13147=DIRECTION('ref_axis',(0.,0.,-1.));
#13148=DIRECTION('center_axis',(1.,0.,0.));
#13149=DIRECTION('ref_axis',(0.,-0.719339800338636,-0.694658370459012));
#13150=DIRECTION('center_axis',(0.,-0.999390827019097,0.034899496702476));
#13151=DIRECTION('ref_axis',(-0.707106781186569,-0.0246776707783176,-0.706676030840814));
#13152=DIRECTION('center_axis',(-1.,0.,0.));
#13153=DIRECTION('ref_axis',(0.,-0.719339800338636,-0.694658370459012));
#13154=DIRECTION('center_axis',(0.,0.999390827019097,-0.034899496702476));
#13155=DIRECTION('ref_axis',(0.,-0.0348994967024746,-0.999390827019097));
#13156=DIRECTION('',(-2.45326946669339E-18,0.999390827019097,-0.034899496702476));
#13157=DIRECTION('center_axis',(0.,-0.999390827019097,0.0348994967024731));
#13158=DIRECTION('ref_axis',(-0.707106781186551,-0.0246776707783162,-0.706676030840832));
#13159=DIRECTION('',(-2.45326946669338E-18,-0.999390827019097,0.034899496702476));
#13160=DIRECTION('center_axis',(-1.,0.,0.));
#13161=DIRECTION('ref_axis',(0.,0.,1.));
#13162=DIRECTION('center_axis',(-1.,0.,0.));
#13163=DIRECTION('ref_axis',(0.,0.719339800339013,0.694658370458623));
#13164=DIRECTION('center_axis',(0.,2.09345661157825E-13,1.));
#13165=DIRECTION('ref_axis',(-0.707106781186527,-0.707106781186568,1.48029736616683E-13));
#13166=DIRECTION('center_axis',(1.,0.,0.));
#13167=DIRECTION('ref_axis',(0.,0.719339800339013,0.694658370458623));
#13168=DIRECTION('center_axis',(7.88860905221012E-31,1.21645785050659E-14,
-1.));
#13169=DIRECTION('ref_axis',(5.23364152894584E-15,-1.,0.));
#13170=DIRECTION('center_axis',(9.62964972193656E-33,-2.45810316545913E-13,
1.));
#13171=DIRECTION('ref_axis',(5.23364152894584E-15,-1.,0.));
#13172=DIRECTION('',(-1.90447869621048E-30,-1.21645785050659E-14,1.));
#13173=DIRECTION('',(7.88860905221012E-31,1.21645785050659E-14,-1.));
#13174=DIRECTION('center_axis',(-1.,0.,0.));
#13175=DIRECTION('ref_axis',(0.,0.0348994967027282,0.999390827019088));
#13176=DIRECTION('',(-0.707106781186551,0.0246776707783328,0.706676030840831));
#13177=DIRECTION('center_axis',(1.,0.,0.));
#13178=DIRECTION('ref_axis',(0.,1.,1.42108547151905E-14));
#13179=DIRECTION('',(-0.707106781186551,0.707106781186544,1.73805414505068E-13));
#13180=DIRECTION('center_axis',(-0.707106781186544,-0.0246776707783185,
-0.706676030840839));
#13181=DIRECTION('ref_axis',(-0.707106781186551,0.0246776707783328,0.706676030840831));
#13182=DIRECTION('',(-0.707106781186551,0.0246776707783328,0.706676030840831));
#13183=DIRECTION('',(4.90653893338682E-18,-0.999390827019097,0.034899496702476));
#13184=DIRECTION('center_axis',(1.,0.,0.));
#13185=DIRECTION('ref_axis',(0.,-1.,-2.84217094304041E-14));
#13186=DIRECTION('',(-0.707106781186551,0.707106781186544,-4.55885329486705E-15));
#13187=DIRECTION('center_axis',(-1.,0.,0.));
#13188=DIRECTION('ref_axis',(0.,-1.,-2.84217094304041E-14));
#13189=DIRECTION('center_axis',(-0.707106781186544,-0.707106781186551,0.));
#13190=DIRECTION('ref_axis',(-0.707106781186551,0.707106781186544,-4.55885329486705E-15));
#13191=DIRECTION('',(-0.707106781186551,0.707106781186544,-4.55885329486705E-15));
#13192=DIRECTION('',(0.,0.,1.));
#13193=DIRECTION('center_axis',(1.,0.,0.));
#13194=DIRECTION('ref_axis',(0.,-0.0348994967025043,0.999390827019096));
#13195=DIRECTION('',(-0.707106781186551,0.0246776707783361,-0.706676030840831));
#13196=DIRECTION('center_axis',(-1.,0.,0.));
#13197=DIRECTION('ref_axis',(0.,-0.0348994967025043,0.999390827019096));
#13198=DIRECTION('center_axis',(-0.707106781186544,-0.0246776707783399,
0.706676030840838));
#13199=DIRECTION('ref_axis',(-0.707106781186551,0.0246776707783361,-0.706676030840831));
#13200=DIRECTION('',(-0.707106781186551,0.0246776707783361,-0.706676030840831));
#13201=DIRECTION('',(0.,0.999390827019096,0.0348994967025063));
#13202=DIRECTION('center_axis',(-1.,0.,0.));
#13203=DIRECTION('ref_axis',(0.,1.,0.));
#13204=DIRECTION('',(-0.707106781186551,0.707106781186544,-1.84584939185206E-33));
#13205=DIRECTION('center_axis',(1.,0.,0.));
#13206=DIRECTION('ref_axis',(0.,0.0348994967025012,-0.999390827019096));
#13207=DIRECTION('center_axis',(-0.707106781186544,-0.707106781186551,-1.07520699390103E-15));
#13208=DIRECTION('ref_axis',(-0.707106781186551,0.707106781186544,-1.84584939185206E-33));
#13209=DIRECTION('',(-0.707106781186551,0.707106781186544,-1.84584939185206E-33));
#13210=DIRECTION('',(0.,-1.52057231313324E-15,1.));
#13211=DIRECTION('center_axis',(9.62964972193657E-33,1.2240074965992E-32,
1.));
#13212=DIRECTION('ref_axis',(1.,0.,-9.62964972193657E-33));
#13213=DIRECTION('',(0.707106781186551,0.707106781186544,-1.84584939185206E-33));
#13214=DIRECTION('',(1.,0.,0.));
#13215=DIRECTION('center_axis',(0.707106781186544,-0.707106781186551,-1.07520699390103E-15));
#13216=DIRECTION('ref_axis',(-0.707106781186551,-0.707106781186544,1.84584939185206E-33));
#13217=DIRECTION('',(-0.707106781186551,-0.707106781186544,1.84584939185206E-33));
#13218=DIRECTION('',(0.,1.52057231313324E-15,-1.));
#13219=DIRECTION('center_axis',(-0.707106781186544,-0.707106781186551,-8.60165595120825E-15));
#13220=DIRECTION('ref_axis',(-0.707106781186551,0.707106781186544,1.73805414505068E-13));
#13221=DIRECTION('',(0.,-1.21645785050659E-14,1.));
#13222=DIRECTION('',(-0.707106781186551,0.707106781186544,1.73805414505068E-13));
#13223=DIRECTION('center_axis',(0.707106781186544,-0.707106781186551,-8.60165595120825E-15));
#13224=DIRECTION('ref_axis',(-0.707106781186551,-0.707106781186544,-1.73805414505068E-13));
#13225=DIRECTION('',(-0.707106781186551,-0.707106781186544,-1.73805414505068E-13));
#13226=DIRECTION('',(2.23123558197896E-30,1.21645785050659E-14,-1.));
#13227=DIRECTION('',(-0.707106781186551,-0.707106781186544,-1.73805414505068E-13));
#13228=DIRECTION('center_axis',(1.,0.,0.));
#13229=DIRECTION('ref_axis',(0.,0.0348994967027282,0.999390827019088));
#13230=DIRECTION('center_axis',(-1.,0.,0.));
#13231=DIRECTION('ref_axis',(0.,1.,1.42108547151905E-14));
#13232=DIRECTION('',(-0.707106781186551,-0.0246776707783328,-0.706676030840831));
#13233=DIRECTION('center_axis',(0.707106781186544,-0.0246776707783185,-0.706676030840839));
#13234=DIRECTION('ref_axis',(-0.707106781186551,-0.0246776707783328,-0.706676030840831));
#13235=DIRECTION('',(4.90653893338682E-18,0.999390827019097,-0.034899496702476));
#13236=DIRECTION('',(-0.707106781186551,-0.0246776707783328,-0.706676030840831));
#13237=DIRECTION('center_axis',(-1.,0.,0.));
#13238=DIRECTION('ref_axis',(0.,-1.,-2.84217094304041E-14));
#13239=DIRECTION('center_axis',(1.,0.,0.));
#13240=DIRECTION('ref_axis',(0.,-1.,-2.84217094304041E-14));
#13241=DIRECTION('center_axis',(-1.,0.,0.));
#13242=DIRECTION('ref_axis',(0.,-0.0348994967025043,0.999390827019096));
#13243=DIRECTION('center_axis',(1.,0.,0.));
#13244=DIRECTION('ref_axis',(0.,-0.0348994967025043,0.999390827019096));
#13245=DIRECTION('',(-0.707106781186551,-0.0246776707783361,0.706676030840831));
#13246=DIRECTION('center_axis',(0.707106781186544,-0.0246776707783399,0.706676030840838));
#13247=DIRECTION('ref_axis',(-0.707106781186551,-0.0246776707783361,0.706676030840831));
#13248=DIRECTION('',(0.,-0.999390827019096,-0.0348994967025063));
#13249=DIRECTION('',(-0.707106781186551,-0.0246776707783361,0.706676030840831));
#13250=DIRECTION('center_axis',(1.,0.,0.));
#13251=DIRECTION('ref_axis',(0.,1.,0.));
#13252=DIRECTION('center_axis',(-1.,0.,0.));
#13253=DIRECTION('ref_axis',(0.,0.0348994967025012,-0.999390827019096));
#13254=DIRECTION('center_axis',(9.62964972193656E-33,-2.45810316545913E-13,
1.));
#13255=DIRECTION('ref_axis',(1.,2.3670672463755E-45,-9.62964972193658E-33));
#13256=DIRECTION('',(-1.,0.,0.));
#13257=DIRECTION('center_axis',(0.,-1.,-1.21645785050659E-14));
#13258=DIRECTION('ref_axis',(0.,1.21645785050659E-14,-1.));
#13259=DIRECTION('',(1.,0.,0.));
#13260=DIRECTION('',(0.,1.21645785050659E-14,-1.));
#13261=DIRECTION('',(0.707106781186555,-3.14018491736758E-14,-0.70710678118654));
#13262=DIRECTION('',(-1.,0.,0.));
#13263=DIRECTION('center_axis',(1.,0.,0.));
#13264=DIRECTION('ref_axis',(0.,1.,1.42108547151905E-14));
#13265=DIRECTION('',(1.,0.,0.));
#13266=DIRECTION('center_axis',(-1.,0.,0.));
#13267=DIRECTION('ref_axis',(0.,1.,1.42108547151905E-14));
#13268=DIRECTION('center_axis',(0.,-0.034899496702476,-0.999390827019097));
#13269=DIRECTION('ref_axis',(0.,0.999390827019097,-0.034899496702476));
#13270=DIRECTION('',(1.,0.,0.));
#13271=DIRECTION('',(0.,0.999390827019097,-0.034899496702476));
#13272=DIRECTION('center_axis',(1.,0.,0.));
#13273=DIRECTION('ref_axis',(0.,-1.,-2.84217094304041E-14));
#13274=DIRECTION('',(1.,0.,0.));
#13275=DIRECTION('center_axis',(1.,0.,0.));
#13276=DIRECTION('ref_axis',(0.,-1.,-2.84217094304041E-14));
#13277=DIRECTION('center_axis',(0.,-1.,0.));
#13278=DIRECTION('ref_axis',(0.,0.,-1.));
#13279=DIRECTION('',(1.,0.,0.));
#13280=DIRECTION('',(0.,0.,-1.));
#13281=DIRECTION('center_axis',(1.,0.,0.));
#13282=DIRECTION('ref_axis',(0.,-0.0348994967025043,0.999390827019096));
#13283=DIRECTION('',(1.,0.,0.));
#13284=DIRECTION('center_axis',(1.,0.,0.));
#13285=DIRECTION('ref_axis',(0.,-0.0348994967025043,0.999390827019096));
#13286=DIRECTION('center_axis',(0.,-0.0348994967025063,0.999390827019096));
#13287=DIRECTION('ref_axis',(0.,-0.999390827019096,-0.0348994967025063));
#13288=DIRECTION('',(1.,0.,0.));
#13289=DIRECTION('',(0.,-0.999390827019096,-0.0348994967025063));
#13290=DIRECTION('center_axis',(1.,0.,0.));
#13291=DIRECTION('ref_axis',(0.,0.0348994967025012,-0.999390827019096));
#13292=DIRECTION('',(1.,0.,0.));
#13293=DIRECTION('center_axis',(-1.,0.,0.));
#13294=DIRECTION('ref_axis',(0.,0.0348994967025012,-0.999390827019096));
#13295=DIRECTION('center_axis',(0.,-1.,-1.52057231313324E-15));
#13296=DIRECTION('ref_axis',(0.,1.52057231313324E-15,-1.));
#13297=DIRECTION('',(1.,0.,0.));
#13298=DIRECTION('',(0.707106781186548,0.,0.707106781186548));
#13299=DIRECTION('',(0.,1.52057231313324E-15,-1.));
#13300=DIRECTION('center_axis',(0.,0.,-1.));
#13301=DIRECTION('ref_axis',(0.,1.,0.));
#13302=DIRECTION('',(0.,-1.,0.));
#13303=DIRECTION('',(1.,0.,0.));
#13304=DIRECTION('',(0.,1.,0.));
#13305=DIRECTION('',(1.,0.,0.));
#13306=DIRECTION('center_axis',(1.,0.,0.));
#13307=DIRECTION('ref_axis',(0.,-6.09036630651516E-15,-1.));
#13308=DIRECTION('center_axis',(-1.,0.,0.));
#13309=DIRECTION('ref_axis',(0.,-6.09036630651516E-15,-1.));
#13310=DIRECTION('',(1.,0.,0.));
#13311=DIRECTION('center_axis',(1.,0.,0.));
#13312=DIRECTION('ref_axis',(0.,-6.09036630651516E-15,-1.));
#13313=DIRECTION('center_axis',(0.,1.,3.0280021411161E-16));
#13314=DIRECTION('ref_axis',(0.,-3.0280021411161E-16,1.));
#13315=DIRECTION('',(0.,3.0280021411161E-16,-1.));
#13316=DIRECTION('',(1.,0.,0.));
#13317=DIRECTION('',(0.,-3.0280021411161E-16,1.));
#13318=DIRECTION('center_axis',(1.,0.,0.));
#13319=DIRECTION('ref_axis',(0.,1.,-4.56777472988636E-15));
#13320=DIRECTION('center_axis',(-1.,0.,0.));
#13321=DIRECTION('ref_axis',(0.,1.,-4.56777472988636E-15));
#13322=DIRECTION('',(1.,0.,0.));
#13323=DIRECTION('center_axis',(1.,0.,0.));
#13324=DIRECTION('ref_axis',(0.,1.,-4.56777472988636E-15));
#13325=DIRECTION('center_axis',(0.,-1.31042717660664E-15,1.));
#13326=DIRECTION('ref_axis',(0.,-1.,-1.31042717660664E-15));
#13327=DIRECTION('',(0.,1.,1.31042717660664E-15));
#13328=DIRECTION('',(-1.,0.,0.));
#13329=DIRECTION('',(0.,-1.,-1.31042717660664E-15));
#13330=DIRECTION('center_axis',(1.,0.,0.));
#13331=DIRECTION('ref_axis',(0.,-5.35936516162723E-8,0.999999999999998));
#13332=DIRECTION('center_axis',(1.,0.,0.));
#13333=DIRECTION('ref_axis',(0.,0.,1.));
#13334=DIRECTION('',(1.,0.,0.));
#13335=DIRECTION('center_axis',(-1.,0.,0.));
#13336=DIRECTION('ref_axis',(0.,0.,1.));
#13337=DIRECTION('',(1.,0.,0.));
#13338=DIRECTION('center_axis',(0.,-1.,-5.44558228089803E-15));
#13339=DIRECTION('ref_axis',(0.,5.44558228089803E-15,-1.));
#13340=DIRECTION('',(0.,-5.44558228089803E-15,1.));
#13341=DIRECTION('',(1.,0.,0.));
#13342=DIRECTION('',(0.,5.44558228089803E-15,-1.));
#13343=DIRECTION('center_axis',(1.,0.,0.));
#13344=DIRECTION('ref_axis',(0.,0.382683432365091,-0.923879532511287));
#13345=DIRECTION('center_axis',(1.,0.,0.));
#13346=DIRECTION('ref_axis',(0.,0.382683432365091,-0.923879532511287));
#13347=DIRECTION('',(1.,0.,0.));
#13348=DIRECTION('center_axis',(-1.,0.,0.));
#13349=DIRECTION('ref_axis',(0.,0.382683432365091,-0.923879532511287));
#13350=DIRECTION('',(-1.,0.,0.));
#13351=DIRECTION('center_axis',(0.,-0.707106781186548,0.707106781186547));
#13352=DIRECTION('ref_axis',(0.,-0.707106781186547,-0.707106781186548));
#13353=DIRECTION('',(0.,0.707106781186547,0.707106781186548));
#13354=DIRECTION('',(0.,-0.707106781186547,-0.707106781186548));
#13355=DIRECTION('',(1.,0.,0.));
#13356=DIRECTION('center_axis',(1.,0.,0.));
#13357=DIRECTION('ref_axis',(0.,-0.382683432365093,0.923879532511286));
#13358=DIRECTION('center_axis',(-1.,0.,0.));
#13359=DIRECTION('ref_axis',(0.,-0.382683432365093,0.923879532511286));
#13360=DIRECTION('center_axis',(1.,0.,0.));
#13361=DIRECTION('ref_axis',(0.,-0.382683432365093,0.923879532511286));
#13362=DIRECTION('center_axis',(1.,0.,0.));
#13363=DIRECTION('ref_axis',(0.,1.,5.55111512312578E-15));
#13364=DIRECTION('center_axis',(1.,0.,0.));
#13365=DIRECTION('ref_axis',(0.,1.,5.55111512312578E-15));
#13366=DIRECTION('',(1.,0.,0.));
#13367=DIRECTION('center_axis',(-1.,0.,0.));
#13368=DIRECTION('ref_axis',(0.,1.,5.55111512312578E-15));
#13369=DIRECTION('',(1.,0.,0.));
#13370=DIRECTION('center_axis',(0.,-1.,-5.44558228089803E-15));
#13371=DIRECTION('ref_axis',(0.,5.44558228089803E-15,-1.));
#13372=DIRECTION('',(0.,-5.44558228089803E-15,1.));
#13373=DIRECTION('',(1.,0.,0.));
#13374=DIRECTION('',(0.,5.44558228089803E-15,-1.));
#13375=DIRECTION('center_axis',(0.707106781186546,0.707106781186549,4.20066344545343E-15));
#13376=DIRECTION('ref_axis',(5.94063521552515E-15,0.,-1.));
#13377=DIRECTION('',(-0.707106781186549,0.707106781186546,6.28036983473511E-15));
#13378=DIRECTION('',(0.707106781186549,-0.707106781186546,0.));
#13379=DIRECTION('',(0.,-5.94063521552512E-15,1.));
#13380=DIRECTION('center_axis',(1.,0.,0.));
#13381=DIRECTION('ref_axis',(0.,0.,-1.));
#13382=DIRECTION('',(0.707106781186555,0.70710678118654,6.28036983473517E-15));
#13383=DIRECTION('center_axis',(-1.,0.,0.));
#13384=DIRECTION('ref_axis',(0.,0.,-1.));
#13385=DIRECTION('center_axis',(0.707106781186546,-0.707106781186549,-3.85060815833231E-15));
#13386=DIRECTION('ref_axis',(-5.44558228089805E-15,0.,-1.));
#13387=DIRECTION('',(0.707106781186549,0.707106781186546,6.28036983473511E-15));
#13388=DIRECTION('center_axis',(1.,0.,0.));
#13389=DIRECTION('ref_axis',(0.,1.,5.55111512312578E-15));
#13390=DIRECTION('center_axis',(0.707106781186546,-0.707106781186549,-3.85060815833231E-15));
#13391=DIRECTION('ref_axis',(-5.44558228089805E-15,0.,-1.));
#13392=DIRECTION('',(-0.707106781186543,-0.707106781186552,0.));
#13393=DIRECTION('',(0.707106781186547,0.707106781186544,7.5792872286207E-8));
#13394=DIRECTION('center_axis',(1.,0.,0.));
#13395=DIRECTION('ref_axis',(0.,0.,1.));
#13396=DIRECTION('',(0.707106781186543,-0.707106781186552,-6.28036983473505E-15));
#13397=DIRECTION('center_axis',(0.707106781186546,0.707106781186549,4.20066344545343E-15));
#13398=DIRECTION('ref_axis',(5.94063521552515E-15,0.,-1.));
#13399=DIRECTION('',(0.707106781186549,-0.707106781186546,0.));
#13400=DIRECTION('',(0.,-5.94063521552512E-15,1.));
#13401=DIRECTION('center_axis',(1.,0.,0.));
#13402=DIRECTION('ref_axis',(0.,-1.,0.));
#13403=DIRECTION('center_axis',(-1.,0.,0.));
#13404=DIRECTION('ref_axis',(0.,-1.,0.));
#13405=DIRECTION('center_axis',(1.,0.,0.));
#13406=DIRECTION('ref_axis',(0.,0.382683432365091,-0.923879532511287));
#13407=DIRECTION('',(0.707106781186557,0.499999999999993,-0.499999999999993));
#13408=DIRECTION('',(-0.707106781186548,0.,0.707106781186548));
#13409=DIRECTION('center_axis',(0.707106781186532,-0.500000000000012,0.50000000000001));
#13410=DIRECTION('ref_axis',(0.577350269189642,0.,-0.816496580927714));
#13411=DIRECTION('',(0.707106781186524,0.500000000000032,-0.500000000000001));
#13412=DIRECTION('center_axis',(-1.,0.,0.));
#13413=DIRECTION('ref_axis',(0.,-0.382683432365093,0.923879532511286));
#13414=DIRECTION('',(0.707106781186544,0.,-0.707106781186551));
#13415=DIRECTION('center_axis',(0.707106781186548,-9.26611942829694E-16,
0.707106781186548));
#13416=DIRECTION('ref_axis',(0.707106781186548,0.,-0.707106781186548));
#13417=DIRECTION('',(0.707106781186555,0.,-0.70710678118654));
#13418=DIRECTION('center_axis',(-1.,0.,0.));
#13419=DIRECTION('ref_axis',(0.,1.,-4.56777472988636E-15));
#13420=DIRECTION('',(0.707106781186587,-0.707106781186508,0.));
#13421=DIRECTION('center_axis',(0.707106781186508,0.707106781186587,2.1411208474307E-16));
#13422=DIRECTION('ref_axis',(3.02800214111643E-16,0.,-1.));
#13423=DIRECTION('',(0.707106781186555,-0.70710678118654,0.));
#13424=DIRECTION('center_axis',(-1.,0.,0.));
#13425=DIRECTION('ref_axis',(0.,-6.09036630651516E-15,-1.));
#13426=DIRECTION('',(0.707106781186524,0.,0.707106781186571));
#13427=DIRECTION('center_axis',(0.70710678118654,0.,-0.707106781186555));
#13428=DIRECTION('ref_axis',(-0.707106781186555,0.,-0.70710678118654));
#13429=DIRECTION('',(0.707106781186524,0.,0.707106781186571));
#13430=DIRECTION('center_axis',(-1.,0.,0.));
#13431=DIRECTION('ref_axis',(0.,-0.38268343236509,-0.923879532511286));
#13432=DIRECTION('',(0.707106781186557,0.499999999999993,0.499999999999993));
#13433=DIRECTION('center_axis',(1.,0.,0.));
#13434=DIRECTION('ref_axis',(0.,-0.38268343236509,-0.923879532511287));
#13435=DIRECTION('center_axis',(0.707106781186538,-0.500000000000008,-0.500000000000006));
#13436=DIRECTION('ref_axis',(-0.577350269189636,0.,-0.816496580927719));
#13437=DIRECTION('',(0.707106781186557,0.499999999999993,0.499999999999993));
#13438=DIRECTION('',(0.,0.707106781186547,-0.707106781186548));
#13439=DIRECTION('center_axis',(1.,0.,0.));
#13440=DIRECTION('ref_axis',(0.,0.38268343236509,0.923879532511286));
#13441=DIRECTION('',(0.707106781186555,3.14018491736758E-14,0.70710678118654));
#13442=DIRECTION('center_axis',(-1.,0.,0.));
#13443=DIRECTION('ref_axis',(0.,0.38268343236509,0.923879532511287));
#13444=DIRECTION('center_axis',(1.,0.,0.));
#13445=DIRECTION('ref_axis',(0.,0.,-1.));
#13446=DIRECTION('',(-0.707106781186555,8.65956056235484E-17,-0.70710678118654));
#13447=DIRECTION('center_axis',(-1.,0.,0.));
#13448=DIRECTION('ref_axis',(0.,0.,-1.));
#13449=DIRECTION('center_axis',(1.,0.,0.));
#13450=DIRECTION('ref_axis',(0.,0.,-1.));
#13451=DIRECTION('',(-0.707106781186555,8.65956056235484E-17,-0.70710678118654));
#13452=DIRECTION('center_axis',(-1.,0.,0.));
#13453=DIRECTION('ref_axis',(0.,0.,-1.));
#13454=DIRECTION('center_axis',(1.,0.,0.));
#13455=DIRECTION('ref_axis',(0.,-0.38268343236509,-0.923879532511287));
#13456=DIRECTION('center_axis',(-1.,0.,0.));
#13457=DIRECTION('ref_axis',(0.,-0.38268343236509,-0.923879532511287));
#13458=DIRECTION('',(-1.,0.,0.));
#13459=DIRECTION('center_axis',(0.,-0.707106781186548,-0.707106781186547));
#13460=DIRECTION('ref_axis',(0.,0.707106781186547,-0.707106781186548));
#13461=DIRECTION('',(0.,-0.707106781186547,0.707106781186548));
#13462=DIRECTION('',(1.,0.,0.));
#13463=DIRECTION('center_axis',(1.,0.,0.));
#13464=DIRECTION('ref_axis',(0.,0.38268343236509,0.923879532511287));
#13465=DIRECTION('center_axis',(1.,0.,0.));
#13466=DIRECTION('ref_axis',(0.,0.38268343236509,0.923879532511287));
#13467=DIRECTION('',(-1.,0.,0.));
#13468=DIRECTION('center_axis',(-0.707106781186538,-0.500000000000008,-0.500000000000006));
#13469=DIRECTION('ref_axis',(-0.577350269189636,0.,0.816496580927719));
#13470=DIRECTION('',(0.707106781186557,-0.499999999999993,-0.499999999999993));
#13471=DIRECTION('',(0.,0.707106781186547,-0.707106781186548));
#13472=DIRECTION('',(-0.707106781186513,0.500000000000024,0.500000000000024));
#13473=DIRECTION('center_axis',(-1.,0.,0.));
#13474=DIRECTION('ref_axis',(0.,0.38268343236509,0.923879532511286));
#13475=DIRECTION('center_axis',(-1.,0.,0.));
#13476=DIRECTION('ref_axis',(0.,0.38268343236509,0.923879532511287));
#13477=DIRECTION('center_axis',(-1.,0.,0.));
#13478=DIRECTION('ref_axis',(0.,0.382683432365091,-0.923879532511287));
#13479=DIRECTION('',(0.707106781186557,-0.499999999999993,0.499999999999993));
#13480=DIRECTION('center_axis',(-1.,0.,0.));
#13481=DIRECTION('ref_axis',(0.,0.382683432365091,-0.923879532511287));
#13482=DIRECTION('center_axis',(-0.707106781186532,-0.500000000000012,0.50000000000001));
#13483=DIRECTION('ref_axis',(0.577350269189642,0.,0.816496580927714));
#13484=DIRECTION('',(0.707106781186524,-0.500000000000032,0.500000000000001));
#13485=DIRECTION('',(0.,-0.707106781186547,-0.707106781186548));
#13486=DIRECTION('center_axis',(1.,0.,0.));
#13487=DIRECTION('ref_axis',(0.,-0.382683432365093,0.923879532511286));
#13488=DIRECTION('',(0.707106781186544,0.,0.707106781186551));
#13489=DIRECTION('center_axis',(1.,0.,0.));
#13490=DIRECTION('ref_axis',(0.,-0.382683432365093,0.923879532511286));
#13491=DIRECTION('center_axis',(-0.707106781186548,-9.26611942829694E-16,
0.707106781186548));
#13492=DIRECTION('ref_axis',(0.707106781186548,0.,0.707106781186548));
#13493=DIRECTION('',(0.707106781186555,0.,0.70710678118654));
#13494=DIRECTION('',(0.,-1.,-1.31042717660664E-15));
#13495=DIRECTION('center_axis',(1.,0.,0.));
#13496=DIRECTION('ref_axis',(0.,1.,-4.56777472988636E-15));
#13497=DIRECTION('',(0.707106781186587,0.707106781186508,0.));
#13498=DIRECTION('center_axis',(1.,0.,0.));
#13499=DIRECTION('ref_axis',(0.,1.,-4.56777472988636E-15));
#13500=DIRECTION('center_axis',(-0.707106781186508,0.707106781186587,2.1411208474307E-16));
#13501=DIRECTION('ref_axis',(3.02800214111643E-16,0.,1.));
#13502=DIRECTION('',(0.707106781186555,0.70710678118654,0.));
#13503=DIRECTION('',(0.,-3.0280021411161E-16,1.));
#13504=DIRECTION('center_axis',(1.,0.,0.));
#13505=DIRECTION('ref_axis',(0.,-6.09036630651516E-15,-1.));
#13506=DIRECTION('',(0.707106781186524,0.,-0.707106781186571));
#13507=DIRECTION('center_axis',(1.,0.,0.));
#13508=DIRECTION('ref_axis',(0.,-6.09036630651516E-15,-1.));
#13509=DIRECTION('center_axis',(-0.70710678118654,0.,-0.707106781186555));
#13510=DIRECTION('ref_axis',(-0.707106781186555,0.,0.70710678118654));
#13511=DIRECTION('',(0.707106781186524,0.,-0.707106781186571));
#13512=DIRECTION('',(0.,1.,0.));
#13513=DIRECTION('center_axis',(1.,0.,0.));
#13514=DIRECTION('ref_axis',(0.,-0.38268343236509,-0.923879532511286));
#13515=DIRECTION('center_axis',(1.,0.,0.));
#13516=DIRECTION('ref_axis',(0.,-0.38268343236509,-0.923879532511286));
#13517=DIRECTION('center_axis',(0.,1.,5.94063521552512E-15));
#13518=DIRECTION('ref_axis',(0.,-5.94063521552512E-15,1.));
#13519=DIRECTION('',(0.,5.94063521552512E-15,-1.));
#13520=DIRECTION('',(1.,0.,0.));
#13521=DIRECTION('center_axis',(1.,0.,0.));
#13522=DIRECTION('ref_axis',(0.,-1.,0.));
#13523=DIRECTION('center_axis',(1.,0.,0.));
#13524=DIRECTION('ref_axis',(0.,-1.,0.));
#13525=DIRECTION('center_axis',(-1.,0.,0.));
#13526=DIRECTION('ref_axis',(0.,0.,1.));
#13527=DIRECTION('',(0.707106781186524,0.707106781186571,0.));
#13528=DIRECTION('center_axis',(-1.,0.,0.));
#13529=DIRECTION('ref_axis',(0.,0.,1.));
#13530=DIRECTION('',(-0.707106781186587,0.707106781186508,0.));
#13531=DIRECTION('center_axis',(-0.70710678118654,-0.707106781186555,-3.85060815833234E-15));
#13532=DIRECTION('ref_axis',(-5.44558228089815E-15,0.,1.));
#13533=DIRECTION('',(0.,5.44558228089803E-15,-1.));
#13534=DIRECTION('',(-0.707106781186524,0.707106781186571,0.));
#13535=DIRECTION('center_axis',(-1.,0.,0.));
#13536=DIRECTION('ref_axis',(0.,-1.,0.));
#13537=DIRECTION('center_axis',(-1.,0.,0.));
#13538=DIRECTION('ref_axis',(0.,-1.,0.));
#13539=DIRECTION('',(-0.707106781186555,-0.70710678118654,0.));
#13540=DIRECTION('center_axis',(-0.70710678118654,0.707106781186555,4.20066344545347E-15));
#13541=DIRECTION('ref_axis',(5.94063521552525E-15,0.,1.));
#13542=DIRECTION('',(0.,-5.94063521552512E-15,1.));
#13543=DIRECTION('center_axis',(0.,1.,5.94063521552512E-15));
#13544=DIRECTION('ref_axis',(0.,-5.94063521552512E-15,1.));
#13545=DIRECTION('',(0.,5.94063521552512E-15,-1.));
#13546=DIRECTION('',(1.,0.,0.));
#13547=DIRECTION('center_axis',(1.,0.,0.));
#13548=DIRECTION('ref_axis',(0.,0.,-1.));
#13549=DIRECTION('center_axis',(1.,0.,0.));
#13550=DIRECTION('ref_axis',(0.,0.,-1.));
#13551=DIRECTION('center_axis',(-1.,0.,0.));
#13552=DIRECTION('ref_axis',(0.,1.,5.55111512312578E-15));
#13553=DIRECTION('',(0.707106781186555,0.70710678118654,0.));
#13554=DIRECTION('center_axis',(-1.,0.,0.));
#13555=DIRECTION('ref_axis',(0.,1.,5.55111512312578E-15));
#13556=DIRECTION('',(-0.707106781186555,0.70710678118654,0.));
#13557=DIRECTION('center_axis',(-0.70710678118654,-0.707106781186555,-3.85060815833234E-15));
#13558=DIRECTION('ref_axis',(-5.44558228089815E-15,0.,1.));
#13559=DIRECTION('',(0.,5.44558228089803E-15,-1.));
#13560=DIRECTION('',(-0.707106781186553,0.707106781186538,7.57928534450982E-8));
#13561=DIRECTION('center_axis',(-1.,0.,0.));
#13562=DIRECTION('ref_axis',(0.,0.,-1.));
#13563=DIRECTION('center_axis',(-1.,0.,0.));
#13564=DIRECTION('ref_axis',(0.,0.,-1.));
#13565=DIRECTION('',(-0.707106781186493,-0.707106781186602,0.));
#13566=DIRECTION('center_axis',(-0.70710678118654,0.707106781186555,4.20066344545347E-15));
#13567=DIRECTION('ref_axis',(5.94063521552525E-15,0.,1.));
#13568=DIRECTION('',(0.,-5.94063521552512E-15,1.));
#13569=DIRECTION('center_axis',(1.,0.,0.));
#13570=DIRECTION('ref_axis',(0.,0.,-1.));
#13571=DIRECTION('',(-1.,0.,0.));
#13572=DIRECTION('center_axis',(1.,0.,0.));
#13573=DIRECTION('ref_axis',(0.,0.,-1.));
#13574=DIRECTION('center_axis',(-1.,0.,0.));
#13575=DIRECTION('ref_axis',(0.,0.,-1.));
#13576=DIRECTION('center_axis',(-1.,0.,0.));
#13577=DIRECTION('ref_axis',(0.,0.,-1.));
#13578=DIRECTION('',(0.707106781186555,-8.65956056235484E-17,-0.70710678118654));
#13579=DIRECTION('center_axis',(1.,0.,0.));
#13580=DIRECTION('ref_axis',(0.,0.,-1.));
#13581=DIRECTION('',(-1.,0.,0.));
#13582=DIRECTION('center_axis',(1.,0.,0.));
#13583=DIRECTION('ref_axis',(0.,0.,-1.));
#13584=DIRECTION('center_axis',(1.,0.,0.));
#13585=DIRECTION('ref_axis',(0.,0.,-1.));
#13586=DIRECTION('center_axis',(-1.,0.,0.));
#13587=DIRECTION('ref_axis',(0.,0.,-1.));
#13588=DIRECTION('center_axis',(-1.,0.,0.));
#13589=DIRECTION('ref_axis',(0.,0.,-1.));
#13590=DIRECTION('',(0.707106781186555,-8.65956056235484E-17,-0.70710678118654));
#13591=DIRECTION('center_axis',(0.,-1.,-1.52057231313324E-15));
#13592=DIRECTION('ref_axis',(0.,1.52057231313324E-15,-1.));
#13593=DIRECTION('',(1.,0.,0.));
#13594=DIRECTION('center_axis',(1.,0.,0.));
#13595=DIRECTION('ref_axis',(0.,1.,1.42108547151905E-14));
#13596=DIRECTION('',(1.,0.,0.));
#13597=DIRECTION('',(1.,0.,0.));
#13598=DIRECTION('center_axis',(0.,-0.034899496702476,-0.999390827019097));
#13599=DIRECTION('ref_axis',(0.,0.999390827019097,-0.034899496702476));
#13600=DIRECTION('',(1.,0.,0.));
#13601=DIRECTION('center_axis',(1.,0.,0.));
#13602=DIRECTION('ref_axis',(0.,-1.,-2.84217094304041E-14));
#13603=DIRECTION('center_axis',(1.,0.,0.));
#13604=DIRECTION('ref_axis',(0.,-0.0348994967025043,0.999390827019096));
#13605=DIRECTION('',(1.,0.,0.));
#13606=DIRECTION('center_axis',(0.,-1.,-1.21645785050659E-14));
#13607=DIRECTION('ref_axis',(0.,1.21645785050659E-14,-1.));
#13608=DIRECTION('center_axis',(0.,-0.0348994967025063,0.999390827019096));
#13609=DIRECTION('ref_axis',(0.,-0.999390827019096,-0.0348994967025063));
#13610=DIRECTION('',(1.,0.,0.));
#13611=DIRECTION('center_axis',(1.,0.,0.));
#13612=DIRECTION('ref_axis',(0.,0.0348994967025012,-0.999390827019096));
#13613=DIRECTION('axis',(0.,0.,1.));
#13614=DIRECTION('refdir',(1.,0.,0.));
#13615=DIRECTION('center_axis',(0.,1.,8.88178419700128E-15));
#13616=DIRECTION('ref_axis',(-0.382683432365094,-1.9227147879029E-14,0.923879532511285));
#13617=DIRECTION('center_axis',(0.,-1.,0.));
#13618=DIRECTION('ref_axis',(-0.382683432365094,-1.9227147879029E-14,0.923879532511285));
#13619=DIRECTION('',(0.,-1.,-8.88178419700128E-15));
#13620=DIRECTION('center_axis',(1.69421462501272E-14,0.939692620785897,
0.342020143325701));
#13621=DIRECTION('ref_axis',(4.65481642593185E-14,-0.342020143325701,0.939692620785897));
#13622=DIRECTION('',(0.,1.,8.88178419700128E-15));
#13623=DIRECTION('center_axis',(-0.707106781186544,-0.707106781186551,0.));
#13624=DIRECTION('ref_axis',(-0.707106781186551,0.707106781186544,1.25116742801364E-14));
#13625=DIRECTION('center_axis',(7.85046229341888E-17,-0.766044443118979,
0.642787609686538));
#13626=DIRECTION('ref_axis',(-0.38268343236509,-0.593858316341239,-0.707732781991638));
#13627=DIRECTION('',(7.85046229341888E-17,-0.766044443118979,0.642787609686538));
#13628=DIRECTION('center_axis',(1.04263952334473E-14,0.766044443118979,
-0.642787609686539));
#13629=DIRECTION('ref_axis',(0.,-0.642787609686538,-0.766044443118979));
#13630=DIRECTION('',(-1.17756934401283E-16,0.766044443118979,-0.642787609686538));
#13631=DIRECTION('center_axis',(2.90205184571557E-14,-0.939692620785929,
0.342020143325611));
#13632=DIRECTION('ref_axis',(7.95036869999184E-14,-0.342020143325611,-0.939692620785929));
#13633=DIRECTION('center_axis',(1.,0.,0.));
#13634=DIRECTION('ref_axis',(0.,-0.422618261740679,0.906307787036659));
#13635=DIRECTION('center_axis',(1.,0.,0.));
#13636=DIRECTION('ref_axis',(0.,-0.422618261740692,0.906307787036654));
#13637=DIRECTION('center_axis',(-1.47158218898757E-14,3.55271367880045E-14,
1.));
#13638=DIRECTION('ref_axis',(0.,1.,-3.55271367880045E-14));
#13639=DIRECTION('center_axis',(-1.,0.,0.));
#13640=DIRECTION('ref_axis',(0.,-0.422618261740685,0.906307787036657));
#13641=DIRECTION('center_axis',(-4.46247116395789E-30,-3.47487750200926E-14,
-1.));
#13642=DIRECTION('ref_axis',(-0.382683432365087,0.923879532511288,-3.84542957580574E-14));
#13643=DIRECTION('',(-4.46247116395789E-30,-3.47487750200926E-14,-1.));
#13644=DIRECTION('center_axis',(1.04056574490647E-14,3.55271367880051E-14,
1.));
#13645=DIRECTION('ref_axis',(0.,1.,-3.55271367880051E-14));
#13646=DIRECTION('',(4.46247116395789E-30,3.47487750200926E-14,1.));
#13647=DIRECTION('center_axis',(1.,0.,0.));
#13648=DIRECTION('ref_axis',(0.,0.,-1.));
#13649=DIRECTION('center_axis',(1.,0.,0.));
#13650=DIRECTION('ref_axis',(0.,-0.422618261740728,-0.906307787036637));
#13651=DIRECTION('center_axis',(6.62382756007217E-15,-0.766044443118977,
-0.64278760968654));
#13652=DIRECTION('ref_axis',(0.,-0.64278760968654,0.766044443118977));
#13653=DIRECTION('center_axis',(-1.,0.,0.));
#13654=DIRECTION('ref_axis',(0.,-0.422618261740735,-0.906307787036633));
#13655=DIRECTION('center_axis',(0.,0.766044443118982,0.642787609686535));
#13656=DIRECTION('ref_axis',(-0.38268343236509,-0.593858316341239,0.707732781991638));
#13657=DIRECTION('',(0.,0.766044443118982,0.642787609686535));
#13658=DIRECTION('',(3.92523114670944E-17,-0.766044443118982,-0.642787609686535));
#13659=DIRECTION('center_axis',(0.,-1.,8.88178419700128E-15));
#13660=DIRECTION('ref_axis',(-0.382683432365087,0.,-0.923879532511288));
#13661=DIRECTION('center_axis',(-0.707106781186544,-0.707106781186551,0.));
#13662=DIRECTION('ref_axis',(-0.707106781186551,0.707106781186544,-1.24135435014687E-14));
#13663=DIRECTION('',(0.,-1.,8.88178419700128E-15));
#13664=DIRECTION('',(0.,1.,-8.88178419700128E-15));
#13665=DIRECTION('center_axis',(0.,-1.,0.));
#13666=DIRECTION('ref_axis',(-0.382683432365087,0.,-0.923879532511288));
#13667=DIRECTION('center_axis',(-0.707106781186548,-6.28036983473512E-15,
0.707106781186548));
#13668=DIRECTION('ref_axis',(0.707106781186548,0.,0.707106781186548));
#13669=DIRECTION('',(-0.707106781186548,0.,-0.707106781186548));
#13670=DIRECTION('',(0.,-1.,-8.88178419700128E-15));
#13671=DIRECTION('',(0.68479107877173,-0.249243569363985,0.68479107877173));
#13672=DIRECTION('center_axis',(0.,-1.,0.));
#13673=DIRECTION('ref_axis',(0.,0.,-1.));
#13674=DIRECTION('',(0.,0.,-1.));
#13675=DIRECTION('',(1.,0.,0.));
#13676=DIRECTION('',(0.,0.,-1.));
#13677=DIRECTION('center_axis',(0.707106781186544,0.707106781186551,0.));
#13678=DIRECTION('ref_axis',(0.707106781186551,-0.707106781186544,4.55885329486705E-15));
#13679=DIRECTION('',(0.707106781186551,-0.707106781186544,-6.28036983473509E-15));
#13680=DIRECTION('',(0.608120402411349,-0.608120402411342,-0.51027360537473));
#13681=DIRECTION('',(0.,0.,-1.));
#13682=DIRECTION('',(0.707106781186551,-0.707106781186544,4.55885329486705E-15));
#13683=DIRECTION('center_axis',(0.,8.88178419700128E-15,-1.));
#13684=DIRECTION('ref_axis',(0.,1.,8.88178419700128E-15));
#13685=DIRECTION('',(1.,0.,0.));
#13686=DIRECTION('center_axis',(0.,0.642787609686535,-0.766044443118982));
#13687=DIRECTION('ref_axis',(0.,0.766044443118982,0.642787609686535));
#13688=DIRECTION('',(-1.,0.,0.));
#13689=DIRECTION('',(0.,0.766044443118982,0.642787609686535));
#13690=DIRECTION('',(1.,0.,0.));
#13691=DIRECTION('',(0.608120402411349,0.608120402411342,0.510273605374731));
#13692=DIRECTION('center_axis',(1.,0.,0.));
#13693=DIRECTION('ref_axis',(0.,-0.422618261740721,-0.90630778703664));
#13694=DIRECTION('',(1.,0.,0.));
#13695=DIRECTION('center_axis',(-1.,0.,0.));
#13696=DIRECTION('ref_axis',(0.,-0.422618261740721,-0.90630778703664));
#13697=DIRECTION('center_axis',(0.,-1.,3.47487750200926E-14));
#13698=DIRECTION('ref_axis',(0.,-3.47487750200926E-14,-1.));
#13699=DIRECTION('',(-1.,0.,0.));
#13700=DIRECTION('',(0.,-3.47487750200926E-14,-1.));
#13701=DIRECTION('center_axis',(1.,0.,0.));
#13702=DIRECTION('ref_axis',(0.,-0.422618261740689,0.906307787036655));
#13703=DIRECTION('',(1.,0.,0.));
#13704=DIRECTION('center_axis',(-1.,0.,0.));
#13705=DIRECTION('ref_axis',(0.,-0.422618261740689,0.906307787036655));
#13706=DIRECTION('center_axis',(0.,0.642787609686538,0.766044443118979));
#13707=DIRECTION('ref_axis',(0.,-0.766044443118979,0.642787609686538));
#13708=DIRECTION('',(1.,0.,0.));
#13709=DIRECTION('',(-0.608120402411348,0.608120402411341,-0.510273605374733));
#13710=DIRECTION('',(-0.608120402411347,-0.608120402411341,0.510273605374734));
#13711=DIRECTION('',(1.,0.,0.));
#13712=DIRECTION('',(0.,-0.766044443118979,0.642787609686538));
#13713=DIRECTION('center_axis',(-0.707106781186547,-0.454519477672043,-0.541675220419703));
#13714=DIRECTION('ref_axis',(-0.608120402411344,0.,0.793844806099445));
#13715=DIRECTION('',(-0.707106781186548,0.454519477672042,0.541675220419703));
#13716=DIRECTION('',(0.,0.766044443118979,-0.642787609686538));
#13717=DIRECTION('',(0.684791078771723,-0.24924356936386,-0.684791078771783));
#13718=DIRECTION('center_axis',(-1.,0.,0.));
#13719=DIRECTION('ref_axis',(0.,-0.422618261740689,0.906307787036655));
#13720=DIRECTION('',(-0.707106781186555,-0.70710678118654,0.));
#13721=DIRECTION('center_axis',(-1.,0.,0.));
#13722=DIRECTION('ref_axis',(0.,-0.422618261740689,0.906307787036655));
#13723=DIRECTION('center_axis',(-0.707106781186548,0.707106781186548,-2.45710944546332E-14));
#13724=DIRECTION('ref_axis',(-3.47487750200926E-14,0.,1.));
#13725=DIRECTION('',(-0.707106781186563,-0.707106781186532,3.14018491736769E-14));
#13726=DIRECTION('',(0.,3.47487750200926E-14,1.));
#13727=DIRECTION('center_axis',(-1.,0.,0.));
#13728=DIRECTION('ref_axis',(0.,-0.422618261740722,-0.90630778703664));
#13729=DIRECTION('',(-0.707106781186533,0.454519477672055,-0.541675220419711));
#13730=DIRECTION('center_axis',(-1.,0.,0.));
#13731=DIRECTION('ref_axis',(0.,-0.422618261740721,-0.90630778703664));
#13732=DIRECTION('center_axis',(-0.707106781186547,-0.454519477672041,0.541675220419705));
#13733=DIRECTION('ref_axis',(0.608120402411345,0.,0.793844806099444));
#13734=DIRECTION('',(0.,-0.766044443118982,-0.642787609686535));
#13735=DIRECTION('center_axis',(-0.707106781186548,-6.28036983473512E-15,
-0.707106781186548));
#13736=DIRECTION('ref_axis',(-0.707106781186548,0.,0.707106781186548));
#13737=DIRECTION('',(0.,1.,-8.88178419700128E-15));
#13738=DIRECTION('',(0.707106781186548,0.,-0.707106781186548));
#13739=DIRECTION('center_axis',(0.,8.88178419700128E-15,1.));
#13740=DIRECTION('ref_axis',(0.,-1.,8.88178419700128E-15));
#13741=DIRECTION('',(-0.707106781186551,0.707106781186544,-6.28036983473509E-15));
#13742=DIRECTION('center_axis',(0.,-1.,0.));
#13743=DIRECTION('ref_axis',(0.,0.,-1.));
#13744=DIRECTION('',(0.,0.,-1.));
#13745=DIRECTION('',(1.,0.,0.));
#13746=DIRECTION('',(0.,0.,-1.));
#13747=DIRECTION('center_axis',(0.,8.88178419700128E-15,-1.));
#13748=DIRECTION('ref_axis',(0.,1.,8.88178419700128E-15));
#13749=DIRECTION('',(0.707106781186551,0.707106781186544,6.28036983473509E-15));
#13750=DIRECTION('',(0.,1.,8.88178419700128E-15));
#13751=DIRECTION('center_axis',(1.,0.,0.));
#13752=DIRECTION('ref_axis',(0.,0.,-1.));
#13753=DIRECTION('',(0.,-1.,8.88178419700128E-15));
#13754=DIRECTION('',(0.,0.,1.));
#13755=DIRECTION('center_axis',(0.,8.88178419700128E-15,1.));
#13756=DIRECTION('ref_axis',(0.,-1.,8.88178419700128E-15));
#13757=DIRECTION('',(-0.707106781186551,-0.707106781186544,6.28036983473509E-15));
#13758=DIRECTION('center_axis',(-0.707106781186544,0.707106781186551,0.));
#13759=DIRECTION('ref_axis',(0.707106781186551,0.707106781186544,-4.55885329486705E-15));
#13760=DIRECTION('',(0.,0.,-1.));
#13761=DIRECTION('',(0.707106781186551,0.707106781186544,-4.55885329486705E-15));
#13762=DIRECTION('',(0.,0.,1.));
#13763=DIRECTION('',(0.707106781186551,0.707106781186544,-4.55885329486705E-15));
#13764=DIRECTION('center_axis',(0.707106781186544,0.707106781186551,0.));
#13765=DIRECTION('ref_axis',(0.707106781186551,-0.707106781186544,4.55885329486705E-15));
#13766=DIRECTION('',(0.707106781186551,-0.707106781186544,4.55885329486705E-15));
#13767=DIRECTION('center_axis',(0.707106781186544,0.707106781186551,1.07520699390103E-15));
#13768=DIRECTION('ref_axis',(0.707106781186551,-0.707106781186544,1.84584939185206E-33));
#13769=DIRECTION('',(0.707106781186551,-0.707106781186544,2.96964188619408E-13));
#13770=DIRECTION('',(0.,1.52057231313324E-15,-1.));
#13771=DIRECTION('',(-0.707106781186551,0.707106781186544,2.94392336003212E-16));
#13772=DIRECTION('',(0.,1.52057231313324E-15,-1.));
#13773=DIRECTION('center_axis',(0.707106781186544,0.707106781186551,1.07520699390103E-15));
#13774=DIRECTION('ref_axis',(0.707106781186551,-0.707106781186544,1.84584939185206E-33));
#13775=DIRECTION('',(-0.707106781186551,0.707106781186544,-2.96964188619408E-13));
#13776=DIRECTION('',(0.,1.52057231313324E-15,-1.));
#13777=DIRECTION('',(0.707106781186551,-0.707106781186544,1.84584939185206E-33));
#13778=DIRECTION('',(0.,1.52057231313324E-15,-1.));
#13779=DIRECTION('center_axis',(-0.707106781186544,0.707106781186551,8.60165595120825E-15));
#13780=DIRECTION('ref_axis',(0.707106781186551,0.707106781186544,1.73805414505068E-13));
#13781=DIRECTION('',(0.707106781186551,0.707106781186544,1.73805414505068E-13));
#13782=DIRECTION('',(0.,-1.21645785050659E-14,1.));
#13783=DIRECTION('',(0.707106781186551,0.707106781186544,1.96261557335475E-16));
#13784=DIRECTION('',(0.,1.21645785050659E-14,-1.));
#13785=DIRECTION('center_axis',(0.707106781186544,0.707106781186551,8.60165595120825E-15));
#13786=DIRECTION('ref_axis',(0.707106781186551,-0.707106781186544,-1.73805414505068E-13));
#13787=DIRECTION('',(0.707106781186551,-0.707106781186544,-1.73805414505068E-13));
#13788=DIRECTION('',(0.707106781186551,-0.707106781186544,-1.96261557335475E-16));
#13789=DIRECTION('',(-2.23123558197896E-30,1.21645785050659E-14,-1.));
#13790=DIRECTION('center_axis',(1.,0.,0.));
#13791=DIRECTION('ref_axis',(0.,0.0348994967027282,0.999390827019088));
#13792=DIRECTION('',(0.707106781186551,0.0246776707783328,0.706676030840831));
#13793=DIRECTION('center_axis',(1.,0.,0.));
#13794=DIRECTION('ref_axis',(0.,1.,1.42108547151905E-14));
#13795=DIRECTION('center_axis',(-1.,-6.32340467882382E-15,-6.10644091689639E-15));
#13796=DIRECTION('ref_axis',(-6.16790569234903E-15,0.0348994967031379,0.999390827019073));
#13797=DIRECTION('center_axis',(-1.,0.,0.));
#13798=DIRECTION('ref_axis',(0.,0.0348994967027282,0.999390827019088));
#13799=DIRECTION('',(0.707106781186551,-0.0246776707783328,-0.706676030840831));
#13800=DIRECTION('center_axis',(-1.,0.,0.));
#13801=DIRECTION('ref_axis',(0.,1.,1.42108547151905E-14));
#13802=DIRECTION('center_axis',(-0.707106781186544,0.0246776707783185,0.706676030840839));
#13803=DIRECTION('ref_axis',(0.707106781186551,0.0246776707783328,0.706676030840831));
#13804=DIRECTION('',(0.707106781186551,0.0246776707783328,0.706676030840831));
#13805=DIRECTION('',(-4.90653893338682E-18,-0.999390827019097,0.034899496702476));
#13806=DIRECTION('',(0.,0.999390827019097,-0.034899496702476));
#13807=DIRECTION('center_axis',(0.707106781186544,0.0246776707783185,0.706676030840839));
#13808=DIRECTION('ref_axis',(0.707106781186551,-0.0246776707783328,-0.706676030840831));
#13809=DIRECTION('',(0.707106781186551,-0.0246776707783328,-0.706676030840831));
#13810=DIRECTION('',(-4.90653893338682E-18,0.999390827019097,-0.034899496702476));
#13811=DIRECTION('center_axis',(-1.,0.,0.));
#13812=DIRECTION('ref_axis',(0.,-1.,-2.84217094304041E-14));
#13813=DIRECTION('center_axis',(-1.,0.,0.));
#13814=DIRECTION('ref_axis',(0.,-1.,-2.84217094304041E-14));
#13815=DIRECTION('center_axis',(1.,0.,0.));
#13816=DIRECTION('ref_axis',(0.,-1.,-1.5164021799758E-14));
#13817=DIRECTION('center_axis',(1.,0.,0.));
#13818=DIRECTION('ref_axis',(0.,-1.,-2.84217094304041E-14));
#13819=DIRECTION('center_axis',(1.,0.,0.));
#13820=DIRECTION('ref_axis',(0.,-1.,-2.84217094304041E-14));
#13821=DIRECTION('center_axis',(-1.,0.,0.));
#13822=DIRECTION('ref_axis',(0.,-0.0348994967025043,0.999390827019096));
#13823=DIRECTION('',(0.707106781186551,0.0246776707783361,-0.706676030840831));
#13824=DIRECTION('center_axis',(-1.,0.,0.));
#13825=DIRECTION('ref_axis',(0.,-0.0348994967025043,0.999390827019096));
#13826=DIRECTION('center_axis',(1.,0.,0.));
#13827=DIRECTION('ref_axis',(0.,-0.0348994967025028,0.999390827019096));
#13828=DIRECTION('center_axis',(1.,0.,0.));
#13829=DIRECTION('ref_axis',(0.,-0.0348994967025043,0.999390827019096));
#13830=DIRECTION('',(0.707106781186551,-0.0246776707783361,0.706676030840831));
#13831=DIRECTION('center_axis',(1.,0.,0.));
#13832=DIRECTION('ref_axis',(0.,-0.0348994967025043,0.999390827019096));
#13833=DIRECTION('center_axis',(-0.707106781186544,0.0246776707783399,-0.706676030840838));
#13834=DIRECTION('ref_axis',(0.707106781186551,0.0246776707783361,-0.706676030840831));
#13835=DIRECTION('',(0.707106781186551,0.0246776707783361,-0.706676030840831));
#13836=DIRECTION('',(0.,0.999390827019096,0.0348994967025063));
#13837=DIRECTION('',(0.,-0.999390827019096,-0.0348994967025063));
#13838=DIRECTION('center_axis',(0.707106781186544,0.0246776707783399,-0.706676030840838));
#13839=DIRECTION('ref_axis',(0.707106781186551,-0.0246776707783361,0.706676030840831));
#13840=DIRECTION('',(0.707106781186551,-0.0246776707783361,0.706676030840831));
#13841=DIRECTION('',(0.,-0.999390827019096,-0.0348994967025063));
#13842=DIRECTION('center_axis',(1.,0.,0.));
#13843=DIRECTION('ref_axis',(0.,1.,0.));
#13844=DIRECTION('',(0.707106781186551,0.707106781186544,-1.84584939185206E-33));
#13845=DIRECTION('center_axis',(1.,0.,0.));
#13846=DIRECTION('ref_axis',(0.,0.0348994967025012,-0.999390827019096));
#13847=DIRECTION('center_axis',(-1.,0.,0.));
#13848=DIRECTION('ref_axis',(0.,1.,0.));
#13849=DIRECTION('center_axis',(-1.,0.,0.));
#13850=DIRECTION('ref_axis',(0.,1.,0.));
#13851=DIRECTION('center_axis',(-1.,0.,0.));
#13852=DIRECTION('ref_axis',(0.,0.0348994967025012,-0.999390827019096));
#13853=DIRECTION('center_axis',(-0.707106781186544,0.707106781186551,1.07520699390103E-15));
#13854=DIRECTION('ref_axis',(0.707106781186551,0.707106781186544,-1.84584939185206E-33));
#13855=DIRECTION('',(-0.707106781186551,-0.707106781186544,2.96964188619408E-13));
#13856=DIRECTION('',(0.,1.52057231313324E-15,-1.));
#13857=DIRECTION('',(0.707106781186551,0.707106781186544,-2.96964188619408E-13));
#13858=DIRECTION('',(-0.707106781186551,-0.707106781186544,-2.94392336003212E-16));
#13859=DIRECTION('',(0.,-1.52057231313324E-15,1.));
#13860=DIRECTION('center_axis',(0.,-2.77555756156295E-16,1.));
#13861=DIRECTION('ref_axis',(0.,1.,2.77555756156295E-16));
#13862=DIRECTION('',(1.,0.,0.));
#13863=DIRECTION('',(0.,1.,2.77555756156295E-16));
#13864=DIRECTION('',(-1.,0.,0.));
#13865=DIRECTION('',(0.,-1.,-2.77555756156295E-16));
#13866=DIRECTION('',(1.,0.,0.));
#13867=DIRECTION('center_axis',(0.,-4.19970783084691E-13,-1.));
#13868=DIRECTION('ref_axis',(0.,-1.,4.19970783084691E-13));
#13869=DIRECTION('',(-1.,0.,0.));
#13870=DIRECTION('',(0.,1.,-4.19970783084691E-13));
#13871=DIRECTION('',(1.,0.,0.));
#13872=DIRECTION('',(0.,-1.,4.19970783084691E-13));
#13873=DIRECTION('',(-1.,0.,0.));
#13874=DIRECTION('',(0.,1.,-4.19970783084691E-13));
#13875=DIRECTION('',(1.,0.,0.));
#13876=DIRECTION('',(0.,-1.,4.19970783084691E-13));
#13877=DIRECTION('',(-1.,0.,0.));
#13878=DIRECTION('',(0.,1.,-4.19970783084691E-13));
#13879=DIRECTION('',(1.,0.,0.));
#13880=DIRECTION('',(0.,-1.,4.19970783084691E-13));
#13881=DIRECTION('',(-1.,0.,0.));
#13882=DIRECTION('',(0.,1.,-4.19970783084691E-13));
#13883=DIRECTION('',(1.,0.,0.));
#13884=DIRECTION('',(0.,-1.,4.19970783084691E-13));
#13885=DIRECTION('',(-1.,0.,0.));
#13886=DIRECTION('',(0.,1.,-4.19970783084691E-13));
#13887=DIRECTION('',(-1.,0.,0.));
#13888=DIRECTION('',(0.,-1.,4.19970783084691E-13));
#13889=DIRECTION('',(-1.,0.,0.));
#13890=DIRECTION('',(0.,1.,-4.19970783084691E-13));
#13891=DIRECTION('',(1.,0.,0.));
#13892=DIRECTION('',(0.,-1.,4.19970783084691E-13));
#13893=DIRECTION('',(-1.,0.,0.));
#13894=DIRECTION('',(0.,1.,-4.19970783084691E-13));
#13895=DIRECTION('',(1.,0.,0.));
#13896=DIRECTION('',(0.,-1.,4.19970783084691E-13));
#13897=DIRECTION('',(-1.,0.,0.));
#13898=DIRECTION('',(0.,1.,-4.19970783084691E-13));
#13899=DIRECTION('',(1.,0.,0.));
#13900=DIRECTION('',(0.,-1.,4.19970783084691E-13));
#13901=DIRECTION('',(-1.,0.,0.));
#13902=DIRECTION('',(0.,1.,-4.19970783084691E-13));
#13903=DIRECTION('',(1.,0.,0.));
#13904=DIRECTION('',(0.,-1.,4.19970783084691E-13));
#13905=DIRECTION('center_axis',(0.,-1.,-1.21645785050659E-14));
#13906=DIRECTION('ref_axis',(0.,1.21645785050659E-14,-1.));
#13907=DIRECTION('',(1.,0.,0.));
#13908=DIRECTION('',(0.,-1.21645785050659E-14,1.));
#13909=DIRECTION('',(0.707106781186555,3.14018491736758E-14,0.70710678118654));
#13910=DIRECTION('center_axis',(0.,-1.,-1.21645785050659E-14));
#13911=DIRECTION('ref_axis',(0.,1.21645785050659E-14,-1.));
#13912=DIRECTION('',(0.707106781186555,-3.14018491736758E-14,-0.70710678118654));
#13913=DIRECTION('',(0.,1.21645785050659E-14,-1.));
#13914=DIRECTION('',(1.,0.,0.));
#13915=DIRECTION('center_axis',(1.,0.,0.));
#13916=DIRECTION('ref_axis',(0.,1.,1.42108547151905E-14));
#13917=DIRECTION('',(1.,0.,0.));
#13918=DIRECTION('center_axis',(1.,0.,0.));
#13919=DIRECTION('ref_axis',(0.,1.,1.42108547151905E-14));
#13920=DIRECTION('center_axis',(1.,0.,0.));
#13921=DIRECTION('ref_axis',(0.,1.,1.42108547151905E-14));
#13922=DIRECTION('center_axis',(-1.,0.,0.));
#13923=DIRECTION('ref_axis',(0.,1.,1.42108547151905E-14));
#13924=DIRECTION('',(1.,0.,0.));
#13925=DIRECTION('center_axis',(0.,-0.034899496702476,-0.999390827019097));
#13926=DIRECTION('ref_axis',(0.,0.999390827019097,-0.034899496702476));
#13927=DIRECTION('',(1.,0.,0.));
#13928=DIRECTION('',(0.,-0.999390827019097,0.034899496702476));
#13929=DIRECTION('center_axis',(0.,-0.034899496702476,-0.999390827019097));
#13930=DIRECTION('ref_axis',(0.,0.999390827019097,-0.034899496702476));
#13931=DIRECTION('',(0.,0.999390827019097,-0.034899496702476));
#13932=DIRECTION('',(1.,0.,0.));
#13933=DIRECTION('center_axis',(1.,0.,0.));
#13934=DIRECTION('ref_axis',(0.,-1.,-2.84217094304041E-14));
#13935=DIRECTION('',(1.,0.,0.));
#13936=DIRECTION('center_axis',(-1.,0.,0.));
#13937=DIRECTION('ref_axis',(0.,-1.,-2.84217094304041E-14));
#13938=DIRECTION('center_axis',(1.,0.,0.));
#13939=DIRECTION('ref_axis',(0.,-1.,-2.84217094304041E-14));
#13940=DIRECTION('center_axis',(1.,0.,0.));
#13941=DIRECTION('ref_axis',(0.,-1.,-2.84217094304041E-14));
#13942=DIRECTION('center_axis',(0.,-1.,0.));
#13943=DIRECTION('ref_axis',(0.,0.,-1.));
#13944=DIRECTION('',(1.,0.,0.));
#13945=DIRECTION('',(0.,0.,1.));
#13946=DIRECTION('center_axis',(1.,0.,0.));
#13947=DIRECTION('ref_axis',(0.,-0.0348994967025043,0.999390827019096));
#13948=DIRECTION('',(1.,0.,0.));
#13949=DIRECTION('center_axis',(-1.,0.,0.));
#13950=DIRECTION('ref_axis',(0.,-0.0348994967025043,0.999390827019096));
#13951=DIRECTION('center_axis',(0.,-1.,-1.52057231313324E-15));
#13952=DIRECTION('ref_axis',(0.,1.52057231313324E-15,-1.));
#13953=DIRECTION('',(-1.,0.,0.));
#13954=DIRECTION('',(0.707106781186548,0.,-0.707106781186548));
#13955=DIRECTION('',(0.,-1.52057231313324E-15,1.));
#13956=DIRECTION('',(1.,0.,0.));
#13957=DIRECTION('center_axis',(0.,-1.,-1.52057231313324E-15));
#13958=DIRECTION('ref_axis',(0.,1.52057231313324E-15,-1.));
#13959=DIRECTION('',(1.,0.,0.));
#13960=DIRECTION('',(0.,1.52057231313324E-15,-1.));
#13961=DIRECTION('',(0.707106781186548,0.,0.707106781186548));
#13962=DIRECTION('',(-1.,0.,0.));
#13963=DIRECTION('center_axis',(0.,-0.0348994967025063,0.999390827019096));
#13964=DIRECTION('ref_axis',(0.,-0.999390827019096,-0.0348994967025063));
#13965=DIRECTION('',(1.,0.,0.));
#13966=DIRECTION('',(0.,0.999390827019096,0.0348994967025063));
#13967=DIRECTION('center_axis',(1.,0.,0.));
#13968=DIRECTION('ref_axis',(0.,0.0348994967025012,-0.999390827019096));
#13969=DIRECTION('center_axis',(1.,0.,0.));
#13970=DIRECTION('ref_axis',(0.,0.0348994967025012,-0.999390827019096));
#13971=DIRECTION('center_axis',(1.,0.,0.));
#13972=DIRECTION('ref_axis',(0.,0.0348994967025012,-0.999390827019096));
#13973=DIRECTION('',(1.,0.,0.));
#13974=DIRECTION('center_axis',(-1.,0.,0.));
#13975=DIRECTION('ref_axis',(0.,0.0348994967025012,-0.999390827019096));
#13976=DIRECTION('',(1.,0.,0.));
#13977=DIRECTION('center_axis',(0.,-0.0348994967025063,0.999390827019096));
#13978=DIRECTION('ref_axis',(0.,-0.999390827019096,-0.0348994967025063));
#13979=DIRECTION('',(1.,0.,0.));
#13980=DIRECTION('',(0.,-0.999390827019096,-0.0348994967025063));
#13981=DIRECTION('center_axis',(1.,0.,0.));
#13982=DIRECTION('ref_axis',(0.,-0.0348994967025043,0.999390827019096));
#13983=DIRECTION('center_axis',(1.,0.,0.));
#13984=DIRECTION('ref_axis',(0.,-0.0348994967025043,0.999390827019096));
#13985=DIRECTION('center_axis',(0.,-1.,-1.52057231313324E-15));
#13986=DIRECTION('ref_axis',(0.,1.52057231313324E-15,-1.));
#13987=DIRECTION('',(0.,1.52057231313324E-15,-1.));
#13988=DIRECTION('center_axis',(1.,0.,0.));
#13989=DIRECTION('ref_axis',(0.,0.,-1.));
#13990=DIRECTION('',(0.,1.,4.16333634234442E-16));
#13991=DIRECTION('center_axis',(1.,0.,0.));
#13992=DIRECTION('ref_axis',(0.,-0.382683432365089,-0.923879532511287));
#13993=DIRECTION('',(0.,0.707106781186549,-0.707106781186546));
#13994=DIRECTION('center_axis',(-1.,0.,0.));
#13995=DIRECTION('ref_axis',(0.,0.382683432365089,0.923879532511287));
#13996=DIRECTION('',(0.,1.,-5.44671966291984E-17));
#13997=DIRECTION('center_axis',(-1.,0.,0.));
#13998=DIRECTION('ref_axis',(0.,-0.707106781186548,0.707106781186548));
#13999=DIRECTION('',(0.,5.2476053540277E-16,1.));
#14000=DIRECTION('center_axis',(-1.,0.,0.));
#14001=DIRECTION('ref_axis',(0.,-0.707106781186547,-0.707106781186547));
#14002=DIRECTION('',(0.,-1.,0.));
#14003=DIRECTION('center_axis',(-1.,0.,0.));
#14004=DIRECTION('ref_axis',(0.,0.382683432365088,-0.923879532511287));
#14005=DIRECTION('',(0.,-0.707106781186549,-0.707106781186546));
#14006=DIRECTION('center_axis',(1.,0.,0.));
#14007=DIRECTION('ref_axis',(0.,-0.382683432365089,0.923879532511287));
#14008=DIRECTION('',(0.,-1.,-2.77555756156295E-16));
#14009=DIRECTION('center_axis',(1.,0.,0.));
#14010=DIRECTION('ref_axis',(0.,4.87344587624294E-8,0.999999999999999));
#14011=DIRECTION('',(0.,1.,0.));
#14012=DIRECTION('center_axis',(1.,0.,0.));
#14013=DIRECTION('ref_axis',(0.,-1.2105189911383E-6,-0.999999999999267));
#14014=DIRECTION('',(0.,-1.,0.));
#14015=DIRECTION('center_axis',(1.,0.,0.));
#14016=DIRECTION('ref_axis',(0.,0.,-1.));
#14017=DIRECTION('center_axis',(1.,0.,0.));
#14018=DIRECTION('ref_axis',(0.,0.,-1.));
#14019=DIRECTION('center_axis',(1.,0.,0.));
#14020=DIRECTION('ref_axis',(0.,4.87344587624294E-8,0.999999999999999));
#14021=DIRECTION('',(0.,1.,0.));
#14022=DIRECTION('center_axis',(1.,0.,0.));
#14023=DIRECTION('ref_axis',(0.,-1.2105189911383E-6,-0.999999999999267));
#14024=DIRECTION('',(0.,-1.,0.));
#14025=DIRECTION('center_axis',(0.,4.19970783084691E-13,1.));
#14026=DIRECTION('ref_axis',(0.,1.,-4.19970783084691E-13));
#14027=DIRECTION('',(0.,1.,-4.19970783084691E-13));
#14028=DIRECTION('',(-1.,0.,0.));
#14029=DIRECTION('',(0.,-1.,4.19970783084691E-13));
#14030=DIRECTION('',(1.,0.,0.));
#14031=DIRECTION('',(0.,1.,-4.19970783084691E-13));
#14032=DIRECTION('',(-1.,0.,0.));
#14033=DIRECTION('',(0.,-1.,4.19970783084691E-13));
#14034=DIRECTION('',(1.,0.,0.));
#14035=DIRECTION('',(0.,1.,-4.19970783084691E-13));
#14036=DIRECTION('',(-1.,0.,0.));
#14037=DIRECTION('',(0.,-1.,4.19970783084691E-13));
#14038=DIRECTION('',(1.,0.,0.));
#14039=DIRECTION('',(0.,1.,-4.19970783084691E-13));
#14040=DIRECTION('',(-1.,0.,0.));
#14041=DIRECTION('',(0.,-1.,4.19970783084691E-13));
#14042=DIRECTION('',(1.,0.,0.));
#14043=DIRECTION('',(0.,1.,-4.19970783084691E-13));
#14044=DIRECTION('',(-1.,0.,0.));
#14045=DIRECTION('',(0.,-1.,4.19970783084691E-13));
#14046=DIRECTION('',(1.,0.,0.));
#14047=DIRECTION('',(0.,1.,-4.19970783084691E-13));
#14048=DIRECTION('',(-1.,0.,0.));
#14049=DIRECTION('',(0.,-1.,4.19970783084691E-13));
#14050=DIRECTION('',(1.,0.,0.));
#14051=DIRECTION('',(0.,1.,-4.19970783084691E-13));
#14052=DIRECTION('',(-1.,0.,0.));
#14053=DIRECTION('',(0.,-1.,4.19970783084691E-13));
#14054=DIRECTION('',(1.,0.,0.));
#14055=DIRECTION('',(0.,1.,-4.19970783084691E-13));
#14056=DIRECTION('',(-1.,0.,0.));
#14057=DIRECTION('',(0.,-1.,4.19970783084691E-13));
#14058=DIRECTION('',(1.,0.,0.));
#14059=DIRECTION('',(0.,1.,-4.19970783084691E-13));
#14060=DIRECTION('',(-1.,0.,0.));
#14061=DIRECTION('',(0.,-1.,4.19970783084691E-13));
#14062=DIRECTION('center_axis',(-1.,0.,0.));
#14063=DIRECTION('ref_axis',(0.,0.,1.));
#14064=DIRECTION('',(0.,1.,0.));
#14065=DIRECTION('',(0.,0.,1.));
#14066=DIRECTION('',(0.,0.,-1.));
#14067=DIRECTION('center_axis',(-1.,0.,0.));
#14068=DIRECTION('ref_axis',(0.,0.,1.));
#14069=DIRECTION('',(0.,-1.,8.34887714518121E-13));
#14070=DIRECTION('',(0.,0.,-1.));
#14071=DIRECTION('',(0.,0.,1.));
#14072=DIRECTION('center_axis',(0.,1.,-8.34887714518121E-13));
#14073=DIRECTION('ref_axis',(-0.707106781186541,-5.90354764465096E-13,-0.707106781186554));
#14074=DIRECTION('center_axis',(0.,-1.,0.));
#14075=DIRECTION('ref_axis',(0.707106781186541,-5.90354764465096E-13,-0.707106781186554));
#14076=DIRECTION('',(0.,1.,-8.34887714518121E-13));
#14077=DIRECTION('center_axis',(0.,1.,0.));
#14078=DIRECTION('ref_axis',(-0.707106781186541,-5.90354764465096E-13,-0.707106781186554));
#14079=DIRECTION('center_axis',(1.,0.,0.));
#14080=DIRECTION('ref_axis',(0.,0.,-1.));
#14081=DIRECTION('',(0.,0.,-1.));
#14082=DIRECTION('',(0.,0.,1.));
#14083=DIRECTION('center_axis',(0.,-1.,0.));
#14084=DIRECTION('ref_axis',(-0.707106781186548,0.,0.707106781186548));
#14085=DIRECTION('center_axis',(0.,1.,0.));
#14086=DIRECTION('ref_axis',(0.707106781186548,0.,0.707106781186548));
#14087=DIRECTION('',(0.,-1.,0.));
#14088=DIRECTION('center_axis',(0.,-1.,0.));
#14089=DIRECTION('ref_axis',(-0.707106781186548,0.,0.707106781186548));
#14090=DIRECTION('center_axis',(1.,0.,0.));
#14091=DIRECTION('ref_axis',(0.,0.,-1.));
#14092=DIRECTION('',(0.,0.,1.));
#14093=DIRECTION('',(0.,0.,-1.));
#14094=DIRECTION('center_axis',(0.,-1.,0.));
#14095=DIRECTION('ref_axis',(0.707106781186545,0.,0.70710678118655));
#14096=DIRECTION('center_axis',(0.,1.,0.));
#14097=DIRECTION('ref_axis',(0.707106781186545,0.,0.70710678118655));
#14098=DIRECTION('',(0.,1.,0.));
#14099=DIRECTION('center_axis',(0.,-1.,0.));
#14100=DIRECTION('ref_axis',(0.707106781186545,0.,0.70710678118655));
#14101=DIRECTION('',(0.,-1.,0.));
#14102=DIRECTION('center_axis',(0.,-1.,0.));
#14103=DIRECTION('ref_axis',(0.,0.,1.));
#14104=DIRECTION('',(0.,0.,-1.));
#14105=DIRECTION('',(0.,0.,-1.));
#14106=DIRECTION('',(-1.,0.,0.));
#14107=DIRECTION('center_axis',(-1.,0.,0.));
#14108=DIRECTION('ref_axis',(0.,0.,1.));
#14109=DIRECTION('',(0.,0.,1.));
#14110=DIRECTION('',(0.,1.,0.));
#14111=DIRECTION('',(0.,0.,-1.));
#14112=DIRECTION('',(0.,0.,1.));
#14113=DIRECTION('',(0.,1.,0.));
#14114=DIRECTION('',(0.,0.,-1.));
#14115=DIRECTION('',(0.,0.,1.));
#14116=DIRECTION('',(0.,1.,0.));
#14117=DIRECTION('',(0.,0.,-1.));
#14118=DIRECTION('',(0.,0.,1.));
#14119=DIRECTION('',(0.,1.,0.));
#14120=DIRECTION('',(0.,0.,-1.));
#14121=DIRECTION('center_axis',(-1.,0.,0.));
#14122=DIRECTION('ref_axis',(0.,4.1966430330831E-13,1.));
#14123=DIRECTION('',(0.,0.,1.));
#14124=DIRECTION('',(0.,0.,-1.));
#14125=DIRECTION('',(0.,-1.,0.));
#14126=DIRECTION('',(0.,0.,1.));
#14127=DIRECTION('',(0.,0.,-1.));
#14128=DIRECTION('',(0.,-1.,0.));
#14129=DIRECTION('',(0.,0.,1.));
#14130=DIRECTION('',(0.,0.,-1.));
#14131=DIRECTION('',(0.,-1.,0.));
#14132=DIRECTION('',(0.,0.,1.));
#14133=DIRECTION('center_axis',(0.,1.,0.));
#14134=DIRECTION('ref_axis',(0.707106781186545,0.,-0.70710678118655));
#14135=DIRECTION('center_axis',(0.,1.,0.));
#14136=DIRECTION('ref_axis',(0.707106781186545,0.,-0.70710678118655));
#14137=DIRECTION('center_axis',(0.,-1.,0.));
#14138=DIRECTION('ref_axis',(0.707106781186545,0.,-0.70710678118655));
#14139=DIRECTION('',(0.,-1.,0.));
#14140=DIRECTION('center_axis',(0.,1.,0.));
#14141=DIRECTION('ref_axis',(0.,0.,-1.));
#14142=DIRECTION('',(0.,0.,1.));
#14143=DIRECTION('',(-1.,0.,0.));
#14144=DIRECTION('center_axis',(1.,0.,0.));
#14145=DIRECTION('ref_axis',(0.,0.,-1.));
#14146=DIRECTION('',(0.,1.,2.77555756156295E-16));
#14147=DIRECTION('center_axis',(-1.,0.,0.));
#14148=DIRECTION('ref_axis',(0.,-0.382683432365089,0.923879532511287));
#14149=DIRECTION('',(0.,0.707106781186549,0.707106781186546));
#14150=DIRECTION('center_axis',(1.,0.,0.));
#14151=DIRECTION('ref_axis',(0.,0.382683432365088,-0.923879532511287));
#14152=DIRECTION('',(0.,1.,0.));
#14153=DIRECTION('center_axis',(1.,0.,0.));
#14154=DIRECTION('ref_axis',(0.,-0.707106781186547,-0.707106781186547));
#14155=DIRECTION('',(0.,-5.2476053540277E-16,-1.));
#14156=DIRECTION('center_axis',(1.,0.,0.));
#14157=DIRECTION('ref_axis',(0.,-0.707106781186548,0.707106781186548));
#14158=DIRECTION('',(0.,-1.,5.44671966291984E-17));
#14159=DIRECTION('center_axis',(1.,0.,0.));
#14160=DIRECTION('ref_axis',(0.,0.382683432365089,0.923879532511287));
#14161=DIRECTION('',(0.,-0.707106781186549,0.707106781186546));
#14162=DIRECTION('center_axis',(-1.,0.,0.));
#14163=DIRECTION('ref_axis',(0.,-0.382683432365089,-0.923879532511287));
#14164=DIRECTION('',(0.,-1.,-4.16333634234442E-16));
#14165=DIRECTION('',(0.,0.,1.));
#14166=DIRECTION('',(0.,-1.,0.));
#14167=DIRECTION('',(0.,0.,-1.));
#14168=DIRECTION('',(0.,0.,1.));
#14169=DIRECTION('',(0.,-1.,0.));
#14170=DIRECTION('',(0.,0.,-1.));
#14171=DIRECTION('',(0.,0.,1.));
#14172=DIRECTION('',(0.,-1.,0.));
#14173=DIRECTION('',(0.,0.,-1.));
#14174=DIRECTION('',(0.,0.,1.));
#14175=DIRECTION('',(0.,-1.,0.));
#14176=DIRECTION('center_axis',(1.,0.,0.));
#14177=DIRECTION('ref_axis',(0.,4.1966430330831E-13,1.));
#14178=DIRECTION('',(0.,0.,-1.));
#14179=DIRECTION('',(0.,1.,0.));
#14180=DIRECTION('',(0.,0.,-1.));
#14181=DIRECTION('',(0.,1.,0.));
#14182=DIRECTION('',(0.,0.,1.));
#14183=DIRECTION('',(0.,0.,-1.));
#14184=DIRECTION('',(0.,1.,0.));
#14185=DIRECTION('',(0.,0.,1.));
#14186=DIRECTION('',(0.,0.,-1.));
#14187=DIRECTION('',(0.,1.,0.));
#14188=DIRECTION('',(0.,0.,1.));
#14189=DIRECTION('',(0.,1.,0.));
#14190=DIRECTION('center_axis',(-1.,0.,0.));
#14191=DIRECTION('ref_axis',(0.,0.,1.));
#14192=DIRECTION('',(0.,-1.,0.));
#14193=DIRECTION('center_axis',(-1.,0.,0.));
#14194=DIRECTION('ref_axis',(0.,0.,-1.));
#14195=DIRECTION('center_axis',(-1.,0.,0.));
#14196=DIRECTION('ref_axis',(0.,0.,-1.));
#14197=DIRECTION('center_axis',(-1.,0.,0.));
#14198=DIRECTION('ref_axis',(0.,0.,-1.));
#14199=DIRECTION('',(0.,1.,0.));
#14200=DIRECTION('center_axis',(-1.,0.,0.));
#14201=DIRECTION('ref_axis',(0.,0.,1.));
#14202=DIRECTION('',(0.,-1.,0.));
#14203=DIRECTION('center_axis',(-1.,0.,0.));
#14204=DIRECTION('ref_axis',(0.,0.,-1.));
#14205=DIRECTION('center_axis',(0.,-1.,0.));
#14206=DIRECTION('ref_axis',(0.,0.,1.));
#14207=DIRECTION('',(-1.,0.,0.));
#14208=DIRECTION('center_axis',(0.,0.,-1.));
#14209=DIRECTION('ref_axis',(0.,-1.,0.));
#14210=DIRECTION('center_axis',(0.,1.,0.));
#14211=DIRECTION('ref_axis',(0.,0.,-1.));
#14212=DIRECTION('',(-1.,0.,0.));
#14213=DIRECTION('center_axis',(0.,0.,1.));
#14214=DIRECTION('ref_axis',(0.,1.,0.));
#14215=DIRECTION('center_axis',(-1.,0.,0.));
#14216=DIRECTION('ref_axis',(0.,0.,1.));
#14217=DIRECTION('',(0.,1.,0.));
#14218=DIRECTION('',(0.,0.,1.));
#14219=DIRECTION('',(0.,0.,-1.));
#14220=DIRECTION('center_axis',(-1.,0.,0.));
#14221=DIRECTION('ref_axis',(0.,0.,1.));
#14222=DIRECTION('',(0.,-1.,8.34887714518121E-13));
#14223=DIRECTION('',(0.,0.,-1.));
#14224=DIRECTION('',(0.,0.,1.));
#14225=DIRECTION('center_axis',(0.,1.,-8.34887714518121E-13));
#14226=DIRECTION('ref_axis',(-0.707106781186541,-5.90354764465096E-13,-0.707106781186554));
#14227=DIRECTION('center_axis',(0.,-1.,0.));
#14228=DIRECTION('ref_axis',(0.707106781186541,-5.90354764465096E-13,-0.707106781186554));
#14229=DIRECTION('',(0.,1.,-8.34887714518121E-13));
#14230=DIRECTION('center_axis',(0.,1.,0.));
#14231=DIRECTION('ref_axis',(-0.707106781186541,-5.90354764465096E-13,-0.707106781186554));
#14232=DIRECTION('center_axis',(1.,0.,0.));
#14233=DIRECTION('ref_axis',(0.,0.,-1.));
#14234=DIRECTION('',(0.,0.,-1.));
#14235=DIRECTION('',(0.,0.,1.));
#14236=DIRECTION('center_axis',(0.,-1.,0.));
#14237=DIRECTION('ref_axis',(-0.707106781186548,0.,0.707106781186548));
#14238=DIRECTION('center_axis',(0.,1.,0.));
#14239=DIRECTION('ref_axis',(0.707106781186548,0.,0.707106781186548));
#14240=DIRECTION('',(0.,-1.,0.));
#14241=DIRECTION('center_axis',(0.,-1.,0.));
#14242=DIRECTION('ref_axis',(-0.707106781186548,0.,0.707106781186548));
#14243=DIRECTION('center_axis',(1.,0.,0.));
#14244=DIRECTION('ref_axis',(0.,0.,-1.));
#14245=DIRECTION('',(0.,0.,1.));
#14246=DIRECTION('',(0.,0.,-1.));
#14247=DIRECTION('center_axis',(0.,-1.,0.));
#14248=DIRECTION('ref_axis',(0.707106781186545,0.,0.70710678118655));
#14249=DIRECTION('center_axis',(0.,1.,0.));
#14250=DIRECTION('ref_axis',(0.707106781186545,0.,0.70710678118655));
#14251=DIRECTION('',(0.,1.,0.));
#14252=DIRECTION('center_axis',(0.,-1.,0.));
#14253=DIRECTION('ref_axis',(0.707106781186545,0.,0.70710678118655));
#14254=DIRECTION('center_axis',(0.,-1.,0.));
#14255=DIRECTION('ref_axis',(0.,0.,1.));
#14256=DIRECTION('',(-1.,0.,0.));
#14257=DIRECTION('center_axis',(0.,1.,0.));
#14258=DIRECTION('ref_axis',(0.707106781186545,0.,-0.70710678118655));
#14259=DIRECTION('center_axis',(0.,1.,0.));
#14260=DIRECTION('ref_axis',(0.707106781186545,0.,-0.70710678118655));
#14261=DIRECTION('center_axis',(0.,-1.,0.));
#14262=DIRECTION('ref_axis',(0.707106781186545,0.,-0.70710678118655));
#14263=DIRECTION('',(0.,-1.,0.));
#14264=DIRECTION('center_axis',(0.,1.,0.));
#14265=DIRECTION('ref_axis',(0.,0.,-1.));
#14266=DIRECTION('',(-1.,0.,0.));
#14267=DIRECTION('center_axis',(0.,-1.,0.));
#14268=DIRECTION('ref_axis',(0.,0.,1.));
#14269=DIRECTION('',(-1.,0.,0.));
#14270=DIRECTION('center_axis',(0.,0.,-1.));
#14271=DIRECTION('ref_axis',(0.,-1.,0.));
#14272=DIRECTION('center_axis',(0.,1.,0.));
#14273=DIRECTION('ref_axis',(0.,0.,-1.));
#14274=DIRECTION('',(-1.,0.,0.));
#14275=DIRECTION('center_axis',(0.,0.,1.));
#14276=DIRECTION('ref_axis',(0.,1.,0.));
#14277=DIRECTION('center_axis',(-1.,0.,0.));
#14278=DIRECTION('ref_axis',(0.,0.,1.));
#14279=DIRECTION('',(0.,1.,0.));
#14280=DIRECTION('',(0.,0.,1.));
#14281=DIRECTION('',(0.,0.,-1.));
#14282=DIRECTION('center_axis',(-1.,0.,0.));
#14283=DIRECTION('ref_axis',(0.,0.,1.));
#14284=DIRECTION('',(0.,-1.,8.34887714518121E-13));
#14285=DIRECTION('',(0.,0.,-1.));
#14286=DIRECTION('',(0.,0.,1.));
#14287=DIRECTION('center_axis',(0.,1.,-8.34887714518121E-13));
#14288=DIRECTION('ref_axis',(-0.707106781186541,-5.77794024795626E-13,-0.707106781186554));
#14289=DIRECTION('center_axis',(0.,-1.,0.));
#14290=DIRECTION('ref_axis',(0.707106781186541,-5.77794024795626E-13,-0.707106781186554));
#14291=DIRECTION('',(0.,1.,-8.34887714518121E-13));
#14292=DIRECTION('center_axis',(0.,1.,0.));
#14293=DIRECTION('ref_axis',(-0.707106781186541,-5.77794024795626E-13,-0.707106781186554));
#14294=DIRECTION('center_axis',(1.,0.,0.));
#14295=DIRECTION('ref_axis',(0.,0.,-1.));
#14296=DIRECTION('',(0.,0.,-1.));
#14297=DIRECTION('',(0.,0.,1.));
#14298=DIRECTION('center_axis',(0.,-1.,0.));
#14299=DIRECTION('ref_axis',(-0.707106781186548,0.,0.707106781186548));
#14300=DIRECTION('center_axis',(0.,1.,0.));
#14301=DIRECTION('ref_axis',(0.707106781186548,0.,0.707106781186548));
#14302=DIRECTION('',(0.,-1.,0.));
#14303=DIRECTION('center_axis',(0.,-1.,0.));
#14304=DIRECTION('ref_axis',(-0.707106781186548,0.,0.707106781186548));
#14305=DIRECTION('center_axis',(1.,0.,0.));
#14306=DIRECTION('ref_axis',(0.,0.,-1.));
#14307=DIRECTION('',(0.,0.,1.));
#14308=DIRECTION('',(0.,0.,-1.));
#14309=DIRECTION('center_axis',(0.,-1.,0.));
#14310=DIRECTION('ref_axis',(0.707106781186545,0.,0.70710678118655));
#14311=DIRECTION('center_axis',(0.,1.,0.));
#14312=DIRECTION('ref_axis',(0.707106781186545,0.,0.70710678118655));
#14313=DIRECTION('',(0.,1.,0.));
#14314=DIRECTION('center_axis',(0.,-1.,0.));
#14315=DIRECTION('ref_axis',(0.707106781186545,0.,0.70710678118655));
#14316=DIRECTION('center_axis',(0.,-1.,0.));
#14317=DIRECTION('ref_axis',(0.,0.,1.));
#14318=DIRECTION('',(-1.,0.,0.));
#14319=DIRECTION('center_axis',(0.,1.,0.));
#14320=DIRECTION('ref_axis',(0.707106781186545,0.,-0.70710678118655));
#14321=DIRECTION('center_axis',(0.,-1.,0.));
#14322=DIRECTION('ref_axis',(0.707106781186545,0.,-0.70710678118655));
#14323=DIRECTION('',(0.,-1.,0.));
#14324=DIRECTION('center_axis',(0.,1.,0.));
#14325=DIRECTION('ref_axis',(0.707106781186545,0.,-0.70710678118655));
#14326=DIRECTION('center_axis',(0.,1.,0.));
#14327=DIRECTION('ref_axis',(0.,0.,-1.));
#14328=DIRECTION('',(-1.,0.,0.));
#14329=DIRECTION('center_axis',(0.,-1.,0.));
#14330=DIRECTION('ref_axis',(0.,0.,1.));
#14331=DIRECTION('',(-1.,0.,0.));
#14332=DIRECTION('center_axis',(0.,0.,-1.));
#14333=DIRECTION('ref_axis',(0.,-1.,0.));
#14334=DIRECTION('center_axis',(0.,1.,0.));
#14335=DIRECTION('ref_axis',(0.,0.,-1.));
#14336=DIRECTION('',(-1.,0.,0.));
#14337=DIRECTION('center_axis',(0.,0.,1.));
#14338=DIRECTION('ref_axis',(0.,1.,0.));
#14339=DIRECTION('center_axis',(-1.,0.,0.));
#14340=DIRECTION('ref_axis',(0.,0.,1.));
#14341=DIRECTION('',(0.,1.,0.));
#14342=DIRECTION('',(0.,0.,1.));
#14343=DIRECTION('',(0.,0.,-1.));
#14344=DIRECTION('center_axis',(-1.,0.,0.));
#14345=DIRECTION('ref_axis',(0.,0.,1.));
#14346=DIRECTION('',(0.,-1.,8.34887714518121E-13));
#14347=DIRECTION('',(0.,0.,-1.));
#14348=DIRECTION('',(0.,0.,1.));
#14349=DIRECTION('center_axis',(0.,1.,-8.34887714518121E-13));
#14350=DIRECTION('ref_axis',(-0.707106781186541,-5.77794024795626E-13,-0.707106781186554));
#14351=DIRECTION('center_axis',(0.,-1.,0.));
#14352=DIRECTION('ref_axis',(0.707106781186541,-5.77794024795626E-13,-0.707106781186554));
#14353=DIRECTION('',(0.,1.,-8.34887714518121E-13));
#14354=DIRECTION('center_axis',(0.,1.,0.));
#14355=DIRECTION('ref_axis',(-0.707106781186541,-5.77794024795626E-13,-0.707106781186554));
#14356=DIRECTION('center_axis',(1.,0.,0.));
#14357=DIRECTION('ref_axis',(0.,0.,-1.));
#14358=DIRECTION('',(0.,0.,-1.));
#14359=DIRECTION('',(0.,0.,1.));
#14360=DIRECTION('center_axis',(0.,-1.,0.));
#14361=DIRECTION('ref_axis',(-0.707106781186548,0.,0.707106781186548));
#14362=DIRECTION('center_axis',(0.,1.,0.));
#14363=DIRECTION('ref_axis',(0.707106781186548,0.,0.707106781186548));
#14364=DIRECTION('',(0.,-1.,0.));
#14365=DIRECTION('center_axis',(0.,-1.,0.));
#14366=DIRECTION('ref_axis',(-0.707106781186548,0.,0.707106781186548));
#14367=DIRECTION('center_axis',(1.,0.,0.));
#14368=DIRECTION('ref_axis',(0.,0.,-1.));
#14369=DIRECTION('',(0.,0.,1.));
#14370=DIRECTION('',(0.,0.,-1.));
#14371=DIRECTION('center_axis',(0.,-1.,0.));
#14372=DIRECTION('ref_axis',(0.707106781186545,0.,0.70710678118655));
#14373=DIRECTION('center_axis',(0.,1.,0.));
#14374=DIRECTION('ref_axis',(0.707106781186545,0.,0.70710678118655));
#14375=DIRECTION('',(0.,1.,0.));
#14376=DIRECTION('center_axis',(0.,-1.,0.));
#14377=DIRECTION('ref_axis',(0.707106781186545,0.,0.70710678118655));
#14378=DIRECTION('center_axis',(0.,-1.,0.));
#14379=DIRECTION('ref_axis',(0.,0.,1.));
#14380=DIRECTION('',(-1.,0.,0.));
#14381=DIRECTION('center_axis',(0.,1.,0.));
#14382=DIRECTION('ref_axis',(0.707106781186545,0.,-0.70710678118655));
#14383=DIRECTION('center_axis',(0.,-1.,0.));
#14384=DIRECTION('ref_axis',(0.707106781186545,0.,-0.70710678118655));
#14385=DIRECTION('',(0.,-1.,0.));
#14386=DIRECTION('center_axis',(0.,1.,0.));
#14387=DIRECTION('ref_axis',(0.707106781186545,0.,-0.70710678118655));
#14388=DIRECTION('center_axis',(0.,1.,0.));
#14389=DIRECTION('ref_axis',(0.,0.,-1.));
#14390=DIRECTION('',(-1.,0.,0.));
#14391=DIRECTION('center_axis',(0.,-1.,0.));
#14392=DIRECTION('ref_axis',(0.,0.,1.));
#14393=DIRECTION('',(-1.,0.,0.));
#14394=DIRECTION('center_axis',(0.,0.,-1.));
#14395=DIRECTION('ref_axis',(0.,-1.,0.));
#14396=DIRECTION('center_axis',(0.,1.,0.));
#14397=DIRECTION('ref_axis',(0.,0.,-1.));
#14398=DIRECTION('',(-1.,0.,0.));
#14399=DIRECTION('center_axis',(0.,0.,1.));
#14400=DIRECTION('ref_axis',(0.,1.,0.));
#14401=DIRECTION('center_axis',(-1.,0.,0.));
#14402=DIRECTION('ref_axis',(0.,4.1966430330831E-13,1.));
#14403=DIRECTION('center_axis',(1.,0.,0.));
#14404=DIRECTION('ref_axis',(0.,4.87344587624294E-8,0.999999999999999));
#14405=DIRECTION('',(0.707106781186539,-3.4460467787814E-8,-0.707106781186555));
#14406=DIRECTION('',(-0.70710678118654,-1.08996682032679E-8,-0.707106781186555));
#14407=DIRECTION('center_axis',(-1.,0.,0.));
#14408=DIRECTION('ref_axis',(0.,4.87344587624294E-8,0.999999999999999));
#14409=DIRECTION('center_axis',(0.70710678118654,0.,0.707106781186555));
#14410=DIRECTION('ref_axis',(0.707106781186555,0.,-0.70710678118654));
#14411=DIRECTION('',(0.70710678118654,-7.85046229341878E-15,-0.707106781186555));
#14412=DIRECTION('',(0.,-1.,0.));
#14413=DIRECTION('center_axis',(1.,0.,0.));
#14414=DIRECTION('ref_axis',(0.,-1.2105189911383E-6,-0.999999999999267));
#14415=DIRECTION('',(0.707106781186548,8.55966187009756E-7,0.707106781186029));
#14416=DIRECTION('center_axis',(-1.,0.,0.));
#14417=DIRECTION('ref_axis',(0.,-1.2105189911383E-6,-0.999999999999267));
#14418=DIRECTION('center_axis',(0.70710678118654,0.,-0.707106781186555));
#14419=DIRECTION('ref_axis',(-0.707106781186555,0.,-0.70710678118654));
#14420=DIRECTION('',(0.,1.,0.));
#14421=DIRECTION('center_axis',(0.,0.,-1.));
#14422=DIRECTION('ref_axis',(0.,1.,0.));
#14423=DIRECTION('',(1.,0.,0.));
#14424=DIRECTION('',(0.,1.,0.));
#14425=DIRECTION('',(1.,0.,0.));
#14426=DIRECTION('center_axis',(1.,0.,0.));
#14427=DIRECTION('ref_axis',(0.,0.999999999999999,-3.20744550027165E-8));
#14428=DIRECTION('',(1.,0.,0.));
#14429=DIRECTION('center_axis',(1.,0.,0.));
#14430=DIRECTION('ref_axis',(0.,-4.87344587624294E-8,-0.999999999999999));
#14431=DIRECTION('center_axis',(1.,0.,0.));
#14432=DIRECTION('ref_axis',(0.,4.87344587624294E-8,0.999999999999999));
#14433=DIRECTION('',(0.707106781186555,-3.44604520868902E-8,-0.707106781186539));
#14434=DIRECTION('',(-0.707106781186555,-1.08996446518812E-8,-0.70710678118654));
#14435=DIRECTION('center_axis',(-1.,0.,0.));
#14436=DIRECTION('ref_axis',(0.,4.87344587624294E-8,0.999999999999999));
#14437=DIRECTION('center_axis',(0.70710678118654,0.,0.707106781186555));
#14438=DIRECTION('ref_axis',(0.707106781186555,0.,-0.70710678118654));
#14439=DIRECTION('',(0.70710678118654,0.,-0.707106781186555));
#14440=DIRECTION('',(0.,-1.,0.));
#14441=DIRECTION('center_axis',(1.,0.,0.));
#14442=DIRECTION('ref_axis',(0.,-1.2105189911383E-6,-0.999999999999267));
#14443=DIRECTION('',(0.707106781186563,8.55966190935006E-7,0.707106781186014));
#14444=DIRECTION('center_axis',(-1.,0.,0.));
#14445=DIRECTION('ref_axis',(0.,-1.2105189911383E-6,-0.999999999999267));
#14446=DIRECTION('center_axis',(0.70710678118654,0.,-0.707106781186555));
#14447=DIRECTION('ref_axis',(-0.707106781186555,0.,-0.70710678118654));
#14448=DIRECTION('',(0.,1.,0.));
#14449=DIRECTION('center_axis',(0.,0.,-1.));
#14450=DIRECTION('ref_axis',(0.,1.,0.));
#14451=DIRECTION('',(1.,0.,0.));
#14452=DIRECTION('',(0.,1.,0.));
#14453=DIRECTION('',(1.,0.,0.));
#14454=DIRECTION('center_axis',(1.,0.,0.));
#14455=DIRECTION('ref_axis',(0.,0.999999999999999,-3.20744550027165E-8));
#14456=DIRECTION('',(1.,0.,0.));
#14457=DIRECTION('center_axis',(1.,0.,0.));
#14458=DIRECTION('ref_axis',(0.,-4.87344587624294E-8,-0.999999999999999));
#14459=DIRECTION('center_axis',(0.707106781186548,-2.94392336003214E-16,
0.707106781186548));
#14460=DIRECTION('ref_axis',(0.707106781186548,0.,-0.707106781186548));
#14461=DIRECTION('',(0.,-1.,-4.16333634234442E-16));
#14462=DIRECTION('',(0.707106781186555,1.57009245868379E-14,-0.70710678118654));
#14463=DIRECTION('center_axis',(1.,0.,0.));
#14464=DIRECTION('ref_axis',(0.,-0.382683432365089,-0.923879532511287));
#14465=DIRECTION('',(0.707106781186545,-0.500000000000004,-0.5));
#14466=DIRECTION('center_axis',(-1.,0.,0.));
#14467=DIRECTION('ref_axis',(0.,-0.382683432365089,-0.923879532511287));
#14468=DIRECTION('center_axis',(0.707106781186535,0.500000000000008,0.500000000000009));
#14469=DIRECTION('ref_axis',(0.57735026918964,0.,-0.816496580927716));
#14470=DIRECTION('',(0.,-0.707106781186549,0.707106781186546));
#14471=DIRECTION('',(0.707106781186554,-0.500000000000011,-0.49999999999998));
#14472=DIRECTION('center_axis',(-1.,0.,0.));
#14473=DIRECTION('ref_axis',(0.,0.382683432365089,0.923879532511287));
#14474=DIRECTION('',(0.707106781186551,-3.92523114670946E-15,-0.707106781186544));
#14475=DIRECTION('center_axis',(1.,0.,0.));
#14476=DIRECTION('ref_axis',(0.,0.382683432365089,0.923879532511287));
#14477=DIRECTION('center_axis',(0.707106781186551,3.85141240887271E-17,
0.707106781186544));
#14478=DIRECTION('ref_axis',(0.707106781186544,0.,-0.707106781186551));
#14479=DIRECTION('',(0.,-1.,5.44671966291984E-17));
#14480=DIRECTION('',(0.707106781186544,-1.57009245868376E-14,-0.707106781186551));
#14481=DIRECTION('center_axis',(-1.,0.,0.));
#14482=DIRECTION('ref_axis',(0.,-0.707106781186547,0.707106781186547));
#14483=DIRECTION('',(0.707106781186548,0.707106781186548,0.));
#14484=DIRECTION('center_axis',(1.,0.,0.));
#14485=DIRECTION('ref_axis',(0.,-0.707106781186548,0.707106781186548));
#14486=DIRECTION('center_axis',(0.70710678118654,-0.707106781186555,3.71061733082386E-16));
#14487=DIRECTION('ref_axis',(5.24760535402781E-16,0.,-1.));
#14488=DIRECTION('',(0.,-5.2476053540277E-16,-1.));
#14489=DIRECTION('',(0.707106781186555,0.70710678118654,0.));
#14490=DIRECTION('center_axis',(-1.,0.,0.));
#14491=DIRECTION('ref_axis',(0.,-0.707106781186548,-0.707106781186548));
#14492=DIRECTION('',(0.707106781186555,0.,0.70710678118654));
#14493=DIRECTION('center_axis',(1.,0.,0.));
#14494=DIRECTION('ref_axis',(0.,-0.707106781186548,-0.707106781186548));
#14495=DIRECTION('center_axis',(0.70710678118654,0.,-0.707106781186555));
#14496=DIRECTION('ref_axis',(-0.707106781186555,0.,-0.70710678118654));
#14497=DIRECTION('',(0.,1.,0.));
#14498=DIRECTION('',(0.707106781186555,0.,0.70710678118654));
#14499=DIRECTION('center_axis',(-1.,0.,0.));
#14500=DIRECTION('ref_axis',(0.,0.382683432365088,-0.923879532511287));
#14501=DIRECTION('',(0.707106781186519,-0.500000000000011,0.500000000000029));
#14502=DIRECTION('center_axis',(1.,0.,0.));
#14503=DIRECTION('ref_axis',(0.,0.382683432365088,-0.923879532511287));
#14504=DIRECTION('center_axis',(0.707106781186533,0.50000000000001,-0.500000000000012));
#14505=DIRECTION('ref_axis',(-0.577350269189643,0.,-0.816496580927714));
#14506=DIRECTION('',(0.,0.707106781186549,0.707106781186546));
#14507=DIRECTION('',(0.707106781186563,-0.499999999999993,0.499999999999986));
#14508=DIRECTION('center_axis',(1.,0.,0.));
#14509=DIRECTION('ref_axis',(0.,-0.382683432365089,0.923879532511287));
#14510=DIRECTION('',(0.707106781186587,7.8504622934193E-15,0.707106781186508));
#14511=DIRECTION('center_axis',(-1.,0.,0.));
#14512=DIRECTION('ref_axis',(0.,-0.382683432365089,0.923879532511287));
#14513=DIRECTION('center_axis',(0.70710678118654,1.96261557335478E-16,-0.707106781186555));
#14514=DIRECTION('ref_axis',(-0.707106781186555,0.,-0.70710678118654));
#14515=DIRECTION('center_axis',(0.,-0.707106781186546,-0.707106781186549));
#14516=DIRECTION('ref_axis',(0.,-0.707106781186549,0.707106781186546));
#14517=DIRECTION('',(-1.,0.,0.));
#14518=DIRECTION('',(0.,0.707106781186549,-0.707106781186546));
#14519=DIRECTION('',(1.,0.,0.));
#14520=DIRECTION('center_axis',(1.,0.,0.));
#14521=DIRECTION('ref_axis',(0.,-0.382683432365089,-0.923879532511287));
#14522=DIRECTION('',(1.,0.,0.));
#14523=DIRECTION('center_axis',(1.,0.,0.));
#14524=DIRECTION('ref_axis',(0.,-0.382683432365089,-0.923879532511287));
#14525=DIRECTION('center_axis',(0.,4.16333634234442E-16,-1.));
#14526=DIRECTION('ref_axis',(0.,-1.,-4.16333634234442E-16));
#14527=DIRECTION('',(0.,1.,4.16333634234442E-16));
#14528=DIRECTION('center_axis',(1.,0.,0.));
#14529=DIRECTION('ref_axis',(0.,0.,-1.));
#14530=DIRECTION('center_axis',(-1.,0.,0.));
#14531=DIRECTION('ref_axis',(0.,0.,-1.));
#14532=DIRECTION('',(0.707106781186555,8.65956056235484E-17,0.70710678118654));
#14533=DIRECTION('center_axis',(1.,0.,0.));
#14534=DIRECTION('ref_axis',(0.,0.,-1.));
#14535=DIRECTION('center_axis',(1.,0.,0.));
#14536=DIRECTION('ref_axis',(0.,0.,-1.));
#14537=DIRECTION('',(1.,0.,0.));
#14538=DIRECTION('center_axis',(1.,0.,0.));
#14539=DIRECTION('ref_axis',(0.,0.,-1.));
#14540=DIRECTION('center_axis',(-1.,0.,0.));
#14541=DIRECTION('ref_axis',(0.,0.,-1.));
#14542=DIRECTION('',(0.707106781186555,8.65956056235484E-17,0.70710678118654));
#14543=DIRECTION('center_axis',(1.,0.,0.));
#14544=DIRECTION('ref_axis',(0.,0.,-1.));
#14545=DIRECTION('center_axis',(1.,0.,0.));
#14546=DIRECTION('ref_axis',(0.,0.,-1.));
#14547=DIRECTION('',(1.,0.,0.));
#14548=DIRECTION('center_axis',(-0.707106781186548,0.,-0.707106781186548));
#14549=DIRECTION('ref_axis',(-0.707106781186548,0.,0.707106781186548));
#14550=DIRECTION('',(-0.707106781186548,0.,0.707106781186548));
#14551=DIRECTION('',(0.707106781186548,0.,-0.707106781186548));
#14552=DIRECTION('',(0.,-1.,0.));
#14553=DIRECTION('center_axis',(-1.,0.,0.));
#14554=DIRECTION('ref_axis',(0.,0.,1.));
#14555=DIRECTION('',(-0.707106781186555,0.,-0.70710678118654));
#14556=DIRECTION('center_axis',(1.,0.,0.));
#14557=DIRECTION('ref_axis',(0.,0.,1.));
#14558=DIRECTION('center_axis',(-0.707106781186548,0.,0.707106781186548));
#14559=DIRECTION('ref_axis',(0.707106781186548,0.,0.707106781186548));
#14560=DIRECTION('',(-0.707106781186548,0.,-0.707106781186548));
#14561=DIRECTION('',(0.,1.,0.));
#14562=DIRECTION('center_axis',(-1.,0.,0.));
#14563=DIRECTION('ref_axis',(0.,0.,-1.));
#14564=DIRECTION('center_axis',(1.,0.,0.));
#14565=DIRECTION('ref_axis',(0.,0.,-1.));
#14566=DIRECTION('center_axis',(1.,0.,0.));
#14567=DIRECTION('ref_axis',(0.,0.,1.));
#14568=DIRECTION('',(1.,0.,0.));
#14569=DIRECTION('center_axis',(1.,0.,0.));
#14570=DIRECTION('ref_axis',(0.,0.,1.));
#14571=DIRECTION('',(1.,0.,0.));
#14572=DIRECTION('center_axis',(0.,0.,1.));
#14573=DIRECTION('ref_axis',(0.,-1.,0.));
#14574=DIRECTION('',(1.,0.,0.));
#14575=DIRECTION('',(0.,-1.,0.));
#14576=DIRECTION('center_axis',(-0.707106781186548,0.,-0.707106781186548));
#14577=DIRECTION('ref_axis',(-0.707106781186548,0.,0.707106781186548));
#14578=DIRECTION('',(-0.707106781186548,0.,0.707106781186548));
#14579=DIRECTION('',(0.707106781186548,0.,-0.707106781186548));
#14580=DIRECTION('',(0.,-1.,0.));
#14581=DIRECTION('center_axis',(-1.,0.,0.));
#14582=DIRECTION('ref_axis',(0.,0.,1.));
#14583=DIRECTION('',(-0.707106781186555,0.,-0.70710678118654));
#14584=DIRECTION('center_axis',(1.,0.,0.));
#14585=DIRECTION('ref_axis',(0.,0.,1.));
#14586=DIRECTION('center_axis',(-0.707106781186548,0.,0.707106781186548));
#14587=DIRECTION('ref_axis',(0.707106781186548,0.,0.707106781186548));
#14588=DIRECTION('',(-0.707106781186548,0.,-0.707106781186548));
#14589=DIRECTION('',(0.,1.,0.));
#14590=DIRECTION('center_axis',(-1.,0.,0.));
#14591=DIRECTION('ref_axis',(0.,0.,-1.));
#14592=DIRECTION('center_axis',(1.,0.,0.));
#14593=DIRECTION('ref_axis',(0.,0.,-1.));
#14594=DIRECTION('center_axis',(1.,0.,0.));
#14595=DIRECTION('ref_axis',(0.,0.,1.));
#14596=DIRECTION('',(1.,0.,0.));
#14597=DIRECTION('center_axis',(1.,0.,0.));
#14598=DIRECTION('ref_axis',(0.,0.,1.));
#14599=DIRECTION('',(1.,0.,0.));
#14600=DIRECTION('center_axis',(0.,0.,1.));
#14601=DIRECTION('ref_axis',(0.,-1.,0.));
#14602=DIRECTION('',(1.,0.,0.));
#14603=DIRECTION('',(0.,-1.,0.));
#14604=DIRECTION('center_axis',(-0.707106781186551,0.499999999999997,0.499999999999998));
#14605=DIRECTION('ref_axis',(0.577350269189623,0.,0.816496580927728));
#14606=DIRECTION('',(0.707106781186538,0.500000000000022,0.499999999999991));
#14607=DIRECTION('',(-0.707106781186541,-0.500000000000016,-0.499999999999993));
#14608=DIRECTION('center_axis',(1.,0.,0.));
#14609=DIRECTION('ref_axis',(0.,0.382683432365089,0.923879532511287));
#14610=DIRECTION('',(0.707106781186551,3.92523114670946E-15,0.707106781186544));
#14611=DIRECTION('center_axis',(-1.,0.,0.));
#14612=DIRECTION('ref_axis',(0.,0.382683432365089,0.923879532511287));
#14613=DIRECTION('center_axis',(-0.707106781186551,3.85141240887271E-17,
0.707106781186544));
#14614=DIRECTION('ref_axis',(0.707106781186544,0.,0.707106781186551));
#14615=DIRECTION('',(0.707106781186544,1.57009245868376E-14,0.707106781186551));
#14616=DIRECTION('',(0.,1.,-5.44671966291984E-17));
#14617=DIRECTION('center_axis',(1.,0.,0.));
#14618=DIRECTION('ref_axis',(0.,-0.707106781186547,0.707106781186547));
#14619=DIRECTION('',(0.707106781186548,-0.707106781186548,0.));
#14620=DIRECTION('center_axis',(-1.,0.,0.));
#14621=DIRECTION('ref_axis',(0.,-0.707106781186548,0.707106781186548));
#14622=DIRECTION('center_axis',(-0.70710678118654,-0.707106781186555,3.71061733082386E-16));
#14623=DIRECTION('ref_axis',(5.24760535402781E-16,0.,1.));
#14624=DIRECTION('',(0.707106781186555,-0.70710678118654,0.));
#14625=DIRECTION('',(0.,5.2476053540277E-16,1.));
#14626=DIRECTION('center_axis',(1.,0.,0.));
#14627=DIRECTION('ref_axis',(0.,-0.707106781186548,-0.707106781186548));
#14628=DIRECTION('',(0.707106781186555,0.,-0.70710678118654));
#14629=DIRECTION('center_axis',(-1.,0.,0.));
#14630=DIRECTION('ref_axis',(0.,-0.707106781186548,-0.707106781186548));
#14631=DIRECTION('center_axis',(-0.70710678118654,0.,-0.707106781186555));
#14632=DIRECTION('ref_axis',(-0.707106781186555,0.,0.70710678118654));
#14633=DIRECTION('',(0.707106781186555,0.,-0.70710678118654));
#14634=DIRECTION('',(0.,-1.,0.));
#14635=DIRECTION('center_axis',(1.,0.,0.));
#14636=DIRECTION('ref_axis',(0.,0.382683432365088,-0.923879532511287));
#14637=DIRECTION('',(0.707106781186519,0.500000000000011,-0.500000000000029));
#14638=DIRECTION('center_axis',(-1.,0.,0.));
#14639=DIRECTION('ref_axis',(0.,0.382683432365088,-0.923879532511287));
#14640=DIRECTION('center_axis',(-0.707106781186548,0.499999999999999,-0.5));
#14641=DIRECTION('ref_axis',(-0.577350269189626,0.,0.816496580927726));
#14642=DIRECTION('',(0.707106781186547,0.500000000000004,-0.499999999999997));
#14643=DIRECTION('',(0.,-0.707106781186549,-0.707106781186546));
#14644=DIRECTION('center_axis',(-1.,0.,0.));
#14645=DIRECTION('ref_axis',(0.,-0.382683432365089,0.923879532511287));
#14646=DIRECTION('',(0.707106781186587,-7.8504622934193E-15,-0.707106781186508));
#14647=DIRECTION('center_axis',(1.,0.,0.));
#14648=DIRECTION('ref_axis',(0.,-0.382683432365089,0.923879532511287));
#14649=DIRECTION('center_axis',(-0.70710678118654,1.96261557335478E-16,
-0.707106781186555));
#14650=DIRECTION('ref_axis',(-0.707106781186555,0.,0.70710678118654));
#14651=DIRECTION('center_axis',(-0.707106781186548,-2.94392336003214E-16,
0.707106781186548));
#14652=DIRECTION('ref_axis',(0.707106781186548,0.,0.707106781186548));
#14653=DIRECTION('',(0.707106781186555,-1.57009245868379E-14,0.70710678118654));
#14654=DIRECTION('center_axis',(-1.,0.,0.));
#14655=DIRECTION('ref_axis',(0.,-0.382683432365089,-0.923879532511287));
#14656=DIRECTION('center_axis',(-1.,0.,0.));
#14657=DIRECTION('ref_axis',(0.,0.,-1.));
#14658=DIRECTION('',(-0.707106781186555,-8.65956056235484E-17,0.70710678118654));
#14659=DIRECTION('center_axis',(-1.,0.,0.));
#14660=DIRECTION('ref_axis',(0.,0.,-1.));
#14661=DIRECTION('',(-0.707106781186555,-8.65956056235484E-17,0.70710678118654));
#14662=DIRECTION('center_axis',(1.,0.,0.));
#14663=DIRECTION('ref_axis',(0.,-1.,1.53754581840335E-16));
#14664=DIRECTION('center_axis',(1.,0.,0.));
#14665=DIRECTION('ref_axis',(0.,1.2105189911383E-6,0.999999999999267));
#14666=DIRECTION('',(1.,0.,0.));
#14667=DIRECTION('center_axis',(0.,0.,1.));
#14668=DIRECTION('ref_axis',(0.,-1.,0.));
#14669=DIRECTION('',(0.,-1.,0.));
#14670=DIRECTION('center_axis',(-1.,0.,0.));
#14671=DIRECTION('ref_axis',(0.,0.,1.));
#14672=DIRECTION('center_axis',(1.,0.,0.));
#14673=DIRECTION('ref_axis',(0.,0.,-1.));
#14674=DIRECTION('',(0.,1.,0.));
#14675=DIRECTION('center_axis',(0.,0.,-1.));
#14676=DIRECTION('ref_axis',(0.,1.,0.));
#14677=DIRECTION('',(1.,0.,0.));
#14678=DIRECTION('center_axis',(1.,0.,0.));
#14679=DIRECTION('ref_axis',(0.,0.,-1.));
#14680=DIRECTION('center_axis',(1.,0.,0.));
#14681=DIRECTION('ref_axis',(0.,-1.,1.53754581840335E-16));
#14682=DIRECTION('center_axis',(1.,0.,0.));
#14683=DIRECTION('ref_axis',(0.,1.2105189911383E-6,0.999999999999267));
#14684=DIRECTION('',(1.,0.,0.));
#14685=DIRECTION('center_axis',(0.,0.,1.));
#14686=DIRECTION('ref_axis',(0.,-1.,0.));
#14687=DIRECTION('',(0.,-1.,0.));
#14688=DIRECTION('center_axis',(-1.,0.,0.));
#14689=DIRECTION('ref_axis',(0.,0.,1.));
#14690=DIRECTION('center_axis',(1.,0.,0.));
#14691=DIRECTION('ref_axis',(0.,0.,-1.));
#14692=DIRECTION('',(0.,1.,0.));
#14693=DIRECTION('center_axis',(0.,0.,-1.));
#14694=DIRECTION('ref_axis',(0.,1.,0.));
#14695=DIRECTION('',(1.,0.,0.));
#14696=DIRECTION('center_axis',(1.,0.,0.));
#14697=DIRECTION('ref_axis',(0.,0.,-1.));
#14698=DIRECTION('center_axis',(1.,0.,0.));
#14699=DIRECTION('ref_axis',(0.,-0.382683432365089,0.923879532511287));
#14700=DIRECTION('',(1.,0.,0.));
#14701=DIRECTION('center_axis',(1.,0.,0.));
#14702=DIRECTION('ref_axis',(0.,0.382683432365088,-0.923879532511287));
#14703=DIRECTION('',(1.,0.,0.));
#14704=DIRECTION('',(-1.,0.,0.));
#14705=DIRECTION('center_axis',(0.,-0.707106781186546,0.707106781186549));
#14706=DIRECTION('ref_axis',(0.,0.707106781186549,0.707106781186546));
#14707=DIRECTION('center_axis',(1.,0.,0.));
#14708=DIRECTION('ref_axis',(0.,0.382683432365089,0.923879532511287));
#14709=DIRECTION('',(-1.,0.,0.));
#14710=DIRECTION('center_axis',(0.,-5.44671966291984E-17,-1.));
#14711=DIRECTION('ref_axis',(0.,-1.,5.44671966291984E-17));
#14712=DIRECTION('',(1.,0.,0.));
#14713=DIRECTION('center_axis',(1.,0.,0.));
#14714=DIRECTION('ref_axis',(0.,-0.707106781186548,-0.707106781186548));
#14715=DIRECTION('',(1.,0.,0.));
#14716=DIRECTION('',(-1.,0.,0.));
#14717=DIRECTION('center_axis',(0.,0.,1.));
#14718=DIRECTION('ref_axis',(0.,1.,0.));
#14719=DIRECTION('center_axis',(1.,0.,0.));
#14720=DIRECTION('ref_axis',(0.,-0.707106781186548,0.707106781186548));
#14721=DIRECTION('',(-1.,0.,0.));
#14722=DIRECTION('center_axis',(0.,1.,-5.2476053540277E-16));
#14723=DIRECTION('ref_axis',(0.,-5.2476053540277E-16,-1.));
#14724=DIRECTION('center_axis',(1.11561779098945E-30,-1.,8.88178419700128E-15));
#14725=DIRECTION('ref_axis',(-0.382683432365094,0.,-0.923879532511285));
#14726=DIRECTION('center_axis',(0.,1.,0.));
#14727=DIRECTION('ref_axis',(-0.382683432365094,0.,-0.923879532511285));
#14728=DIRECTION('',(-1.11561779098945E-30,1.,-8.88178419700128E-15));
#14729=DIRECTION('center_axis',(-1.56046083882748E-14,-0.939692620785915,
-0.342020143325651));
#14730=DIRECTION('ref_axis',(-4.28733091862186E-14,0.342020143325651,-0.939692620785915));
#14731=DIRECTION('',(1.11561779098945E-30,-1.,8.88178419700128E-15));
#14732=DIRECTION('center_axis',(0.707106781186544,0.707106781186551,0.));
#14733=DIRECTION('ref_axis',(-0.707106781186551,0.707106781186544,-1.25116742801364E-14));
#14734=DIRECTION('center_axis',(0.,0.766044443118998,-0.642787609686516));
#14735=DIRECTION('ref_axis',(-0.382683432365102,0.593858316341224,0.707732781991643));
#14736=DIRECTION('',(0.,0.766044443118998,-0.642787609686516));
#14737=DIRECTION('center_axis',(4.6612119867175E-15,-0.766044443118995,
0.642787609686519));
#14738=DIRECTION('ref_axis',(0.,0.642787609686519,0.766044443118995));
#14739=DIRECTION('',(0.,-0.766044443118998,0.642787609686516));
#14740=DIRECTION('center_axis',(6.75659277487122E-14,0.93969262078595,-0.342020143325556));
#14741=DIRECTION('ref_axis',(1.85635860814038E-13,0.342020143325556,0.939692620785949));
#14742=DIRECTION('center_axis',(0.,1.,8.88178419700128E-15));
#14743=DIRECTION('ref_axis',(-0.382683432365094,-1.9227147879029E-14,0.923879532511285));
#14744=DIRECTION('center_axis',(0.707106781186544,0.707106781186551,0.));
#14745=DIRECTION('ref_axis',(-0.707106781186551,0.707106781186544,1.25116742801364E-14));
#14746=DIRECTION('',(0.,1.,8.88178419700128E-15));
#14747=DIRECTION('',(0.,-1.,-8.88178419700128E-15));
#14748=DIRECTION('center_axis',(0.,1.,0.));
#14749=DIRECTION('ref_axis',(-0.382683432365094,-1.9227147879029E-14,0.923879532511285));
#14750=DIRECTION('center_axis',(1.,0.,0.));
#14751=DIRECTION('ref_axis',(0.,0.,-1.));
#14752=DIRECTION('center_axis',(1.,0.,0.));
#14753=DIRECTION('ref_axis',(0.,0.422618261740706,-0.906307787036647));
#14754=DIRECTION('center_axis',(1.77635683940017E-14,-1.77635683940026E-14,
-1.));
#14755=DIRECTION('ref_axis',(0.,-1.,1.77635683940026E-14));
#14756=DIRECTION('center_axis',(-1.,0.,0.));
#14757=DIRECTION('ref_axis',(0.,0.422618261740702,-0.906307787036649));
#14758=DIRECTION('center_axis',(0.,2.01177118537378E-14,1.));
#14759=DIRECTION('ref_axis',(-0.382683432365087,-0.923879532511288,1.92271478790287E-14));
#14760=DIRECTION('',(0.,2.01177118537378E-14,1.));
#14761=DIRECTION('center_axis',(-7.35791094493788E-15,-1.77635683940026E-14,
-1.));
#14762=DIRECTION('ref_axis',(0.,-1.,1.77635683940026E-14));
#14763=DIRECTION('',(0.,-2.01177118537378E-14,-1.));
#14764=DIRECTION('center_axis',(1.,0.,0.));
#14765=DIRECTION('ref_axis',(0.,0.422618261740695,0.906307787036652));
#14766=DIRECTION('center_axis',(1.,0.,0.));
#14767=DIRECTION('ref_axis',(0.,0.422618261740713,0.906307787036643));
#14768=DIRECTION('center_axis',(-9.50641918343679E-15,0.766044443118977,
0.64278760968654));
#14769=DIRECTION('ref_axis',(0.,0.64278760968654,-0.766044443118977));
#14770=DIRECTION('center_axis',(-1.,0.,0.));
#14771=DIRECTION('ref_axis',(0.,0.422618261740718,0.906307787036641));
#14772=DIRECTION('center_axis',(0.,-0.766044443118979,-0.642787609686539));
#14773=DIRECTION('ref_axis',(-0.382683432365095,0.593858316341247,-0.707732781991628));
#14774=DIRECTION('',(0.,-0.766044443118979,-0.642787609686539));
#14775=DIRECTION('',(0.,0.766044443118979,0.642787609686539));
#14776=DIRECTION('center_axis',(-0.707106781186563,-6.28036983473498E-15,
-0.707106781186532));
#14777=DIRECTION('ref_axis',(-0.707106781186532,0.,0.707106781186563));
#14778=DIRECTION('',(-0.707106781186532,0.,0.707106781186563));
#14779=DIRECTION('',(0.,1.,-8.88178419700128E-15));
#14780=DIRECTION('',(0.684791078771727,0.249243569363922,-0.684791078771757));
#14781=DIRECTION('center_axis',(0.,-1.,0.));
#14782=DIRECTION('ref_axis',(0.,0.,-1.));
#14783=DIRECTION('',(0.,0.,1.));
#14784=DIRECTION('',(1.,0.,0.));
#14785=DIRECTION('',(0.,0.,-1.));
#14786=DIRECTION('center_axis',(0.707106781186544,0.707106781186551,0.));
#14787=DIRECTION('ref_axis',(0.707106781186551,-0.707106781186544,4.55885329486705E-15));
#14788=DIRECTION('',(0.707106781186551,-0.707106781186544,6.28036983473509E-15));
#14789=DIRECTION('',(0.608120402411348,-0.608120402411341,0.510273605374733));
#14790=DIRECTION('',(0.,0.,-1.));
#14791=DIRECTION('',(0.707106781186551,-0.707106781186544,4.55885329486705E-15));
#14792=DIRECTION('center_axis',(0.,8.88178419700128E-15,1.));
#14793=DIRECTION('ref_axis',(0.,-1.,8.88178419700128E-15));
#14794=DIRECTION('',(1.,0.,0.));
#14795=DIRECTION('',(0.,-1.,8.88178419700128E-15));
#14796=DIRECTION('',(0.707106781186551,0.707106781186544,-6.28036983473509E-15));
#14797=DIRECTION('',(1.,0.,0.));
#14798=DIRECTION('center_axis',(0.,-0.642787609686539,0.766044443118979));
#14799=DIRECTION('ref_axis',(0.,-0.766044443118979,-0.642787609686539));
#14800=DIRECTION('',(-1.,0.,0.));
#14801=DIRECTION('',(0.,-0.766044443118979,-0.642787609686539));
#14802=DIRECTION('center_axis',(1.,0.,0.));
#14803=DIRECTION('ref_axis',(0.,0.422618261740705,0.906307787036647));
#14804=DIRECTION('',(1.,0.,0.));
#14805=DIRECTION('center_axis',(-1.,0.,0.));
#14806=DIRECTION('ref_axis',(0.,0.422618261740705,0.906307787036647));
#14807=DIRECTION('center_axis',(0.,1.,-2.01177118537378E-14));
#14808=DIRECTION('ref_axis',(0.,2.01177118537378E-14,1.));
#14809=DIRECTION('',(-1.,0.,0.));
#14810=DIRECTION('',(0.,2.01177118537378E-14,1.));
#14811=DIRECTION('center_axis',(1.,0.,0.));
#14812=DIRECTION('ref_axis',(0.,0.422618261740689,-0.906307787036655));
#14813=DIRECTION('',(1.,0.,0.));
#14814=DIRECTION('center_axis',(-1.,0.,0.));
#14815=DIRECTION('ref_axis',(0.,0.422618261740689,-0.906307787036655));
#14816=DIRECTION('center_axis',(0.,-0.642787609686516,-0.766044443118998));
#14817=DIRECTION('ref_axis',(0.,0.766044443118998,-0.642787609686516));
#14818=DIRECTION('',(1.,0.,0.));
#14819=DIRECTION('',(0.,0.766044443118998,-0.642787609686516));
#14820=DIRECTION('center_axis',(-0.707106781186548,-6.28036983473512E-15,
0.707106781186548));
#14821=DIRECTION('ref_axis',(0.707106781186548,0.,0.707106781186548));
#14822=DIRECTION('',(-0.68479107877171,-0.249243569363764,-0.684791078771831));
#14823=DIRECTION('',(0.,-1.,-8.88178419700128E-15));
#14824=DIRECTION('',(0.707106781186548,0.,0.707106781186548));
#14825=DIRECTION('center_axis',(-0.707106781186559,0.454519477672019,0.541675220419707));
#14826=DIRECTION('ref_axis',(0.60812040241134,0.,0.793844806099448));
#14827=DIRECTION('',(-0.707106781186536,-0.454519477672035,-0.541675220419725));
#14828=DIRECTION('',(0.,-0.766044443118998,0.642787609686516));
#14829=DIRECTION('center_axis',(-1.,0.,0.));
#14830=DIRECTION('ref_axis',(0.,0.422618261740689,-0.906307787036655));
#14831=DIRECTION('',(-0.70710678118654,0.707106781186555,-3.14018491736751E-14));
#14832=DIRECTION('center_axis',(-1.,0.,0.));
#14833=DIRECTION('ref_axis',(0.,0.422618261740689,-0.906307787036655));
#14834=DIRECTION('center_axis',(-0.707106781186548,-0.707106781186548,1.4225370473735E-14));
#14835=DIRECTION('ref_axis',(2.01177118537378E-14,0.,1.));
#14836=DIRECTION('',(-0.707106781186563,0.707106781186532,0.));
#14837=DIRECTION('',(0.,-2.01177118537378E-14,-1.));
#14838=DIRECTION('center_axis',(-1.,0.,0.));
#14839=DIRECTION('ref_axis',(0.,0.422618261740705,0.906307787036647));
#14840=DIRECTION('',(-0.707106781186545,-0.454519477672062,0.541675220419689));
#14841=DIRECTION('center_axis',(-1.,0.,0.));
#14842=DIRECTION('ref_axis',(0.,0.422618261740705,0.906307787036647));
#14843=DIRECTION('center_axis',(-0.707106781186547,0.454519477672043,-0.541675220419702));
#14844=DIRECTION('ref_axis',(-0.608120402411343,0.,0.793844806099445));
#14845=DIRECTION('',(0.,0.766044443118979,0.642787609686539));
#14846=DIRECTION('center_axis',(0.,8.88178419700128E-15,-1.));
#14847=DIRECTION('ref_axis',(0.,1.,8.88178419700128E-15));
#14848=DIRECTION('',(-0.707106781186551,0.707106781186544,6.28036983473509E-15));
#14849=DIRECTION('',(1.,0.,0.));
#14850=DIRECTION('',(-0.707106781186551,-0.707106781186544,-6.28036983473509E-15));
#14851=DIRECTION('',(0.,1.,8.88178419700128E-15));
#14852=DIRECTION('center_axis',(0.,-1.,0.));
#14853=DIRECTION('ref_axis',(0.,0.,-1.));
#14854=DIRECTION('',(0.,0.,-1.));
#14855=DIRECTION('',(1.,0.,0.));
#14856=DIRECTION('',(0.,0.,1.));
#14857=DIRECTION('center_axis',(0.,0.642787609686535,-0.766044443118982));
#14858=DIRECTION('ref_axis',(0.,0.766044443118982,0.642787609686535));
#14859=DIRECTION('',(-0.608120402411349,0.608120402411342,0.51027360537473));
#14860=DIRECTION('center_axis',(0.,0.642787609686535,-0.766044443118982));
#14861=DIRECTION('ref_axis',(0.,-0.766044443118982,-0.642787609686535));
#14862=DIRECTION('',(-0.608120402411349,-0.608120402411342,-0.510273605374731));
#14863=DIRECTION('center_axis',(0.,0.642787609686538,0.766044443118979));
#14864=DIRECTION('ref_axis',(0.,-0.766044443118979,0.642787609686538));
#14865=DIRECTION('',(0.608120402411347,0.608120402411341,-0.510273605374734));
#14866=DIRECTION('center_axis',(0.,0.642787609686538,0.766044443118979));
#14867=DIRECTION('ref_axis',(0.,-0.766044443118979,0.642787609686538));
#14868=DIRECTION('center_axis',(1.,0.,0.));
#14869=DIRECTION('ref_axis',(0.,0.,-1.));
#14870=DIRECTION('',(0.,0.,-1.));
#14871=DIRECTION('center_axis',(1.,0.,0.));
#14872=DIRECTION('ref_axis',(0.,0.,-1.));
#14873=DIRECTION('center_axis',(1.,0.,0.));
#14874=DIRECTION('ref_axis',(0.,-0.0348994967025043,0.999390827019096));
#14875=DIRECTION('',(0.,-0.999390827019096,-0.0348994967025063));
#14876=DIRECTION('center_axis',(-1.,0.,0.));
#14877=DIRECTION('ref_axis',(0.,0.0348994967025012,-0.999390827019096));
#14878=DIRECTION('',(0.,1.52057231313324E-15,-1.));
#14879=DIRECTION('',(0.,1.,-4.19970783084691E-13));
#14880=DIRECTION('',(0.,0.,-1.));
#14881=DIRECTION('',(0.,1.,0.));
#14882=DIRECTION('',(0.,0.,1.));
#14883=DIRECTION('',(0.,1.,-4.19970783084691E-13));
#14884=DIRECTION('center_axis',(1.,0.,0.));
#14885=DIRECTION('ref_axis',(0.,-4.17443857259059E-13,-1.));
#14886=DIRECTION('',(0.,-1.,4.19970783084691E-13));
#14887=DIRECTION('',(0.,0.,1.));
#14888=DIRECTION('',(0.,-1.,0.));
#14889=DIRECTION('',(0.,0.,-1.));
#14890=DIRECTION('',(0.,-1.,4.19970783084691E-13));
#14891=DIRECTION('',(0.,1.52057231313324E-15,-1.));
#14892=DIRECTION('center_axis',(-1.,0.,0.));
#14893=DIRECTION('ref_axis',(0.,0.382683432365091,-0.923879532511287));
#14894=DIRECTION('',(0.,-0.707106781186547,-0.707106781186548));
#14895=DIRECTION('center_axis',(1.,0.,0.));
#14896=DIRECTION('ref_axis',(0.,-0.382683432365093,0.923879532511286));
#14897=DIRECTION('',(0.,-1.,-1.31042717660664E-15));
#14898=DIRECTION('center_axis',(1.,0.,0.));
#14899=DIRECTION('ref_axis',(0.,1.,-4.56777472988636E-15));
#14900=DIRECTION('',(0.,-3.0280021411161E-16,1.));
#14901=DIRECTION('center_axis',(1.,0.,0.));
#14902=DIRECTION('ref_axis',(0.,-6.09036630651516E-15,-1.));
#14903=DIRECTION('',(0.,1.,0.));
#14904=DIRECTION('center_axis',(1.,0.,0.));
#14905=DIRECTION('ref_axis',(0.,-0.38268343236509,-0.923879532511286));
#14906=DIRECTION('',(0.,0.707106781186547,-0.707106781186548));
#14907=DIRECTION('center_axis',(-1.,0.,0.));
#14908=DIRECTION('ref_axis',(0.,0.38268343236509,0.923879532511287));
#14909=DIRECTION('',(0.,1.21645785050659E-14,-1.));
#14910=DIRECTION('center_axis',(-1.,0.,0.));
#14911=DIRECTION('ref_axis',(0.,1.,1.42108547151905E-14));
#14912=DIRECTION('',(0.,0.999390827019097,-0.034899496702476));
#14913=DIRECTION('center_axis',(1.,0.,0.));
#14914=DIRECTION('ref_axis',(0.,-1.,-2.84217094304041E-14));
#14915=DIRECTION('center_axis',(-1.,0.,0.));
#14916=DIRECTION('ref_axis',(0.,0.,-1.));
#14917=DIRECTION('center_axis',(1.,0.,0.));
#14918=DIRECTION('ref_axis',(0.,-1.,0.));
#14919=DIRECTION('',(0.,-5.44558228089803E-15,1.));
#14920=DIRECTION('center_axis',(1.,0.,0.));
#14921=DIRECTION('ref_axis',(0.,0.,1.));
#14922=DIRECTION('',(0.,5.94063521552512E-15,-1.));
#14923=DIRECTION('center_axis',(1.,0.,0.));
#14924=DIRECTION('ref_axis',(0.,1.,5.55111512312578E-15));
#14925=DIRECTION('',(0.,5.94063521552512E-15,-1.));
#14926=DIRECTION('center_axis',(1.,0.,0.));
#14927=DIRECTION('ref_axis',(0.,0.,-1.));
#14928=DIRECTION('',(0.,-5.44558228089803E-15,1.));
#14929=DIRECTION('center_axis',(-1.,0.,0.));
#14930=DIRECTION('ref_axis',(0.,0.,-1.));
#14931=DIRECTION('center_axis',(0.707106781186544,0.707106781186551,0.));
#14932=DIRECTION('ref_axis',(0.707106781186551,-0.707106781186544,4.55885329486705E-15));
#14933=DIRECTION('',(0.707106781186551,-0.707106781186544,4.55885329486705E-15));
#14934=DIRECTION('',(0.,0.,-1.));
#14935=DIRECTION('center_axis',(0.,0.,-1.));
#14936=DIRECTION('ref_axis',(0.,-1.,0.));
#14937=DIRECTION('',(0.,0.,1.));
#14938=DIRECTION('center_axis',(0.,0.,1.));
#14939=DIRECTION('ref_axis',(-0.70710678118654,-0.707106781186555,0.));
#14940=DIRECTION('center_axis',(0.,1.52057231313324E-15,-1.));
#14941=DIRECTION('ref_axis',(0.,-1.,0.));
#14942=DIRECTION('center_axis',(0.,-4.19970783084691E-13,-1.));
#14943=DIRECTION('ref_axis',(0.,-1.,0.));
#14944=DIRECTION('',(1.39452223873683E-31,1.52057231313324E-15,-1.));
#14945=DIRECTION('center_axis',(0.,0.,1.));
#14946=DIRECTION('ref_axis',(-0.70710678118654,-0.707106781186555,0.));
#14947=DIRECTION('',(0.,-1.52057231313324E-15,1.));
#14948=DIRECTION('center_axis',(-1.,0.,0.));
#14949=DIRECTION('ref_axis',(0.,0.,1.));
#14950=DIRECTION('center_axis',(-1.,0.,0.));
#14951=DIRECTION('ref_axis',(0.,0.719339800338635,-0.694658370459014));
#14952=DIRECTION('center_axis',(0.,0.999390827019094,0.0348994967025567));
#14953=DIRECTION('ref_axis',(-0.707106781186535,-0.0246776707783759,0.706676030840846));
#14954=DIRECTION('center_axis',(1.,0.,0.));
#14955=DIRECTION('ref_axis',(0.,0.719339800338635,-0.694658370459014));
#14956=DIRECTION('center_axis',(0.,-0.999390827019096,-0.0348994967025064));
#14957=DIRECTION('ref_axis',(2.09345661157839E-14,-0.0348994967025164,0.999390827019095));
#14958=DIRECTION('',(-2.45326946669338E-18,-0.999390827019096,-0.0348994967025063));
#14959=DIRECTION('center_axis',(0.,0.999390827019095,0.0348994967025164));
#14960=DIRECTION('ref_axis',(-0.70710678118655,-0.0246776707783468,0.706676030840832));
#14961=DIRECTION('',(-2.45326946669339E-18,0.999390827019096,0.0348994967025063));
#14962=DIRECTION('center_axis',(1.,0.,0.));
#14963=DIRECTION('ref_axis',(0.,0.,-1.));
#14964=DIRECTION('center_axis',(1.,0.,0.));
#14965=DIRECTION('ref_axis',(0.,-0.719339800338653,0.694658370458995));
#14966=DIRECTION('center_axis',(-1.,0.,0.));
#14967=DIRECTION('ref_axis',(0.,-0.719339800338653,0.694658370458995));
#14968=DIRECTION('center_axis',(0.,0.,-1.));
#14969=DIRECTION('ref_axis',(0.,-1.,0.));
#14970=DIRECTION('center_axis',(0.,0.,1.));
#14971=DIRECTION('ref_axis',(-0.70710678118654,-0.707106781186555,0.));
#14972=DIRECTION('',(0.,0.,1.));
#14973=DIRECTION('center_axis',(1.,0.,0.));
#14974=DIRECTION('ref_axis',(0.,0.,-1.));
#14975=DIRECTION('center_axis',(1.,0.,0.));
#14976=DIRECTION('ref_axis',(0.,-0.719339800338636,-0.694658370459012));
#14977=DIRECTION('center_axis',(0.,-0.999390827019097,0.034899496702476));
#14978=DIRECTION('ref_axis',(-0.707106781186565,-0.0246776707783177,-0.706676030840817));
#14979=DIRECTION('center_axis',(-1.,0.,0.));
#14980=DIRECTION('ref_axis',(0.,-0.719339800338636,-0.694658370459012));
#14981=DIRECTION('center_axis',(0.,0.999390827019097,-0.034899496702476));
#14982=DIRECTION('ref_axis',(2.0934566115784E-14,-0.0348994967024746,-0.999390827019097));
#14983=DIRECTION('',(-2.45326946669338E-18,0.999390827019097,-0.034899496702476));
#14984=DIRECTION('center_axis',(0.,-0.999390827019097,0.0348994967024731));
#14985=DIRECTION('ref_axis',(-0.707106781186551,-0.0246776707783162,-0.706676030840832));
#14986=DIRECTION('',(-2.45326946669339E-18,-0.999390827019097,0.034899496702476));
#14987=DIRECTION('center_axis',(-1.,0.,0.));
#14988=DIRECTION('ref_axis',(0.,0.,1.));
#14989=DIRECTION('center_axis',(-1.,0.,0.));
#14990=DIRECTION('ref_axis',(0.,0.719339800339013,0.694658370458623));
#14991=DIRECTION('center_axis',(0.,2.09345661157825E-13,1.));
#14992=DIRECTION('ref_axis',(-0.707106781186525,-0.70710678118657,1.48029736616684E-13));
#14993=DIRECTION('center_axis',(1.,0.,0.));
#14994=DIRECTION('ref_axis',(0.,0.719339800339013,0.694658370458623));
#14995=DIRECTION('center_axis',(-7.88860905221012E-31,1.21645785050659E-14,
-1.));
#14996=DIRECTION('ref_axis',(0.,-1.,0.));
#14997=DIRECTION('center_axis',(-9.62964972193656E-33,-2.45810316545913E-13,
1.));
#14998=DIRECTION('ref_axis',(0.,-1.,0.));
#14999=DIRECTION('',(7.88860905221012E-31,-1.21645785050659E-14,1.));
#15000=DIRECTION('',(-1.90447869621048E-30,1.21645785050659E-14,-1.));
#15001=DIRECTION('center_axis',(9.62964972193656E-33,2.45810316545913E-13,
-1.));
#15002=DIRECTION('ref_axis',(-1.,2.3670672463755E-45,-9.62964972193658E-33));
#15003=DIRECTION('',(0.707106781186551,-0.707106781186544,-1.73805414505068E-13));
#15004=DIRECTION('',(1.,0.,0.));
#15005=DIRECTION('',(0.707106781186551,0.707106781186544,1.73805414505068E-13));
#15006=DIRECTION('center_axis',(0.707106781186544,0.707106781186551,8.60165595120825E-15));
#15007=DIRECTION('ref_axis',(0.707106781186551,-0.707106781186544,-1.73805414505068E-13));
#15008=DIRECTION('',(0.707106781186551,-0.707106781186544,-1.73805414505068E-13));
#15009=DIRECTION('',(2.23123558197896E-30,-1.21645785050659E-14,1.));
#15010=DIRECTION('center_axis',(-1.,0.,0.));
#15011=DIRECTION('ref_axis',(0.,0.0348994967027282,0.999390827019088));
#15012=DIRECTION('',(0.707106781186551,-0.0246776707783328,-0.706676030840831));
#15013=DIRECTION('center_axis',(1.,0.,0.));
#15014=DIRECTION('ref_axis',(0.,1.,1.42108547151905E-14));
#15015=DIRECTION('center_axis',(0.707106781186544,0.0246776707783185,0.706676030840839));
#15016=DIRECTION('ref_axis',(0.707106781186551,-0.0246776707783328,-0.706676030840831));
#15017=DIRECTION('',(0.707106781186551,-0.0246776707783328,-0.706676030840831));
#15018=DIRECTION('',(4.90653893338682E-18,-0.999390827019097,0.034899496702476));
#15019=DIRECTION('center_axis',(1.,0.,0.));
#15020=DIRECTION('ref_axis',(0.,-1.,-2.84217094304041E-14));
#15021=DIRECTION('center_axis',(-1.,0.,0.));
#15022=DIRECTION('ref_axis',(0.,-1.,-2.84217094304041E-14));
#15023=DIRECTION('center_axis',(1.,0.,0.));
#15024=DIRECTION('ref_axis',(0.,-0.0348994967025043,0.999390827019096));
#15025=DIRECTION('',(0.707106781186551,-0.0246776707783361,0.706676030840831));
#15026=DIRECTION('center_axis',(-1.,0.,0.));
#15027=DIRECTION('ref_axis',(0.,-0.0348994967025043,0.999390827019096));
#15028=DIRECTION('center_axis',(0.707106781186544,0.0246776707783399,-0.706676030840838));
#15029=DIRECTION('ref_axis',(0.707106781186551,-0.0246776707783361,0.706676030840831));
#15030=DIRECTION('',(0.707106781186551,-0.0246776707783361,0.706676030840831));
#15031=DIRECTION('',(0.,0.999390827019096,0.0348994967025063));
#15032=DIRECTION('center_axis',(-1.,0.,0.));
#15033=DIRECTION('ref_axis',(0.,1.,0.));
#15034=DIRECTION('',(0.707106781186551,-0.707106781186544,1.84584939185206E-33));
#15035=DIRECTION('center_axis',(1.,0.,0.));
#15036=DIRECTION('ref_axis',(0.,0.0348994967025012,-0.999390827019096));
#15037=DIRECTION('center_axis',(0.707106781186544,0.707106781186551,1.07520699390103E-15));
#15038=DIRECTION('ref_axis',(0.707106781186551,-0.707106781186544,1.84584939185206E-33));
#15039=DIRECTION('',(-0.707106781186551,0.707106781186544,-2.96964188619408E-13));
#15040=DIRECTION('',(0.,-1.52057231313324E-15,1.));
#15041=DIRECTION('center_axis',(0.,1.52057231313324E-15,-1.));
#15042=DIRECTION('ref_axis',(0.,-1.,0.));
#15043=DIRECTION('center_axis',(9.62964972193657E-33,-1.2240074965992E-32,
-1.));
#15044=DIRECTION('ref_axis',(0.,-1.,0.));
#15045=DIRECTION('',(1.39452223873683E-31,1.52057231313324E-15,-1.));
#15046=DIRECTION('center_axis',(0.,4.19970783084691E-13,1.));
#15047=DIRECTION('ref_axis',(0.,-1.,0.));
#15048=DIRECTION('',(0.,-1.52057231313324E-15,1.));
#15049=DIRECTION('center_axis',(9.62964972193657E-33,-1.2240074965992E-32,
-1.));
#15050=DIRECTION('ref_axis',(-1.,0.,-9.62964972193657E-33));
#15051=DIRECTION('',(0.707106781186551,0.707106781186544,-1.84584939185206E-33));
#15052=DIRECTION('',(-1.,0.,0.));
#15053=DIRECTION('',(-0.707106781186551,0.707106781186544,-1.84584939185206E-33));
#15054=DIRECTION('center_axis',(-0.707106781186544,0.707106781186551,1.07520699390103E-15));
#15055=DIRECTION('ref_axis',(0.707106781186551,0.707106781186544,-1.84584939185206E-33));
#15056=DIRECTION('',(0.707106781186551,0.707106781186544,-1.84584939185206E-33));
#15057=DIRECTION('',(0.,1.52057231313324E-15,-1.));
#15058=DIRECTION('',(0.707106781186551,0.707106781186544,-2.96964188619408E-13));
#15059=DIRECTION('',(0.,1.52057231313324E-15,-1.));
#15060=DIRECTION('',(-0.707106781186551,-0.707106781186544,2.96964188619408E-13));
#15061=DIRECTION('center_axis',(0.707106781186544,0.707106781186551,1.07520699390103E-15));
#15062=DIRECTION('ref_axis',(0.707106781186551,-0.707106781186544,1.84584939185206E-33));
#15063=DIRECTION('',(0.,-1.52057231313324E-15,1.));
#15064=DIRECTION('',(0.707106781186551,-0.707106781186544,2.96964188619408E-13));
#15065=DIRECTION('center_axis',(-0.707106781186544,0.707106781186551,8.60165595120825E-15));
#15066=DIRECTION('ref_axis',(0.707106781186551,0.707106781186544,1.73805414505068E-13));
#15067=DIRECTION('',(0.,1.21645785050659E-14,-1.));
#15068=DIRECTION('',(0.707106781186551,0.707106781186544,1.73805414505068E-13));
#15069=DIRECTION('center_axis',(1.,0.,0.));
#15070=DIRECTION('ref_axis',(0.,0.0348994967027282,0.999390827019088));
#15071=DIRECTION('center_axis',(-1.,0.,0.));
#15072=DIRECTION('ref_axis',(0.,1.,1.42108547151905E-14));
#15073=DIRECTION('',(0.707106781186551,0.0246776707783328,0.706676030840831));
#15074=DIRECTION('center_axis',(-0.707106781186544,0.0246776707783185,0.706676030840839));
#15075=DIRECTION('ref_axis',(0.707106781186551,0.0246776707783328,0.706676030840831));
#15076=DIRECTION('',(4.90653893338682E-18,0.999390827019097,-0.034899496702476));
#15077=DIRECTION('',(0.707106781186551,0.0246776707783328,0.706676030840831));
#15078=DIRECTION('center_axis',(-1.,0.,0.));
#15079=DIRECTION('ref_axis',(0.,-1.,-2.84217094304041E-14));
#15080=DIRECTION('center_axis',(1.,0.,0.));
#15081=DIRECTION('ref_axis',(0.,-1.,-2.84217094304041E-14));
#15082=DIRECTION('',(0.707106781186551,0.707106781186544,-4.55885329486705E-15));
#15083=DIRECTION('center_axis',(-0.707106781186544,0.707106781186551,0.));
#15084=DIRECTION('ref_axis',(0.707106781186551,0.707106781186544,-4.55885329486705E-15));
#15085=DIRECTION('',(0.,0.,-1.));
#15086=DIRECTION('',(0.707106781186551,0.707106781186544,-4.55885329486705E-15));
#15087=DIRECTION('center_axis',(-1.,0.,0.));
#15088=DIRECTION('ref_axis',(0.,-0.0348994967025043,0.999390827019096));
#15089=DIRECTION('center_axis',(1.,0.,0.));
#15090=DIRECTION('ref_axis',(0.,-0.0348994967025043,0.999390827019096));
#15091=DIRECTION('',(0.707106781186551,0.0246776707783361,-0.706676030840831));
#15092=DIRECTION('center_axis',(-0.707106781186544,0.0246776707783399,-0.706676030840838));
#15093=DIRECTION('ref_axis',(0.707106781186551,0.0246776707783361,-0.706676030840831));
#15094=DIRECTION('',(0.,-0.999390827019096,-0.0348994967025063));
#15095=DIRECTION('',(0.707106781186551,0.0246776707783361,-0.706676030840831));
#15096=DIRECTION('center_axis',(1.,0.,0.));
#15097=DIRECTION('ref_axis',(0.,1.,0.));
#15098=DIRECTION('center_axis',(-1.,0.,0.));
#15099=DIRECTION('ref_axis',(0.,0.0348994967025012,-0.999390827019096));
#15100=DIRECTION('center_axis',(0.,-1.,-1.21645785050659E-14));
#15101=DIRECTION('ref_axis',(0.,1.21645785050659E-14,-1.));
#15102=DIRECTION('',(1.,0.,0.));
#15103=DIRECTION('',(0.707106781186555,-3.14018491736758E-14,-0.70710678118654));
#15104=DIRECTION('',(1.,0.,0.));
#15105=DIRECTION('center_axis',(1.,0.,0.));
#15106=DIRECTION('ref_axis',(0.,1.,1.42108547151905E-14));
#15107=DIRECTION('',(1.,0.,0.));
#15108=DIRECTION('center_axis',(0.,-0.034899496702476,-0.999390827019097));
#15109=DIRECTION('ref_axis',(0.,0.999390827019097,-0.034899496702476));
#15110=DIRECTION('',(1.,0.,0.));
#15111=DIRECTION('center_axis',(1.,0.,0.));
#15112=DIRECTION('ref_axis',(0.,-1.,-2.84217094304041E-14));
#15113=DIRECTION('center_axis',(1.,0.,0.));
#15114=DIRECTION('ref_axis',(0.,-0.0348994967025043,0.999390827019096));
#15115=DIRECTION('',(1.,0.,0.));
#15116=DIRECTION('center_axis',(0.,-0.0348994967025063,0.999390827019096));
#15117=DIRECTION('ref_axis',(0.,-0.999390827019096,-0.0348994967025063));
#15118=DIRECTION('',(1.,0.,0.));
#15119=DIRECTION('center_axis',(1.,0.,0.));
#15120=DIRECTION('ref_axis',(0.,0.0348994967025012,-0.999390827019096));
#15121=DIRECTION('',(1.,0.,0.));
#15122=DIRECTION('center_axis',(0.,-1.,-1.52057231313324E-15));
#15123=DIRECTION('ref_axis',(0.,1.52057231313324E-15,-1.));
#15124=DIRECTION('',(-1.,0.,0.));
#15125=DIRECTION('center_axis',(0.,-1.,-1.52057231313324E-15));
#15126=DIRECTION('ref_axis',(0.,1.52057231313324E-15,-1.));
#15127=DIRECTION('',(-1.,0.,0.));
#15128=DIRECTION('',(0.707106781186548,0.,0.707106781186548));
#15129=DIRECTION('',(1.,0.,0.));
#15130=DIRECTION('center_axis',(0.,1.,5.44558228089803E-15));
#15131=DIRECTION('ref_axis',(0.,5.44558228089803E-15,-1.));
#15132=DIRECTION('',(0.,5.44558228089803E-15,-1.));
#15133=DIRECTION('',(-1.,0.,0.));
#15134=DIRECTION('',(0.,5.44558228089803E-15,-1.));
#15135=DIRECTION('',(-1.,0.,0.));
#15136=DIRECTION('center_axis',(1.,0.,0.));
#15137=DIRECTION('ref_axis',(0.,0.,-1.));
#15138=DIRECTION('center_axis',(-1.,0.,0.));
#15139=DIRECTION('ref_axis',(0.,0.,-1.));
#15140=DIRECTION('',(-1.,0.,0.));
#15141=DIRECTION('center_axis',(-1.,0.,0.));
#15142=DIRECTION('ref_axis',(0.,0.,-1.));
#15143=DIRECTION('',(-1.,0.,0.));
#15144=DIRECTION('center_axis',(1.,0.,0.));
#15145=DIRECTION('ref_axis',(0.,0.38268343236509,0.923879532511287));
#15146=DIRECTION('center_axis',(-1.,0.,0.));
#15147=DIRECTION('ref_axis',(0.,0.38268343236509,0.923879532511287));
#15148=DIRECTION('',(1.,0.,0.));
#15149=DIRECTION('center_axis',(1.,0.,0.));
#15150=DIRECTION('ref_axis',(0.,0.38268343236509,0.923879532511287));
#15151=DIRECTION('',(-1.,0.,0.));
#15152=DIRECTION('center_axis',(0.,0.707106781186548,0.707106781186547));
#15153=DIRECTION('ref_axis',(0.,0.707106781186547,-0.707106781186548));
#15154=DIRECTION('',(0.,0.707106781186547,-0.707106781186548));
#15155=DIRECTION('',(0.,-0.707106781186547,0.707106781186548));
#15156=DIRECTION('',(1.,0.,0.));
#15157=DIRECTION('center_axis',(0.,1.,5.44558228089803E-15));
#15158=DIRECTION('ref_axis',(0.,5.44558228089803E-15,-1.));
#15159=DIRECTION('',(0.,5.44558228089803E-15,-1.));
#15160=DIRECTION('',(-1.,0.,0.));
#15161=DIRECTION('',(0.,5.44558228089803E-15,-1.));
#15162=DIRECTION('center_axis',(0.707106781186546,-0.707106781186549,-4.20066344545343E-15));
#15163=DIRECTION('ref_axis',(-5.94063521552515E-15,0.,-1.));
#15164=DIRECTION('',(0.707106781186549,0.707106781186546,6.28036983473511E-15));
#15165=DIRECTION('',(0.,-5.94063521552512E-15,1.));
#15166=DIRECTION('',(-0.707106781186549,-0.707106781186546,0.));
#15167=DIRECTION('center_axis',(-1.,0.,0.));
#15168=DIRECTION('ref_axis',(0.,0.,-1.));
#15169=DIRECTION('',(-0.707106781186555,0.70710678118654,6.28036983473517E-15));
#15170=DIRECTION('center_axis',(0.707106781186546,0.707106781186549,3.85060815833231E-15));
#15171=DIRECTION('ref_axis',(5.44558228089805E-15,0.,-1.));
#15172=DIRECTION('',(-0.707106781186549,0.707106781186546,6.28036983473511E-15));
#15173=DIRECTION('center_axis',(-1.,0.,0.));
#15174=DIRECTION('ref_axis',(0.,1.,5.55111512312578E-15));
#15175=DIRECTION('center_axis',(-1.,0.,0.));
#15176=DIRECTION('ref_axis',(0.,1.,5.55111512312578E-15));
#15177=DIRECTION('center_axis',(1.,0.,0.));
#15178=DIRECTION('ref_axis',(0.,-1.,0.));
#15179=DIRECTION('center_axis',(-1.,0.,0.));
#15180=DIRECTION('ref_axis',(0.,-1.,0.));
#15181=DIRECTION('center_axis',(-1.,0.,0.));
#15182=DIRECTION('ref_axis',(0.,-1.,0.));
#15183=DIRECTION('',(-1.,0.,0.));
#15184=DIRECTION('center_axis',(0.707106781186546,0.707106781186549,3.85060815833231E-15));
#15185=DIRECTION('ref_axis',(5.44558228089805E-15,0.,-1.));
#15186=DIRECTION('',(0.707106781186543,-0.707106781186552,0.));
#15187=DIRECTION('',(-0.707106781186547,0.707106781186544,7.5792872286207E-8));
#15188=DIRECTION('center_axis',(-1.,0.,0.));
#15189=DIRECTION('ref_axis',(0.,0.,1.));
#15190=DIRECTION('center_axis',(-1.,0.,0.));
#15191=DIRECTION('ref_axis',(0.,0.,1.));
#15192=DIRECTION('',(-0.707106781186543,-0.707106781186552,-6.28036983473505E-15));
#15193=DIRECTION('center_axis',(0.707106781186546,-0.707106781186549,-4.20066344545343E-15));
#15194=DIRECTION('ref_axis',(-5.94063521552515E-15,0.,-1.));
#15195=DIRECTION('',(0.,-5.94063521552512E-15,1.));
#15196=DIRECTION('',(-0.707106781186549,-0.707106781186546,0.));
#15197=DIRECTION('center_axis',(-1.,0.,0.));
#15198=DIRECTION('ref_axis',(0.,-1.,0.));
#15199=DIRECTION('center_axis',(-1.,0.,0.));
#15200=DIRECTION('ref_axis',(0.,0.,-1.));
#15201=DIRECTION('center_axis',(1.,0.,0.));
#15202=DIRECTION('ref_axis',(0.,0.,-1.));
#15203=DIRECTION('',(-0.707106781186555,-8.65956056235484E-17,0.70710678118654));
#15204=DIRECTION('center_axis',(-1.,0.,0.));
#15205=DIRECTION('ref_axis',(0.,0.,-1.));
#15206=DIRECTION('center_axis',(1.,0.,0.));
#15207=DIRECTION('ref_axis',(0.,0.,-1.));
#15208=DIRECTION('',(-0.707106781186555,-8.65956056235484E-17,0.70710678118654));
#15209=DIRECTION('center_axis',(-1.,0.,0.));
#15210=DIRECTION('ref_axis',(0.,0.382683432365091,-0.923879532511287));
#15211=DIRECTION('',(0.707106781186557,-0.499999999999993,0.499999999999993));
#15212=DIRECTION('center_axis',(1.,0.,0.));
#15213=DIRECTION('ref_axis',(0.,0.382683432365091,-0.923879532511287));
#15214=DIRECTION('center_axis',(-0.707106781186532,-0.500000000000012,0.50000000000001));
#15215=DIRECTION('ref_axis',(0.577350269189642,0.,0.816496580927714));
#15216=DIRECTION('',(0.,0.707106781186547,0.707106781186548));
#15217=DIRECTION('',(0.707106781186524,-0.500000000000032,0.500000000000001));
#15218=DIRECTION('center_axis',(1.,0.,0.));
#15219=DIRECTION('ref_axis',(0.,-0.382683432365093,0.923879532511286));
#15220=DIRECTION('',(0.707106781186548,0.,0.707106781186548));
#15221=DIRECTION('center_axis',(-1.,0.,0.));
#15222=DIRECTION('ref_axis',(0.,-0.382683432365093,0.923879532511286));
#15223=DIRECTION('center_axis',(-0.707106781186544,-9.26611942829699E-16,
0.707106781186551));
#15224=DIRECTION('ref_axis',(0.707106781186551,0.,0.707106781186544));
#15225=DIRECTION('',(0.,1.,1.31042717660664E-15));
#15226=DIRECTION('',(0.707106781186555,0.,0.70710678118654));
#15227=DIRECTION('center_axis',(1.,0.,0.));
#15228=DIRECTION('ref_axis',(0.,1.,-4.56777472988636E-15));
#15229=DIRECTION('center_axis',(-1.,0.,0.));
#15230=DIRECTION('ref_axis',(0.,1.,-4.56777472988636E-15));
#15231=DIRECTION('',(0.707106781186587,0.707106781186508,0.));
#15232=DIRECTION('center_axis',(-0.707106781186508,0.707106781186587,2.1411208474307E-16));
#15233=DIRECTION('ref_axis',(3.02800214111643E-16,0.,1.));
#15234=DIRECTION('',(0.,3.0280021411161E-16,-1.));
#15235=DIRECTION('',(0.707106781186555,0.70710678118654,0.));
#15236=DIRECTION('center_axis',(1.,0.,0.));
#15237=DIRECTION('ref_axis',(0.,-6.09036630651516E-15,-1.));
#15238=DIRECTION('center_axis',(-1.,0.,0.));
#15239=DIRECTION('ref_axis',(0.,-6.09036630651516E-15,-1.));
#15240=DIRECTION('',(0.707106781186524,0.,-0.707106781186571));
#15241=DIRECTION('center_axis',(-0.70710678118654,0.,-0.707106781186555));
#15242=DIRECTION('ref_axis',(-0.707106781186555,0.,0.70710678118654));
#15243=DIRECTION('',(0.,-1.,0.));
#15244=DIRECTION('',(0.707106781186524,0.,-0.707106781186571));
#15245=DIRECTION('center_axis',(1.,0.,0.));
#15246=DIRECTION('ref_axis',(0.,-0.38268343236509,-0.923879532511286));
#15247=DIRECTION('',(0.707106781186557,-0.499999999999993,-0.499999999999993));
#15248=DIRECTION('center_axis',(-1.,0.,0.));
#15249=DIRECTION('ref_axis',(0.,-0.38268343236509,-0.923879532511287));
#15250=DIRECTION('center_axis',(-0.707106781186538,-0.500000000000008,-0.500000000000006));
#15251=DIRECTION('ref_axis',(-0.577350269189636,0.,0.816496580927719));
#15252=DIRECTION('',(0.707106781186557,-0.499999999999993,-0.499999999999993));
#15253=DIRECTION('center_axis',(-1.,0.,0.));
#15254=DIRECTION('ref_axis',(0.,0.38268343236509,0.923879532511286));
#15255=DIRECTION('center_axis',(1.,0.,0.));
#15256=DIRECTION('ref_axis',(0.,0.,-1.));
#15257=DIRECTION('',(1.,0.,0.));
#15258=DIRECTION('center_axis',(-1.,0.,0.));
#15259=DIRECTION('ref_axis',(0.,0.,-1.));
#15260=DIRECTION('center_axis',(1.,0.,0.));
#15261=DIRECTION('ref_axis',(0.,0.,-1.));
#15262=DIRECTION('',(0.707106781186555,8.65956056235484E-17,0.70710678118654));
#15263=DIRECTION('center_axis',(1.,0.,0.));
#15264=DIRECTION('ref_axis',(0.,0.,-1.));
#15265=DIRECTION('center_axis',(1.,0.,0.));
#15266=DIRECTION('ref_axis',(0.,0.,-1.));
#15267=DIRECTION('',(1.,0.,0.));
#15268=DIRECTION('center_axis',(-1.,0.,0.));
#15269=DIRECTION('ref_axis',(0.,0.,-1.));
#15270=DIRECTION('center_axis',(1.,0.,0.));
#15271=DIRECTION('ref_axis',(0.,0.,-1.));
#15272=DIRECTION('',(0.707106781186555,8.65956056235484E-17,0.70710678118654));
#15273=DIRECTION('center_axis',(1.,0.,0.));
#15274=DIRECTION('ref_axis',(0.,0.,-1.));
#15275=DIRECTION('center_axis',(0.,-1.,-5.94063521552512E-15));
#15276=DIRECTION('ref_axis',(0.,-5.94063521552512E-15,1.));
#15277=DIRECTION('',(0.,-5.94063521552512E-15,1.));
#15278=DIRECTION('',(-1.,0.,0.));
#15279=DIRECTION('center_axis',(1.,0.,0.));
#15280=DIRECTION('ref_axis',(0.,1.,5.55111512312578E-15));
#15281=DIRECTION('center_axis',(-1.,0.,0.));
#15282=DIRECTION('ref_axis',(0.,1.,5.55111512312578E-15));
#15283=DIRECTION('center_axis',(1.,0.,0.));
#15284=DIRECTION('ref_axis',(0.,1.,5.55111512312578E-15));
#15285=DIRECTION('',(0.707106781186555,-0.70710678118654,0.));
#15286=DIRECTION('',(-0.707106781186555,-0.70710678118654,0.));
#15287=DIRECTION('center_axis',(1.,0.,0.));
#15288=DIRECTION('ref_axis',(0.,1.,5.55111512312578E-15));
#15289=DIRECTION('center_axis',(0.70710678118654,-0.707106781186555,-3.85060815833234E-15));
#15290=DIRECTION('ref_axis',(-5.44558228089815E-15,0.,-1.));
#15291=DIRECTION('',(-0.707106781186553,-0.707106781186538,-7.57928534450982E-8));
#15292=DIRECTION('',(0.,-5.44558228089803E-15,1.));
#15293=DIRECTION('center_axis',(1.,0.,0.));
#15294=DIRECTION('ref_axis',(0.,0.,-1.));
#15295=DIRECTION('',(-0.707106781186493,0.707106781186602,0.));
#15296=DIRECTION('center_axis',(1.,0.,0.));
#15297=DIRECTION('ref_axis',(0.,0.,-1.));
#15298=DIRECTION('center_axis',(0.70710678118654,0.707106781186555,4.20066344545347E-15));
#15299=DIRECTION('ref_axis',(5.94063521552525E-15,0.,-1.));
#15300=DIRECTION('',(0.,5.94063521552512E-15,-1.));
#15301=DIRECTION('center_axis',(0.,-1.,-5.94063521552512E-15));
#15302=DIRECTION('ref_axis',(0.,-5.94063521552512E-15,1.));
#15303=DIRECTION('',(0.,-5.94063521552512E-15,1.));
#15304=DIRECTION('',(-1.,0.,0.));
#15305=DIRECTION('center_axis',(1.,0.,0.));
#15306=DIRECTION('ref_axis',(0.,-5.35936516162723E-8,0.999999999999998));
#15307=DIRECTION('center_axis',(-1.,0.,0.));
#15308=DIRECTION('ref_axis',(0.,0.,1.));
#15309=DIRECTION('center_axis',(1.,0.,0.));
#15310=DIRECTION('ref_axis',(0.,0.,1.));
#15311=DIRECTION('',(0.707106781186524,-0.707106781186571,0.));
#15312=DIRECTION('',(-0.707106781186587,-0.707106781186508,0.));
#15313=DIRECTION('center_axis',(1.,0.,0.));
#15314=DIRECTION('ref_axis',(0.,0.,1.));
#15315=DIRECTION('center_axis',(0.70710678118654,-0.707106781186555,-3.85060815833234E-15));
#15316=DIRECTION('ref_axis',(-5.44558228089815E-15,0.,-1.));
#15317=DIRECTION('',(-0.707106781186524,-0.707106781186571,0.));
#15318=DIRECTION('',(0.,-5.44558228089803E-15,1.));
#15319=DIRECTION('center_axis',(1.,0.,0.));
#15320=DIRECTION('ref_axis',(0.,-1.,0.));
#15321=DIRECTION('',(-0.707106781186555,0.70710678118654,0.));
#15322=DIRECTION('center_axis',(1.,0.,0.));
#15323=DIRECTION('ref_axis',(0.,-1.,0.));
#15324=DIRECTION('center_axis',(0.70710678118654,0.707106781186555,4.20066344545347E-15));
#15325=DIRECTION('ref_axis',(5.94063521552525E-15,0.,-1.));
#15326=DIRECTION('',(0.,5.94063521552512E-15,-1.));
#15327=DIRECTION('center_axis',(1.,0.,0.));
#15328=DIRECTION('ref_axis',(0.,-0.38268343236509,-0.923879532511287));
#15329=DIRECTION('center_axis',(1.,0.,0.));
#15330=DIRECTION('ref_axis',(0.,-0.38268343236509,-0.923879532511287));
#15331=DIRECTION('',(-1.,0.,0.));
#15332=DIRECTION('center_axis',(0.,0.,1.));
#15333=DIRECTION('ref_axis',(0.,1.,0.));
#15334=DIRECTION('',(0.,1.,0.));
#15335=DIRECTION('',(-1.,0.,0.));
#15336=DIRECTION('center_axis',(1.,0.,0.));
#15337=DIRECTION('ref_axis',(0.,-6.09036630651516E-15,-1.));
#15338=DIRECTION('center_axis',(1.,0.,0.));
#15339=DIRECTION('ref_axis',(0.,-6.09036630651516E-15,-1.));
#15340=DIRECTION('',(-1.,0.,0.));
#15341=DIRECTION('center_axis',(0.,-1.,-3.0280021411161E-16));
#15342=DIRECTION('ref_axis',(0.,-3.0280021411161E-16,1.));
#15343=DIRECTION('',(0.,-3.0280021411161E-16,1.));
#15344=DIRECTION('',(-1.,0.,0.));
#15345=DIRECTION('center_axis',(1.,0.,0.));
#15346=DIRECTION('ref_axis',(0.,1.,-4.56777472988636E-15));
#15347=DIRECTION('center_axis',(1.,0.,0.));
#15348=DIRECTION('ref_axis',(0.,1.,-4.56777472988636E-15));
#15349=DIRECTION('',(-1.,0.,0.));
#15350=DIRECTION('center_axis',(0.,1.31042717660664E-15,-1.));
#15351=DIRECTION('ref_axis',(0.,-1.,-1.31042717660664E-15));
#15352=DIRECTION('',(0.,-1.,-1.31042717660664E-15));
#15353=DIRECTION('',(1.,0.,0.));
#15354=DIRECTION('center_axis',(1.,0.,0.));
#15355=DIRECTION('ref_axis',(0.,-0.382683432365093,0.923879532511286));
#15356=DIRECTION('center_axis',(1.,0.,0.));
#15357=DIRECTION('ref_axis',(0.,-0.382683432365093,0.923879532511286));
#15358=DIRECTION('',(-1.,0.,0.));
#15359=DIRECTION('center_axis',(0.,0.707106781186548,-0.707106781186547));
#15360=DIRECTION('ref_axis',(0.,-0.707106781186547,-0.707106781186548));
#15361=DIRECTION('',(0.,-0.707106781186547,-0.707106781186548));
#15362=DIRECTION('',(1.,0.,0.));
#15363=DIRECTION('center_axis',(1.,0.,0.));
#15364=DIRECTION('ref_axis',(0.,0.382683432365091,-0.923879532511287));
#15365=DIRECTION('center_axis',(-1.,0.,0.));
#15366=DIRECTION('ref_axis',(0.,0.382683432365091,-0.923879532511287));
#15367=DIRECTION('',(-1.,0.,0.));
#15368=DIRECTION('center_axis',(0.707106781186538,-0.500000000000008,-0.500000000000006));
#15369=DIRECTION('ref_axis',(-0.577350269189636,0.,-0.816496580927719));
#15370=DIRECTION('',(0.707106781186557,0.499999999999993,0.499999999999993));
#15371=DIRECTION('',(-0.707106781186513,-0.500000000000024,-0.500000000000024));
#15372=DIRECTION('',(0.,-0.707106781186547,0.707106781186548));
#15373=DIRECTION('center_axis',(1.,0.,0.));
#15374=DIRECTION('ref_axis',(0.,0.38268343236509,0.923879532511286));
#15375=DIRECTION('center_axis',(1.,0.,0.));
#15376=DIRECTION('ref_axis',(0.,0.38268343236509,0.923879532511287));
#15377=DIRECTION('',(0.707106781186555,3.14018491736758E-14,0.70710678118654));
#15378=DIRECTION('center_axis',(1.,0.,0.));
#15379=DIRECTION('ref_axis',(0.,0.382683432365091,-0.923879532511287));
#15380=DIRECTION('',(0.707106781186548,0.,-0.707106781186548));
#15381=DIRECTION('center_axis',(1.,0.,0.));
#15382=DIRECTION('ref_axis',(0.,0.382683432365091,-0.923879532511287));
#15383=DIRECTION('',(0.707106781186557,0.499999999999993,-0.499999999999993));
#15384=DIRECTION('center_axis',(0.707106781186532,-0.500000000000012,0.50000000000001));
#15385=DIRECTION('ref_axis',(0.577350269189642,0.,-0.816496580927714));
#15386=DIRECTION('',(0.707106781186524,0.500000000000032,-0.500000000000001));
#15387=DIRECTION('',(0.,0.707106781186547,0.707106781186548));
#15388=DIRECTION('center_axis',(-1.,0.,0.));
#15389=DIRECTION('ref_axis',(0.,-0.382683432365093,0.923879532511286));
#15390=DIRECTION('center_axis',(-1.,0.,0.));
#15391=DIRECTION('ref_axis',(0.,-0.382683432365093,0.923879532511286));
#15392=DIRECTION('',(0.707106781186548,0.,-0.707106781186548));
#15393=DIRECTION('center_axis',(0.707106781186544,-9.26611942829699E-16,
0.707106781186551));
#15394=DIRECTION('ref_axis',(0.707106781186551,0.,-0.707106781186544));
#15395=DIRECTION('',(0.707106781186555,0.,-0.70710678118654));
#15396=DIRECTION('',(0.,1.,1.31042717660664E-15));
#15397=DIRECTION('center_axis',(-1.,0.,0.));
#15398=DIRECTION('ref_axis',(0.,1.,-4.56777472988636E-15));
#15399=DIRECTION('',(0.707106781186587,-0.707106781186508,0.));
#15400=DIRECTION('center_axis',(-1.,0.,0.));
#15401=DIRECTION('ref_axis',(0.,1.,-4.56777472988636E-15));
#15402=DIRECTION('center_axis',(0.707106781186508,0.707106781186587,2.1411208474307E-16));
#15403=DIRECTION('ref_axis',(3.02800214111643E-16,0.,-1.));
#15404=DIRECTION('',(0.707106781186555,-0.70710678118654,0.));
#15405=DIRECTION('',(0.,3.0280021411161E-16,-1.));
#15406=DIRECTION('center_axis',(-1.,0.,0.));
#15407=DIRECTION('ref_axis',(0.,-6.09036630651516E-15,-1.));
#15408=DIRECTION('',(0.707106781186524,0.,0.707106781186571));
#15409=DIRECTION('center_axis',(-1.,0.,0.));
#15410=DIRECTION('ref_axis',(0.,-6.09036630651516E-15,-1.));
#15411=DIRECTION('center_axis',(0.70710678118654,0.,-0.707106781186555));
#15412=DIRECTION('ref_axis',(-0.707106781186555,0.,-0.70710678118654));
#15413=DIRECTION('',(0.707106781186524,0.,0.707106781186571));
#15414=DIRECTION('',(0.,-1.,0.));
#15415=DIRECTION('center_axis',(-1.,0.,0.));
#15416=DIRECTION('ref_axis',(0.,-0.38268343236509,-0.923879532511286));
#15417=DIRECTION('center_axis',(-1.,0.,0.));
#15418=DIRECTION('ref_axis',(0.,-0.38268343236509,-0.923879532511286));
#15419=DIRECTION('center_axis',(1.,0.,0.));
#15420=DIRECTION('ref_axis',(0.,0.,-1.));
#15421=DIRECTION('',(0.,-1.21645785050659E-14,1.));
#15422=DIRECTION('',(0.,-1.52057231313324E-15,1.));
#15423=DIRECTION('center_axis',(1.,0.,0.));
#15424=DIRECTION('ref_axis',(0.,0.0348994967025012,-0.999390827019096));
#15425=DIRECTION('',(0.,0.999390827019096,0.0348994967025063));
#15426=DIRECTION('center_axis',(-1.,0.,0.));
#15427=DIRECTION('ref_axis',(0.,-0.0348994967025043,0.999390827019096));
#15428=DIRECTION('',(0.,0.,1.));
#15429=DIRECTION('center_axis',(-1.,0.,0.));
#15430=DIRECTION('ref_axis',(0.,-1.,-2.84217094304041E-14));
#15431=DIRECTION('',(0.,-0.999390827019097,0.034899496702476));
#15432=DIRECTION('center_axis',(1.,0.,0.));
#15433=DIRECTION('ref_axis',(0.,1.,1.42108547151905E-14));
#15434=DIRECTION('center_axis',(-1.,0.,0.));
#15435=DIRECTION('ref_axis',(0.,-4.17443857259059E-13,-1.));
#15436=DIRECTION('',(-1.,0.,0.));
#15437=DIRECTION('center_axis',(-1.,0.,0.));
#15438=DIRECTION('ref_axis',(0.,-4.17443857259059E-13,-1.));
#15439=DIRECTION('',(-1.,0.,0.));
#15440=DIRECTION('center_axis',(0.,0.,1.));
#15441=DIRECTION('ref_axis',(0.,1.,0.));
#15442=DIRECTION('',(0.,1.,0.));
#15443=DIRECTION('',(-1.,0.,0.));
#15444=DIRECTION('',(-1.,0.,0.));
#15445=DIRECTION('center_axis',(0.,1.,0.));
#15446=DIRECTION('ref_axis',(0.,0.,-1.));
#15447=DIRECTION('center_axis',(0.,-1.,0.));
#15448=DIRECTION('ref_axis',(0.707106781186545,0.,0.70710678118655));
#15449=DIRECTION('',(-1.,0.,0.));
#15450=DIRECTION('',(0.,0.,1.));
#15451=DIRECTION('center_axis',(0.,1.,0.));
#15452=DIRECTION('ref_axis',(0.707106781186548,0.,0.707106781186548));
#15453=DIRECTION('',(0.,0.,-1.));
#15454=DIRECTION('',(-1.,0.,0.));
#15455=DIRECTION('',(0.,0.,1.));
#15456=DIRECTION('center_axis',(0.,0.,-1.));
#15457=DIRECTION('ref_axis',(0.,-1.,0.));
#15458=DIRECTION('',(0.,-1.,0.));
#15459=DIRECTION('',(-1.,0.,0.));
#15460=DIRECTION('',(-1.,0.,0.));
#15461=DIRECTION('center_axis',(0.,-1.,0.));
#15462=DIRECTION('ref_axis',(0.,0.,1.));
#15463=DIRECTION('center_axis',(0.,1.,0.));
#15464=DIRECTION('ref_axis',(0.707106781186545,0.,-0.70710678118655));
#15465=DIRECTION('',(-1.,0.,0.));
#15466=DIRECTION('',(0.,0.,-1.));
#15467=DIRECTION('center_axis',(0.,-1.,0.));
#15468=DIRECTION('ref_axis',(0.707106781186541,-5.52672545456686E-13,-0.707106781186554));
#15469=DIRECTION('',(0.,0.,1.));
#15470=DIRECTION('',(-1.,0.,0.));
#15471=DIRECTION('',(0.,0.,-1.));
#15472=DIRECTION('center_axis',(0.,1.,0.));
#15473=DIRECTION('ref_axis',(0.,0.,-1.));
#15474=DIRECTION('center_axis',(0.,-1.,0.));
#15475=DIRECTION('ref_axis',(0.707106781186545,0.,-0.70710678118655));
#15476=DIRECTION('',(0.,0.,1.));
#15477=DIRECTION('',(1.,0.,0.));
#15478=DIRECTION('',(0.,0.,-1.));
#15479=DIRECTION('center_axis',(0.,1.,0.));
#15480=DIRECTION('ref_axis',(-0.707106781186541,-5.52672545456686E-13,-0.707106781186554));
#15481=DIRECTION('',(0.,0.,1.));
#15482=DIRECTION('',(1.,0.,0.));
#15483=DIRECTION('center_axis',(0.,1.,0.));
#15484=DIRECTION('ref_axis',(0.707106781186545,0.,-0.70710678118655));
#15485=DIRECTION('',(0.,1.,0.));
#15486=DIRECTION('center_axis',(0.,-1.,0.));
#15487=DIRECTION('ref_axis',(0.,0.,1.));
#15488=DIRECTION('center_axis',(0.,1.,0.));
#15489=DIRECTION('ref_axis',(0.707106781186545,0.,0.70710678118655));
#15490=DIRECTION('',(0.,0.,-1.));
#15491=DIRECTION('',(1.,0.,0.));
#15492=DIRECTION('',(0.,0.,1.));
#15493=DIRECTION('center_axis',(0.,-1.,0.));
#15494=DIRECTION('ref_axis',(-0.707106781186548,0.,0.707106781186548));
#15495=DIRECTION('',(0.,0.,-1.));
#15496=DIRECTION('',(1.,0.,0.));
#15497=DIRECTION('center_axis',(0.,-1.,0.));
#15498=DIRECTION('ref_axis',(0.707106781186545,0.,0.70710678118655));
#15499=DIRECTION('',(0.,-1.,0.));
#15500=DIRECTION('center_axis',(1.,0.,0.));
#15501=DIRECTION('ref_axis',(0.,0.,-1.));
#15502=DIRECTION('',(0.,-1.,0.));
#15503=DIRECTION('',(0.,1.,-4.19970783084691E-13));
#15504=DIRECTION('center_axis',(0.,-1.,0.));
#15505=DIRECTION('ref_axis',(-0.707106781186548,0.,0.707106781186548));
#15506=DIRECTION('',(0.,1.,0.));
#15507=DIRECTION('center_axis',(1.,0.,0.));
#15508=DIRECTION('ref_axis',(0.,0.,-1.));
#15509=DIRECTION('',(0.,1.,-8.34887714518121E-13));
#15510=DIRECTION('',(0.,-1.,4.19970783084691E-13));
#15511=DIRECTION('center_axis',(0.,1.,-8.34887714518121E-13));
#15512=DIRECTION('ref_axis',(-0.707106781186541,-5.52672545456686E-13,-0.707106781186554));
#15513=DIRECTION('',(0.,-1.,8.34887714518121E-13));
#15514=DIRECTION('center_axis',(-1.,0.,0.));
#15515=DIRECTION('ref_axis',(0.,0.,1.));
#15516=DIRECTION('',(0.,1.,-4.19970783084691E-13));
#15517=DIRECTION('center_axis',(-1.,0.,0.));
#15518=DIRECTION('ref_axis',(0.,0.,1.));
#15519=DIRECTION('',(0.,-1.,4.19970783084691E-13));
#15520=DIRECTION('center_axis',(0.,4.19970783084691E-13,1.));
#15521=DIRECTION('ref_axis',(0.,1.,-4.19970783084691E-13));
#15522=DIRECTION('',(0.,1.,-4.19970783084691E-13));
#15523=DIRECTION('',(0.,-1.,4.19970783084691E-13));
#15524=DIRECTION('center_axis',(-1.,0.,0.));
#15525=DIRECTION('ref_axis',(0.,0.,1.));
#15526=DIRECTION('',(0.,1.,-4.19970783084691E-13));
#15527=DIRECTION('',(0.,-1.,4.19970783084691E-13));
#15528=DIRECTION('center_axis',(0.,-4.19970783084691E-13,-1.));
#15529=DIRECTION('ref_axis',(0.,-1.,4.19970783084691E-13));
#15530=DIRECTION('center_axis',(0.,-1.,-1.21645785050659E-14));
#15531=DIRECTION('ref_axis',(0.,1.21645785050659E-14,-1.));
#15532=DIRECTION('',(1.,0.,0.));
#15533=DIRECTION('center_axis',(1.,0.,0.));
#15534=DIRECTION('ref_axis',(0.,0.0348994967025012,-0.999390827019096));
#15535=DIRECTION('',(1.,0.,0.));
#15536=DIRECTION('',(1.,0.,0.));
#15537=DIRECTION('center_axis',(0.,-0.0348994967025063,0.999390827019096));
#15538=DIRECTION('ref_axis',(0.,-0.999390827019096,-0.0348994967025063));
#15539=DIRECTION('',(1.,0.,0.));
#15540=DIRECTION('center_axis',(1.,0.,0.));
#15541=DIRECTION('ref_axis',(0.,-0.0348994967025043,0.999390827019096));
#15542=DIRECTION('',(1.,0.,0.));
#15543=DIRECTION('center_axis',(0.,-1.,-1.52057231313324E-15));
#15544=DIRECTION('ref_axis',(0.,1.52057231313324E-15,-1.));
#15545=DIRECTION('center_axis',(0.,-1.,0.));
#15546=DIRECTION('ref_axis',(0.,0.,-1.));
#15547=DIRECTION('',(1.,0.,0.));
#15548=DIRECTION('center_axis',(1.,0.,0.));
#15549=DIRECTION('ref_axis',(0.,-1.,-2.84217094304041E-14));
#15550=DIRECTION('',(1.,0.,0.));
#15551=DIRECTION('center_axis',(0.,-0.034899496702476,-0.999390827019097));
#15552=DIRECTION('ref_axis',(0.,0.999390827019097,-0.034899496702476));
#15553=DIRECTION('',(1.,0.,0.));
#15554=DIRECTION('center_axis',(1.,0.,0.));
#15555=DIRECTION('ref_axis',(0.,1.,1.42108547151905E-14));
#15556=DIRECTION('center_axis',(0.,1.,-8.88178419700128E-15));
#15557=DIRECTION('ref_axis',(0.382683432365083,0.,-0.92387953251129));
#15558=DIRECTION('center_axis',(0.,-1.,0.));
#15559=DIRECTION('ref_axis',(0.382683432365083,0.,-0.92387953251129));
#15560=DIRECTION('',(0.,-1.,8.88178419700128E-15));
#15561=DIRECTION('center_axis',(5.33799201230104E-14,0.939692620785922,
-0.342020143325631));
#15562=DIRECTION('ref_axis',(1.46660125190285E-13,-0.342020143325631,-0.939692620785922));
#15563=DIRECTION('',(0.,1.,-8.88178419700128E-15));
#15564=DIRECTION('center_axis',(0.707106781186544,-0.707106781186551,0.));
#15565=DIRECTION('ref_axis',(0.707106781186551,0.707106781186544,-1.23644781121348E-14));
#15566=DIRECTION('center_axis',(0.,-0.766044443118982,-0.642787609686535));
#15567=DIRECTION('ref_axis',(0.382683432365086,-0.59385831634124,0.707732781991639));
#15568=DIRECTION('',(0.,-0.766044443118982,-0.642787609686535));
#15569=DIRECTION('center_axis',(4.10922635671151E-15,0.766044443118986,
0.64278760968653));
#15570=DIRECTION('ref_axis',(0.,-0.64278760968653,0.766044443118986));
#15571=DIRECTION('',(3.92523114670937E-17,0.766044443118982,0.642787609686535));
#15572=DIRECTION('center_axis',(-2.09142283853248E-14,-0.939692620785904,
-0.342020143325681));
#15573=DIRECTION('ref_axis',(-5.74613702340001E-14,-0.342020143325681,0.939692620785904));
#15574=DIRECTION('center_axis',(0.,-1.,-8.88178419700128E-15));
#15575=DIRECTION('ref_axis',(0.382683432365083,0.,0.92387953251129));
#15576=DIRECTION('center_axis',(0.707106781186544,-0.707106781186551,0.));
#15577=DIRECTION('ref_axis',(0.707106781186551,0.707106781186544,1.23644781121348E-14));
#15578=DIRECTION('',(0.,-1.,-8.88178419700128E-15));
#15579=DIRECTION('',(0.,1.,8.88178419700128E-15));
#15580=DIRECTION('center_axis',(0.,-1.,0.));
#15581=DIRECTION('ref_axis',(0.382683432365083,0.,0.92387953251129));
#15582=DIRECTION('center_axis',(-1.,0.,0.));
#15583=DIRECTION('ref_axis',(0.,-0.422618261740723,-0.906307787036639));
#15584=DIRECTION('center_axis',(-1.,0.,0.));
#15585=DIRECTION('ref_axis',(0.,-0.422618261740728,-0.906307787036637));
#15586=DIRECTION('center_axis',(1.04056574490647E-14,-3.55271367880051E-14,
-1.));
#15587=DIRECTION('ref_axis',(0.,1.,-3.55271367880051E-14));
#15588=DIRECTION('center_axis',(1.,0.,0.));
#15589=DIRECTION('ref_axis',(0.,-0.422618261740735,-0.906307787036633));
#15590=DIRECTION('center_axis',(0.,3.47487750200926E-14,1.));
#15591=DIRECTION('ref_axis',(0.382683432365087,0.923879532511288,-3.84542957580574E-14));
#15592=DIRECTION('',(0.,3.47487750200926E-14,1.));
#15593=DIRECTION('center_axis',(1.04056574490657E-14,-3.55271367880051E-14,
-1.));
#15594=DIRECTION('ref_axis',(0.,1.,-3.55271367880051E-14));
#15595=DIRECTION('',(0.,-3.47487750200926E-14,-1.));
#15596=DIRECTION('center_axis',(-1.,0.,0.));
#15597=DIRECTION('ref_axis',(0.,0.,1.));
#15598=DIRECTION('center_axis',(-1.,0.,0.));
#15599=DIRECTION('ref_axis',(0.,-0.422618261740692,0.906307787036654));
#15600=DIRECTION('center_axis',(-1.13463712834571E-14,-0.76604444311897,
0.642787609686549));
#15601=DIRECTION('ref_axis',(0.,-0.642787609686549,-0.76604444311897));
#15602=DIRECTION('center_axis',(1.,0.,0.));
#15603=DIRECTION('ref_axis',(0.,-0.422618261740696,0.906307787036652));
#15604=DIRECTION('center_axis',(0.,0.766044443118979,-0.642787609686538));
#15605=DIRECTION('ref_axis',(0.382683432365077,-0.593858316341254,-0.707732781991632));
#15606=DIRECTION('',(0.,0.766044443118979,-0.642787609686538));
#15607=DIRECTION('',(0.,-0.766044443118979,0.642787609686538));
#15608=DIRECTION('center_axis',(0.70710678118654,-6.28036983473519E-15,
-0.707106781186555));
#15609=DIRECTION('ref_axis',(-0.707106781186555,0.,-0.70710678118654));
#15610=DIRECTION('',(0.707106781186555,0.,0.70710678118654));
#15611=DIRECTION('',(0.,-1.,8.88178419700128E-15));
#15612=DIRECTION('',(-0.684791078771731,-0.249243569363858,-0.684791078771776));
#15613=DIRECTION('center_axis',(0.,-1.,0.));
#15614=DIRECTION('ref_axis',(0.,0.,-1.));
#15615=DIRECTION('',(0.,0.,1.));
#15616=DIRECTION('',(1.,0.,0.));
#15617=DIRECTION('',(0.,0.,1.));
#15618=DIRECTION('center_axis',(0.707106781186544,-0.707106781186551,0.));
#15619=DIRECTION('ref_axis',(-0.707106781186551,-0.707106781186544,4.55885329486705E-15));
#15620=DIRECTION('',(-0.707106781186551,-0.707106781186544,6.28036983473509E-15));
#15621=DIRECTION('',(-0.608120402411348,-0.608120402411341,0.510273605374733));
#15622=DIRECTION('',(0.,0.,-1.));
#15623=DIRECTION('',(-0.707106781186551,-0.707106781186544,4.55885329486705E-15));
#15624=DIRECTION('center_axis',(0.,8.88178419700128E-15,1.));
#15625=DIRECTION('ref_axis',(0.,1.,-8.88178419700128E-15));
#15626=DIRECTION('',(-1.,0.,0.));
#15627=DIRECTION('center_axis',(0.,0.642787609686538,0.766044443118979));
#15628=DIRECTION('ref_axis',(0.,0.766044443118979,-0.642787609686538));
#15629=DIRECTION('',(1.,0.,0.));
#15630=DIRECTION('',(0.,0.766044443118979,-0.642787609686538));
#15631=DIRECTION('',(-1.,0.,0.));
#15632=DIRECTION('',(-0.608120402411347,0.608120402411341,-0.510273605374734));
#15633=DIRECTION('center_axis',(-1.,0.,0.));
#15634=DIRECTION('ref_axis',(0.,-0.422618261740689,0.906307787036655));
#15635=DIRECTION('',(-1.,0.,0.));
#15636=DIRECTION('center_axis',(1.,0.,0.));
#15637=DIRECTION('ref_axis',(0.,-0.422618261740689,0.906307787036655));
#15638=DIRECTION('center_axis',(0.,-1.,3.47487750200926E-14));
#15639=DIRECTION('ref_axis',(0.,3.47487750200926E-14,1.));
#15640=DIRECTION('',(1.,0.,0.));
#15641=DIRECTION('',(0.,3.47487750200926E-14,1.));
#15642=DIRECTION('center_axis',(-1.,0.,0.));
#15643=DIRECTION('ref_axis',(0.,-0.422618261740721,-0.90630778703664));
#15644=DIRECTION('',(-1.,0.,0.));
#15645=DIRECTION('center_axis',(1.,0.,0.));
#15646=DIRECTION('ref_axis',(0.,-0.422618261740721,-0.90630778703664));
#15647=DIRECTION('center_axis',(0.,0.642787609686535,-0.766044443118982));
#15648=DIRECTION('ref_axis',(0.,-0.766044443118982,-0.642787609686535));
#15649=DIRECTION('',(-1.,0.,0.));
#15650=DIRECTION('',(0.608120402411349,0.608120402411342,0.51027360537473));
#15651=DIRECTION('',(0.608120402411349,-0.608120402411342,-0.510273605374731));
#15652=DIRECTION('',(-1.,0.,0.));
#15653=DIRECTION('',(0.,-0.766044443118982,-0.642787609686535));
#15654=DIRECTION('center_axis',(0.707106781186536,-0.454519477672048,0.541675220419714));
#15655=DIRECTION('ref_axis',(0.608120402411358,0.,-0.793844806099434));
#15656=DIRECTION('',(0.707106781186559,0.454519477672035,-0.541675220419694));
#15657=DIRECTION('',(0.,0.766044443118982,0.642787609686535));
#15658=DIRECTION('',(-0.684791078771749,-0.249243569363925,0.684791078771734));
#15659=DIRECTION('center_axis',(1.,0.,0.));
#15660=DIRECTION('ref_axis',(0.,-0.422618261740722,-0.90630778703664));
#15661=DIRECTION('',(0.70710678118654,-0.707106781186555,3.14018491736751E-14));
#15662=DIRECTION('center_axis',(1.,0.,0.));
#15663=DIRECTION('ref_axis',(0.,-0.422618261740721,-0.90630778703664));
#15664=DIRECTION('center_axis',(0.70710678118654,0.707106781186555,-2.45710944546334E-14));
#15665=DIRECTION('ref_axis',(-3.47487750200934E-14,0.,-1.));
#15666=DIRECTION('',(0.70710678118654,-0.707106781186555,3.14018491736751E-14));
#15667=DIRECTION('',(0.,-3.47487750200926E-14,-1.));
#15668=DIRECTION('center_axis',(1.,0.,0.));
#15669=DIRECTION('ref_axis',(0.,-0.422618261740689,0.906307787036655));
#15670=DIRECTION('',(0.707106781186533,0.454519477672055,0.541675220419711));
#15671=DIRECTION('center_axis',(1.,0.,0.));
#15672=DIRECTION('ref_axis',(0.,-0.422618261740689,0.906307787036655));
#15673=DIRECTION('center_axis',(0.70710678118654,-0.454519477672048,-0.541675220419709));
#15674=DIRECTION('ref_axis',(-0.608120402411352,0.,-0.793844806099439));
#15675=DIRECTION('',(0.,-0.766044443118979,0.642787609686538));
#15676=DIRECTION('center_axis',(0.70710678118654,-6.28036983473519E-15,
0.707106781186555));
#15677=DIRECTION('ref_axis',(0.707106781186555,0.,-0.70710678118654));
#15678=DIRECTION('',(0.,1.,8.88178419700128E-15));
#15679=DIRECTION('',(-0.707106781186555,0.,0.70710678118654));
#15680=DIRECTION('center_axis',(0.,8.88178419700128E-15,-1.));
#15681=DIRECTION('ref_axis',(0.,-1.,-8.88178419700128E-15));
#15682=DIRECTION('',(0.707106781186551,0.707106781186544,6.28036983473509E-15));
#15683=DIRECTION('center_axis',(0.,-1.,0.));
#15684=DIRECTION('ref_axis',(0.,0.,-1.));
#15685=DIRECTION('',(0.,0.,1.));
#15686=DIRECTION('',(1.,0.,0.));
#15687=DIRECTION('',(0.,0.,1.));
#15688=DIRECTION('center_axis',(0.,8.88178419700128E-15,1.));
#15689=DIRECTION('ref_axis',(0.,1.,-8.88178419700128E-15));
#15690=DIRECTION('',(-0.707106781186551,0.707106781186544,-6.28036983473509E-15));
#15691=DIRECTION('',(0.,1.,-8.88178419700128E-15));
#15692=DIRECTION('center_axis',(-1.,0.,0.));
#15693=DIRECTION('ref_axis',(0.,0.,1.));
#15694=DIRECTION('',(0.,-1.,-8.88178419700128E-15));
#15695=DIRECTION('',(0.,0.,-1.));
#15696=DIRECTION('center_axis',(0.,8.88178419700128E-15,-1.));
#15697=DIRECTION('ref_axis',(0.,-1.,-8.88178419700128E-15));
#15698=DIRECTION('',(0.707106781186551,-0.707106781186544,-6.28036983473509E-15));
#15699=DIRECTION('center_axis',(-0.707106781186544,-0.707106781186551,0.));
#15700=DIRECTION('ref_axis',(-0.707106781186551,0.707106781186544,-4.55885329486705E-15));
#15701=DIRECTION('',(0.,0.,-1.));
#15702=DIRECTION('',(-0.707106781186551,0.707106781186544,-4.55885329486705E-15));
#15703=DIRECTION('',(0.,0.,-1.));
#15704=DIRECTION('',(-0.707106781186551,0.707106781186544,-4.55885329486705E-15));
#15705=DIRECTION('center_axis',(0.707106781186544,-0.707106781186551,0.));
#15706=DIRECTION('ref_axis',(-0.707106781186551,-0.707106781186544,4.55885329486705E-15));
#15707=DIRECTION('',(-0.707106781186551,-0.707106781186544,4.55885329486705E-15));
#15708=DIRECTION('center_axis',(-0.707106781186544,-0.707106781186551,-8.60165595120825E-15));
#15709=DIRECTION('ref_axis',(-0.707106781186551,0.707106781186544,1.73805414505068E-13));
#15710=DIRECTION('',(-0.707106781186551,0.707106781186544,1.73805414505068E-13));
#15711=DIRECTION('',(0.,1.21645785050659E-14,-1.));
#15712=DIRECTION('',(0.707106781186551,-0.707106781186544,-1.96261557335475E-16));
#15713=DIRECTION('',(0.,1.21645785050659E-14,-1.));
#15714=DIRECTION('center_axis',(0.707106781186544,-0.707106781186551,-8.60165595120825E-15));
#15715=DIRECTION('ref_axis',(-0.707106781186551,-0.707106781186544,-1.73805414505068E-13));
#15716=DIRECTION('',(-0.707106781186551,-0.707106781186544,-1.73805414505068E-13));
#15717=DIRECTION('',(-2.23123558197896E-30,-1.21645785050659E-14,1.));
#15718=DIRECTION('',(0.707106781186551,0.707106781186544,1.96261557335475E-16));
#15719=DIRECTION('center_axis',(-1.,0.,0.));
#15720=DIRECTION('ref_axis',(0.,0.0348994967027282,0.999390827019088));
#15721=DIRECTION('',(-0.707106781186551,0.0246776707783328,0.706676030840831));
#15722=DIRECTION('center_axis',(-1.,6.32340467882382E-15,6.10644091689639E-15));
#15723=DIRECTION('ref_axis',(6.16790569234903E-15,0.0348994967031379,0.999390827019073));
#15724=DIRECTION('center_axis',(-1.,0.,0.));
#15725=DIRECTION('ref_axis',(0.,1.,1.42108547151905E-14));
#15726=DIRECTION('center_axis',(1.,0.,0.));
#15727=DIRECTION('ref_axis',(0.,0.0348994967027282,0.999390827019088));
#15728=DIRECTION('',(-0.707106781186551,-0.0246776707783328,-0.706676030840831));
#15729=DIRECTION('center_axis',(1.,0.,0.));
#15730=DIRECTION('ref_axis',(0.,1.,1.42108547151905E-14));
#15731=DIRECTION('center_axis',(-0.707106781186544,-0.0246776707783185,
-0.706676030840839));
#15732=DIRECTION('ref_axis',(-0.707106781186551,0.0246776707783328,0.706676030840831));
#15733=DIRECTION('',(-0.707106781186551,0.0246776707783328,0.706676030840831));
#15734=DIRECTION('',(0.,0.999390827019097,-0.034899496702476));
#15735=DIRECTION('',(-4.90653893338682E-18,0.999390827019097,-0.034899496702476));
#15736=DIRECTION('center_axis',(0.707106781186544,-0.0246776707783185,-0.706676030840839));
#15737=DIRECTION('ref_axis',(-0.707106781186551,-0.0246776707783328,-0.706676030840831));
#15738=DIRECTION('',(-0.707106781186551,-0.0246776707783328,-0.706676030840831));
#15739=DIRECTION('',(-4.90653893338682E-18,-0.999390827019097,0.034899496702476));
#15740=DIRECTION('center_axis',(1.,0.,0.));
#15741=DIRECTION('ref_axis',(0.,-1.,-2.84217094304041E-14));
#15742=DIRECTION('center_axis',(1.,0.,0.));
#15743=DIRECTION('ref_axis',(0.,-1.,-1.5164021799758E-14));
#15744=DIRECTION('center_axis',(1.,0.,0.));
#15745=DIRECTION('ref_axis',(0.,-1.,-2.84217094304041E-14));
#15746=DIRECTION('center_axis',(-1.,0.,0.));
#15747=DIRECTION('ref_axis',(0.,-1.,-2.84217094304041E-14));
#15748=DIRECTION('center_axis',(-1.,0.,0.));
#15749=DIRECTION('ref_axis',(0.,-1.,-2.84217094304041E-14));
#15750=DIRECTION('center_axis',(1.,0.,0.));
#15751=DIRECTION('ref_axis',(0.,-0.0348994967025043,0.999390827019096));
#15752=DIRECTION('',(-0.707106781186551,0.0246776707783361,-0.706676030840831));
#15753=DIRECTION('center_axis',(1.,0.,0.));
#15754=DIRECTION('ref_axis',(0.,-0.0348994967025028,0.999390827019096));
#15755=DIRECTION('center_axis',(1.,0.,0.));
#15756=DIRECTION('ref_axis',(0.,-0.0348994967025043,0.999390827019096));
#15757=DIRECTION('center_axis',(-1.,0.,0.));
#15758=DIRECTION('ref_axis',(0.,-0.0348994967025043,0.999390827019096));
#15759=DIRECTION('',(-0.707106781186551,-0.0246776707783361,0.706676030840831));
#15760=DIRECTION('center_axis',(-1.,0.,0.));
#15761=DIRECTION('ref_axis',(0.,-0.0348994967025043,0.999390827019096));
#15762=DIRECTION('center_axis',(-0.707106781186544,-0.0246776707783399,
0.706676030840838));
#15763=DIRECTION('ref_axis',(-0.707106781186551,0.0246776707783361,-0.706676030840831));
#15764=DIRECTION('',(-0.707106781186551,0.0246776707783361,-0.706676030840831));
#15765=DIRECTION('',(0.,-0.999390827019096,-0.0348994967025063));
#15766=DIRECTION('',(0.,-0.999390827019096,-0.0348994967025063));
#15767=DIRECTION('center_axis',(0.707106781186544,-0.0246776707783399,0.706676030840838));
#15768=DIRECTION('ref_axis',(-0.707106781186551,-0.0246776707783361,0.706676030840831));
#15769=DIRECTION('',(-0.707106781186551,-0.0246776707783361,0.706676030840831));
#15770=DIRECTION('',(0.,0.999390827019096,0.0348994967025063));
#15771=DIRECTION('center_axis',(-1.,0.,0.));
#15772=DIRECTION('ref_axis',(0.,1.,0.));
#15773=DIRECTION('',(-0.707106781186551,0.707106781186544,-1.84584939185206E-33));
#15774=DIRECTION('center_axis',(-1.,0.,0.));
#15775=DIRECTION('ref_axis',(0.,1.,0.));
#15776=DIRECTION('center_axis',(-1.,0.,0.));
#15777=DIRECTION('ref_axis',(0.,0.0348994967025012,-0.999390827019096));
#15778=DIRECTION('center_axis',(1.,0.,0.));
#15779=DIRECTION('ref_axis',(0.,1.,0.));
#15780=DIRECTION('',(-0.707106781186551,-0.707106781186544,1.84584939185206E-33));
#15781=DIRECTION('center_axis',(1.,0.,0.));
#15782=DIRECTION('ref_axis',(0.,0.0348994967025012,-0.999390827019096));
#15783=DIRECTION('center_axis',(-0.707106781186544,-0.707106781186551,-1.07520699390103E-15));
#15784=DIRECTION('ref_axis',(-0.707106781186551,0.707106781186544,-1.84584939185206E-33));
#15785=DIRECTION('',(-0.707106781186551,0.707106781186544,2.94392336003212E-16));
#15786=DIRECTION('',(0.,1.52057231313324E-15,-1.));
#15787=DIRECTION('',(0.,1.52057231313324E-15,-1.));
#15788=DIRECTION('center_axis',(0.707106781186544,-0.707106781186551,-1.07520699390103E-15));
#15789=DIRECTION('ref_axis',(-0.707106781186551,-0.707106781186544,1.84584939185206E-33));
#15790=DIRECTION('',(-0.707106781186551,-0.707106781186544,-2.94392336003212E-16));
#15791=DIRECTION('',(0.,-1.52057231313324E-15,1.));
#15792=DIRECTION('center_axis',(0.,-1.,-1.52057231313324E-15));
#15793=DIRECTION('ref_axis',(0.,1.52057231313324E-15,-1.));
#15794=DIRECTION('',(1.,0.,0.));
#15795=DIRECTION('',(-0.707106781186548,0.,0.707106781186548));
#15796=DIRECTION('',(0.,-1.52057231313324E-15,1.));
#15797=DIRECTION('',(1.,0.,0.));
#15798=DIRECTION('center_axis',(1.,0.,0.));
#15799=DIRECTION('ref_axis',(0.,0.0348994967025012,-0.999390827019096));
#15800=DIRECTION('center_axis',(1.,0.,0.));
#15801=DIRECTION('ref_axis',(0.,0.0348994967025012,-0.999390827019096));
#15802=DIRECTION('',(1.,0.,0.));
#15803=DIRECTION('center_axis',(0.,-0.0348994967025063,0.999390827019096));
#15804=DIRECTION('ref_axis',(0.,-0.999390827019096,-0.0348994967025063));
#15805=DIRECTION('',(0.,0.999390827019096,0.0348994967025063));
#15806=DIRECTION('',(1.,0.,0.));
#15807=DIRECTION('center_axis',(0.,-0.0348994967025063,0.999390827019096));
#15808=DIRECTION('ref_axis',(0.,-0.999390827019096,-0.0348994967025063));
#15809=DIRECTION('',(1.,0.,0.));
#15810=DIRECTION('',(0.,-0.999390827019096,-0.0348994967025063));
#15811=DIRECTION('',(1.,0.,0.));
#15812=DIRECTION('center_axis',(1.,0.,0.));
#15813=DIRECTION('ref_axis',(0.,-0.0348994967025043,0.999390827019096));
#15814=DIRECTION('center_axis',(-1.,0.,0.));
#15815=DIRECTION('ref_axis',(0.,-0.0348994967025043,0.999390827019096));
#15816=DIRECTION('center_axis',(1.,0.,0.));
#15817=DIRECTION('ref_axis',(0.,-0.0348994967025043,0.999390827019096));
#15818=DIRECTION('',(1.,0.,0.));
#15819=DIRECTION('center_axis',(1.,0.,0.));
#15820=DIRECTION('ref_axis',(0.,-0.0348994967025043,0.999390827019096));
#15821=DIRECTION('center_axis',(0.,-1.,0.));
#15822=DIRECTION('ref_axis',(0.,0.,-1.));
#15823=DIRECTION('',(1.,0.,0.));
#15824=DIRECTION('',(0.,0.,-1.));
#15825=DIRECTION('center_axis',(0.,2.77555756156295E-16,-1.));
#15826=DIRECTION('ref_axis',(0.,1.,2.77555756156295E-16));
#15827=DIRECTION('',(-1.,0.,0.));
#15828=DIRECTION('',(0.,1.,2.77555756156295E-16));
#15829=DIRECTION('',(1.,0.,0.));
#15830=DIRECTION('',(0.,-1.,-2.77555756156295E-16));
#15831=DIRECTION('',(-1.,0.,0.));
#15832=DIRECTION('center_axis',(1.,0.,0.));
#15833=DIRECTION('ref_axis',(0.,-1.,-2.84217094304041E-14));
#15834=DIRECTION('center_axis',(-1.,0.,0.));
#15835=DIRECTION('ref_axis',(0.,-1.,-2.84217094304041E-14));
#15836=DIRECTION('',(1.,0.,0.));
#15837=DIRECTION('center_axis',(1.,0.,0.));
#15838=DIRECTION('ref_axis',(0.,-1.,-2.84217094304041E-14));
#15839=DIRECTION('',(1.,0.,0.));
#15840=DIRECTION('center_axis',(1.,0.,0.));
#15841=DIRECTION('ref_axis',(0.,-1.,-2.84217094304041E-14));
#15842=DIRECTION('center_axis',(0.,-1.,-1.21645785050659E-14));
#15843=DIRECTION('ref_axis',(0.,1.21645785050659E-14,-1.));
#15844=DIRECTION('',(1.,0.,0.));
#15845=DIRECTION('',(0.,-1.21645785050659E-14,1.));
#15846=DIRECTION('',(0.707106781186555,3.14018491736758E-14,0.70710678118654));
#15847=DIRECTION('center_axis',(0.,-1.,-1.21645785050659E-14));
#15848=DIRECTION('ref_axis',(0.,1.21645785050659E-14,-1.));
#15849=DIRECTION('',(0.707106781186555,-3.14018491736758E-14,-0.70710678118654));
#15850=DIRECTION('',(0.,1.21645785050659E-14,-1.));
#15851=DIRECTION('',(1.,0.,0.));
#15852=DIRECTION('center_axis',(0.,-0.034899496702476,-0.999390827019097));
#15853=DIRECTION('ref_axis',(0.,0.999390827019097,-0.034899496702476));
#15854=DIRECTION('',(0.,-0.999390827019097,0.034899496702476));
#15855=DIRECTION('',(1.,0.,0.));
#15856=DIRECTION('center_axis',(0.,-0.034899496702476,-0.999390827019097));
#15857=DIRECTION('ref_axis',(0.,0.999390827019097,-0.034899496702476));
#15858=DIRECTION('',(1.,0.,0.));
#15859=DIRECTION('',(0.,0.999390827019097,-0.034899496702476));
#15860=DIRECTION('center_axis',(1.,0.,0.));
#15861=DIRECTION('ref_axis',(0.,1.,1.42108547151905E-14));
#15862=DIRECTION('center_axis',(1.,0.,0.));
#15863=DIRECTION('ref_axis',(0.,1.,1.42108547151905E-14));
#15864=DIRECTION('center_axis',(1.,0.,0.));
#15865=DIRECTION('ref_axis',(0.,1.,1.42108547151905E-14));
#15866=DIRECTION('center_axis',(-1.,0.,0.));
#15867=DIRECTION('ref_axis',(0.,1.,1.42108547151905E-14));
#15868=DIRECTION('center_axis',(0.,-1.,-1.52057231313324E-15));
#15869=DIRECTION('ref_axis',(0.,1.52057231313324E-15,-1.));
#15870=DIRECTION('',(1.,0.,0.));
#15871=DIRECTION('',(0.,1.52057231313324E-15,-1.));
#15872=DIRECTION('',(0.707106781186548,0.,0.707106781186548));
#15873=DIRECTION('',(1.,0.,0.));
#15874=DIRECTION('center_axis',(1.,0.,0.));
#15875=DIRECTION('ref_axis',(0.,0.0348994967025012,-0.999390827019096));
#15876=DIRECTION('center_axis',(-1.,0.,0.));
#15877=DIRECTION('ref_axis',(0.,0.0348994967025012,-0.999390827019096));
#15878=DIRECTION('center_axis',(1.,0.,0.));
#15879=DIRECTION('ref_axis',(0.,0.,-1.));
#15880=DIRECTION('',(0.,1.,2.77555756156295E-16));
#15881=DIRECTION('center_axis',(-1.,0.,0.));
#15882=DIRECTION('ref_axis',(0.,-0.382683432365089,0.923879532511287));
#15883=DIRECTION('',(0.,0.707106781186549,0.707106781186546));
#15884=DIRECTION('center_axis',(1.,0.,0.));
#15885=DIRECTION('ref_axis',(0.,0.382683432365088,-0.923879532511287));
#15886=DIRECTION('',(0.,1.,0.));
#15887=DIRECTION('center_axis',(1.,0.,0.));
#15888=DIRECTION('ref_axis',(0.,-0.707106781186547,-0.707106781186547));
#15889=DIRECTION('',(0.,-5.2476053540277E-16,-1.));
#15890=DIRECTION('center_axis',(1.,0.,0.));
#15891=DIRECTION('ref_axis',(0.,-0.707106781186548,0.707106781186548));
#15892=DIRECTION('',(0.,-1.,5.44671966291984E-17));
#15893=DIRECTION('center_axis',(1.,0.,0.));
#15894=DIRECTION('ref_axis',(0.,0.382683432365089,0.923879532511287));
#15895=DIRECTION('',(0.,-0.707106781186549,0.707106781186546));
#15896=DIRECTION('center_axis',(-1.,0.,0.));
#15897=DIRECTION('ref_axis',(0.,-0.382683432365089,-0.923879532511287));
#15898=DIRECTION('',(0.,-1.,-4.16333634234442E-16));
#15899=DIRECTION('center_axis',(-1.,0.,0.));
#15900=DIRECTION('ref_axis',(0.,0.,-1.));
#15901=DIRECTION('center_axis',(-1.,0.,0.));
#15902=DIRECTION('ref_axis',(0.,0.,-1.));
#15903=DIRECTION('center_axis',(-1.,0.,0.));
#15904=DIRECTION('ref_axis',(0.,0.,-1.));
#15905=DIRECTION('',(0.707106781186555,-8.65956056235484E-17,-0.70710678118654));
#15906=DIRECTION('center_axis',(1.,0.,0.));
#15907=DIRECTION('ref_axis',(0.,0.,-1.));
#15908=DIRECTION('center_axis',(1.,0.,0.));
#15909=DIRECTION('ref_axis',(0.,0.,-1.));
#15910=DIRECTION('center_axis',(-1.,0.,0.));
#15911=DIRECTION('ref_axis',(0.,0.,-1.));
#15912=DIRECTION('',(-1.,0.,0.));
#15913=DIRECTION('center_axis',(-1.,0.,0.));
#15914=DIRECTION('ref_axis',(0.,0.,-1.));
#15915=DIRECTION('',(0.707106781186555,-8.65956056235484E-17,-0.70710678118654));
#15916=DIRECTION('center_axis',(1.,0.,0.));
#15917=DIRECTION('ref_axis',(0.,0.,-1.));
#15918=DIRECTION('center_axis',(1.,0.,0.));
#15919=DIRECTION('ref_axis',(0.,0.,-1.));
#15920=DIRECTION('center_axis',(-1.,0.,0.));
#15921=DIRECTION('ref_axis',(0.,0.,-1.));
#15922=DIRECTION('',(-1.,0.,0.));
#15923=DIRECTION('center_axis',(-0.707106781186548,-2.94392336003214E-16,
0.707106781186548));
#15924=DIRECTION('ref_axis',(0.707106781186548,0.,0.707106781186548));
#15925=DIRECTION('',(0.707106781186555,-1.57009245868379E-14,0.70710678118654));
#15926=DIRECTION('',(0.,1.,4.16333634234442E-16));
#15927=DIRECTION('center_axis',(-1.,0.,0.));
#15928=DIRECTION('ref_axis',(0.,-0.382683432365089,-0.923879532511287));
#15929=DIRECTION('',(0.707106781186545,0.500000000000004,0.5));
#15930=DIRECTION('center_axis',(1.,0.,0.));
#15931=DIRECTION('ref_axis',(0.,-0.382683432365089,-0.923879532511287));
#15932=DIRECTION('center_axis',(-0.707106781186541,0.500000000000004,0.500000000000005));
#15933=DIRECTION('ref_axis',(0.577350269189633,0.,0.816496580927721));
#15934=DIRECTION('',(0.707106781186548,0.500000000000015,0.499999999999984));
#15935=DIRECTION('',(0.,0.707106781186549,-0.707106781186546));
#15936=DIRECTION('center_axis',(1.,0.,0.));
#15937=DIRECTION('ref_axis',(0.,0.382683432365089,0.923879532511287));
#15938=DIRECTION('',(0.707106781186551,3.92523114670946E-15,0.707106781186544));
#15939=DIRECTION('center_axis',(-1.,0.,0.));
#15940=DIRECTION('ref_axis',(0.,0.382683432365089,0.923879532511287));
#15941=DIRECTION('center_axis',(-0.707106781186548,3.85141240887273E-17,
0.707106781186548));
#15942=DIRECTION('ref_axis',(0.707106781186548,0.,0.707106781186548));
#15943=DIRECTION('',(0.707106781186548,1.57009245868377E-14,0.707106781186548));
#15944=DIRECTION('',(0.,1.,-5.44671966291984E-17));
#15945=DIRECTION('center_axis',(1.,0.,0.));
#15946=DIRECTION('ref_axis',(0.,-0.707106781186547,0.707106781186547));
#15947=DIRECTION('',(0.707106781186548,-0.707106781186548,0.));
#15948=DIRECTION('center_axis',(-1.,0.,0.));
#15949=DIRECTION('ref_axis',(0.,-0.707106781186548,0.707106781186548));
#15950=DIRECTION('center_axis',(-0.70710678118654,-0.707106781186555,3.71061733082386E-16));
#15951=DIRECTION('ref_axis',(5.24760535402781E-16,0.,1.));
#15952=DIRECTION('',(0.707106781186555,-0.70710678118654,0.));
#15953=DIRECTION('',(0.,5.2476053540277E-16,1.));
#15954=DIRECTION('center_axis',(1.,0.,0.));
#15955=DIRECTION('ref_axis',(0.,-0.707106781186548,-0.707106781186548));
#15956=DIRECTION('',(0.707106781186555,0.,-0.70710678118654));
#15957=DIRECTION('center_axis',(-1.,0.,0.));
#15958=DIRECTION('ref_axis',(0.,-0.707106781186548,-0.707106781186548));
#15959=DIRECTION('center_axis',(-0.70710678118654,0.,-0.707106781186555));
#15960=DIRECTION('ref_axis',(-0.707106781186555,0.,0.70710678118654));
#15961=DIRECTION('',(0.707106781186555,0.,-0.70710678118654));
#15962=DIRECTION('',(0.,-1.,0.));
#15963=DIRECTION('center_axis',(1.,0.,0.));
#15964=DIRECTION('ref_axis',(0.,0.382683432365088,-0.923879532511287));
#15965=DIRECTION('',(0.707106781186519,0.500000000000011,-0.500000000000029));
#15966=DIRECTION('center_axis',(-1.,0.,0.));
#15967=DIRECTION('ref_axis',(0.,0.382683432365088,-0.923879532511287));
#15968=DIRECTION('center_axis',(-0.707106781186538,0.500000000000006,-0.500000000000007));
#15969=DIRECTION('ref_axis',(-0.577350269189636,0.,0.816496580927719));
#15970=DIRECTION('',(0.707106781186557,0.499999999999998,-0.49999999999999));
#15971=DIRECTION('',(0.,-0.707106781186549,-0.707106781186546));
#15972=DIRECTION('center_axis',(-1.,0.,0.));
#15973=DIRECTION('ref_axis',(0.,-0.382683432365089,0.923879532511287));
#15974=DIRECTION('',(0.707106781186587,-7.8504622934193E-15,-0.707106781186508));
#15975=DIRECTION('center_axis',(1.,0.,0.));
#15976=DIRECTION('ref_axis',(0.,-0.382683432365089,0.923879532511287));
#15977=DIRECTION('center_axis',(-0.70710678118654,1.96261557335478E-16,
-0.707106781186555));
#15978=DIRECTION('ref_axis',(-0.707106781186555,0.,0.70710678118654));
#15979=DIRECTION('center_axis',(0.,5.44671966291984E-17,1.));
#15980=DIRECTION('ref_axis',(0.,-1.,5.44671966291984E-17));
#15981=DIRECTION('',(-1.,0.,0.));
#15982=DIRECTION('',(0.,-1.,5.44671966291984E-17));
#15983=DIRECTION('',(1.,0.,0.));
#15984=DIRECTION('center_axis',(1.,0.,0.));
#15985=DIRECTION('ref_axis',(0.,-0.707106781186548,0.707106781186548));
#15986=DIRECTION('',(1.,0.,0.));
#15987=DIRECTION('center_axis',(1.,0.,0.));
#15988=DIRECTION('ref_axis',(0.,-0.707106781186548,0.707106781186548));
#15989=DIRECTION('center_axis',(0.,-1.,5.2476053540277E-16));
#15990=DIRECTION('ref_axis',(0.,-5.2476053540277E-16,-1.));
#15991=DIRECTION('',(-1.,0.,0.));
#15992=DIRECTION('',(0.,-5.2476053540277E-16,-1.));
#15993=DIRECTION('center_axis',(1.,0.,0.));
#15994=DIRECTION('ref_axis',(0.,-0.707106781186548,-0.707106781186548));
#15995=DIRECTION('',(1.,0.,0.));
#15996=DIRECTION('center_axis',(1.,0.,0.));
#15997=DIRECTION('ref_axis',(0.,-0.707106781186548,-0.707106781186548));
#15998=DIRECTION('center_axis',(0.,0.,-1.));
#15999=DIRECTION('ref_axis',(0.,1.,0.));
#16000=DIRECTION('',(-1.,0.,0.));
#16001=DIRECTION('',(0.,1.,0.));
#16002=DIRECTION('center_axis',(1.,0.,0.));
#16003=DIRECTION('ref_axis',(0.,0.382683432365088,-0.923879532511287));
#16004=DIRECTION('',(1.,0.,0.));
#16005=DIRECTION('center_axis',(1.,0.,0.));
#16006=DIRECTION('ref_axis',(0.,0.382683432365088,-0.923879532511287));
#16007=DIRECTION('center_axis',(0.,0.707106781186546,-0.707106781186549));
#16008=DIRECTION('ref_axis',(0.,0.707106781186549,0.707106781186546));
#16009=DIRECTION('',(-1.,0.,0.));
#16010=DIRECTION('',(0.,0.707106781186549,0.707106781186546));
#16011=DIRECTION('center_axis',(1.,0.,0.));
#16012=DIRECTION('ref_axis',(0.,-0.382683432365089,0.923879532511287));
#16013=DIRECTION('center_axis',(-1.,0.,0.));
#16014=DIRECTION('ref_axis',(0.,-0.382683432365089,0.923879532511287));
#16015=DIRECTION('center_axis',(1.,0.,0.));
#16016=DIRECTION('ref_axis',(0.,0.,-1.));
#16017=DIRECTION('',(0.,1.,4.16333634234442E-16));
#16018=DIRECTION('center_axis',(1.,0.,0.));
#16019=DIRECTION('ref_axis',(0.,-0.382683432365089,-0.923879532511287));
#16020=DIRECTION('',(0.,0.707106781186549,-0.707106781186546));
#16021=DIRECTION('center_axis',(-1.,0.,0.));
#16022=DIRECTION('ref_axis',(0.,0.382683432365089,0.923879532511287));
#16023=DIRECTION('',(0.,1.,-5.44671966291984E-17));
#16024=DIRECTION('center_axis',(-1.,0.,0.));
#16025=DIRECTION('ref_axis',(0.,-0.707106781186548,0.707106781186548));
#16026=DIRECTION('',(0.,5.2476053540277E-16,1.));
#16027=DIRECTION('center_axis',(-1.,0.,0.));
#16028=DIRECTION('ref_axis',(0.,-0.707106781186547,-0.707106781186547));
#16029=DIRECTION('',(0.,-1.,0.));
#16030=DIRECTION('center_axis',(-1.,0.,0.));
#16031=DIRECTION('ref_axis',(0.,0.382683432365088,-0.923879532511287));
#16032=DIRECTION('',(0.,-0.707106781186549,-0.707106781186546));
#16033=DIRECTION('center_axis',(1.,0.,0.));
#16034=DIRECTION('ref_axis',(0.,-0.382683432365089,0.923879532511287));
#16035=DIRECTION('',(0.,-1.,-2.77555756156295E-16));
#16036=DIRECTION('center_axis',(1.,0.,0.));
#16037=DIRECTION('ref_axis',(0.,0.,-1.));
#16038=DIRECTION('center_axis',(1.,0.,0.));
#16039=DIRECTION('ref_axis',(0.,0.,-1.));
#16040=DIRECTION('center_axis',(1.,0.,0.));
#16041=DIRECTION('ref_axis',(0.,0.,-1.));
#16042=DIRECTION('',(-0.707106781186555,8.65956056235484E-17,-0.70710678118654));
#16043=DIRECTION('center_axis',(1.,0.,0.));
#16044=DIRECTION('ref_axis',(0.,0.,-1.));
#16045=DIRECTION('',(-0.707106781186555,8.65956056235484E-17,-0.70710678118654));
#16046=DIRECTION('center_axis',(0.707106781186548,-2.94392336003214E-16,
0.707106781186548));
#16047=DIRECTION('ref_axis',(0.707106781186548,0.,-0.707106781186548));
#16048=DIRECTION('',(0.707106781186555,1.57009245868379E-14,-0.70710678118654));
#16049=DIRECTION('',(0.,-1.,-4.16333634234442E-16));
#16050=DIRECTION('center_axis',(1.,0.,0.));
#16051=DIRECTION('ref_axis',(0.,-0.382683432365089,-0.923879532511287));
#16052=DIRECTION('center_axis',(-1.,0.,0.));
#16053=DIRECTION('ref_axis',(0.,-0.382683432365089,-0.923879532511287));
#16054=DIRECTION('',(0.707106781186545,-0.500000000000004,-0.5));
#16055=DIRECTION('center_axis',(0.707106781186547,0.499999999999999,0.500000000000001));
#16056=DIRECTION('ref_axis',(0.577350269189627,0.,-0.816496580927725));
#16057=DIRECTION('',(0.707106781186542,-0.500000000000019,-0.499999999999988));
#16058=DIRECTION('',(0.,-0.707106781186549,0.707106781186546));
#16059=DIRECTION('center_axis',(-1.,0.,0.));
#16060=DIRECTION('ref_axis',(0.,0.382683432365089,0.923879532511287));
#16061=DIRECTION('center_axis',(1.,0.,0.));
#16062=DIRECTION('ref_axis',(0.,0.382683432365089,0.923879532511287));
#16063=DIRECTION('',(0.707106781186551,-3.92523114670946E-15,-0.707106781186544));
#16064=DIRECTION('center_axis',(0.707106781186548,3.85141240887273E-17,
0.707106781186548));
#16065=DIRECTION('ref_axis',(0.707106781186548,0.,-0.707106781186548));
#16066=DIRECTION('',(0.707106781186548,-1.57009245868377E-14,-0.707106781186548));
#16067=DIRECTION('center_axis',(-1.,0.,0.));
#16068=DIRECTION('ref_axis',(0.,-0.707106781186547,0.707106781186547));
#16069=DIRECTION('',(0.707106781186548,0.707106781186548,0.));
#16070=DIRECTION('center_axis',(0.70710678118654,-0.707106781186555,3.71061733082386E-16));
#16071=DIRECTION('ref_axis',(5.24760535402781E-16,0.,-1.));
#16072=DIRECTION('',(0.707106781186555,0.70710678118654,0.));
#16073=DIRECTION('center_axis',(-1.,0.,0.));
#16074=DIRECTION('ref_axis',(0.,-0.707106781186548,-0.707106781186548));
#16075=DIRECTION('',(0.707106781186555,0.,0.70710678118654));
#16076=DIRECTION('center_axis',(0.70710678118654,0.,-0.707106781186555));
#16077=DIRECTION('ref_axis',(-0.707106781186555,0.,-0.70710678118654));
#16078=DIRECTION('',(0.707106781186555,0.,0.70710678118654));
#16079=DIRECTION('center_axis',(-1.,0.,0.));
#16080=DIRECTION('ref_axis',(0.,0.382683432365088,-0.923879532511287));
#16081=DIRECTION('',(0.707106781186519,-0.500000000000011,0.500000000000029));
#16082=DIRECTION('center_axis',(0.707106781186544,0.500000000000001,-0.500000000000003));
#16083=DIRECTION('ref_axis',(-0.57735026918963,0.,-0.816496580927723));
#16084=DIRECTION('',(0.707106781186551,-0.500000000000002,0.499999999999994));
#16085=DIRECTION('center_axis',(1.,0.,0.));
#16086=DIRECTION('ref_axis',(0.,-0.382683432365089,0.923879532511287));
#16087=DIRECTION('',(0.707106781186587,7.8504622934193E-15,0.707106781186508));
#16088=DIRECTION('center_axis',(0.70710678118654,1.96261557335478E-16,-0.707106781186555));
#16089=DIRECTION('ref_axis',(-0.707106781186555,0.,-0.70710678118654));
#16090=DIRECTION('center_axis',(1.,0.,0.));
#16091=DIRECTION('ref_axis',(0.,0.382683432365089,0.923879532511287));
#16092=DIRECTION('',(-1.,0.,0.));
#16093=DIRECTION('center_axis',(0.,0.707106781186546,0.707106781186549));
#16094=DIRECTION('ref_axis',(0.,-0.707106781186549,0.707106781186546));
#16095=DIRECTION('',(1.,0.,0.));
#16096=DIRECTION('center_axis',(1.,0.,0.));
#16097=DIRECTION('ref_axis',(0.,-0.382683432365089,-0.923879532511287));
#16098=DIRECTION('',(-1.,0.,0.));
#16099=DIRECTION('center_axis',(0.,-4.16333634234442E-16,1.));
#16100=DIRECTION('ref_axis',(0.,-1.,-4.16333634234442E-16));
#16101=DIRECTION('center_axis',(0.,0.766044443118979,0.642787609686539));
#16102=DIRECTION('ref_axis',(-0.382683432365096,-0.593858316341237,0.707732781991636));
#16103=DIRECTION('',(0.,0.766044443118979,0.642787609686539));
#16104=DIRECTION('center_axis',(-7.29847666341281E-15,-0.766044443118979,
-0.642787609686538));
#16105=DIRECTION('ref_axis',(0.,-0.642787609686538,0.766044443118979));
#16106=DIRECTION('',(0.,-0.766044443118979,-0.642787609686539));
#16107=DIRECTION('center_axis',(-3.0601245021163E-14,0.939692620785915,
0.342020143325651));
#16108=DIRECTION('ref_axis',(-8.4076229702839E-14,0.342020143325651,-0.939692620785915));
#16109=DIRECTION('center_axis',(0.,1.,-8.88178419700128E-15));
#16110=DIRECTION('ref_axis',(-0.3826834323651,0.,0.923879532511283));
#16111=DIRECTION('',(0.,1.,-8.88178419700128E-15));
#16112=DIRECTION('',(0.,-1.,8.88178419700128E-15));
#16113=DIRECTION('center_axis',(2.41972758644157E-14,0.939692620785915,
-0.342020143325651));
#16114=DIRECTION('ref_axis',(6.64814690498023E-14,-0.342020143325651,-0.939692620785915));
#16115=DIRECTION('center_axis',(0.,-0.766044443118982,-0.642787609686535));
#16116=DIRECTION('ref_axis',(-0.382683432365088,0.593858316341239,-0.707732781991638));
#16117=DIRECTION('',(0.,-0.766044443118982,-0.642787609686535));
#16118=DIRECTION('center_axis',(4.10922635671146E-15,0.766044443118986,
0.64278760968653));
#16119=DIRECTION('ref_axis',(0.,0.64278760968653,-0.766044443118986));
#16120=DIRECTION('',(0.,0.766044443118982,0.642787609686535));
#16121=DIRECTION('center_axis',(-2.95068958614653E-14,-0.939692620785904,
-0.342020143325681));
#16122=DIRECTION('ref_axis',(-8.10695300975797E-14,-0.342020143325681,0.939692620785904));
#16123=DIRECTION('center_axis',(0.5943602369668,0.256284270048782,-0.762269166133809));
#16124=DIRECTION('ref_axis',(-0.699969669457815,-0.301822370737257,-0.647260162810642));
#16125=DIRECTION('center_axis',(-1.,0.,0.));
#16126=DIRECTION('ref_axis',(0.,-0.422618261740713,-0.906307787036644));
#16127=DIRECTION('center_axis',(-1.47158218898758E-14,-3.55271367880051E-14,
-1.));
#16128=DIRECTION('ref_axis',(0.,-1.,3.55271367880051E-14));
#16129=DIRECTION('center_axis',(1.,0.,0.));
#16130=DIRECTION('ref_axis',(0.,-0.422618261740724,-0.906307787036638));
#16131=DIRECTION('center_axis',(0.,3.47487750200926E-14,1.));
#16132=DIRECTION('ref_axis',(-0.382683432365087,-0.923879532511288,1.92271478790287E-14));
#16133=DIRECTION('',(0.,3.47487750200926E-14,1.));
#16134=DIRECTION('center_axis',(-1.47158218898749E-14,-3.55271367880051E-14,
-1.));
#16135=DIRECTION('ref_axis',(0.,-1.,3.55271367880051E-14));
#16136=DIRECTION('',(0.,-3.47487750200926E-14,-1.));
#16137=DIRECTION('center_axis',(-0.59436023696682,-0.256284270048794,-0.762269166133789));
#16138=DIRECTION('ref_axis',(-0.699969669457789,-0.301822370737257,0.64726016281067));
#16139=DIRECTION('center_axis',(-1.,0.,0.));
#16140=DIRECTION('ref_axis',(0.,-0.422618261740692,0.906307787036654));
#16141=DIRECTION('center_axis',(-8.83177008009642E-15,-0.766044443118979,
0.642787609686539));
#16142=DIRECTION('ref_axis',(0.,0.64278760968654,0.766044443118977));
#16143=DIRECTION('center_axis',(1.,0.,0.));
#16144=DIRECTION('ref_axis',(0.,-0.422618261740694,0.906307787036652));
#16145=DIRECTION('center_axis',(0.,0.766044443118979,-0.642787609686538));
#16146=DIRECTION('ref_axis',(-0.382683432365086,0.59385831634124,0.707732781991639));
#16147=DIRECTION('',(0.,0.766044443118979,-0.642787609686538));
#16148=DIRECTION('',(0.,-0.766044443118979,0.642787609686538));
#16149=DIRECTION('center_axis',(0.,-1.,-8.88178419700128E-15));
#16150=DIRECTION('ref_axis',(-0.382683432365098,0.,-0.923879532511284));
#16151=DIRECTION('',(0.,-1.,-8.88178419700128E-15));
#16152=DIRECTION('',(0.,1.,8.88178419700128E-15));
#16153=DIRECTION('center_axis',(6.20131190495081E-15,-0.939692620785922,
0.342020143325631));
#16154=DIRECTION('ref_axis',(1.70379644298491E-14,0.342020143325631,0.939692620785922));
#16155=DIRECTION('center_axis',(-0.594360236966813,0.256284270048796,-0.762269166133794));
#16156=DIRECTION('ref_axis',(-0.69996966945779,0.301822370737268,0.647260162810664));
#16157=DIRECTION('center_axis',(-1.,0.,0.));
#16158=DIRECTION('ref_axis',(0.,0.422618261740713,0.906307787036644));
#16159=DIRECTION('center_axis',(-7.35791094493788E-15,1.77635683940026E-14,
1.));
#16160=DIRECTION('ref_axis',(0.,1.,-1.77635683940026E-14));
#16161=DIRECTION('center_axis',(1.,0.,0.));
#16162=DIRECTION('ref_axis',(0.,0.422618261740715,0.906307787036643));
#16163=DIRECTION('center_axis',(0.,-2.01177118537378E-14,-1.));
#16164=DIRECTION('ref_axis',(-0.382683432365087,0.923879532511288,-1.92271478790287E-14));
#16165=DIRECTION('',(0.,-2.01177118537378E-14,-1.));
#16166=DIRECTION('center_axis',(-7.35791094493761E-15,1.77635683940029E-14,
1.));
#16167=DIRECTION('ref_axis',(0.,1.,-1.77635683940029E-14));
#16168=DIRECTION('',(0.,2.01177118537378E-14,1.));
#16169=DIRECTION('center_axis',(0.594360236966816,-0.256284270048808,-0.762269166133788));
#16170=DIRECTION('ref_axis',(-0.69996966945777,0.301822370737283,-0.647260162810679));
#16171=DIRECTION('center_axis',(-1.,0.,0.));
#16172=DIRECTION('ref_axis',(0.,0.422618261740692,-0.906307787036654));
#16173=DIRECTION('center_axis',(1.59462515335075E-15,0.766044443118995,
-0.642787609686519));
#16174=DIRECTION('ref_axis',(0.,-0.64278760968651,-0.766044443119002));
#16175=DIRECTION('center_axis',(1.,0.,0.));
#16176=DIRECTION('ref_axis',(0.,0.422618261740684,-0.906307787036657));
#16177=DIRECTION('center_axis',(0.,-0.766044443118998,0.642787609686516));
#16178=DIRECTION('ref_axis',(-0.382683432365092,-0.593858316341227,-0.707732781991646));
#16179=DIRECTION('',(0.,-0.766044443118998,0.642787609686516));
#16180=DIRECTION('',(0.,0.766044443118998,-0.642787609686516));
#16181=DIRECTION('center_axis',(0.,8.88178419700128E-15,1.));
#16182=DIRECTION('ref_axis',(0.,-1.,8.88178419700128E-15));
#16183=DIRECTION('',(-1.,0.,0.));
#16184=DIRECTION('',(0.,-1.,8.88178419700128E-15));
#16185=DIRECTION('',(1.,0.,0.));
#16186=DIRECTION('center_axis',(0.,0.642787609686538,0.766044443118979));
#16187=DIRECTION('ref_axis',(0.,-0.766044443118979,0.642787609686538));
#16188=DIRECTION('',(-1.,0.,0.));
#16189=DIRECTION('',(0.,-0.766044443118979,0.642787609686538));
#16190=DIRECTION('center_axis',(1.,0.,0.));
#16191=DIRECTION('ref_axis',(0.,-0.422618261740689,0.906307787036655));
#16192=DIRECTION('',(1.,0.,0.));
#16193=DIRECTION('center_axis',(1.,0.,0.));
#16194=DIRECTION('ref_axis',(0.,-0.422618261740692,0.906307787036654));
#16195=DIRECTION('center_axis',(0.,-1.,3.47487750200926E-14));
#16196=DIRECTION('ref_axis',(0.,-3.47487750200926E-14,-1.));
#16197=DIRECTION('',(-1.,0.,0.));
#16198=DIRECTION('',(-4.46247116395787E-30,-3.47487750200926E-14,-1.));
#16199=DIRECTION('center_axis',(1.,0.,0.));
#16200=DIRECTION('ref_axis',(0.,-0.422618261740721,-0.90630778703664));
#16201=DIRECTION('',(1.,0.,0.));
#16202=DIRECTION('center_axis',(1.,0.,0.));
#16203=DIRECTION('ref_axis',(0.,-0.422618261740713,-0.906307787036644));
#16204=DIRECTION('center_axis',(0.,0.642787609686535,-0.766044443118982));
#16205=DIRECTION('ref_axis',(0.,0.766044443118982,0.642787609686535));
#16206=DIRECTION('',(1.,0.,0.));
#16207=DIRECTION('',(0.,0.766044443118982,0.642787609686535));
#16208=DIRECTION('center_axis',(1.,0.,0.));
#16209=DIRECTION('ref_axis',(0.,0.422618261740705,0.906307787036647));
#16210=DIRECTION('',(-0.707106781186555,-0.70710678118654,0.));
#16211=DIRECTION('center_axis',(1.,0.,0.));
#16212=DIRECTION('ref_axis',(0.,0.422618261740705,0.906307787036647));
#16213=DIRECTION('',(-0.707106781186549,0.454519477672042,-0.541675220419701));
#16214=DIRECTION('center_axis',(-0.70710678118654,0.707106781186555,-1.42253704737351E-14));
#16215=DIRECTION('ref_axis',(-2.01177118537382E-14,0.,1.));
#16216=DIRECTION('',(-0.707106781186566,-0.707106781186529,2.09345661157842E-14));
#16217=DIRECTION('',(0.,2.01177118537378E-14,1.));
#16218=DIRECTION('center_axis',(1.,0.,0.));
#16219=DIRECTION('ref_axis',(0.,0.422618261740689,-0.906307787036655));
#16220=DIRECTION('',(-0.70710678118657,0.454519477672015,0.541675220419697));
#16221=DIRECTION('center_axis',(1.,0.,0.));
#16222=DIRECTION('ref_axis',(0.,0.422618261740689,-0.906307787036655));
#16223=DIRECTION('center_axis',(-0.70710678118655,-0.454519477672026,-0.541675220419714));
#16224=DIRECTION('ref_axis',(-0.608120402411351,0.,0.79384480609944));
#16225=DIRECTION('',(0.68479107877173,-0.249243569363909,-0.684791078771758));
#16226=DIRECTION('',(0.,0.766044443118998,-0.642787609686516));
#16227=DIRECTION('center_axis',(-0.707106781186561,6.28036983473501E-15,
-0.707106781186534));
#16228=DIRECTION('ref_axis',(-0.707106781186534,0.,0.707106781186561));
#16229=DIRECTION('',(0.684791078771728,0.249243569363928,-0.684791078771753));
#16230=DIRECTION('',(0.,1.,8.88178419700128E-15));
#16231=DIRECTION('center_axis',(-0.70710678118654,0.454519477672045,-0.54167522041971));
#16232=DIRECTION('ref_axis',(-0.608120402411353,0.,0.793844806099438));
#16233=DIRECTION('',(-0.707106781186555,-0.454519477672026,0.541675220419707));
#16234=DIRECTION('',(0.,0.766044443118982,0.642787609686535));
#16235=DIRECTION('center_axis',(0.,1.,8.88178419700128E-15));
#16236=DIRECTION('ref_axis',(0.382683432365106,0.,-0.92387953251128));
#16237=DIRECTION('',(0.,1.,8.88178419700128E-15));
#16238=DIRECTION('center_axis',(-3.84238149404791E-14,-0.939692620785922,
0.342020143325631));
#16239=DIRECTION('ref_axis',(1.0556856391828E-13,-0.342020143325631,-0.939692620785922));
#16240=DIRECTION('',(0.,-1.,-8.88178419700128E-15));
#16241=DIRECTION('center_axis',(-2.30623952543588E-14,0.939692620785904,
0.342020143325681));
#16242=DIRECTION('ref_axis',(-6.33634101998875E-14,-0.342020143325681,0.939692620785904));
#16243=DIRECTION('center_axis',(0.,-0.766044443118979,0.642787609686538));
#16244=DIRECTION('ref_axis',(0.382683432365086,0.59385831634124,0.707732781991639));
#16245=DIRECTION('center_axis',(1.04263952334473E-14,0.766044443118979,
-0.642787609686539));
#16246=DIRECTION('ref_axis',(0.,0.642787609686538,0.766044443118979));
#16247=DIRECTION('',(0.,0.766044443118979,-0.642787609686538));
#16248=DIRECTION('center_axis',(4.78271114238032E-14,-0.939692620785915,
0.342020143325651));
#16249=DIRECTION('ref_axis',(1.31403908674632E-13,-0.342020143325651,-0.939692620785915));
#16250=DIRECTION('center_axis',(0.,0.766044443118998,-0.642787609686516));
#16251=DIRECTION('ref_axis',(0.382683432365094,-0.593858316341226,-0.707732781991646));
#16252=DIRECTION('',(0.,0.766044443118998,-0.642787609686516));
#16253=DIRECTION('center_axis',(1.59462515335069E-15,-0.766044443118995,
0.642787609686519));
#16254=DIRECTION('ref_axis',(0.,-0.642787609686519,-0.766044443118995));
#16255=DIRECTION('',(3.92523114670944E-17,-0.766044443118998,0.642787609686516));
#16256=DIRECTION('center_axis',(-0.594360236966816,-0.256284270048808,-0.762269166133788));
#16257=DIRECTION('ref_axis',(0.699969669457776,0.301822370737269,-0.647260162810679));
#16258=DIRECTION('center_axis',(1.,0.,0.));
#16259=DIRECTION('ref_axis',(0.,0.422618261740692,-0.906307787036654));
#16260=DIRECTION('center_axis',(-7.35791094493802E-15,-1.77635683940026E-14,
-1.));
#16261=DIRECTION('ref_axis',(0.,1.,-1.77635683940023E-14));
#16262=DIRECTION('center_axis',(-1.,0.,0.));
#16263=DIRECTION('ref_axis',(0.,0.422618261740684,-0.906307787036657));
#16264=DIRECTION('center_axis',(0.,2.01177118537378E-14,1.));
#16265=DIRECTION('ref_axis',(0.382683432365098,0.923879532511284,-1.9227147879029E-14));
#16266=DIRECTION('',(0.,2.01177118537378E-14,1.));
#16267=DIRECTION('center_axis',(-7.3579109449377E-15,-1.77635683940026E-14,
-1.));
#16268=DIRECTION('ref_axis',(0.,1.,-1.77635683940026E-14));
#16269=DIRECTION('',(2.23123558197895E-30,-2.01177118537378E-14,-1.));
#16270=DIRECTION('center_axis',(0.594360236966791,0.25628427004878,-0.762269166133817));
#16271=DIRECTION('ref_axis',(0.69996966945781,0.301822370737271,0.647260162810641));
#16272=DIRECTION('center_axis',(1.,0.,0.));
#16273=DIRECTION('ref_axis',(0.,0.422618261740713,0.906307787036644));
#16274=DIRECTION('center_axis',(-1.0426395233447E-14,0.766044443118979,
0.642787609686539));
#16275=DIRECTION('ref_axis',(0.,-0.642787609686538,0.766044443118979));
#16276=DIRECTION('center_axis',(-1.,0.,0.));
#16277=DIRECTION('ref_axis',(0.,0.422618261740715,0.906307787036643));
#16278=DIRECTION('center_axis',(-1.57009245868378E-16,-0.766044443118979,
-0.642787609686539));
#16279=DIRECTION('ref_axis',(0.382683432365095,-0.593858316341258,0.707732781991619));
#16280=DIRECTION('',(-1.57009245868378E-16,-0.766044443118979,-0.642787609686539));
#16281=DIRECTION('center_axis',(2.25354863996903E-14,0.939692620785909,
0.342020143325666));
#16282=DIRECTION('ref_axis',(-6.14566756956392E-14,-0.342020143325666,0.939692620785909));
#16283=DIRECTION('',(1.57009245868378E-16,0.766044443118979,0.642787609686539));
#16284=DIRECTION('center_axis',(0.,-1.,8.88178419700128E-15));
#16285=DIRECTION('ref_axis',(0.382683432365102,0.,0.923879532511282));
#16286=DIRECTION('',(0.,1.,-8.88178419700128E-15));
#16287=DIRECTION('center_axis',(0.594360236966818,-0.256284270048795,-0.762269166133791));
#16288=DIRECTION('ref_axis',(0.699969669457793,-0.301822370737255,0.647260162810667));
#16289=DIRECTION('center_axis',(-1.47158218898758E-14,3.55271367880051E-14,
1.));
#16290=DIRECTION('ref_axis',(0.,-1.,3.55271367880051E-14));
#16291=DIRECTION('center_axis',(-1.,0.,0.));
#16292=DIRECTION('ref_axis',(0.,-0.422618261740674,0.906307787036662));
#16293=DIRECTION('center_axis',(-4.46247116395787E-30,-3.47487750200926E-14,
-1.));
#16294=DIRECTION('ref_axis',(0.382683432365098,-0.923879532511284,3.8454295758058E-14));
#16295=DIRECTION('center_axis',(-1.47158218898745E-14,3.55271367880051E-14,
1.));
#16296=DIRECTION('ref_axis',(0.,-1.,3.55271367880051E-14));
#16297=DIRECTION('',(4.46247116395787E-30,3.47487750200926E-14,1.));
#16298=DIRECTION('center_axis',(-0.594360236966784,0.256284270048794,-0.762269166133817));
#16299=DIRECTION('ref_axis',(0.699969669457807,-0.301822370737284,-0.647260162810638));
#16300=DIRECTION('center_axis',(9.81307786677351E-16,-0.766044443118986,
-0.64278760968653));
#16301=DIRECTION('ref_axis',(0.,0.64278760968653,-0.766044443118986));
#16302=DIRECTION('center_axis',(-1.,0.,0.));
#16303=DIRECTION('ref_axis',(0.,-0.422618261740724,-0.906307787036638));
#16304=DIRECTION('center_axis',(0.,0.766044443118982,0.642787609686535));
#16305=DIRECTION('ref_axis',(0.382683432365094,0.593858316341238,-0.707732781991636));
#16306=DIRECTION('',(0.,-0.766044443118982,-0.642787609686535));
#16307=DIRECTION('center_axis',(-1.,0.,0.));
#16308=DIRECTION('ref_axis',(0.,0.422618261740689,-0.906307787036655));
#16309=DIRECTION('',(-0.707106781186555,0.70710678118654,-2.09345661157839E-14));
#16310=DIRECTION('center_axis',(-1.,0.,0.));
#16311=DIRECTION('ref_axis',(0.,0.422618261740689,-0.906307787036655));
#16312=DIRECTION('',(-0.70710678118657,-0.454519477672015,-0.541675220419697));
#16313=DIRECTION('center_axis',(0.70710678118655,0.707106781186545,-1.42253704737349E-14));
#16314=DIRECTION('ref_axis',(-2.01177118537376E-14,0.,-1.));
#16315=DIRECTION('',(-0.707106781186555,0.70710678118654,0.));
#16316=DIRECTION('',(0.,-2.01177118537378E-14,-1.));
#16317=DIRECTION('center_axis',(-1.,0.,0.));
#16318=DIRECTION('ref_axis',(0.,0.422618261740705,0.906307787036647));
#16319=DIRECTION('',(-0.707106781186548,-0.454519477672043,0.541675220419702));
#16320=DIRECTION('center_axis',(-1.,0.,0.));
#16321=DIRECTION('ref_axis',(0.,0.422618261740705,0.906307787036647));
#16322=DIRECTION('center_axis',(0.707106781186547,-0.454519477672044,0.541675220419703));
#16323=DIRECTION('ref_axis',(0.608120402411344,0.,-0.793844806099445));
#16324=DIRECTION('',(-0.684791078771732,-0.249243569363909,0.684791078771757));
#16325=DIRECTION('',(0.,0.766044443118979,0.642787609686539));
#16326=DIRECTION('center_axis',(0.707106781186561,6.28036983473501E-15,
0.707106781186534));
#16327=DIRECTION('ref_axis',(0.707106781186534,0.,-0.707106781186561));
#16328=DIRECTION('',(0.684791078771726,-0.249243569363886,-0.684791078771771));
#16329=DIRECTION('',(0.,1.,-8.88178419700128E-15));
#16330=DIRECTION('center_axis',(0.707106781186547,0.454519477672043,0.541675220419703));
#16331=DIRECTION('ref_axis',(0.608120402411344,0.,-0.793844806099445));
#16332=DIRECTION('',(-0.707106781186548,0.454519477672043,0.541675220419702));
#16333=DIRECTION('',(0.,0.766044443118979,-0.642787609686538));
#16334=DIRECTION('center_axis',(0.,8.88178419700128E-15,-1.));
#16335=DIRECTION('ref_axis',(0.,1.,8.88178419700128E-15));
#16336=DIRECTION('',(-1.,0.,0.));
#16337=DIRECTION('center_axis',(0.707106781186571,6.28036983473491E-15,
-0.707106781186524));
#16338=DIRECTION('ref_axis',(-0.707106781186524,0.,-0.707106781186571));
#16339=DIRECTION('',(-0.684791078771726,-0.249243569363886,-0.684791078771771));
#16340=DIRECTION('',(0.,-1.,-8.88178419700128E-15));
#16341=DIRECTION('',(-0.684791078771719,0.249243569363924,-0.684791078771764));
#16342=DIRECTION('center_axis',(0.707106781186555,0.454519477672036,-0.541675220419699));
#16343=DIRECTION('ref_axis',(-0.608120402411337,0.,-0.79384480609945));
#16344=DIRECTION('',(0.,-0.766044443118982,-0.642787609686535));
#16345=DIRECTION('',(-0.70710678118654,0.454519477672038,-0.541675220419716));
#16346=DIRECTION('center_axis',(-1.,0.,0.));
#16347=DIRECTION('ref_axis',(0.,-0.422618261740722,-0.90630778703664));
#16348=DIRECTION('center_axis',(-1.,0.,0.));
#16349=DIRECTION('ref_axis',(0.,-0.422618261740721,-0.90630778703664));
#16350=DIRECTION('',(-0.707106781186555,-0.70710678118654,2.09345661157839E-14));
#16351=DIRECTION('center_axis',(0.70710678118655,-0.707106781186545,2.45710944546331E-14));
#16352=DIRECTION('ref_axis',(3.47487750200923E-14,0.,-1.));
#16353=DIRECTION('',(0.,3.47487750200926E-14,1.));
#16354=DIRECTION('',(-0.707106781186545,-0.70710678118655,2.09345661157836E-14));
#16355=DIRECTION('center_axis',(-1.,0.,0.));
#16356=DIRECTION('ref_axis',(0.,-0.422618261740689,0.906307787036655));
#16357=DIRECTION('center_axis',(-1.,0.,0.));
#16358=DIRECTION('ref_axis',(0.,-0.422618261740689,0.906307787036655));
#16359=DIRECTION('center_axis',(0.707106781186548,-0.454519477672027,-0.541675220419715));
#16360=DIRECTION('ref_axis',(-0.608120402411352,0.,-0.793844806099439));
#16361=DIRECTION('',(0.,-0.766044443118998,0.642787609686516));
#16362=DIRECTION('center_axis',(0.,-0.642787609686539,0.766044443118979));
#16363=DIRECTION('ref_axis',(0.,-0.766044443118979,-0.642787609686539));
#16364=DIRECTION('',(1.,0.,0.));
#16365=DIRECTION('center_axis',(1.,0.,0.));
#16366=DIRECTION('ref_axis',(0.,0.422618261740705,0.906307787036647));
#16367=DIRECTION('',(-1.,0.,0.));
#16368=DIRECTION('center_axis',(0.,1.,-2.01177118537378E-14));
#16369=DIRECTION('ref_axis',(0.,2.01177118537378E-14,1.));
#16370=DIRECTION('',(1.,0.,0.));
#16371=DIRECTION('center_axis',(1.,0.,0.));
#16372=DIRECTION('ref_axis',(0.,0.422618261740689,-0.906307787036655));
#16373=DIRECTION('',(-1.,0.,0.));
#16374=DIRECTION('center_axis',(0.,-0.642787609686516,-0.766044443118998));
#16375=DIRECTION('ref_axis',(0.,0.766044443118998,-0.642787609686516));
#16376=DIRECTION('center_axis',(1.,0.,0.));
#16377=DIRECTION('ref_axis',(0.,0.,-1.));
#16378=DIRECTION('center_axis',(-0.707106781186546,-0.454519477672044,0.541675220419704));
#16379=DIRECTION('ref_axis',(0.608120402411345,0.,0.793844806099444));
#16380=DIRECTION('',(0.,-0.766044443118979,-0.642787609686539));
#16381=DIRECTION('',(0.684791078771732,-0.249243569363909,0.684791078771757));
#16382=DIRECTION('center_axis',(1.,0.,0.));
#16383=DIRECTION('ref_axis',(0.,-0.422618261740722,-0.90630778703664));
#16384=DIRECTION('',(-0.707106781186555,0.70710678118654,-2.09345661157839E-14));
#16385=DIRECTION('center_axis',(1.,0.,0.));
#16386=DIRECTION('ref_axis',(0.,-0.422618261740721,-0.90630778703664));
#16387=DIRECTION('center_axis',(-0.70710678118654,-0.707106781186555,2.45710944546334E-14));
#16388=DIRECTION('ref_axis',(3.47487750200934E-14,0.,1.));
#16389=DIRECTION('',(-0.707106781186555,0.70710678118654,-2.09345661157839E-14));
#16390=DIRECTION('',(0.,-3.47487750200926E-14,-1.));
#16391=DIRECTION('center_axis',(1.,0.,0.));
#16392=DIRECTION('ref_axis',(0.,-0.422618261740689,0.906307787036655));
#16393=DIRECTION('',(-0.707106781186548,-0.454519477672043,-0.541675220419702));
#16394=DIRECTION('center_axis',(1.,0.,0.));
#16395=DIRECTION('ref_axis',(0.,-0.422618261740689,0.906307787036655));
#16396=DIRECTION('center_axis',(-0.707106781186548,0.454519477672042,0.541675220419702));
#16397=DIRECTION('ref_axis',(0.608120402411343,0.,0.793844806099446));
#16398=DIRECTION('',(-0.684791078771724,-0.249243569363887,-0.684791078771772));
#16399=DIRECTION('',(0.,-0.766044443118979,0.642787609686538));
#16400=DIRECTION('center_axis',(-0.707106781186561,6.28036983473501E-15,
0.707106781186534));
#16401=DIRECTION('ref_axis',(0.707106781186534,0.,0.707106781186561));
#16402=DIRECTION('',(0.,-1.,8.88178419700128E-15));
#16403=DIRECTION('center_axis',(1.,0.,0.));
#16404=DIRECTION('ref_axis',(0.,0.,-1.));
#16405=DIRECTION('',(0.,0.,1.));
#16406=DIRECTION('',(1.,0.,0.));
#16407=DIRECTION('',(0.,0.,1.));
#16408=DIRECTION('',(1.,0.,0.));
#16409=CARTESIAN_POINT('',(0.,0.,0.));
#16410=CARTESIAN_POINT('',(0.,0.,0.));
#16411=CARTESIAN_POINT('Origin',(22.1857864376269,110.49217042987,-116.615742338435));
#16412=CARTESIAN_POINT('',(22.2000000000001,116.39217042987,-115.615843356215));
#16413=CARTESIAN_POINT('',(22.8928932188134,116.39217042987,-115.908635557249));
#16414=CARTESIAN_POINT('Origin',(22.1857864376269,116.39217042987,-116.615742338435));
#16415=CARTESIAN_POINT('',(22.8928932188134,118.285566016403,-115.908635557249));
#16416=CARTESIAN_POINT('',(22.8928932188134,110.49217042987,-115.908635557249));
#16417=CARTESIAN_POINT('',(22.1857864376269,118.39217042987,-115.615742338435));
#16418=CARTESIAN_POINT('Origin',(22.1857864376269,118.028200195604,-116.615742338435));
#16419=CARTESIAN_POINT('',(22.1857864376269,116.377956867496,-115.615742338435));
#16420=CARTESIAN_POINT('',(22.1857864376269,110.49217042987,-115.615742338435));
#16421=CARTESIAN_POINT('Origin',(22.1857864376269,116.377956867496,-116.615742338435));
#16422=CARTESIAN_POINT('Origin',(22.1857864376269,112.744169611019,-113.049570453089));
#16423=CARTESIAN_POINT('',(22.1857864376269,118.39217042987,-109.615742338435));
#16424=CARTESIAN_POINT('',(22.1857864376269,124.749382820183,-104.281407766407));
#16425=CARTESIAN_POINT('',(22.1857864376269,113.386957220706,-113.815614896208));
#16426=CARTESIAN_POINT('',(22.8928932188134,124.561114688169,-104.057038543708));
#16427=CARTESIAN_POINT('Origin',(22.1857864376269,124.106595210497,-103.515363323288));
#16428=CARTESIAN_POINT('',(22.8928932188134,118.285566016403,-109.322849119622));
#16429=CARTESIAN_POINT('',(22.8928932188134,113.198689088691,-113.591245673509));
#16430=CARTESIAN_POINT('Origin',(22.1857864376269,118.028200195603,-108.615742338435));
#16431=CARTESIAN_POINT('Origin',(22.1857864376269,125.39217042987,-105.047452209526));
#16432=CARTESIAN_POINT('',(22.1857864376269,126.39217042987,-105.047452209526));
#16433=CARTESIAN_POINT('Origin',(22.1857864376269,125.39217042987,-105.047452209526));
#16434=CARTESIAN_POINT('',(22.8928932188134,126.685063648683,-105.047452209526));
#16435=CARTESIAN_POINT('Origin',(22.1857864376269,127.39217042987,-105.047452209526));
#16436=CARTESIAN_POINT('Origin',(22.8928932188134,125.39217042987,-105.047452209526));
#16437=CARTESIAN_POINT('Origin',(22.1857864376269,127.39217042987,-105.331144551372));
#16438=CARTESIAN_POINT('',(22.1857864376269,126.392170429869,-120.184032467343));
#16439=CARTESIAN_POINT('',(22.1857864376269,126.39217042987,-105.331144551372));
#16440=CARTESIAN_POINT('',(22.8928932188134,126.685063648683,-120.184032467343));
#16441=CARTESIAN_POINT('Origin',(22.1857864376269,127.392170429869,-120.184032467343));
#16442=CARTESIAN_POINT('',(22.8928932188135,126.685063648683,-105.331144551372));
#16443=CARTESIAN_POINT('Origin',(22.1857864376269,125.392170429869,-120.184032467343));
#16444=CARTESIAN_POINT('',(22.1857864376269,124.749382820183,-120.950076910462));
#16445=CARTESIAN_POINT('Origin',(22.1857864376269,125.392170429869,-120.184032467343));
#16446=CARTESIAN_POINT('',(22.8928932188135,124.561114688168,-121.174446133162));
#16447=CARTESIAN_POINT('Origin',(22.1857864376269,124.106595210496,-121.716121353581));
#16448=CARTESIAN_POINT('Origin',(22.8928932188134,125.392170429869,-120.184032467343));
#16449=CARTESIAN_POINT('Origin',(22.1857864376269,118.744169611019,-117.216512010844));
#16450=CARTESIAN_POINT('',(22.1857864376269,119.386957220705,-116.450467567725));
#16451=CARTESIAN_POINT('',(22.8928932188134,119.198689088691,-116.674836790425));
#16452=CARTESIAN_POINT('Origin',(22.1857864376269,107.49217042987,-108.615742338435));
#16453=CARTESIAN_POINT('',(22.2000000000001,116.39217042987,-109.615641320655));
#16454=CARTESIAN_POINT('',(22.1857864376269,116.377956867496,-109.615742338435));
#16455=CARTESIAN_POINT('Origin',(22.1857864376269,116.377956867496,-108.615742338435));
#16456=CARTESIAN_POINT('',(22.1857864376269,107.49217042987,-109.615742338435));
#16457=CARTESIAN_POINT('',(22.8928932188134,116.39217042987,-109.322849119621));
#16458=CARTESIAN_POINT('',(22.8928932188134,107.49217042987,-109.322849119621));
#16459=CARTESIAN_POINT('Origin',(22.1857864376269,116.39217042987,-108.615742338435));
#16460=CARTESIAN_POINT('Origin',(22.8,102.59217042987,-115.815742338435));
#16461=CARTESIAN_POINT('',(23.,116.39217042987,-116.015742338435));
#16462=CARTESIAN_POINT('',(13.2102257790535,116.39217042987,-106.225968117489));
#16463=CARTESIAN_POINT('',(23.,118.246582336163,-116.015742338435));
#16464=CARTESIAN_POINT('',(23.,102.59217042987,-116.015742338435));
#16465=CARTESIAN_POINT('',(23.,118.246582336163,-116.015742338435));
#16466=CARTESIAN_POINT('Origin',(0.,116.39217042987,-100.25664545465));
#16467=CARTESIAN_POINT('',(22.2,116.39217042987,-124.974839222221));
#16468=CARTESIAN_POINT('',(22.2000000000001,116.39217042987,-100.25664545465));
#16469=CARTESIAN_POINT('',(23.,116.39217042987,-124.974839222221));
#16470=CARTESIAN_POINT('',(0.,116.39217042987,-124.974839222221));
#16471=CARTESIAN_POINT('',(23.,116.39217042987,-106.436193896542));
#16472=CARTESIAN_POINT('Origin',(22.2,116.392170429869,-100.25664545465));
#16473=CARTESIAN_POINT('',(20.2000000000001,114.39217042987,-115.615742338435));
#16474=CARTESIAN_POINT('',(22.9000000000001,117.09217042987,-115.615742338435));
#16475=CARTESIAN_POINT('',(19.4242640687119,113.616434498581,-116.26666207227));
#16476=CARTESIAN_POINT('',(23.8403791480661,118.032549577936,-112.561101537948));
#16477=CARTESIAN_POINT('',(19.4242640687118,113.616434498582,-124.974839222221));
#16478=CARTESIAN_POINT('',(19.4242640687119,113.616434498581,-100.25664545465));
#16479=CARTESIAN_POINT('',(19.,113.19217042987,-124.974839222221));
#16480=CARTESIAN_POINT('Origin',(23.,118.39217042987,-115.615742338435));
#16481=CARTESIAN_POINT('',(16.,118.39217042987,-115.615742338435));
#16482=CARTESIAN_POINT('',(23.,118.39217042987,-115.615742338435));
#16483=CARTESIAN_POINT('',(16.,116.192170429869,-115.615742338435));
#16484=CARTESIAN_POINT('',(16.,117.39217042987,-115.615742338435));
#16485=CARTESIAN_POINT('',(17.7999999999999,114.39217042987,-115.615742338435));
#16486=CARTESIAN_POINT('',(18.6999999999999,113.49217042987,-115.615742338435));
#16487=CARTESIAN_POINT('',(23.,114.39217042987,-115.615742338435));
#16488=CARTESIAN_POINT('Origin',(23.,126.392170429869,-122.328539387853));
#16489=CARTESIAN_POINT('',(16.,124.749382820183,-120.950076910462));
#16490=CARTESIAN_POINT('',(23.,124.749382820183,-120.950076910462));
#16491=CARTESIAN_POINT('',(16.,121.066740526277,-117.859973119888));
#16492=CARTESIAN_POINT('Origin',(23.,125.392170429869,-120.184032467343));
#16493=CARTESIAN_POINT('',(16.,126.392170429869,-120.184032467343));
#16494=CARTESIAN_POINT('',(23.,126.392170429869,-120.184032467343));
#16495=CARTESIAN_POINT('Origin',(16.,125.392170429869,-120.184032467343));
#16496=CARTESIAN_POINT('Origin',(23.,126.39217042987,-102.902945289017));
#16497=CARTESIAN_POINT('',(16.,126.39217042987,-105.047452209526));
#16498=CARTESIAN_POINT('',(23.,126.39217042987,-105.047452209526));
#16499=CARTESIAN_POINT('',(16.,126.39217042987,-107.759343813726));
#16500=CARTESIAN_POINT('Origin',(23.,125.39217042987,-105.047452209526));
#16501=CARTESIAN_POINT('',(16.,124.749382820183,-104.281407766407));
#16502=CARTESIAN_POINT('',(23.,124.749382820183,-104.281407766407));
#16503=CARTESIAN_POINT('Origin',(16.,125.39217042987,-105.047452209526));
#16504=CARTESIAN_POINT('Origin',(23.,118.39217042987,-109.615742338435));
#16505=CARTESIAN_POINT('',(16.,118.39217042987,-109.615742338435));
#16506=CARTESIAN_POINT('',(23.,118.39217042987,-109.615742338435));
#16507=CARTESIAN_POINT('',(16.,117.066740526277,-110.727910081691));
#16508=CARTESIAN_POINT('Origin',(22.8,108.253186489605,-117.862278565357));
#16509=CARTESIAN_POINT('',(23.,124.492267776309,-103.97498998916));
#16510=CARTESIAN_POINT('',(22.6,124.749382820183,-104.281407766407));
#16511=CARTESIAN_POINT('',(23.,118.246582336163,-109.215742338435));
#16512=CARTESIAN_POINT('',(23.,108.124628967667,-117.709069676733));
#16513=CARTESIAN_POINT('',(23.,118.246582336163,-109.215742338435));
#16514=CARTESIAN_POINT('Origin',(22.8,125.39217042987,-105.047452209526));
#16515=CARTESIAN_POINT('',(23.,126.79217042987,-105.047452209526));
#16516=CARTESIAN_POINT('',(22.6,126.39217042987,-105.047452209526));
#16517=CARTESIAN_POINT('Origin',(23.,125.39217042987,-105.047452209526));
#16518=CARTESIAN_POINT('Origin',(22.8,126.59217042987,-107.759343813726));
#16519=CARTESIAN_POINT('',(23.,126.792170429869,-120.184032467343));
#16520=CARTESIAN_POINT('',(22.6,126.392170429869,-120.184032467343));
#16521=CARTESIAN_POINT('',(23.,126.79217042987,-107.759343813726));
#16522=CARTESIAN_POINT('Origin',(22.8,125.392170429869,-120.184032467343));
#16523=CARTESIAN_POINT('',(23.,124.492267776308,-121.25649468771));
#16524=CARTESIAN_POINT('',(22.6,124.749382820183,-120.950076910462));
#16525=CARTESIAN_POINT('Origin',(23.,125.392170429869,-120.184032467343));
#16526=CARTESIAN_POINT('Origin',(22.8,112.253186489604,-110.725604636222));
#16527=CARTESIAN_POINT('',(23.,112.124628967667,-110.878813524846));
#16528=CARTESIAN_POINT('Origin',(22.8,100.59217042987,-109.415742338435));
#16529=CARTESIAN_POINT('',(23.,116.39217042987,-109.215742338435));
#16530=CARTESIAN_POINT('',(23.,100.59217042987,-109.215742338435));
#16531=CARTESIAN_POINT('',(19.3897742209465,116.39217042987,-112.825968117489));
#16532=CARTESIAN_POINT('Origin',(23.,114.39217042987,-109.615742338435));
#16533=CARTESIAN_POINT('',(20.2000000000001,114.39217042987,-109.615742338435));
#16534=CARTESIAN_POINT('',(21.9,116.09217042987,-109.615742338435));
#16535=CARTESIAN_POINT('',(17.7999999999999,114.39217042987,-109.615742338435));
#16536=CARTESIAN_POINT('',(23.,114.39217042987,-109.615742338435));
#16537=CARTESIAN_POINT('',(16.,116.192170429869,-109.615742338435));
#16538=CARTESIAN_POINT('',(19.7,112.49217042987,-109.615742338435));
#16539=CARTESIAN_POINT('',(16.,115.39217042987,-109.615742338435));
#16540=CARTESIAN_POINT('Origin',(0.,116.39217042987,-100.25664545465));
#16541=CARTESIAN_POINT('',(23.,116.39217042987,-100.25664545465));
#16542=CARTESIAN_POINT('',(23.,116.39217042987,-106.436193896542));
#16543=CARTESIAN_POINT('',(22.2,116.392170429869,-100.25664545465));
#16544=CARTESIAN_POINT('',(0.,116.39217042987,-100.25664545465));
#16545=CARTESIAN_POINT('',(22.2000000000001,116.39217042987,-100.25664545465));
#16546=CARTESIAN_POINT('Origin',(16.,116.39217042987,-112.615742338435));
#16547=CARTESIAN_POINT('',(16.,116.192170429869,-106.436193896542));
#16548=CARTESIAN_POINT('Origin',(23.,106.39217042987,-102.902945289017));
#16549=CARTESIAN_POINT('',(18.5757359312881,113.616434498581,-108.9648226046));
#16550=CARTESIAN_POINT('',(23.1781382515606,109.014032178309,-105.10294851513));
#16551=CARTESIAN_POINT('',(19.4242640687119,113.616434498581,-108.9648226046));
#16552=CARTESIAN_POINT('',(17.4844968000078,111.676667229877,-107.337164604861));
#16553=CARTESIAN_POINT('Origin',(19.,114.040698567293,-109.320822428178));
#16554=CARTESIAN_POINT('Origin',(23.,114.39217042987,-115.615742338435));
#16555=CARTESIAN_POINT('',(18.5757359312881,113.616434498581,-116.26666207227));
#16556=CARTESIAN_POINT('',(16.8222559035022,115.369914526367,-114.795317627678));
#16557=CARTESIAN_POINT('Origin',(19.,114.040698567293,-115.910662248692));
#16558=CARTESIAN_POINT('Origin',(19.,114.040698567293,-100.25664545465));
#16559=CARTESIAN_POINT('',(18.5757359312882,113.616434498582,-124.974839222221));
#16560=CARTESIAN_POINT('',(18.5757359312881,113.616434498581,-100.25664545465));
#16561=CARTESIAN_POINT('Origin',(19.,114.040698567293,-124.974839222221));
#16562=CARTESIAN_POINT('Origin',(19.,114.040698567293,-100.25664545465));
#16563=CARTESIAN_POINT('',(19.4242640687119,113.616434498581,-100.25664545465));
#16564=CARTESIAN_POINT('',(19.4242640687119,113.616434498581,-100.25664545465));
#16565=CARTESIAN_POINT('',(18.5757359312881,113.616434498581,-100.25664545465));
#16566=CARTESIAN_POINT('Origin',(19.,114.040698567293,-100.25664545465));
#16567=CARTESIAN_POINT('',(18.5757359312881,113.616434498581,-100.25664545465));
#16568=CARTESIAN_POINT('Origin',(22.2,116.392170429869,-100.25664545465));
#16569=CARTESIAN_POINT('',(19.,113.19217042987,-100.25664545465));
#16570=CARTESIAN_POINT('Origin',(23.,86.79217042987,-112.615742338435));
#16571=CARTESIAN_POINT('',(23.,121.217672946357,-129.971793357316));
#16572=CARTESIAN_POINT('Origin',(23.,121.39217042987,-124.974839222221));
#16573=CARTESIAN_POINT('',(23.,134.017930571849,-130.41878820329));
#16574=CARTESIAN_POINT('',(23.,103.723212157291,-129.360873324719));
#16575=CARTESIAN_POINT('',(23.,138.843433088339,-135.41574233839));
#16576=CARTESIAN_POINT('Origin',(23.,133.843433088335,-135.41574233839));
#16577=CARTESIAN_POINT('',(23.,138.843433088339,-158.380061470835));
#16578=CARTESIAN_POINT('',(23.,138.843433088339,-124.015742338412));
#16579=CARTESIAN_POINT('',(23.,151.500644471578,-163.622850087596));
#16580=CARTESIAN_POINT('Origin',(23.,138.843433088339,-176.280061470835));
#16581=CARTESIAN_POINT('',(23.,171.249381813108,-183.371587429125));
#16582=CARTESIAN_POINT('',(23.,120.008933359243,-132.131138975261));
#16583=CARTESIAN_POINT('',(23.,183.340907771397,-188.380061470835));
#16584=CARTESIAN_POINT('Origin',(23.,183.340907771397,-171.280061470835));
#16585=CARTESIAN_POINT('',(23.,215.592170429871,-188.380061470835));
#16586=CARTESIAN_POINT('',(23.,131.442170429869,-188.380061470835));
#16587=CARTESIAN_POINT('',(23.,232.692170429871,-171.280061470835));
#16588=CARTESIAN_POINT('Origin',(23.,215.592170429871,-171.280061470835));
#16589=CARTESIAN_POINT('',(23.,232.692170429871,-53.9514232060349));
#16590=CARTESIAN_POINT('',(23.,232.692170429871,-141.947901904635));
#16591=CARTESIAN_POINT('',(23.,215.592170429871,-36.8514232060348));
#16592=CARTESIAN_POINT('Origin',(23.,215.592170429871,-53.9514232060348));
#16593=CARTESIAN_POINT('',(23.,183.340907771397,-36.8514232060349));
#16594=CARTESIAN_POINT('',(23.,151.19217042987,-36.8514232060349));
#16595=CARTESIAN_POINT('',(23.,171.249381813107,-41.8598972477449));
#16596=CARTESIAN_POINT('Origin',(23.,183.340907771397,-53.9514232060349));
#16597=CARTESIAN_POINT('',(23.,151.500644471578,-61.6086345892741));
#16598=CARTESIAN_POINT('',(23.,135.008933359243,-78.1003457016091));
#16599=CARTESIAN_POINT('',(23.,138.843433088339,-66.8514232060349));
#16600=CARTESIAN_POINT('Origin',(23.,138.843433088339,-48.9514232060349));
#16601=CARTESIAN_POINT('',(23.,138.843433088339,-89.8157423384799));
#16602=CARTESIAN_POINT('',(23.,138.843433088339,-89.5335827722348));
#16603=CARTESIAN_POINT('',(23.,134.017930571848,-94.8126964735793));
#16604=CARTESIAN_POINT('Origin',(23.,133.843433088335,-89.8157423384799));
#16605=CARTESIAN_POINT('',(23.,121.217672946357,-95.2596913195542));
#16606=CARTESIAN_POINT('',(23.,110.123340970036,-95.6471139291642));
#16607=CARTESIAN_POINT('Origin',(23.,121.39217042987,-100.25664545465));
#16608=CARTESIAN_POINT('',(23.,206.092170429913,-71.1407423384349));
#16609=CARTESIAN_POINT('Origin',(23.,206.092170429913,-77.6157423384349));
#16610=CARTESIAN_POINT('',(23.,182.092170429869,-173.580061470835));
#16611=CARTESIAN_POINT('',(23.,192.492170429869,-173.580061470835));
#16612=CARTESIAN_POINT('Origin',(23.,187.292170429869,-173.580061470835));
#16613=CARTESIAN_POINT('',(23.,182.092170429869,-137.580061470835));
#16614=CARTESIAN_POINT('',(23.,182.092170429869,-143.097901904635));
#16615=CARTESIAN_POINT('',(23.,192.492170429869,-137.580060913461));
#16616=CARTESIAN_POINT('Origin',(23.,187.292170429869,-137.580061470835));
#16617=CARTESIAN_POINT('',(23.,192.492170429869,-125.097901733135));
#16618=CARTESIAN_POINT('',(23.,192.492170429869,-101.815742338445));
#16619=CARTESIAN_POINT('',(23.,182.092170429869,-101.815742338445));
#16620=CARTESIAN_POINT('Origin',(23.,187.292170429869,-101.815742338445));
#16621=CARTESIAN_POINT('',(23.,192.492170429869,-125.180061127835));
#16622=CARTESIAN_POINT('',(23.,192.492170429869,-107.215742338439));
#16623=CARTESIAN_POINT('',(23.,182.092170429869,-125.180061470835));
#16624=CARTESIAN_POINT('Origin',(23.,187.292170429869,-125.180061470835));
#16625=CARTESIAN_POINT('',(23.,182.092170429869,-118.897901904635));
#16626=CARTESIAN_POINT('',(23.,206.092170429913,-141.140742338435));
#16627=CARTESIAN_POINT('Origin',(23.,206.092170429913,-147.615742338435));
#16628=CARTESIAN_POINT('Origin',(19.,136.491961225763,-66.4514232060349));
#16629=CARTESIAN_POINT('',(19.4242640687119,136.067697157051,-66.4514232060349));
#16630=CARTESIAN_POINT('',(18.5757359312881,136.067697157051,-66.4514232060349));
#16631=CARTESIAN_POINT('Origin',(19.,136.491961225763,-66.4514232060349));
#16632=CARTESIAN_POINT('',(18.5757359312881,136.067697157051,-89.8157423384799));
#16633=CARTESIAN_POINT('',(18.5757359312881,136.067697157051,-66.4514232060349));
#16634=CARTESIAN_POINT('',(19.4242640687119,136.067697157051,-89.8157423384799));
#16635=CARTESIAN_POINT('Origin',(19.,136.491961225763,-89.8157423384799));
#16636=CARTESIAN_POINT('',(19.4242640687119,136.067697157051,-66.4514232060349));
#16637=CARTESIAN_POINT('Origin',(19.,133.843433088335,-89.8157423384799));
#16638=CARTESIAN_POINT('',(18.5757359312881,133.921058784867,-92.0386514456227));
#16639=CARTESIAN_POINT('Origin',(18.5757359312881,133.843433088335,-89.8157423384799));
#16640=CARTESIAN_POINT('',(19.4242640687119,133.921058784867,-92.0386514456227));
#16641=CARTESIAN_POINT('Origin',(19.,133.935865387334,-92.4626570641272));
#16642=CARTESIAN_POINT('Origin',(19.4242640687119,133.843433088335,-89.8157423384799));
#16643=CARTESIAN_POINT('Origin',(19.,133.935865387334,-92.4626570641272));
#16644=CARTESIAN_POINT('',(18.5757359312881,121.120801159376,-92.4856462915975));
#16645=CARTESIAN_POINT('',(18.5757359312881,133.921058784867,-92.0386514456227));
#16646=CARTESIAN_POINT('',(19.4242640687119,121.120801159376,-92.4856462915975));
#16647=CARTESIAN_POINT('Origin',(19.,121.135607761843,-92.909651910102));
#16648=CARTESIAN_POINT('',(19.4242640687119,133.921058784867,-92.0386514456227));
#16649=CARTESIAN_POINT('Origin',(19.,121.39217042987,-100.25664545465));
#16650=CARTESIAN_POINT('Origin',(18.5757359312881,121.39217042987,-100.25664545465));
#16651=CARTESIAN_POINT('Origin',(19.4242640687119,121.39217042987,-100.25664545465));
#16652=CARTESIAN_POINT('Origin',(19.,121.39217042987,-124.974839222221));
#16653=CARTESIAN_POINT('',(18.5757359312881,121.120801159376,-132.745838385273));
#16654=CARTESIAN_POINT('Origin',(18.5757359312881,121.39217042987,-124.974839222221));
#16655=CARTESIAN_POINT('',(19.4242640687119,121.120801159376,-132.745838385273));
#16656=CARTESIAN_POINT('Origin',(19.,121.135607761843,-132.321832766768));
#16657=CARTESIAN_POINT('Origin',(19.4242640687119,121.39217042987,-124.974839222221));
#16658=CARTESIAN_POINT('Origin',(19.,121.135607761844,-132.321832766768));
#16659=CARTESIAN_POINT('',(18.5757359312881,133.921058784868,-133.192833231247));
#16660=CARTESIAN_POINT('',(18.5757359312881,121.120801159377,-132.745838385273));
#16661=CARTESIAN_POINT('',(19.4242640687119,133.921058784868,-133.192833231247));
#16662=CARTESIAN_POINT('Origin',(19.,133.935865387335,-132.768827612743));
#16663=CARTESIAN_POINT('',(19.4242640687119,121.120801159377,-132.745838385273));
#16664=CARTESIAN_POINT('Origin',(19.,133.843433088336,-135.41574233839));
#16665=CARTESIAN_POINT('',(18.5757359312881,136.067697157051,-135.41574233839));
#16666=CARTESIAN_POINT('Origin',(18.5757359312881,133.843433088336,-135.41574233839));
#16667=CARTESIAN_POINT('',(19.4242640687119,136.067697157051,-135.41574233839));
#16668=CARTESIAN_POINT('Origin',(19.,136.491961225763,-135.41574233839));
#16669=CARTESIAN_POINT('Origin',(19.4242640687119,133.843433088336,-135.41574233839));
#16670=CARTESIAN_POINT('Origin',(19.,136.491961225763,-135.41574233839));
#16671=CARTESIAN_POINT('',(18.5757359312881,136.067697157051,-158.780061470835));
#16672=CARTESIAN_POINT('',(19.4242640687119,136.067697157051,-158.780061470835));
#16673=CARTESIAN_POINT('Origin',(19.,136.491961225763,-158.780061470835));
#16674=CARTESIAN_POINT('',(19.4242640687119,136.067697157051,-135.41574233839));
#16675=CARTESIAN_POINT('',(18.5757359312881,136.067697157051,-135.41574233839));
#16676=CARTESIAN_POINT('Origin',(17.4,133.843433088336,-135.41574233839));
#16677=CARTESIAN_POINT('',(15.8,134.017930571849,-130.418788203291));
#16678=CARTESIAN_POINT('',(19.,133.906252182401,-133.616838849752));
#16679=CARTESIAN_POINT('',(15.8,138.843433088339,-135.41574233839));
#16680=CARTESIAN_POINT('Origin',(15.7999999999997,133.843433088335,-135.41574233839));
#16681=CARTESIAN_POINT('',(19.,135.643433088339,-135.41574233839));
#16682=CARTESIAN_POINT('Origin',(19.,121.105994556909,-133.169844003777));
#16683=CARTESIAN_POINT('',(15.8,121.217672946358,-129.971793357316));
#16684=CARTESIAN_POINT('',(19.,121.105994556909,-133.169844003777));
#16685=CARTESIAN_POINT('',(15.7999999999998,121.217672946357,-129.971793357316));
#16686=CARTESIAN_POINT('Origin',(17.4,121.39217042987,-124.974839222221));
#16687=CARTESIAN_POINT('',(15.8,116.39217042987,-124.974839222221));
#16688=CARTESIAN_POINT('',(19.,113.19217042987,-124.974839222221));
#16689=CARTESIAN_POINT('Origin',(15.7999999999998,121.39217042987,-124.974839222221));
#16690=CARTESIAN_POINT('Origin',(19.,113.19217042987,-100.25664545465));
#16691=CARTESIAN_POINT('',(15.8,116.392170429869,-100.25664545465));
#16692=CARTESIAN_POINT('',(19.,113.19217042987,-100.25664545465));
#16693=CARTESIAN_POINT('',(15.7999999999999,116.39217042987,-100.25664545465));
#16694=CARTESIAN_POINT('Origin',(17.4,121.39217042987,-100.25664545465));
#16695=CARTESIAN_POINT('',(15.8,121.217672946357,-95.2596913195541));
#16696=CARTESIAN_POINT('',(19.,121.105994556909,-92.061640673093));
#16697=CARTESIAN_POINT('Origin',(15.7999999999999,121.39217042987,-100.25664545465));
#16698=CARTESIAN_POINT('Origin',(19.,133.9062521824,-91.6146458271182));
#16699=CARTESIAN_POINT('',(15.8,134.017930571848,-94.8126964735793));
#16700=CARTESIAN_POINT('',(19.,133.9062521824,-91.6146458271182));
#16701=CARTESIAN_POINT('',(15.8,134.017930571848,-94.8126964735793));
#16702=CARTESIAN_POINT('Origin',(17.4,133.843433088335,-89.8157423384799));
#16703=CARTESIAN_POINT('',(15.8,138.843433088339,-89.8157423384799));
#16704=CARTESIAN_POINT('',(19.,135.643433088339,-89.8157423384799));
#16705=CARTESIAN_POINT('Origin',(15.8,133.843433088335,-89.8157423384799));
#16706=CARTESIAN_POINT('Origin',(19.,135.643433088339,-66.4514232060349));
#16707=CARTESIAN_POINT('',(15.8,138.843433088339,-66.4514232060349));
#16708=CARTESIAN_POINT('',(19.,135.643433088339,-66.4514232060349));
#16709=CARTESIAN_POINT('',(15.8,138.843433088339,-66.4514232060349));
#16710=CARTESIAN_POINT('Origin',(19.,137.243433088339,-66.4514232060349));
#16711=CARTESIAN_POINT('',(22.2,138.843433088339,-66.4514232060349));
#16712=CARTESIAN_POINT('',(19.,135.643433088339,-66.4514232060349));
#16713=CARTESIAN_POINT('',(15.,138.843433088339,-66.4514232060349));
#16714=CARTESIAN_POINT('Origin',(22.2,138.843433088339,-66.4514232060349));
#16715=CARTESIAN_POINT('',(22.2,138.843433088339,-89.8157423384799));
#16716=CARTESIAN_POINT('',(19.,135.643433088339,-89.8157423384799));
#16717=CARTESIAN_POINT('',(22.2,138.843433088339,-66.4514232060349));
#16718=CARTESIAN_POINT('Origin',(19.,135.643433088339,-135.41574233839));
#16719=CARTESIAN_POINT('',(15.8,138.84343308834,-158.780061470835));
#16720=CARTESIAN_POINT('',(15.7999999999998,138.843433088339,-135.41574233839));
#16721=CARTESIAN_POINT('',(19.,135.64343308834,-158.780061470836));
#16722=CARTESIAN_POINT('Origin',(22.2,138.843433088339,-135.41574233839));
#16723=CARTESIAN_POINT('',(22.2,138.84343308834,-158.780061470835));
#16724=CARTESIAN_POINT('',(19.,135.64343308834,-158.780061470836));
#16725=CARTESIAN_POINT('',(22.2,138.843433088339,-135.41574233839));
#16726=CARTESIAN_POINT('',(22.2000000000003,138.843433088339,-135.41574233839));
#16727=CARTESIAN_POINT('',(19.,135.643433088339,-135.41574233839));
#16728=CARTESIAN_POINT('Origin',(20.6,133.843433088336,-135.41574233839));
#16729=CARTESIAN_POINT('',(22.2,134.017930571849,-130.418788203291));
#16730=CARTESIAN_POINT('Origin',(22.2000000000003,133.843433088335,-135.41574233839));
#16731=CARTESIAN_POINT('',(19.,133.906252182401,-133.616838849752));
#16732=CARTESIAN_POINT('Origin',(22.2,121.217672946357,-129.971793357316));
#16733=CARTESIAN_POINT('',(22.2,121.217672946358,-129.971793357316));
#16734=CARTESIAN_POINT('',(22.2000000000002,121.217672946357,-129.971793357316));
#16735=CARTESIAN_POINT('',(19.,121.105994556909,-133.169844003777));
#16736=CARTESIAN_POINT('Origin',(20.6,121.39217042987,-124.974839222221));
#16737=CARTESIAN_POINT('Origin',(22.2000000000002,121.39217042987,-124.974839222221));
#16738=CARTESIAN_POINT('Origin',(20.6,121.39217042987,-100.25664545465));
#16739=CARTESIAN_POINT('',(22.2,121.217672946357,-95.2596913195541));
#16740=CARTESIAN_POINT('Origin',(22.2000000000001,121.39217042987,-100.25664545465));
#16741=CARTESIAN_POINT('',(19.,121.105994556909,-92.061640673093));
#16742=CARTESIAN_POINT('Origin',(22.2,134.017930571848,-94.8126964735793));
#16743=CARTESIAN_POINT('',(22.2,134.017930571848,-94.8126964735793));
#16744=CARTESIAN_POINT('',(22.2,134.017930571848,-94.8126964735793));
#16745=CARTESIAN_POINT('',(19.,133.9062521824,-91.6146458271182));
#16746=CARTESIAN_POINT('Origin',(20.6,133.843433088335,-89.8157423384799));
#16747=CARTESIAN_POINT('Origin',(22.2,133.843433088335,-89.8157423384799));
#16748=CARTESIAN_POINT('Origin',(19.,137.24343308834,-158.780061470835));
#16749=CARTESIAN_POINT('',(15.,138.843433088339,-158.780061470835));
#16750=CARTESIAN_POINT('Origin',(0.,138.843433088339,-135.41574233839));
#16751=CARTESIAN_POINT('',(15.,138.843433088339,-135.41574233839));
#16752=CARTESIAN_POINT('',(0.,138.843433088339,-135.41574233839));
#16753=CARTESIAN_POINT('',(15.,138.843433088339,-158.380061470835));
#16754=CARTESIAN_POINT('',(15.,138.843433088339,-124.015742338412));
#16755=CARTESIAN_POINT('',(15.4,138.843433088339,-158.780061470835));
#16756=CARTESIAN_POINT('',(15.,138.843433088339,-158.380061470835));
#16757=CARTESIAN_POINT('',(15.,138.843433088339,-158.780061470835));
#16758=CARTESIAN_POINT('Origin',(0.,133.843433088335,-135.41574233839));
#16759=CARTESIAN_POINT('',(15.,134.017930571849,-130.41878820329));
#16760=CARTESIAN_POINT('',(0.,134.017930571849,-130.41878820329));
#16761=CARTESIAN_POINT('Origin',(15.,133.843433088335,-135.41574233839));
#16762=CARTESIAN_POINT('Origin',(0.,121.217672946357,-129.971793357316));
#16763=CARTESIAN_POINT('',(15.,121.217672946357,-129.971793357316));
#16764=CARTESIAN_POINT('',(0.,121.217672946357,-129.971793357316));
#16765=CARTESIAN_POINT('',(15.,103.723212157291,-129.360873324719));
#16766=CARTESIAN_POINT('Origin',(0.,121.39217042987,-124.974839222221));
#16767=CARTESIAN_POINT('',(15.,116.39217042987,-124.974839222221));
#16768=CARTESIAN_POINT('',(0.,116.39217042987,-124.974839222221));
#16769=CARTESIAN_POINT('Origin',(15.,121.39217042987,-124.974839222221));
#16770=CARTESIAN_POINT('Origin',(0.,116.39217042987,-100.25664545465));
#16771=CARTESIAN_POINT('',(15.,116.39217042987,-100.25664545465));
#16772=CARTESIAN_POINT('',(0.,116.39217042987,-100.25664545465));
#16773=CARTESIAN_POINT('',(15.,116.39217042987,-106.436193896542));
#16774=CARTESIAN_POINT('Origin',(0.,121.39217042987,-100.25664545465));
#16775=CARTESIAN_POINT('',(15.,121.217672946357,-95.2596913195542));
#16776=CARTESIAN_POINT('',(0.,121.217672946357,-95.2596913195542));
#16777=CARTESIAN_POINT('Origin',(15.,121.39217042987,-100.25664545465));
#16778=CARTESIAN_POINT('Origin',(0.,134.017930571848,-94.8126964735793));
#16779=CARTESIAN_POINT('',(15.,134.017930571848,-94.8126964735793));
#16780=CARTESIAN_POINT('',(0.,134.017930571848,-94.8126964735793));
#16781=CARTESIAN_POINT('',(15.,110.123340970036,-95.6471139291642));
#16782=CARTESIAN_POINT('Origin',(0.,133.843433088335,-89.8157423384799));
#16783=CARTESIAN_POINT('',(15.,138.843433088339,-89.8157423384799));
#16784=CARTESIAN_POINT('',(0.,138.843433088339,-89.8157423384799));
#16785=CARTESIAN_POINT('Origin',(15.,133.843433088335,-89.8157423384799));
#16786=CARTESIAN_POINT('Origin',(0.,138.843433088339,-66.4514232060349));
#16787=CARTESIAN_POINT('',(15.4,138.843433088339,-66.4514232060349));
#16788=CARTESIAN_POINT('',(15.,138.843433088339,-66.4514232060349));
#16789=CARTESIAN_POINT('',(15.,138.843433088339,-66.8514232060349));
#16790=CARTESIAN_POINT('',(15.,138.843433088339,-66.8514232060349));
#16791=CARTESIAN_POINT('',(15.,138.843433088339,-89.5335827722348));
#16792=CARTESIAN_POINT('Origin',(15.,176.092170429868,-188.780061470835));
#16793=CARTESIAN_POINT('',(15.4,215.592170429871,-188.780061470835));
#16794=CARTESIAN_POINT('',(15.4,183.340907771397,-188.780061470835));
#16795=CARTESIAN_POINT('',(15.4,131.442170429869,-188.780061470835));
#16796=CARTESIAN_POINT('',(22.6,215.592170429871,-188.780061470835));
#16797=CARTESIAN_POINT('',(15.,215.592170429871,-188.780061470835));
#16798=CARTESIAN_POINT('',(22.6,183.340907771397,-188.780061470835));
#16799=CARTESIAN_POINT('',(22.6,131.442170429869,-188.780061470835));
#16800=CARTESIAN_POINT('',(15.,183.340907771397,-188.780061470835));
#16801=CARTESIAN_POINT('Origin',(15.,215.592170429871,-171.280061470835));
#16802=CARTESIAN_POINT('',(15.4,233.092170429871,-171.280061470835));
#16803=CARTESIAN_POINT('Origin',(15.4,215.592170429871,-171.280061470835));
#16804=CARTESIAN_POINT('',(22.6,233.092170429871,-171.280061470835));
#16805=CARTESIAN_POINT('',(15.,233.092170429871,-171.280061470835));
#16806=CARTESIAN_POINT('Origin',(22.6,215.592170429871,-171.280061470835));
#16807=CARTESIAN_POINT('Origin',(15.,233.092170429871,-171.280061470835));
#16808=CARTESIAN_POINT('',(15.4,233.092170429871,-53.9514232060349));
#16809=CARTESIAN_POINT('',(15.4,233.092170429871,-141.947901904635));
#16810=CARTESIAN_POINT('',(22.6,233.092170429871,-53.9514232060349));
#16811=CARTESIAN_POINT('',(15.,233.092170429871,-53.9514232060349));
#16812=CARTESIAN_POINT('',(22.6,233.092170429871,-141.947901904635));
#16813=CARTESIAN_POINT('Origin',(15.,215.592170429871,-53.9514232060348));
#16814=CARTESIAN_POINT('',(15.4,215.592170429871,-36.4514232060348));
#16815=CARTESIAN_POINT('Origin',(15.4,215.592170429871,-53.9514232060348));
#16816=CARTESIAN_POINT('',(22.6,215.592170429871,-36.4514232060348));
#16817=CARTESIAN_POINT('',(15.,215.592170429871,-36.4514232060348));
#16818=CARTESIAN_POINT('Origin',(22.6,215.592170429871,-53.9514232060348));
#16819=CARTESIAN_POINT('Origin',(15.,215.592170429871,-36.4514232060348));
#16820=CARTESIAN_POINT('',(15.4,183.340907771397,-36.4514232060349));
#16821=CARTESIAN_POINT('',(15.4,151.19217042987,-36.4514232060349));
#16822=CARTESIAN_POINT('',(22.6,183.340907771397,-36.4514232060349));
#16823=CARTESIAN_POINT('',(15.,183.340907771397,-36.4514232060349));
#16824=CARTESIAN_POINT('',(22.6,151.19217042987,-36.4514232060349));
#16825=CARTESIAN_POINT('Origin',(15.,187.292170429869,-137.580061470835));
#16826=CARTESIAN_POINT('',(15.4,190.492170429869,-137.580061127835));
#16827=CARTESIAN_POINT('',(15.4,184.092170429869,-137.580061470835));
#16828=CARTESIAN_POINT('Origin',(15.4,187.292170429869,-137.580061470835));
#16829=CARTESIAN_POINT('',(21.,190.492170429869,-137.580061127835));
#16830=CARTESIAN_POINT('',(15.,190.492170429869,-137.580061127835));
#16831=CARTESIAN_POINT('',(21.,184.092170429869,-137.580061470835));
#16832=CARTESIAN_POINT('Origin',(21.,187.292170429869,-137.580061470835));
#16833=CARTESIAN_POINT('',(15.,184.092170429869,-137.580061470835));
#16834=CARTESIAN_POINT('Origin',(15.,190.492170429869,-137.580061127835));
#16835=CARTESIAN_POINT('',(15.4,190.492170429869,-173.580061470835));
#16836=CARTESIAN_POINT('',(15.4,190.492170429869,-125.097901733135));
#16837=CARTESIAN_POINT('',(21.,190.492170429869,-173.580061470835));
#16838=CARTESIAN_POINT('',(15.,190.492170429869,-173.580061470835));
#16839=CARTESIAN_POINT('',(21.,190.492170429869,-125.097901733135));
#16840=CARTESIAN_POINT('Origin',(15.,138.843433088339,-48.9514232060349));
#16841=CARTESIAN_POINT('',(15.4,151.217801759104,-61.3257918767994));
#16842=CARTESIAN_POINT('Origin',(15.4,138.843433088339,-48.9514232060349));
#16843=CARTESIAN_POINT('',(22.6,138.843433088339,-66.4514232060349));
#16844=CARTESIAN_POINT('',(15.,138.843433088339,-66.4514232060349));
#16845=CARTESIAN_POINT('',(22.6,151.217801759104,-61.3257918767994));
#16846=CARTESIAN_POINT('Origin',(22.6,138.843433088339,-48.9514232060349));
#16847=CARTESIAN_POINT('',(15.,151.217801759104,-61.3257918767994));
#16848=CARTESIAN_POINT('Origin',(15.,176.092170429868,-36.4514232060349));
#16849=CARTESIAN_POINT('',(15.4,170.966539100633,-41.5770545352703));
#16850=CARTESIAN_POINT('',(15.4,134.726090646769,-77.8175029891345));
#16851=CARTESIAN_POINT('',(22.6,170.966539100633,-41.5770545352703));
#16852=CARTESIAN_POINT('',(22.6,134.726090646769,-77.8175029891345));
#16853=CARTESIAN_POINT('',(15.,170.966539100633,-41.5770545352703));
#16854=CARTESIAN_POINT('Origin',(15.,183.340907771397,-53.9514232060349));
#16855=CARTESIAN_POINT('Origin',(15.4,183.340907771397,-53.9514232060349));
#16856=CARTESIAN_POINT('Origin',(22.6,183.340907771397,-53.9514232060349));
#16857=CARTESIAN_POINT('Origin',(15.,187.292170429869,-101.815742338445));
#16858=CARTESIAN_POINT('',(15.4,190.492170429869,-101.815742338445));
#16859=CARTESIAN_POINT('',(15.4,184.092170429869,-101.815742338445));
#16860=CARTESIAN_POINT('Origin',(15.4,187.292170429869,-101.815742338445));
#16861=CARTESIAN_POINT('',(21.,190.492170429869,-101.815742338445));
#16862=CARTESIAN_POINT('',(15.,190.492170429869,-101.815742338445));
#16863=CARTESIAN_POINT('',(21.,184.092170429869,-101.815742338445));
#16864=CARTESIAN_POINT('Origin',(21.,187.292170429869,-101.815742338445));
#16865=CARTESIAN_POINT('',(15.,184.092170429869,-101.815742338445));
#16866=CARTESIAN_POINT('Origin',(15.,190.492170429869,-101.815742338445));
#16867=CARTESIAN_POINT('',(15.4,190.492170429869,-125.180061127835));
#16868=CARTESIAN_POINT('',(15.4,190.492170429869,-107.215742338439));
#16869=CARTESIAN_POINT('',(21.,190.492170429869,-125.180061127835));
#16870=CARTESIAN_POINT('',(15.,190.492170429869,-125.180061127835));
#16871=CARTESIAN_POINT('',(21.,190.492170429869,-107.215742338439));
#16872=CARTESIAN_POINT('Origin',(22.,183.092170429869,-118.897901904635));
#16873=CARTESIAN_POINT('',(23.,182.092170429869,-101.815742338445));
#16874=CARTESIAN_POINT('',(21.,184.092170429869,-125.180061470835));
#16875=CARTESIAN_POINT('',(21.,184.092170429869,-125.180061470835));
#16876=CARTESIAN_POINT('',(21.,184.092170429869,-118.897901904635));
#16877=CARTESIAN_POINT('Origin',(22.,187.292170429869,-125.180061470835));
#16878=CARTESIAN_POINT('',(21.,190.492170429869,-125.180061127835));
#16879=CARTESIAN_POINT('Origin',(21.,187.292170429869,-125.180061470835));
#16880=CARTESIAN_POINT('Origin',(22.,191.492170429869,-107.215742338439));
#16881=CARTESIAN_POINT('',(21.,190.492170429869,-101.815742338445));
#16882=CARTESIAN_POINT('Origin',(22.,187.292170429869,-101.815742338445));
#16883=CARTESIAN_POINT('Origin',(22.,191.492170429869,-125.097901733135));
#16884=CARTESIAN_POINT('',(23.,192.492170429869,-173.580061470835));
#16885=CARTESIAN_POINT('',(21.,190.492170429869,-137.580061127835));
#16886=CARTESIAN_POINT('Origin',(22.,187.292170429869,-137.580061470835));
#16887=CARTESIAN_POINT('',(21.,184.092170429869,-137.580061470835));
#16888=CARTESIAN_POINT('Origin',(22.,183.092170429869,-143.097901904635));
#16889=CARTESIAN_POINT('',(21.,184.092170429869,-173.580061470835));
#16890=CARTESIAN_POINT('',(21.,184.092170429869,-173.580061470835));
#16891=CARTESIAN_POINT('',(21.,184.092170429869,-143.097901904635));
#16892=CARTESIAN_POINT('Origin',(22.,187.292170429869,-173.580061470835));
#16893=CARTESIAN_POINT('Origin',(21.,187.292170429869,-173.580061470835));
#16894=CARTESIAN_POINT('Origin',(22.8,138.843433088339,-48.9514232060349));
#16895=CARTESIAN_POINT('',(22.6,151.217801759104,-61.3257918767994));
#16896=CARTESIAN_POINT('',(23.,138.843433088339,-66.8514232060349));
#16897=CARTESIAN_POINT('Origin',(22.8,134.867512003006,-77.9589243453718));
#16898=CARTESIAN_POINT('',(22.6,170.966539100633,-41.5770545352703));
#16899=CARTESIAN_POINT('Origin',(22.8,183.340907771397,-53.9514232060349));
#16900=CARTESIAN_POINT('',(22.6,183.340907771397,-36.4514232060349));
#16901=CARTESIAN_POINT('Origin',(22.8,151.19217042987,-36.6514232060349));
#16902=CARTESIAN_POINT('',(22.6,215.592170429871,-36.4514232060348));
#16903=CARTESIAN_POINT('Origin',(22.8,215.592170429871,-53.9514232060348));
#16904=CARTESIAN_POINT('',(22.6,233.092170429871,-53.9514232060349));
#16905=CARTESIAN_POINT('Origin',(22.8,232.892170429871,-141.947901904635));
#16906=CARTESIAN_POINT('',(22.6,233.092170429871,-171.280061470835));
#16907=CARTESIAN_POINT('Origin',(22.8,215.592170429871,-171.280061470835));
#16908=CARTESIAN_POINT('',(22.6,215.592170429871,-188.780061470835));
#16909=CARTESIAN_POINT('Origin',(22.8,131.442170429869,-188.580061470835));
#16910=CARTESIAN_POINT('',(22.6,183.340907771397,-188.780061470835));
#16911=CARTESIAN_POINT('Origin',(22.8,183.340907771397,-171.280061470835));
#16912=CARTESIAN_POINT('',(22.6,170.966539100633,-183.654430141599));
#16913=CARTESIAN_POINT('',(22.6,170.966539100633,-183.654430141599));
#16914=CARTESIAN_POINT('Origin',(22.6,183.340907771397,-171.280061470835));
#16915=CARTESIAN_POINT('Origin',(22.8,119.867512003006,-132.272560331498));
#16916=CARTESIAN_POINT('',(22.6,151.217801759104,-163.90569280007));
#16917=CARTESIAN_POINT('',(22.6,151.217801759104,-163.90569280007));
#16918=CARTESIAN_POINT('',(22.6,119.726090646769,-132.413981687735));
#16919=CARTESIAN_POINT('Origin',(22.8,138.843433088339,-176.280061470835));
#16920=CARTESIAN_POINT('',(22.6,138.843433088339,-158.780061470835));
#16921=CARTESIAN_POINT('',(22.6,138.843433088339,-158.780061470835));
#16922=CARTESIAN_POINT('Origin',(22.6,138.843433088339,-176.280061470835));
#16923=CARTESIAN_POINT('Origin',(22.8,206.092170429913,-77.6157423384349));
#16924=CARTESIAN_POINT('',(22.6,206.092170429913,-71.5407423384349));
#16925=CARTESIAN_POINT('',(22.8,206.092170429913,-71.3407423384349));
#16926=CARTESIAN_POINT('Origin',(22.6,206.092170429913,-77.6157423384349));
#16927=CARTESIAN_POINT('Origin',(22.8,206.092170429913,-147.615742338435));
#16928=CARTESIAN_POINT('',(22.6,206.092170429913,-141.540742338435));
#16929=CARTESIAN_POINT('',(22.8,206.092170429913,-141.340742338435));
#16930=CARTESIAN_POINT('Origin',(22.6,206.092170429913,-147.615742338435));
#16931=CARTESIAN_POINT('Origin',(15.,183.340907771397,-171.280061470835));
#16932=CARTESIAN_POINT('',(15.4,170.966539100633,-183.654430141599));
#16933=CARTESIAN_POINT('Origin',(15.4,183.340907771397,-171.280061470835));
#16934=CARTESIAN_POINT('',(15.,170.966539100633,-183.654430141599));
#16935=CARTESIAN_POINT('Origin',(15.,146.092170429868,-158.780061470835));
#16936=CARTESIAN_POINT('',(15.4,151.217801759104,-163.90569280007));
#16937=CARTESIAN_POINT('',(15.4,119.726090646769,-132.413981687735));
#16938=CARTESIAN_POINT('',(15.,151.217801759104,-163.90569280007));
#16939=CARTESIAN_POINT('Origin',(15.,138.843433088339,-176.280061470835));
#16940=CARTESIAN_POINT('Origin',(15.4,138.843433088339,-176.280061470835));
#16941=CARTESIAN_POINT('',(15.,138.843433088339,-158.780061470835));
#16942=CARTESIAN_POINT('Origin',(15.2,119.867512003006,-132.272560331498));
#16943=CARTESIAN_POINT('',(15.,151.500644471578,-163.622850087596));
#16944=CARTESIAN_POINT('',(15.,151.500644471578,-163.622850087596));
#16945=CARTESIAN_POINT('',(15.,171.249381813108,-183.371587429125));
#16946=CARTESIAN_POINT('',(15.,120.008933359243,-132.131138975261));
#16947=CARTESIAN_POINT('',(15.4,170.966539100633,-183.654430141599));
#16948=CARTESIAN_POINT('Origin',(15.2,138.843433088339,-176.280061470835));
#16949=CARTESIAN_POINT('Origin',(15.,138.843433088339,-176.280061470835));
#16950=CARTESIAN_POINT('Origin',(15.2,138.843433088339,-48.9514232060349));
#16951=CARTESIAN_POINT('',(15.,151.500644471578,-61.6086345892741));
#16952=CARTESIAN_POINT('',(15.,151.500644471578,-61.6086345892741));
#16953=CARTESIAN_POINT('Origin',(15.,138.843433088339,-48.9514232060349));
#16954=CARTESIAN_POINT('Origin',(15.2,134.867512003006,-77.9589243453718));
#16955=CARTESIAN_POINT('',(15.,171.249381813107,-41.8598972477449));
#16956=CARTESIAN_POINT('',(15.,171.249381813107,-41.8598972477449));
#16957=CARTESIAN_POINT('',(15.,135.008933359243,-78.1003457016091));
#16958=CARTESIAN_POINT('Origin',(15.2,183.340907771397,-53.9514232060349));
#16959=CARTESIAN_POINT('',(15.,183.340907771397,-36.8514232060349));
#16960=CARTESIAN_POINT('',(15.,183.340907771397,-36.8514232060349));
#16961=CARTESIAN_POINT('Origin',(15.,183.340907771397,-53.9514232060349));
#16962=CARTESIAN_POINT('Origin',(15.2,151.19217042987,-36.6514232060349));
#16963=CARTESIAN_POINT('',(15.,215.592170429871,-36.8514232060348));
#16964=CARTESIAN_POINT('',(15.,215.592170429871,-36.8514232060348));
#16965=CARTESIAN_POINT('',(15.,151.19217042987,-36.8514232060349));
#16966=CARTESIAN_POINT('Origin',(15.2,215.592170429871,-53.9514232060348));
#16967=CARTESIAN_POINT('',(15.,232.692170429871,-53.9514232060349));
#16968=CARTESIAN_POINT('',(15.,232.692170429871,-53.9514232060349));
#16969=CARTESIAN_POINT('Origin',(15.,215.592170429871,-53.9514232060348));
#16970=CARTESIAN_POINT('Origin',(15.2,232.892170429871,-141.947901904635));
#16971=CARTESIAN_POINT('',(15.,232.692170429871,-171.280061470835));
#16972=CARTESIAN_POINT('',(15.,232.692170429871,-171.280061470835));
#16973=CARTESIAN_POINT('',(15.,232.692170429871,-141.947901904635));
#16974=CARTESIAN_POINT('Origin',(15.2,215.592170429871,-171.280061470835));
#16975=CARTESIAN_POINT('',(15.,215.592170429871,-188.380061470835));
#16976=CARTESIAN_POINT('',(15.,215.592170429871,-188.380061470835));
#16977=CARTESIAN_POINT('Origin',(15.,215.592170429871,-171.280061470835));
#16978=CARTESIAN_POINT('Origin',(15.2,131.442170429869,-188.580061470835));
#16979=CARTESIAN_POINT('',(15.,183.340907771397,-188.380061470835));
#16980=CARTESIAN_POINT('',(15.,183.340907771397,-188.380061470835));
#16981=CARTESIAN_POINT('',(15.,131.442170429869,-188.380061470835));
#16982=CARTESIAN_POINT('Origin',(15.2,183.340907771397,-171.280061470835));
#16983=CARTESIAN_POINT('Origin',(15.,183.340907771397,-171.280061470835));
#16984=CARTESIAN_POINT('Origin',(15.,184.092170429869,-173.580061470835));
#16985=CARTESIAN_POINT('',(15.4,184.092170429869,-173.580061470835));
#16986=CARTESIAN_POINT('',(15.4,184.092170429869,-143.097901904635));
#16987=CARTESIAN_POINT('',(15.,184.092170429869,-173.580061470835));
#16988=CARTESIAN_POINT('Origin',(15.,187.292170429869,-173.580061470835));
#16989=CARTESIAN_POINT('Origin',(15.4,187.292170429869,-173.580061470835));
#16990=CARTESIAN_POINT('Origin',(15.2,187.292170429869,-137.580061470835));
#16991=CARTESIAN_POINT('',(15.,183.692170429869,-137.580061470835));
#16992=CARTESIAN_POINT('',(15.,183.692170429869,-137.580061470835));
#16993=CARTESIAN_POINT('',(15.,190.892170429869,-137.580061127835));
#16994=CARTESIAN_POINT('Origin',(15.,187.292170429869,-137.580061470835));
#16995=CARTESIAN_POINT('',(15.4,190.492170429869,-137.580061127835));
#16996=CARTESIAN_POINT('Origin',(15.2,190.692170429869,-125.097901733135));
#16997=CARTESIAN_POINT('',(15.,190.892170429869,-173.580061470835));
#16998=CARTESIAN_POINT('',(15.,190.892170429869,-125.097901733135));
#16999=CARTESIAN_POINT('',(15.4,190.492170429869,-173.580061470835));
#17000=CARTESIAN_POINT('Origin',(15.2,187.292170429869,-173.580061470835));
#17001=CARTESIAN_POINT('',(15.,183.692170429869,-173.580061470835));
#17002=CARTESIAN_POINT('Origin',(15.,187.292170429869,-173.580061470835));
#17003=CARTESIAN_POINT('',(15.4,184.092170429869,-173.580061470835));
#17004=CARTESIAN_POINT('Origin',(15.2,183.892170429869,-143.097901904635));
#17005=CARTESIAN_POINT('',(15.,183.692170429869,-143.097901904635));
#17006=CARTESIAN_POINT('Origin',(15.,184.092170429869,-125.180061470835));
#17007=CARTESIAN_POINT('',(15.4,184.092170429869,-125.180061470835));
#17008=CARTESIAN_POINT('',(15.4,184.092170429869,-118.897901904635));
#17009=CARTESIAN_POINT('',(15.,184.092170429869,-125.180061470835));
#17010=CARTESIAN_POINT('Origin',(15.,187.292170429869,-125.180061470835));
#17011=CARTESIAN_POINT('Origin',(15.4,187.292170429869,-125.180061470835));
#17012=CARTESIAN_POINT('Origin',(15.2,187.292170429869,-101.815742338445));
#17013=CARTESIAN_POINT('',(15.,183.692170429869,-101.815742338445));
#17014=CARTESIAN_POINT('',(15.,183.692170429869,-101.815742338445));
#17015=CARTESIAN_POINT('',(15.,190.892170429869,-101.815742338445));
#17016=CARTESIAN_POINT('Origin',(15.,187.292170429869,-101.815742338445));
#17017=CARTESIAN_POINT('',(15.4,190.492170429869,-101.815742338445));
#17018=CARTESIAN_POINT('Origin',(15.2,190.692170429869,-107.215742338439));
#17019=CARTESIAN_POINT('',(15.,190.892170429869,-125.180061084961));
#17020=CARTESIAN_POINT('',(15.,190.892170429869,-107.215742338439));
#17021=CARTESIAN_POINT('',(15.4,190.492170429869,-125.180061127835));
#17022=CARTESIAN_POINT('Origin',(15.2,187.292170429869,-125.180061470835));
#17023=CARTESIAN_POINT('',(15.,183.692170429869,-125.180061470835));
#17024=CARTESIAN_POINT('Origin',(15.,187.292170429869,-125.180061470835));
#17025=CARTESIAN_POINT('',(15.4,184.092170429869,-125.180061470835));
#17026=CARTESIAN_POINT('Origin',(15.2,183.892170429869,-118.897901904635));
#17027=CARTESIAN_POINT('',(15.,183.692170429869,-118.897901904635));
#17028=CARTESIAN_POINT('Origin',(15.,206.092170429913,-147.615742338435));
#17029=CARTESIAN_POINT('',(15.4,206.092170429913,-141.540742338435));
#17030=CARTESIAN_POINT('',(15.,206.092170429913,-141.540742338435));
#17031=CARTESIAN_POINT('Origin',(15.4,206.092170429913,-147.615742338435));
#17032=CARTESIAN_POINT('Origin',(15.2,206.092170429913,-147.615742338435));
#17033=CARTESIAN_POINT('',(15.,206.092170429913,-141.140742338435));
#17034=CARTESIAN_POINT('Origin',(15.,206.092170429913,-147.615742338435));
#17035=CARTESIAN_POINT('',(15.2,206.092170429913,-141.340742338435));
#17036=CARTESIAN_POINT('Origin',(15.,206.092170429913,-77.6157423384349));
#17037=CARTESIAN_POINT('',(15.4,206.092170429913,-71.5407423384349));
#17038=CARTESIAN_POINT('',(15.,206.092170429913,-71.5407423384349));
#17039=CARTESIAN_POINT('Origin',(15.4,206.092170429913,-77.6157423384349));
#17040=CARTESIAN_POINT('Origin',(15.,86.79217042987,-112.615742338435));
#17041=CARTESIAN_POINT('',(15.,206.092170429913,-71.1407423384349));
#17042=CARTESIAN_POINT('Origin',(15.,206.092170429913,-77.6157423384349));
#17043=CARTESIAN_POINT('Origin',(15.2,206.092170429913,-77.6157423384349));
#17044=CARTESIAN_POINT('',(15.2,206.092170429913,-71.3407423384349));
#17045=CARTESIAN_POINT('Origin',(0.,138.843433088339,-66.4514232060349));
#17046=CARTESIAN_POINT('',(0.,138.843433088339,-89.8157423384799));
#17047=CARTESIAN_POINT('Origin',(0.,133.843433088335,-135.41574233839));
#17048=CARTESIAN_POINT('',(0.,138.843433088339,-135.41574233839));
#17049=CARTESIAN_POINT('',(0.,134.017930571849,-130.41878820329));
#17050=CARTESIAN_POINT('Origin',(0.,121.217672946357,-129.971793357316));
#17051=CARTESIAN_POINT('',(0.,121.217672946357,-129.971793357316));
#17052=CARTESIAN_POINT('Origin',(0.,121.39217042987,-124.974839222221));
#17053=CARTESIAN_POINT('Origin',(0.,121.39217042987,-100.25664545465));
#17054=CARTESIAN_POINT('',(0.,121.217672946357,-95.2596913195542));
#17055=CARTESIAN_POINT('Origin',(0.,138.843433088339,-135.41574233839));
#17056=CARTESIAN_POINT('Origin',(0.,134.017930571848,-94.8126964735793));
#17057=CARTESIAN_POINT('',(0.,134.017930571848,-94.8126964735793));
#17058=CARTESIAN_POINT('Origin',(0.,133.843433088335,-89.8157423384799));
#17059=CARTESIAN_POINT('',(0.,0.,0.));
#17060=CARTESIAN_POINT('Origin',(63.8142135623731,107.49217042987,-116.615742338435));
#17061=CARTESIAN_POINT('',(63.7999999999999,116.39217042987,-115.615843356215));
#17062=CARTESIAN_POINT('',(63.1071067811865,116.39217042987,-115.908635557249));
#17063=CARTESIAN_POINT('Origin',(63.8142135623731,116.39217042987,-116.615742338435));
#17064=CARTESIAN_POINT('',(63.1071067811865,114.498774843336,-115.908635557249));
#17065=CARTESIAN_POINT('',(63.1071067811866,107.49217042987,-115.908635557249));
#17066=CARTESIAN_POINT('',(63.8142135623731,114.39217042987,-115.615742338435));
#17067=CARTESIAN_POINT('Origin',(63.8142135623731,114.756140664136,-116.615742338435));
#17068=CARTESIAN_POINT('',(63.8142135623731,116.377956867496,-115.615742338435));
#17069=CARTESIAN_POINT('',(63.8142135623731,107.49217042987,-115.615742338435));
#17070=CARTESIAN_POINT('Origin',(63.8142135623731,116.377956867496,-116.615742338435));
#17071=CARTESIAN_POINT('Origin',(63.8142135623731,111.355174733985,-105.761993080799));
#17072=CARTESIAN_POINT('',(63.8142135623731,114.39217042987,-109.615742338435));
#17073=CARTESIAN_POINT('',(63.8142135623731,108.034958039556,-104.281407766408));
#17074=CARTESIAN_POINT('',(63.8142135623731,110.712387124298,-106.528037523918));
#17075=CARTESIAN_POINT('',(63.1071067811865,108.223226171571,-104.057038543708));
#17076=CARTESIAN_POINT('Origin',(63.8142135623731,108.677745649243,-103.515363323289));
#17077=CARTESIAN_POINT('',(63.1071067811865,114.498774843336,-109.322849119621));
#17078=CARTESIAN_POINT('',(63.1071067811865,110.900655256313,-106.303668301219));
#17079=CARTESIAN_POINT('Origin',(63.8142135623731,114.756140664136,-108.615742338435));
#17080=CARTESIAN_POINT('Origin',(63.8142135623731,107.39217042987,-105.047452209527));
#17081=CARTESIAN_POINT('',(63.8142135623731,106.39217042987,-105.047452209526));
#17082=CARTESIAN_POINT('Origin',(63.8142135623731,107.39217042987,-105.047452209527));
#17083=CARTESIAN_POINT('',(63.1071067811866,106.099277211056,-105.047452209526));
#17084=CARTESIAN_POINT('Origin',(63.8142135623731,105.39217042987,-105.047452209526));
#17085=CARTESIAN_POINT('Origin',(63.1071067811866,107.39217042987,-105.047452209527));
#17086=CARTESIAN_POINT('Origin',(63.8142135623731,105.39217042987,-105.331144551372));
#17087=CARTESIAN_POINT('',(63.8142135623731,106.392170429869,-120.184032467344));
#17088=CARTESIAN_POINT('',(63.8142135623731,106.39217042987,-105.331144551372));
#17089=CARTESIAN_POINT('',(63.1071067811865,106.099277211056,-120.184032467344));
#17090=CARTESIAN_POINT('Origin',(63.8142135623731,105.392170429869,-120.184032467344));
#17091=CARTESIAN_POINT('',(63.1071067811865,106.099277211056,-105.331144551372));
#17092=CARTESIAN_POINT('Origin',(63.8142135623731,107.392170429869,-120.184032467344));
#17093=CARTESIAN_POINT('',(63.8142135623731,108.034958039556,-120.950076910463));
#17094=CARTESIAN_POINT('Origin',(63.8142135623731,107.392170429869,-120.184032467344));
#17095=CARTESIAN_POINT('',(63.1071067811866,108.22322617157,-121.174446133163));
#17096=CARTESIAN_POINT('Origin',(63.8142135623731,108.677745649242,-121.716121353582));
#17097=CARTESIAN_POINT('Origin',(63.1071067811866,107.392170429869,-120.184032467344));
#17098=CARTESIAN_POINT('Origin',(63.8142135623731,105.355174733985,-124.504089383135));
#17099=CARTESIAN_POINT('',(63.8142135623731,104.712387124299,-123.738044940016));
#17100=CARTESIAN_POINT('',(63.1071067811865,104.900655256313,-123.962414162715));
#17101=CARTESIAN_POINT('Origin',(63.8142135623731,110.49217042987,-108.615742338435));
#17102=CARTESIAN_POINT('',(63.7999999999999,116.39217042987,-109.615641320655));
#17103=CARTESIAN_POINT('',(63.8142135623731,116.377956867496,-109.615742338435));
#17104=CARTESIAN_POINT('Origin',(63.8142135623731,116.377956867496,-108.615742338435));
#17105=CARTESIAN_POINT('',(63.8142135623731,110.49217042987,-109.615742338435));
#17106=CARTESIAN_POINT('',(63.1071067811865,116.39217042987,-109.322849119621));
#17107=CARTESIAN_POINT('',(63.1071067811866,110.49217042987,-109.322849119621));
#17108=CARTESIAN_POINT('Origin',(63.8142135623731,116.39217042987,-108.615742338435));
#17109=CARTESIAN_POINT('Origin',(63.2,100.59217042987,-115.815742338435));
#17110=CARTESIAN_POINT('',(63.,116.39217042987,-116.015742338435));
#17111=CARTESIAN_POINT('',(51.2897742209464,116.39217042987,-127.725968117489));
#17112=CARTESIAN_POINT('',(63.,114.537758523576,-116.015742338435));
#17113=CARTESIAN_POINT('',(63.,100.59217042987,-116.015742338435));
#17114=CARTESIAN_POINT('',(63.,114.537758523576,-116.015742338435));
#17115=CARTESIAN_POINT('Origin',(0.,116.39217042987,-100.25664545465));
#17116=CARTESIAN_POINT('',(63.8,116.39217042987,-124.974839222221));
#17117=CARTESIAN_POINT('',(63.7999999999999,116.39217042987,-100.25664545465));
#17118=CARTESIAN_POINT('',(63.,116.39217042987,-124.974839222221));
#17119=CARTESIAN_POINT('',(0.,116.39217042987,-124.974839222221));
#17120=CARTESIAN_POINT('',(63.,116.39217042987,-106.436193896542));
#17121=CARTESIAN_POINT('Origin',(63.8,116.392170429869,-100.25664545465));
#17122=CARTESIAN_POINT('',(65.7999999999999,114.39217042987,-115.615742338435));
#17123=CARTESIAN_POINT('',(64.0999999999999,116.09217042987,-115.615742338435));
#17124=CARTESIAN_POINT('',(67.,113.19217042987,-116.622661895848));
#17125=CARTESIAN_POINT('',(64.680379156618,115.511791273251,-114.676268901695));
#17126=CARTESIAN_POINT('',(67.,113.19217042987,-124.974839222221));
#17127=CARTESIAN_POINT('',(67.,113.19217042987,-100.25664545465));
#17128=CARTESIAN_POINT('',(67.,113.19217042987,-124.974839222221));
#17129=CARTESIAN_POINT('Origin',(63.,114.39217042987,-115.615742338435));
#17130=CARTESIAN_POINT('',(63.,114.39217042987,-115.615742338435));
#17131=CARTESIAN_POINT('Origin',(63.,106.39217042987,-122.328539387853));
#17132=CARTESIAN_POINT('',(70.,108.034958039556,-120.950076910463));
#17133=CARTESIAN_POINT('',(63.,108.034958039556,-120.950076910463));
#17134=CARTESIAN_POINT('',(70.,114.39217042987,-115.615742338435));
#17135=CARTESIAN_POINT('',(70.,111.717600333463,-117.859973119888));
#17136=CARTESIAN_POINT('',(68.2000000000001,114.39217042987,-115.615742338435));
#17137=CARTESIAN_POINT('',(63.,114.39217042987,-115.615742338435));
#17138=CARTESIAN_POINT('',(66.6569857918136,112.849156221683,-116.910484991426));
#17139=CARTESIAN_POINT('Origin',(63.,107.392170429869,-120.184032467344));
#17140=CARTESIAN_POINT('',(70.,106.392170429869,-120.184032467344));
#17141=CARTESIAN_POINT('',(63.,106.392170429869,-120.184032467344));
#17142=CARTESIAN_POINT('Origin',(70.,107.392170429869,-120.184032467344));
#17143=CARTESIAN_POINT('Origin',(63.,106.39217042987,-102.902945289017));
#17144=CARTESIAN_POINT('',(70.,106.39217042987,-105.047452209526));
#17145=CARTESIAN_POINT('',(63.,106.39217042987,-105.047452209526));
#17146=CARTESIAN_POINT('',(70.,106.39217042987,-107.759343813726));
#17147=CARTESIAN_POINT('Origin',(63.,107.39217042987,-105.047452209527));
#17148=CARTESIAN_POINT('',(70.,108.034958039556,-104.281407766408));
#17149=CARTESIAN_POINT('',(63.,108.034958039556,-104.281407766408));
#17150=CARTESIAN_POINT('Origin',(70.,107.39217042987,-105.047452209527));
#17151=CARTESIAN_POINT('Origin',(63.,114.39217042987,-109.615742338435));
#17152=CARTESIAN_POINT('',(65.7999999999999,114.39217042987,-109.615742338435));
#17153=CARTESIAN_POINT('',(63.,114.39217042987,-109.615742338435));
#17154=CARTESIAN_POINT('',(67.,113.19217042987,-108.608822781022));
#17155=CARTESIAN_POINT('',(65.9947448953081,114.197425534561,-109.452331968608));
#17156=CARTESIAN_POINT('',(68.2000000000001,114.39217042987,-109.615742338435));
#17157=CARTESIAN_POINT('',(65.3426200531236,111.534790482993,-107.218115878878));
#17158=CARTESIAN_POINT('',(70.,114.39217042987,-109.615742338435));
#17159=CARTESIAN_POINT('',(63.,114.39217042987,-109.615742338435));
#17160=CARTESIAN_POINT('',(70.,115.717600333462,-110.727910081691));
#17161=CARTESIAN_POINT('Origin',(63.2,107.161161340664,-103.287123820777));
#17162=CARTESIAN_POINT('',(63.,108.292073083431,-103.97498998916));
#17163=CARTESIAN_POINT('',(63.4,108.034958039556,-104.281407766408));
#17164=CARTESIAN_POINT('',(63.,114.537758523576,-109.215742338435));
#17165=CARTESIAN_POINT('',(63.,107.289718862602,-103.133914932153));
#17166=CARTESIAN_POINT('',(63.,114.537758523576,-109.215742338435));
#17167=CARTESIAN_POINT('Origin',(63.2,107.39217042987,-105.047452209527));
#17168=CARTESIAN_POINT('',(63.,105.99217042987,-105.047452209526));
#17169=CARTESIAN_POINT('',(63.4,106.39217042987,-105.047452209526));
#17170=CARTESIAN_POINT('Origin',(63.,107.39217042987,-105.047452209527));
#17171=CARTESIAN_POINT('Origin',(63.2,106.19217042987,-107.759343813726));
#17172=CARTESIAN_POINT('',(63.,105.992170429869,-120.184032467344));
#17173=CARTESIAN_POINT('',(63.4,106.392170429869,-120.184032467344));
#17174=CARTESIAN_POINT('',(63.,105.99217042987,-107.759343813726));
#17175=CARTESIAN_POINT('Origin',(63.2,107.392170429869,-120.184032467344));
#17176=CARTESIAN_POINT('',(63.,108.29207308343,-121.256494687711));
#17177=CARTESIAN_POINT('',(63.4,108.034958039556,-120.950076910463));
#17178=CARTESIAN_POINT('Origin',(63.,107.392170429869,-120.184032467344));
#17179=CARTESIAN_POINT('Origin',(63.2,103.161161340665,-125.300759380802));
#17180=CARTESIAN_POINT('',(63.,103.289718862602,-125.453968269426));
#17181=CARTESIAN_POINT('Origin',(63.2,102.59217042987,-109.415742338435));
#17182=CARTESIAN_POINT('',(63.,116.39217042987,-109.215742338435));
#17183=CARTESIAN_POINT('',(63.,102.59217042987,-109.215742338435));
#17184=CARTESIAN_POINT('',(45.1102257790536,116.39217042987,-91.3259681174886));
#17185=CARTESIAN_POINT('Origin',(63.,118.39217042987,-109.615742338435));
#17186=CARTESIAN_POINT('',(63.1,117.092170429869,-109.615742338435));
#17187=CARTESIAN_POINT('Origin',(0.,116.39217042987,-100.25664545465));
#17188=CARTESIAN_POINT('',(63.,116.39217042987,-100.25664545465));
#17189=CARTESIAN_POINT('',(63.,116.39217042987,-106.436193896542));
#17190=CARTESIAN_POINT('',(63.8,116.392170429869,-100.25664545465));
#17191=CARTESIAN_POINT('',(0.,116.39217042987,-100.25664545465));
#17192=CARTESIAN_POINT('',(63.7999999999999,116.39217042987,-100.25664545465));
#17193=CARTESIAN_POINT('Origin',(63.,114.39217042987,-115.615742338435));
#17194=CARTESIAN_POINT('',(70.,116.192170429869,-115.615742338435));
#17195=CARTESIAN_POINT('',(66.3000000000001,112.49217042987,-115.615742338435));
#17196=CARTESIAN_POINT('',(70.,115.39217042987,-115.615742338435));
#17197=CARTESIAN_POINT('Origin',(70.,116.39217042987,-112.615742338435));
#17198=CARTESIAN_POINT('',(70.,116.192170429869,-109.615742338435));
#17199=CARTESIAN_POINT('',(70.,117.39217042987,-109.615742338435));
#17200=CARTESIAN_POINT('',(70.,116.192170429869,-106.436193896542));
#17201=CARTESIAN_POINT('Origin',(63.,118.39217042987,-109.615742338435));
#17202=CARTESIAN_POINT('',(67.3,113.49217042987,-109.615742338435));
#17203=CARTESIAN_POINT('Origin',(67.,113.19217042987,-100.25664545465));
#17204=CARTESIAN_POINT('',(67.,113.19217042987,-100.25664545465));
#17205=CARTESIAN_POINT('',(67.,113.19217042987,-100.25664545465));
#17206=CARTESIAN_POINT('',(70.2,116.392170429869,-100.25664545465));
#17207=CARTESIAN_POINT('',(67.,113.19217042987,-100.25664545465));
#17208=CARTESIAN_POINT('',(70.2,116.39217042987,-124.974839222221));
#17209=CARTESIAN_POINT('',(70.2000000000001,116.39217042987,-100.25664545465));
#17210=CARTESIAN_POINT('',(67.,113.19217042987,-124.974839222221));
#17211=CARTESIAN_POINT('Origin',(63.8,116.392170429869,-100.25664545465));
#17212=CARTESIAN_POINT('',(67.,113.19217042987,-100.25664545465));
#17213=CARTESIAN_POINT('Origin',(63.8,138.843433088339,-66.4514232060349));
#17214=CARTESIAN_POINT('',(63.8,138.843433088339,-76.8157423384799));
#17215=CARTESIAN_POINT('',(67.,135.643433088339,-76.8157423384785));
#17216=CARTESIAN_POINT('',(106.359497699507,96.2839353888324,-76.815742338462));
#17217=CARTESIAN_POINT('',(63.8,138.843433088339,-66.4514232060349));
#17218=CARTESIAN_POINT('',(63.8,138.843433088339,-66.4514232060349));
#17219=CARTESIAN_POINT('',(67.,135.643433088339,-66.4514232060349));
#17220=CARTESIAN_POINT('',(63.7878156646177,138.855617423721,-66.4514232060349));
#17221=CARTESIAN_POINT('',(67.,135.643433088339,-66.4514232060349));
#17222=CARTESIAN_POINT('Origin',(63.8,138.843433088339,-66.4514232060349));
#17223=CARTESIAN_POINT('',(67.,135.643433088339,-84.8157423384785));
#17224=CARTESIAN_POINT('',(63.8,138.843433088339,-84.8157423384799));
#17225=CARTESIAN_POINT('',(52.7161336297027,149.927299458636,-84.8157423384845));
#17226=CARTESIAN_POINT('',(67.,135.643433088339,-89.8157423384799));
#17227=CARTESIAN_POINT('',(67.,135.643433088339,-66.4514232060349));
#17228=CARTESIAN_POINT('',(63.8,138.843433088339,-89.8157423384799));
#17229=CARTESIAN_POINT('',(67.,135.643433088339,-89.8157423384799));
#17230=CARTESIAN_POINT('',(63.8,138.843433088339,-66.4514232060349));
#17231=CARTESIAN_POINT('Origin',(67.,135.643433088339,-135.41574233839));
#17232=CARTESIAN_POINT('',(67.,135.643433088339,-135.415742338391));
#17233=CARTESIAN_POINT('',(70.2,138.843433088339,-135.41574233839));
#17234=CARTESIAN_POINT('',(67.,135.643433088339,-135.41574233839));
#17235=CARTESIAN_POINT('',(70.2,138.84343308834,-158.780061470835));
#17236=CARTESIAN_POINT('',(70.2000000000002,138.843433088339,-135.41574233839));
#17237=CARTESIAN_POINT('',(67.,135.64343308834,-158.780061470836));
#17238=CARTESIAN_POINT('',(38.6121843353828,107.255617423723,-158.780061470835));
#17239=CARTESIAN_POINT('',(67.,135.643433088339,-135.415742338391));
#17240=CARTESIAN_POINT('Origin',(63.8,138.843433088339,-135.41574233839));
#17241=CARTESIAN_POINT('',(63.8,138.843433088339,-135.41574233839));
#17242=CARTESIAN_POINT('',(67.,135.643433088339,-135.41574233839));
#17243=CARTESIAN_POINT('',(63.8,138.84343308834,-158.780061470835));
#17244=CARTESIAN_POINT('',(95.7878156646173,106.855617423723,-158.780061470835));
#17245=CARTESIAN_POINT('',(63.7999999999997,138.843433088339,-135.41574233839));
#17246=CARTESIAN_POINT('Origin',(68.6,133.843433088336,-135.41574233839));
#17247=CARTESIAN_POINT('',(67.,133.906252182401,-133.616838849752));
#17248=CARTESIAN_POINT('',(70.2,134.017930571849,-130.418788203291));
#17249=CARTESIAN_POINT('',(67.,133.906252182401,-133.616838849752));
#17250=CARTESIAN_POINT('Origin',(70.2000000000003,133.843433088335,-135.41574233839));
#17251=CARTESIAN_POINT('Origin',(67.,133.843433088336,-135.41574233839));
#17252=CARTESIAN_POINT('Origin',(65.4,133.843433088336,-135.41574233839));
#17253=CARTESIAN_POINT('',(63.8,134.017930571849,-130.418788203291));
#17254=CARTESIAN_POINT('',(67.,133.906252182401,-133.616838849752));
#17255=CARTESIAN_POINT('Origin',(63.7999999999997,133.843433088335,-135.41574233839));
#17256=CARTESIAN_POINT('Origin',(67.,121.105994556909,-133.169844003777));
#17257=CARTESIAN_POINT('',(67.,121.10599455691,-133.169844003777));
#17258=CARTESIAN_POINT('',(70.2,121.217672946358,-129.971793357316));
#17259=CARTESIAN_POINT('',(67.,121.105994556909,-133.169844003777));
#17260=CARTESIAN_POINT('',(70.2000000000002,121.217672946357,-129.971793357316));
#17261=CARTESIAN_POINT('',(67.,121.10599455691,-133.169844003777));
#17262=CARTESIAN_POINT('Origin',(63.8,121.217672946357,-129.971793357316));
#17263=CARTESIAN_POINT('',(63.8,121.217672946358,-129.971793357316));
#17264=CARTESIAN_POINT('',(67.,121.105994556909,-133.169844003777));
#17265=CARTESIAN_POINT('',(63.7999999999998,121.217672946357,-129.971793357316));
#17266=CARTESIAN_POINT('Origin',(68.6,121.39217042987,-124.974839222221));
#17267=CARTESIAN_POINT('Origin',(70.2000000000002,121.39217042987,-124.974839222221));
#17268=CARTESIAN_POINT('Origin',(67.,121.39217042987,-124.974839222221));
#17269=CARTESIAN_POINT('Origin',(65.4,121.39217042987,-124.974839222221));
#17270=CARTESIAN_POINT('Origin',(63.7999999999998,121.39217042987,-124.974839222221));
#17271=CARTESIAN_POINT('Origin',(68.6,121.39217042987,-100.25664545465));
#17272=CARTESIAN_POINT('',(67.,121.105994556909,-92.061640673093));
#17273=CARTESIAN_POINT('',(70.2,121.217672946357,-95.2596913195541));
#17274=CARTESIAN_POINT('',(67.,121.105994556909,-92.061640673093));
#17275=CARTESIAN_POINT('Origin',(70.2000000000001,121.39217042987,-100.25664545465));
#17276=CARTESIAN_POINT('Origin',(67.,121.39217042987,-100.25664545465));
#17277=CARTESIAN_POINT('Origin',(65.4,121.39217042987,-100.25664545465));
#17278=CARTESIAN_POINT('',(63.8,121.217672946357,-95.2596913195541));
#17279=CARTESIAN_POINT('',(67.,121.105994556909,-92.061640673093));
#17280=CARTESIAN_POINT('Origin',(63.7999999999999,121.39217042987,-100.25664545465));
#17281=CARTESIAN_POINT('Origin',(67.,133.9062521824,-91.6146458271182));
#17282=CARTESIAN_POINT('',(67.,133.9062521824,-91.6146458271182));
#17283=CARTESIAN_POINT('',(70.2,134.017930571848,-94.8126964735793));
#17284=CARTESIAN_POINT('',(67.,133.9062521824,-91.6146458271182));
#17285=CARTESIAN_POINT('',(70.2,134.017930571848,-94.8126964735793));
#17286=CARTESIAN_POINT('',(67.,133.9062521824,-91.6146458271182));
#17287=CARTESIAN_POINT('Origin',(63.8,134.017930571848,-94.8126964735793));
#17288=CARTESIAN_POINT('',(63.8,134.017930571848,-94.8126964735793));
#17289=CARTESIAN_POINT('',(67.,133.9062521824,-91.6146458271182));
#17290=CARTESIAN_POINT('',(63.8,134.017930571848,-94.8126964735793));
#17291=CARTESIAN_POINT('Origin',(68.6,133.843433088335,-89.8157423384799));
#17292=CARTESIAN_POINT('',(70.2,138.843433088339,-89.8157423384799));
#17293=CARTESIAN_POINT('',(67.,135.643433088339,-89.8157423384799));
#17294=CARTESIAN_POINT('Origin',(70.2,133.843433088335,-89.8157423384799));
#17295=CARTESIAN_POINT('Origin',(67.,133.843433088335,-89.8157423384799));
#17296=CARTESIAN_POINT('Origin',(65.4,133.843433088335,-89.8157423384799));
#17297=CARTESIAN_POINT('Origin',(63.8,133.843433088335,-89.8157423384799));
#17298=CARTESIAN_POINT('Origin',(67.,135.643433088339,-66.4514232060349));
#17299=CARTESIAN_POINT('',(69.,137.643433088339,-84.8157423384794));
#17300=CARTESIAN_POINT('',(80.6838663702973,149.327299458636,-84.8157423384843));
#17301=CARTESIAN_POINT('',(69.,137.643433088339,-76.8157423384794));
#17302=CARTESIAN_POINT('',(69.,137.643433088339,-73.6335827722448));
#17303=CARTESIAN_POINT('',(27.0405023004928,95.6839353888324,-76.8157423384618));
#17304=CARTESIAN_POINT('',(70.2,138.843433088339,-66.4514232060349));
#17305=CARTESIAN_POINT('',(70.6121843353823,139.255617423721,-66.4514232060349));
#17306=CARTESIAN_POINT('',(70.2,138.843433088339,-66.4514232060349));
#17307=CARTESIAN_POINT('Origin',(71.,18.0921704298709,-158.780061470835));
#17308=CARTESIAN_POINT('',(70.6,138.843433088339,-158.780061470835));
#17309=CARTESIAN_POINT('',(71.,138.843433088339,-158.780061470835));
#17310=CARTESIAN_POINT('',(70.6,25.3409077714,-158.780061470835));
#17311=CARTESIAN_POINT('',(70.6,52.4421704298705,-158.780061470835));
#17312=CARTESIAN_POINT('',(63.4,25.3409077714,-158.780061470835));
#17313=CARTESIAN_POINT('',(71.,25.3409077714,-158.780061470835));
#17314=CARTESIAN_POINT('',(63.4,138.843433088339,-158.780061470835));
#17315=CARTESIAN_POINT('',(63.4,52.4421704298705,-158.780061470835));
#17316=CARTESIAN_POINT('',(71.,138.843433088339,-158.780061470835));
#17317=CARTESIAN_POINT('Origin',(69.,188.378898569536,-84.8157423385007));
#17318=CARTESIAN_POINT('',(63.,138.843433088339,-84.8157423384799));
#17319=CARTESIAN_POINT('',(34.5,138.843433088339,-84.8157423384799));
#17320=CARTESIAN_POINT('',(63.,133.092170429925,-84.8157423384565));
#17321=CARTESIAN_POINT('',(63.,137.585534499709,-84.8157423384794));
#17322=CARTESIAN_POINT('',(65.,133.092170429925,-84.8157423384565));
#17323=CARTESIAN_POINT('',(66.,133.092170429925,-84.8157423384775));
#17324=CARTESIAN_POINT('',(65.,129.092170429925,-84.8157423384548));
#17325=CARTESIAN_POINT('',(65.,159.735534499728,-84.8157423384887));
#17326=CARTESIAN_POINT('',(63.,129.092170429925,-84.8157423384548));
#17327=CARTESIAN_POINT('',(66.,129.092170429925,-84.8157423384758));
#17328=CARTESIAN_POINT('',(63.,83.0921704299254,-84.8157423384565));
#17329=CARTESIAN_POINT('',(63.,137.585534499709,-84.8157423384794));
#17330=CARTESIAN_POINT('',(65.,83.0921704299254,-84.8157423384565));
#17331=CARTESIAN_POINT('',(66.,83.0921704299254,-84.8157423384565));
#17332=CARTESIAN_POINT('',(65.,79.0921704299254,-84.8157423384548));
#17333=CARTESIAN_POINT('',(65.,134.735534499728,-84.8157423384782));
#17334=CARTESIAN_POINT('',(63.,79.0921704299254,-84.8157423384548));
#17335=CARTESIAN_POINT('',(66.,79.0921704299254,-84.8157423384548));
#17336=CARTESIAN_POINT('',(63.,33.0921704299254,-84.8157423384565));
#17337=CARTESIAN_POINT('',(63.,137.585534499709,-84.8157423384794));
#17338=CARTESIAN_POINT('',(65.,33.0921704299254,-84.8157423384565));
#17339=CARTESIAN_POINT('',(66.,33.0921704299254,-84.8157423384355));
#17340=CARTESIAN_POINT('',(65.,29.0921704299254,-84.8157423384548));
#17341=CARTESIAN_POINT('',(65.,109.735534499728,-84.8157423384677));
#17342=CARTESIAN_POINT('',(63.,29.0921704299254,-84.8157423384548));
#17343=CARTESIAN_POINT('',(66.,29.0921704299254,-84.8157423384338));
#17344=CARTESIAN_POINT('',(63.,-16.9078295700746,-84.8157423384565));
#17345=CARTESIAN_POINT('',(63.,137.585534499709,-84.8157423384794));
#17346=CARTESIAN_POINT('',(65.,-16.9078295700746,-84.8157423384565));
#17347=CARTESIAN_POINT('',(66.,-16.9078295700746,-84.8157423384145));
#17348=CARTESIAN_POINT('',(65.,-20.9078295700746,-84.8157423384548));
#17349=CARTESIAN_POINT('',(65.,84.7355344997284,-84.8157423384572));
#17350=CARTESIAN_POINT('',(63.,-20.9078295700746,-84.8157423384548));
#17351=CARTESIAN_POINT('',(66.,-20.9078295700746,-84.8157423384128));
#17352=CARTESIAN_POINT('',(63.,-26.1945577096887,-84.8157423384106));
#17353=CARTESIAN_POINT('',(63.,137.585534499709,-84.8157423384794));
#17354=CARTESIAN_POINT('',(69.,-26.1945577096887,-84.8157423384106));
#17355=CARTESIAN_POINT('',(69.,-26.1945577096887,-84.8157423384106));
#17356=CARTESIAN_POINT('',(69.,-20.9078295700746,-84.8157423384548));
#17357=CARTESIAN_POINT('',(69.,27.4488063601175,-84.8157423384331));
#17358=CARTESIAN_POINT('',(67.,-20.9078295700746,-84.8157423384548));
#17359=CARTESIAN_POINT('',(69.,-20.9078295700746,-84.8157423384128));
#17360=CARTESIAN_POINT('',(67.,-16.9078295700746,-84.8157423384565));
#17361=CARTESIAN_POINT('',(67.,84.7355344997284,-84.8157423384572));
#17362=CARTESIAN_POINT('',(69.,-16.9078295700746,-84.8157423384565));
#17363=CARTESIAN_POINT('',(69.,-16.9078295700746,-84.8157423384145));
#17364=CARTESIAN_POINT('',(69.,29.0921704299254,-84.8157423384548));
#17365=CARTESIAN_POINT('',(69.,27.4488063601175,-84.8157423384331));
#17366=CARTESIAN_POINT('',(67.,29.0921704299254,-84.8157423384548));
#17367=CARTESIAN_POINT('',(69.,29.0921704299254,-84.8157423384338));
#17368=CARTESIAN_POINT('',(67.,33.0921704299254,-84.8157423384565));
#17369=CARTESIAN_POINT('',(67.,109.735534499728,-84.8157423384677));
#17370=CARTESIAN_POINT('',(69.,33.0921704299254,-84.8157423384565));
#17371=CARTESIAN_POINT('',(69.,33.0921704299254,-84.8157423384355));
#17372=CARTESIAN_POINT('',(69.,79.0921704299254,-84.8157423384548));
#17373=CARTESIAN_POINT('',(69.,27.4488063601175,-84.8157423384331));
#17374=CARTESIAN_POINT('',(67.,79.0921704299254,-84.8157423384548));
#17375=CARTESIAN_POINT('',(69.,79.0921704299254,-84.8157423384548));
#17376=CARTESIAN_POINT('',(67.,83.0921704299254,-84.8157423384565));
#17377=CARTESIAN_POINT('',(67.,134.735534499728,-84.8157423384782));
#17378=CARTESIAN_POINT('',(69.,83.0921704299254,-84.8157423384565));
#17379=CARTESIAN_POINT('',(69.,83.0921704299254,-84.8157423384565));
#17380=CARTESIAN_POINT('',(69.,129.092170429925,-84.8157423384548));
#17381=CARTESIAN_POINT('',(69.,27.4488063601175,-84.8157423384331));
#17382=CARTESIAN_POINT('',(67.,129.092170429925,-84.8157423384548));
#17383=CARTESIAN_POINT('',(69.,129.092170429925,-84.8157423384758));
#17384=CARTESIAN_POINT('',(67.,133.092170429925,-84.8157423384565));
#17385=CARTESIAN_POINT('',(67.,159.735534499728,-84.8157423384887));
#17386=CARTESIAN_POINT('',(69.,133.092170429925,-84.8157423384565));
#17387=CARTESIAN_POINT('',(69.,133.092170429925,-84.8157423384775));
#17388=CARTESIAN_POINT('',(69.,27.4488063601175,-84.8157423384331));
#17389=CARTESIAN_POINT('Origin',(0.,138.843433088339,-135.41574233839));
#17390=CARTESIAN_POINT('',(71.,138.843433088339,-135.41574233839));
#17391=CARTESIAN_POINT('',(0.,138.843433088339,-135.41574233839));
#17392=CARTESIAN_POINT('',(71.,138.843433088339,-158.380061470835));
#17393=CARTESIAN_POINT('',(71.,138.843433088339,-124.015742338412));
#17394=CARTESIAN_POINT('',(70.6,138.843433088339,-158.780061470835));
#17395=CARTESIAN_POINT('Origin',(0.,138.843433088339,-135.41574233839));
#17396=CARTESIAN_POINT('',(63.,138.843433088339,-158.380061470835));
#17397=CARTESIAN_POINT('',(63.,138.843433088339,-158.380061470835));
#17398=CARTESIAN_POINT('',(63.,138.843433088339,-135.41574233839));
#17399=CARTESIAN_POINT('',(63.,138.843433088339,-124.015742338412));
#17400=CARTESIAN_POINT('',(0.,138.843433088339,-135.41574233839));
#17401=CARTESIAN_POINT('Origin',(0.,133.843433088335,-135.41574233839));
#17402=CARTESIAN_POINT('',(71.,134.017930571849,-130.41878820329));
#17403=CARTESIAN_POINT('',(0.,134.017930571849,-130.41878820329));
#17404=CARTESIAN_POINT('Origin',(71.,133.843433088335,-135.41574233839));
#17405=CARTESIAN_POINT('Origin',(0.,133.843433088335,-135.41574233839));
#17406=CARTESIAN_POINT('',(63.,134.017930571849,-130.41878820329));
#17407=CARTESIAN_POINT('Origin',(63.,133.843433088335,-135.41574233839));
#17408=CARTESIAN_POINT('',(0.,134.017930571849,-130.41878820329));
#17409=CARTESIAN_POINT('Origin',(0.,121.217672946357,-129.971793357316));
#17410=CARTESIAN_POINT('',(71.,121.217672946357,-129.971793357316));
#17411=CARTESIAN_POINT('',(0.,121.217672946357,-129.971793357316));
#17412=CARTESIAN_POINT('',(71.,103.723212157291,-129.360873324719));
#17413=CARTESIAN_POINT('Origin',(0.,121.217672946357,-129.971793357316));
#17414=CARTESIAN_POINT('',(63.,121.217672946357,-129.971793357316));
#17415=CARTESIAN_POINT('',(63.,103.723212157291,-129.360873324719));
#17416=CARTESIAN_POINT('',(0.,121.217672946357,-129.971793357316));
#17417=CARTESIAN_POINT('Origin',(0.,121.39217042987,-124.974839222221));
#17418=CARTESIAN_POINT('',(71.,116.39217042987,-124.974839222221));
#17419=CARTESIAN_POINT('',(0.,116.39217042987,-124.974839222221));
#17420=CARTESIAN_POINT('Origin',(71.,121.39217042987,-124.974839222221));
#17421=CARTESIAN_POINT('Origin',(0.,121.39217042987,-124.974839222221));
#17422=CARTESIAN_POINT('Origin',(63.,121.39217042987,-124.974839222221));
#17423=CARTESIAN_POINT('Origin',(0.,116.39217042987,-100.25664545465));
#17424=CARTESIAN_POINT('',(71.,116.39217042987,-100.25664545465));
#17425=CARTESIAN_POINT('',(0.,116.39217042987,-100.25664545465));
#17426=CARTESIAN_POINT('',(71.,116.39217042987,-106.436193896542));
#17427=CARTESIAN_POINT('Origin',(0.,121.39217042987,-100.25664545465));
#17428=CARTESIAN_POINT('',(71.,121.217672946357,-95.2596913195542));
#17429=CARTESIAN_POINT('',(0.,121.217672946357,-95.2596913195542));
#17430=CARTESIAN_POINT('Origin',(71.,121.39217042987,-100.25664545465));
#17431=CARTESIAN_POINT('Origin',(0.,138.843433088339,-66.4514232060349));
#17432=CARTESIAN_POINT('',(70.6,138.843433088339,-66.4514232060349));
#17433=CARTESIAN_POINT('',(71.,138.843433088339,-66.4514232060349));
#17434=CARTESIAN_POINT('',(71.,138.843433088339,-66.8514232060349));
#17435=CARTESIAN_POINT('',(70.6,138.843433088339,-66.4514232060349));
#17436=CARTESIAN_POINT('',(71.,138.843433088339,-89.8157423384799));
#17437=CARTESIAN_POINT('',(71.,138.843433088339,-89.5335827722348));
#17438=CARTESIAN_POINT('',(0.,138.843433088339,-89.8157423384799));
#17439=CARTESIAN_POINT('Origin',(0.,138.843433088339,-66.4514232060349));
#17440=CARTESIAN_POINT('',(63.,138.843433088339,-76.8157423384799));
#17441=CARTESIAN_POINT('',(34.5,138.843433088339,-76.8157423384799));
#17442=CARTESIAN_POINT('',(63.,138.843433088339,-66.8514232060349));
#17443=CARTESIAN_POINT('',(63.,138.843433088339,-89.5335827722348));
#17444=CARTESIAN_POINT('',(63.4,138.843433088339,-66.4514232060349));
#17445=CARTESIAN_POINT('',(63.,138.843433088339,-66.8514232060349));
#17446=CARTESIAN_POINT('',(71.,138.843433088339,-66.4514232060349));
#17447=CARTESIAN_POINT('Origin',(0.,134.017930571848,-94.8126964735793));
#17448=CARTESIAN_POINT('',(71.,134.017930571848,-94.8126964735793));
#17449=CARTESIAN_POINT('',(0.,134.017930571848,-94.8126964735793));
#17450=CARTESIAN_POINT('',(71.,110.123340970036,-95.6471139291642));
#17451=CARTESIAN_POINT('Origin',(0.,133.843433088335,-89.8157423384799));
#17452=CARTESIAN_POINT('Origin',(71.,133.843433088335,-89.8157423384799));
#17453=CARTESIAN_POINT('Origin',(0.,133.843433088335,-89.8157423384799));
#17454=CARTESIAN_POINT('',(63.,134.017930571848,-94.8126964735793));
#17455=CARTESIAN_POINT('',(0.,134.017930571848,-94.8126964735793));
#17456=CARTESIAN_POINT('',(63.,138.843433088339,-89.8157423384799));
#17457=CARTESIAN_POINT('Origin',(63.,133.843433088335,-89.8157423384799));
#17458=CARTESIAN_POINT('',(0.,138.843433088339,-89.8157423384799));
#17459=CARTESIAN_POINT('Origin',(0.,134.017930571848,-94.8126964735793));
#17460=CARTESIAN_POINT('',(63.,121.217672946357,-95.2596913195542));
#17461=CARTESIAN_POINT('',(0.,121.217672946357,-95.2596913195542));
#17462=CARTESIAN_POINT('',(63.,110.123340970036,-95.6471139291642));
#17463=CARTESIAN_POINT('Origin',(0.,121.39217042987,-100.25664545465));
#17464=CARTESIAN_POINT('Origin',(63.,121.39217042987,-100.25664545465));
#17465=CARTESIAN_POINT('Origin',(0.,138.843433088339,-66.4514232060349));
#17466=CARTESIAN_POINT('',(63.,138.843433088339,-89.5335827722348));
#17467=CARTESIAN_POINT('Origin',(71.,86.79217042987,-112.615742338435));
#17468=CARTESIAN_POINT('',(71.,25.3409077714,-66.8514232060349));
#17469=CARTESIAN_POINT('',(71.,116.442170429869,-66.8514232060349));
#17470=CARTESIAN_POINT('',(71.,12.6836963881608,-61.6086345892741));
#17471=CARTESIAN_POINT('Origin',(71.,25.3409077714,-48.9514232060349));
#17472=CARTESIAN_POINT('',(71.,-7.06504095336852,-41.8598972477449));
#17473=CARTESIAN_POINT('',(71.,46.5254075004961,-95.4503457016093));
#17474=CARTESIAN_POINT('',(71.,-19.1565669116585,-36.8514232060348));
#17475=CARTESIAN_POINT('Origin',(71.,-19.1565669116585,-53.9514232060348));
#17476=CARTESIAN_POINT('',(71.,-42.0078295701307,-36.8514232060349));
#17477=CARTESIAN_POINT('',(71.,37.4421704298704,-36.8514232060349));
#17478=CARTESIAN_POINT('',(71.,-59.1078295701307,-53.9514232060348));
#17479=CARTESIAN_POINT('Origin',(71.,-42.0078295701307,-53.9514232060348));
#17480=CARTESIAN_POINT('',(71.,-59.1078295701307,-171.280061470835));
#17481=CARTESIAN_POINT('',(71.,-59.1078295701307,-74.5335827722348));
#17482=CARTESIAN_POINT('',(71.,-42.0078295701307,-188.380061470835));
#17483=CARTESIAN_POINT('Origin',(71.,-42.0078295701307,-171.280061470835));
#17484=CARTESIAN_POINT('',(71.,-19.1565669116584,-188.380061470835));
#17485=CARTESIAN_POINT('',(71.,13.6421704298696,-188.380061470835));
#17486=CARTESIAN_POINT('',(71.,-7.06504095336842,-183.371587429125));
#17487=CARTESIAN_POINT('Origin',(71.,-19.1565669116584,-171.280061470835));
#17488=CARTESIAN_POINT('',(71.,12.6836963881608,-163.622850087596));
#17489=CARTESIAN_POINT('',(71.,31.525407500496,-144.781138975261));
#17490=CARTESIAN_POINT('',(71.,25.3409077714,-158.380061470835));
#17491=CARTESIAN_POINT('Origin',(71.,25.3409077714,-176.280061470835));
#17492=CARTESIAN_POINT('',(71.,52.4421704298705,-158.380061470835));
#17493=CARTESIAN_POINT('',(71.,27.092170259299,-116.115742338435));
#17494=CARTESIAN_POINT('',(71.,27.0921704838202,-109.115742338435));
#17495=CARTESIAN_POINT('Origin',(71.,27.0921704298696,-112.615742338435));
#17496=CARTESIAN_POINT('',(71.,-12.9078258175215,-116.115742338435));
#17497=CARTESIAN_POINT('',(71.,36.9421723061742,-116.115742338435));
#17498=CARTESIAN_POINT('',(71.,-12.9078253333139,-109.115742338435));
#17499=CARTESIAN_POINT('Origin',(71.,-12.9078295701304,-112.615742338435));
#17500=CARTESIAN_POINT('',(71.,56.9421704537622,-109.115742338435));
#17501=CARTESIAN_POINT('',(71.,-43.9078295700865,-71.1407423384349));
#17502=CARTESIAN_POINT('Origin',(71.,-43.9078295700865,-77.6157423384349));
#17503=CARTESIAN_POINT('',(71.,-43.9078295700865,-141.140742338435));
#17504=CARTESIAN_POINT('Origin',(71.,-43.9078295700865,-147.615742338435));
#17505=CARTESIAN_POINT('',(71.,102.092170259299,-116.115742338435));
#17506=CARTESIAN_POINT('',(71.,102.09217048382,-109.115742338435));
#17507=CARTESIAN_POINT('Origin',(71.,102.09217042987,-112.615742338435));
#17508=CARTESIAN_POINT('',(71.,62.0921741824785,-116.115742338435));
#17509=CARTESIAN_POINT('',(71.,74.4421723061742,-116.115742338435));
#17510=CARTESIAN_POINT('',(71.,62.0921746666861,-109.115742338435));
#17511=CARTESIAN_POINT('Origin',(71.,62.0921704298696,-112.615742338435));
#17512=CARTESIAN_POINT('',(71.,94.4421704537622,-109.115742338435));
#17513=CARTESIAN_POINT('Origin',(69.,-26.1945577096853,-76.8157423384106));
#17514=CARTESIAN_POINT('',(69.,133.092170429925,-76.8157423384565));
#17515=CARTESIAN_POINT('',(69.,134.735534499733,-76.8157423384782));
#17516=CARTESIAN_POINT('',(67.,133.092170429925,-76.8157423384565));
#17517=CARTESIAN_POINT('',(69.,133.092170429925,-76.8157423384775));
#17518=CARTESIAN_POINT('',(67.,129.092170429925,-76.8157423384548));
#17519=CARTESIAN_POINT('',(67.,52.4488063601194,-76.8157423384436));
#17520=CARTESIAN_POINT('',(69.,129.092170429925,-76.8157423384548));
#17521=CARTESIAN_POINT('',(69.,129.092170429925,-76.8157423384758));
#17522=CARTESIAN_POINT('',(69.,83.0921704299254,-76.8157423384565));
#17523=CARTESIAN_POINT('',(69.,134.735534499733,-76.8157423384782));
#17524=CARTESIAN_POINT('',(67.,83.0921704299254,-76.8157423384565));
#17525=CARTESIAN_POINT('',(69.,83.0921704299254,-76.8157423384565));
#17526=CARTESIAN_POINT('',(67.,79.0921704299254,-76.8157423384548));
#17527=CARTESIAN_POINT('',(67.,27.4488063601194,-76.8157423384331));
#17528=CARTESIAN_POINT('',(69.,79.0921704299254,-76.8157423384548));
#17529=CARTESIAN_POINT('',(69.,79.0921704299254,-76.8157423384548));
#17530=CARTESIAN_POINT('',(69.,33.0921704299254,-76.8157423384565));
#17531=CARTESIAN_POINT('',(69.,134.735534499733,-76.8157423384782));
#17532=CARTESIAN_POINT('',(67.,33.0921704299254,-76.8157423384565));
#17533=CARTESIAN_POINT('',(69.,33.0921704299254,-76.8157423384355));
#17534=CARTESIAN_POINT('',(67.,29.0921704299254,-76.8157423384548));
#17535=CARTESIAN_POINT('',(67.,2.44880636011938,-76.8157423384226));
#17536=CARTESIAN_POINT('',(69.,29.0921704299254,-76.8157423384548));
#17537=CARTESIAN_POINT('',(69.,29.0921704299254,-76.8157423384338));
#17538=CARTESIAN_POINT('',(69.,-16.9078295700746,-76.8157423384565));
#17539=CARTESIAN_POINT('',(69.,134.735534499733,-76.8157423384782));
#17540=CARTESIAN_POINT('',(67.,-16.9078295700746,-76.8157423384565));
#17541=CARTESIAN_POINT('',(69.,-16.9078295700746,-76.8157423384145));
#17542=CARTESIAN_POINT('',(67.,-20.9078295700746,-76.8157423384548));
#17543=CARTESIAN_POINT('',(67.,-22.5511936398806,-76.8157423384121));
#17544=CARTESIAN_POINT('',(69.,-20.9078295700746,-76.8157423384548));
#17545=CARTESIAN_POINT('',(69.,-20.9078295700746,-76.8157423384128));
#17546=CARTESIAN_POINT('',(69.,-26.1945577096853,-76.8157423384106));
#17547=CARTESIAN_POINT('',(69.,134.735534499733,-76.8157423384782));
#17548=CARTESIAN_POINT('',(63.,-26.1945577096853,-76.8157423384106));
#17549=CARTESIAN_POINT('',(69.,-26.1945577096853,-76.8157423384106));
#17550=CARTESIAN_POINT('',(63.,-20.9078295700746,-76.8157423384548));
#17551=CARTESIAN_POINT('',(63.,30.2988063600998,-76.8157423384343));
#17552=CARTESIAN_POINT('',(65.,-20.9078295700746,-76.8157423384548));
#17553=CARTESIAN_POINT('',(66.,-20.9078295700746,-76.8157423384128));
#17554=CARTESIAN_POINT('',(65.,-16.9078295700746,-76.8157423384565));
#17555=CARTESIAN_POINT('',(65.,-22.5511936398806,-76.8157423384121));
#17556=CARTESIAN_POINT('',(63.,-16.9078295700746,-76.8157423384565));
#17557=CARTESIAN_POINT('',(66.,-16.9078295700746,-76.8157423384145));
#17558=CARTESIAN_POINT('',(63.,29.0921704299254,-76.8157423384548));
#17559=CARTESIAN_POINT('',(63.,30.2988063600998,-76.8157423384343));
#17560=CARTESIAN_POINT('',(65.,29.0921704299254,-76.8157423384548));
#17561=CARTESIAN_POINT('',(66.,29.0921704299254,-76.8157423384338));
#17562=CARTESIAN_POINT('',(65.,33.0921704299254,-76.8157423384565));
#17563=CARTESIAN_POINT('',(65.,2.44880636011938,-76.8157423384226));
#17564=CARTESIAN_POINT('',(63.,33.0921704299254,-76.8157423384565));
#17565=CARTESIAN_POINT('',(66.,33.0921704299254,-76.8157423384355));
#17566=CARTESIAN_POINT('',(63.,79.0921704299254,-76.8157423384548));
#17567=CARTESIAN_POINT('',(63.,30.2988063600998,-76.8157423384343));
#17568=CARTESIAN_POINT('',(65.,79.0921704299254,-76.8157423384548));
#17569=CARTESIAN_POINT('',(66.,79.0921704299254,-76.8157423384548));
#17570=CARTESIAN_POINT('',(65.,83.0921704299254,-76.8157423384565));
#17571=CARTESIAN_POINT('',(65.,27.4488063601194,-76.8157423384331));
#17572=CARTESIAN_POINT('',(63.,83.0921704299254,-76.8157423384565));
#17573=CARTESIAN_POINT('',(66.,83.0921704299254,-76.8157423384565));
#17574=CARTESIAN_POINT('',(63.,129.092170429925,-76.8157423384548));
#17575=CARTESIAN_POINT('',(63.,30.2988063600998,-76.8157423384343));
#17576=CARTESIAN_POINT('',(65.,129.092170429925,-76.8157423384548));
#17577=CARTESIAN_POINT('',(66.,129.092170429925,-76.8157423384758));
#17578=CARTESIAN_POINT('',(65.,133.092170429925,-76.8157423384565));
#17579=CARTESIAN_POINT('',(65.,52.4488063601194,-76.8157423384436));
#17580=CARTESIAN_POINT('',(63.,133.092170429925,-76.8157423384565));
#17581=CARTESIAN_POINT('',(66.,133.092170429925,-76.8157423384775));
#17582=CARTESIAN_POINT('',(63.,30.2988063600998,-76.8157423384343));
#17583=CARTESIAN_POINT('Origin',(67.,-18.9078295700776,-80.815742338456));
#17584=CARTESIAN_POINT('',(67.,-20.9078295700746,-74.8157423384549));
#17585=CARTESIAN_POINT('',(67.,-16.9078295700746,-74.8157423384549));
#17586=CARTESIAN_POINT('',(67.,-17.9078295700761,-74.8157423384549));
#17587=CARTESIAN_POINT('',(67.,-20.9078295700746,-77.3157423384555));
#17588=CARTESIAN_POINT('',(67.,-16.9078295700746,-78.8157423384562));
#17589=CARTESIAN_POINT('Origin',(67.,-18.9078295700776,-80.815742338456));
#17590=CARTESIAN_POINT('',(67.,-16.9078295700746,-86.8157423384571));
#17591=CARTESIAN_POINT('',(67.,-20.9078295700746,-86.8157423384537));
#17592=CARTESIAN_POINT('',(67.,-19.9078295700811,-86.8157423384546));
#17593=CARTESIAN_POINT('',(67.,-16.9078295700746,-84.3157423384565));
#17594=CARTESIAN_POINT('',(67.,-20.9078295700746,-82.8157423384554));
#17595=CARTESIAN_POINT('Origin',(66.,-19.9078295700811,-86.8157423384546));
#17596=CARTESIAN_POINT('',(65.,-20.9078295700746,-86.8157423384537));
#17597=CARTESIAN_POINT('Origin',(66.,-20.9078295700713,-86.8157423384537));
#17598=CARTESIAN_POINT('',(65.,-16.9078295700746,-86.8157423384571));
#17599=CARTESIAN_POINT('',(65.,-19.9078295700811,-86.8157423384546));
#17600=CARTESIAN_POINT('Origin',(66.,-16.9078295700738,-86.8157423384571));
#17601=CARTESIAN_POINT('Origin',(65.,-18.9078295700776,-80.815742338456));
#17602=CARTESIAN_POINT('',(65.,-20.9078295700746,-82.8157423384554));
#17603=CARTESIAN_POINT('',(65.,-16.9078295700746,-84.3157423384565));
#17604=CARTESIAN_POINT('Origin',(66.,-17.9078295700761,-74.8157423384549));
#17605=CARTESIAN_POINT('',(65.,-16.9078295700746,-74.8157423384549));
#17606=CARTESIAN_POINT('Origin',(66.,-16.9078295700746,-74.8157423384549));
#17607=CARTESIAN_POINT('',(65.,-20.9078295700746,-74.8157423384549));
#17608=CARTESIAN_POINT('',(65.,-17.9078295700761,-74.8157423384549));
#17609=CARTESIAN_POINT('Origin',(66.,-20.9078295700746,-74.8157423384549));
#17610=CARTESIAN_POINT('Origin',(65.,-18.9078295700776,-80.815742338456));
#17611=CARTESIAN_POINT('',(65.,-16.9078295700746,-78.8157423384562));
#17612=CARTESIAN_POINT('',(65.,-20.9078295700746,-77.3157423384555));
#17613=CARTESIAN_POINT('Origin',(66.,-19.9078295700761,-73.8157423384549));
#17614=CARTESIAN_POINT('',(66.,-20.9078295700746,-70.8157423384549));
#17615=CARTESIAN_POINT('',(69.,-20.9078295700746,-73.8157423384549));
#17616=CARTESIAN_POINT('Origin',(66.,-20.9078295700746,-73.8157423384549));
#17617=CARTESIAN_POINT('',(66.,-16.9078295700746,-70.8157423384549));
#17618=CARTESIAN_POINT('',(66.,-19.9078295700761,-70.8157423384549));
#17619=CARTESIAN_POINT('',(69.,-16.9078295700746,-73.8157423384549));
#17620=CARTESIAN_POINT('Origin',(66.,-16.9078295700746,-73.8157423384549));
#17621=CARTESIAN_POINT('',(69.,-19.9078295700761,-73.8157423384549));
#17622=CARTESIAN_POINT('Origin',(69.,-20.9078295700746,-73.8157423384549));
#17623=CARTESIAN_POINT('',(69.,-20.9078295700746,-75.815742338455));
#17624=CARTESIAN_POINT('',(63.,-20.9078295700746,-70.8157423384549));
#17625=CARTESIAN_POINT('',(63.,-20.9078295700746,-93.2157423384449));
#17626=CARTESIAN_POINT('',(69.,-20.9078295700746,-70.8157423384549));
#17627=CARTESIAN_POINT('Origin',(69.,-18.9078295700776,-80.815742338455));
#17628=CARTESIAN_POINT('',(69.,133.092170429925,-87.8157423384552));
#17629=CARTESIAN_POINT('',(69.,133.092170429925,-85.8157423384551));
#17630=CARTESIAN_POINT('',(69.,129.092170429925,-87.8157423384552));
#17631=CARTESIAN_POINT('',(69.,132.092170429924,-87.8157423384552));
#17632=CARTESIAN_POINT('',(69.,129.092170429925,-82.8157423384554));
#17633=CARTESIAN_POINT('',(69.,83.0921704299254,-87.8157423384552));
#17634=CARTESIAN_POINT('',(69.,83.0921704299254,-85.8157423384551));
#17635=CARTESIAN_POINT('',(69.,79.0921704299254,-87.8157423384552));
#17636=CARTESIAN_POINT('',(69.,82.0921704299239,-87.8157423384552));
#17637=CARTESIAN_POINT('',(69.,79.0921704299254,-82.8157423384554));
#17638=CARTESIAN_POINT('',(69.,33.0921704299254,-87.8157423384552));
#17639=CARTESIAN_POINT('',(69.,33.0921704299254,-85.8157423384551));
#17640=CARTESIAN_POINT('',(69.,29.0921704299254,-87.8157423384552));
#17641=CARTESIAN_POINT('',(69.,32.0921704299239,-87.8157423384552));
#17642=CARTESIAN_POINT('',(69.,29.0921704299254,-82.8157423384554));
#17643=CARTESIAN_POINT('',(69.,-16.9078295700746,-87.8157423384552));
#17644=CARTESIAN_POINT('',(69.,-16.9078295700746,-85.8157423384551));
#17645=CARTESIAN_POINT('',(69.,-20.9078295700746,-87.8157423384552));
#17646=CARTESIAN_POINT('',(69.,-17.9078295700761,-87.8157423384552));
#17647=CARTESIAN_POINT('',(69.,-20.9078295700746,-82.8157423384554));
#17648=CARTESIAN_POINT('Origin',(69.,-26.194557709687,-80.8157423384106));
#17649=CARTESIAN_POINT('',(69.,-16.9078295700746,-78.8157423384562));
#17650=CARTESIAN_POINT('',(69.,29.0921704299254,-73.8157423384549));
#17651=CARTESIAN_POINT('',(69.,29.0921704299254,-75.815742338455));
#17652=CARTESIAN_POINT('',(69.,33.0921704299254,-73.8157423384549));
#17653=CARTESIAN_POINT('',(69.,30.0921704299239,-73.8157423384549));
#17654=CARTESIAN_POINT('',(69.,33.0921704299254,-78.8157423384562));
#17655=CARTESIAN_POINT('',(69.,79.0921704299254,-73.8157423384549));
#17656=CARTESIAN_POINT('',(69.,79.0921704299254,-75.815742338455));
#17657=CARTESIAN_POINT('',(69.,83.0921704299254,-73.8157423384549));
#17658=CARTESIAN_POINT('',(69.,80.0921704299239,-73.8157423384549));
#17659=CARTESIAN_POINT('',(69.,83.0921704299254,-78.8157423384562));
#17660=CARTESIAN_POINT('',(69.,129.092170429925,-73.8157423384549));
#17661=CARTESIAN_POINT('',(69.,129.092170429925,-75.815742338455));
#17662=CARTESIAN_POINT('',(69.,133.092170429925,-73.8157423384549));
#17663=CARTESIAN_POINT('',(69.,130.092170429924,-73.8157423384549));
#17664=CARTESIAN_POINT('',(69.,133.092170429925,-78.8157423384562));
#17665=CARTESIAN_POINT('Origin',(66.,-17.9078295700761,-87.8157423384552));
#17666=CARTESIAN_POINT('',(66.,-20.9078295700746,-90.8157423384552));
#17667=CARTESIAN_POINT('Origin',(66.,-20.9078295700746,-87.8157423384552));
#17668=CARTESIAN_POINT('',(66.,-16.9078295700746,-90.8157423384552));
#17669=CARTESIAN_POINT('Origin',(66.,-16.9078295700746,-87.8157423384552));
#17670=CARTESIAN_POINT('',(66.,-17.9078295700761,-90.8157423384552));
#17671=CARTESIAN_POINT('Origin',(69.,-16.9078295700746,-87.8157423384571));
#17672=CARTESIAN_POINT('',(63.,-16.9078295700746,-90.8157423384552));
#17673=CARTESIAN_POINT('',(63.,-16.9078295700746,-100.215742338446));
#17674=CARTESIAN_POINT('',(69.,-16.9078295700746,-90.8157423384552));
#17675=CARTESIAN_POINT('Origin',(63.,86.79217042987,-112.615742338435));
#17676=CARTESIAN_POINT('',(63.,25.3409077714,-158.380061470835));
#17677=CARTESIAN_POINT('',(63.,52.4421704298705,-158.380061470835));
#17678=CARTESIAN_POINT('',(63.,12.6836963881608,-163.622850087596));
#17679=CARTESIAN_POINT('Origin',(63.,25.3409077714,-176.280061470835));
#17680=CARTESIAN_POINT('',(63.,-7.06504095336842,-183.371587429125));
#17681=CARTESIAN_POINT('',(63.,31.525407500496,-144.781138975261));
#17682=CARTESIAN_POINT('',(63.,-19.1565669116584,-188.380061470835));
#17683=CARTESIAN_POINT('Origin',(63.,-19.1565669116584,-171.280061470835));
#17684=CARTESIAN_POINT('',(63.,-42.0078295701307,-188.380061470835));
#17685=CARTESIAN_POINT('',(63.,13.6421704298696,-188.380061470835));
#17686=CARTESIAN_POINT('',(63.,-59.1078295701307,-171.280061470835));
#17687=CARTESIAN_POINT('Origin',(63.,-42.0078295701307,-171.280061470835));
#17688=CARTESIAN_POINT('',(63.,-59.1078295701307,-53.9514232060348));
#17689=CARTESIAN_POINT('',(63.,-59.1078295701307,-74.5335827722348));
#17690=CARTESIAN_POINT('',(63.,-42.0078295701307,-36.8514232060349));
#17691=CARTESIAN_POINT('Origin',(63.,-42.0078295701307,-53.9514232060348));
#17692=CARTESIAN_POINT('',(63.,-19.1565669116585,-36.8514232060348));
#17693=CARTESIAN_POINT('',(63.,37.4421704298704,-36.8514232060349));
#17694=CARTESIAN_POINT('',(63.,-7.06504095336852,-41.8598972477449));
#17695=CARTESIAN_POINT('Origin',(63.,-19.1565669116585,-53.9514232060348));
#17696=CARTESIAN_POINT('',(63.,12.6836963881608,-61.6086345892741));
#17697=CARTESIAN_POINT('',(63.,46.5254075004961,-95.4503457016093));
#17698=CARTESIAN_POINT('',(63.,25.3409077714,-66.8514232060349));
#17699=CARTESIAN_POINT('Origin',(63.,25.3409077714,-48.9514232060349));
#17700=CARTESIAN_POINT('',(63.,116.442170429869,-66.8514232060349));
#17701=CARTESIAN_POINT('',(63.,133.092170429925,-70.8157423384549));
#17702=CARTESIAN_POINT('',(63.,133.092170429925,-94.7157423384457));
#17703=CARTESIAN_POINT('',(63.,129.092170429925,-70.8157423384549));
#17704=CARTESIAN_POINT('',(63.,107.942170429898,-70.8157423384549));
#17705=CARTESIAN_POINT('',(63.,129.092170429925,-93.2157423384449));
#17706=CARTESIAN_POINT('',(63.,83.0921704299254,-70.8157423384549));
#17707=CARTESIAN_POINT('',(63.,83.0921704299254,-94.7157423384457));
#17708=CARTESIAN_POINT('',(63.,79.0921704299254,-70.8157423384549));
#17709=CARTESIAN_POINT('',(63.,82.9421704298977,-70.8157423384549));
#17710=CARTESIAN_POINT('',(63.,79.0921704299254,-93.2157423384449));
#17711=CARTESIAN_POINT('',(63.,33.0921704299254,-70.8157423384549));
#17712=CARTESIAN_POINT('',(63.,33.0921704299254,-94.7157423384457));
#17713=CARTESIAN_POINT('',(63.,29.0921704299254,-70.8157423384549));
#17714=CARTESIAN_POINT('',(63.,57.9421704298977,-70.8157423384549));
#17715=CARTESIAN_POINT('',(63.,29.0921704299254,-93.2157423384449));
#17716=CARTESIAN_POINT('',(63.,-16.9078295700746,-70.8157423384549));
#17717=CARTESIAN_POINT('',(63.,-16.9078295700746,-94.7157423384457));
#17718=CARTESIAN_POINT('',(63.,32.9421704298977,-70.8157423384549));
#17719=CARTESIAN_POINT('Origin',(63.,-26.194557709687,-80.8157423384106));
#17720=CARTESIAN_POINT('',(63.,-20.9078295700746,-90.8157423384552));
#17721=CARTESIAN_POINT('',(63.,-20.9078295700746,-101.715742338445));
#17722=CARTESIAN_POINT('',(63.,34.9421704298977,-90.8157423384552));
#17723=CARTESIAN_POINT('',(63.,29.0921704299254,-90.8157423384552));
#17724=CARTESIAN_POINT('',(63.,29.0921704299254,-101.715742338445));
#17725=CARTESIAN_POINT('',(63.,33.0921704299254,-90.8157423384552));
#17726=CARTESIAN_POINT('',(63.,59.9421704298977,-90.8157423384552));
#17727=CARTESIAN_POINT('',(63.,33.0921704299254,-100.215742338446));
#17728=CARTESIAN_POINT('',(63.,79.0921704299254,-90.8157423384552));
#17729=CARTESIAN_POINT('',(63.,79.0921704299254,-101.715742338445));
#17730=CARTESIAN_POINT('',(63.,83.0921704299254,-90.8157423384552));
#17731=CARTESIAN_POINT('',(63.,84.9421704298977,-90.8157423384552));
#17732=CARTESIAN_POINT('',(63.,83.0921704299254,-100.215742338446));
#17733=CARTESIAN_POINT('',(63.,129.092170429925,-90.8157423384552));
#17734=CARTESIAN_POINT('',(63.,129.092170429925,-101.715742338445));
#17735=CARTESIAN_POINT('',(63.,133.092170429925,-90.8157423384552));
#17736=CARTESIAN_POINT('',(63.,109.942170429898,-90.8157423384552));
#17737=CARTESIAN_POINT('',(63.,133.092170429925,-100.215742338446));
#17738=CARTESIAN_POINT('',(63.,62.0921704298696,-110.615742338435));
#17739=CARTESIAN_POINT('',(63.,102.09217042987,-110.615742338435));
#17740=CARTESIAN_POINT('',(63.,94.4421704298698,-110.615742338435));
#17741=CARTESIAN_POINT('',(63.,62.0921704298696,-114.615742338435));
#17742=CARTESIAN_POINT('Origin',(63.,62.0921704298696,-112.615742338435));
#17743=CARTESIAN_POINT('',(63.,102.09217042987,-114.615742338435));
#17744=CARTESIAN_POINT('',(63.,74.4421704298698,-114.615742338435));
#17745=CARTESIAN_POINT('Origin',(63.,102.09217042987,-112.615742338435));
#17746=CARTESIAN_POINT('',(63.,-43.9078295700865,-71.1407423384349));
#17747=CARTESIAN_POINT('Origin',(63.,-43.9078295700865,-77.6157423384349));
#17748=CARTESIAN_POINT('',(63.,-43.9078295700865,-141.140742338435));
#17749=CARTESIAN_POINT('Origin',(63.,-43.9078295700865,-147.615742338435));
#17750=CARTESIAN_POINT('',(63.,-12.9078295701304,-110.615742338435));
#17751=CARTESIAN_POINT('',(63.,27.0921704298696,-110.615742338435));
#17752=CARTESIAN_POINT('',(63.,56.9421704298698,-110.615742338435));
#17753=CARTESIAN_POINT('',(63.,-12.9078295701304,-114.615742338435));
#17754=CARTESIAN_POINT('Origin',(63.,-12.9078295701304,-112.615742338435));
#17755=CARTESIAN_POINT('',(63.,27.0921704298696,-114.615742338435));
#17756=CARTESIAN_POINT('',(63.,36.9421704298698,-114.615742338435));
#17757=CARTESIAN_POINT('Origin',(63.,27.0921704298696,-112.615742338435));
#17758=CARTESIAN_POINT('Origin',(69.,-20.9078295700746,-90.8157423384552));
#17759=CARTESIAN_POINT('',(69.,-20.9078295700746,-90.8157423384552));
#17760=CARTESIAN_POINT('Origin',(69.,-16.9078295700746,-90.8157423384552));
#17761=CARTESIAN_POINT('Origin',(69.,-16.9078295700746,-70.8157423384549));
#17762=CARTESIAN_POINT('',(69.,-16.9078295700746,-70.8157423384549));
#17763=CARTESIAN_POINT('Origin',(69.,-20.9078295700746,-70.8157423384549));
#17764=CARTESIAN_POINT('Origin',(67.,31.0921704299224,-80.815742338456));
#17765=CARTESIAN_POINT('',(67.,29.0921704299254,-74.8157423384549));
#17766=CARTESIAN_POINT('',(67.,33.0921704299254,-74.8157423384549));
#17767=CARTESIAN_POINT('',(67.,32.0921704299239,-74.8157423384549));
#17768=CARTESIAN_POINT('',(67.,29.0921704299254,-77.3157423384555));
#17769=CARTESIAN_POINT('',(67.,33.0921704299254,-78.8157423384562));
#17770=CARTESIAN_POINT('Origin',(67.,31.0921704299224,-80.815742338456));
#17771=CARTESIAN_POINT('',(67.,33.0921704299254,-86.8157423384571));
#17772=CARTESIAN_POINT('',(67.,29.0921704299254,-86.8157423384537));
#17773=CARTESIAN_POINT('',(67.,30.0921704299189,-86.8157423384546));
#17774=CARTESIAN_POINT('',(67.,33.0921704299254,-84.3157423384565));
#17775=CARTESIAN_POINT('',(67.,29.0921704299254,-82.8157423384554));
#17776=CARTESIAN_POINT('Origin',(66.,30.0921704299189,-86.8157423384546));
#17777=CARTESIAN_POINT('',(65.,29.0921704299254,-86.8157423384537));
#17778=CARTESIAN_POINT('Origin',(66.,29.0921704299287,-86.8157423384537));
#17779=CARTESIAN_POINT('',(65.,33.0921704299254,-86.8157423384571));
#17780=CARTESIAN_POINT('',(65.,30.0921704299189,-86.8157423384546));
#17781=CARTESIAN_POINT('Origin',(66.,33.0921704299262,-86.8157423384571));
#17782=CARTESIAN_POINT('Origin',(65.,31.0921704299224,-80.815742338456));
#17783=CARTESIAN_POINT('',(65.,29.0921704299254,-82.8157423384554));
#17784=CARTESIAN_POINT('',(65.,33.0921704299254,-84.3157423384565));
#17785=CARTESIAN_POINT('Origin',(66.,32.0921704299239,-74.8157423384549));
#17786=CARTESIAN_POINT('',(65.,33.0921704299254,-74.8157423384549));
#17787=CARTESIAN_POINT('Origin',(66.,33.0921704299254,-74.8157423384549));
#17788=CARTESIAN_POINT('',(65.,29.0921704299254,-74.8157423384549));
#17789=CARTESIAN_POINT('',(65.,32.0921704299239,-74.8157423384549));
#17790=CARTESIAN_POINT('Origin',(66.,29.0921704299254,-74.8157423384549));
#17791=CARTESIAN_POINT('Origin',(65.,31.0921704299224,-80.815742338456));
#17792=CARTESIAN_POINT('',(65.,33.0921704299254,-78.8157423384562));
#17793=CARTESIAN_POINT('',(65.,29.0921704299254,-77.3157423384555));
#17794=CARTESIAN_POINT('Origin',(66.,30.0921704299239,-73.8157423384549));
#17795=CARTESIAN_POINT('',(66.,29.0921704299254,-70.8157423384549));
#17796=CARTESIAN_POINT('Origin',(66.,29.0921704299254,-73.8157423384549));
#17797=CARTESIAN_POINT('',(66.,33.0921704299254,-70.8157423384549));
#17798=CARTESIAN_POINT('',(66.,30.0921704299239,-70.8157423384549));
#17799=CARTESIAN_POINT('Origin',(66.,33.0921704299254,-73.8157423384549));
#17800=CARTESIAN_POINT('Origin',(69.,29.0921704299254,-73.8157423384549));
#17801=CARTESIAN_POINT('',(69.,29.0921704299254,-70.8157423384549));
#17802=CARTESIAN_POINT('Origin',(66.,32.0921704299239,-87.8157423384552));
#17803=CARTESIAN_POINT('',(66.,29.0921704299254,-90.8157423384552));
#17804=CARTESIAN_POINT('Origin',(66.,29.0921704299254,-87.8157423384552));
#17805=CARTESIAN_POINT('',(66.,33.0921704299254,-90.8157423384552));
#17806=CARTESIAN_POINT('Origin',(66.,33.0921704299254,-87.8157423384552));
#17807=CARTESIAN_POINT('',(66.,32.0921704299239,-90.8157423384552));
#17808=CARTESIAN_POINT('Origin',(69.,33.0921704299254,-87.8157423384571));
#17809=CARTESIAN_POINT('',(69.,33.0921704299254,-90.8157423384552));
#17810=CARTESIAN_POINT('Origin',(69.,29.0921704299254,-90.8157423384552));
#17811=CARTESIAN_POINT('',(69.,29.0921704299254,-90.8157423384552));
#17812=CARTESIAN_POINT('Origin',(69.,33.0921704299254,-90.8157423384552));
#17813=CARTESIAN_POINT('Origin',(69.,33.0921704299254,-70.8157423384549));
#17814=CARTESIAN_POINT('',(69.,33.0921704299254,-70.8157423384549));
#17815=CARTESIAN_POINT('Origin',(69.,29.0921704299254,-70.8157423384549));
#17816=CARTESIAN_POINT('Origin',(67.,131.092170429922,-80.815742338456));
#17817=CARTESIAN_POINT('',(67.,129.092170429925,-74.8157423384549));
#17818=CARTESIAN_POINT('',(67.,133.092170429925,-74.8157423384549));
#17819=CARTESIAN_POINT('',(67.,132.092170429924,-74.8157423384549));
#17820=CARTESIAN_POINT('',(67.,129.092170429925,-77.3157423384555));
#17821=CARTESIAN_POINT('',(67.,133.092170429925,-78.8157423384562));
#17822=CARTESIAN_POINT('Origin',(67.,131.092170429922,-80.815742338456));
#17823=CARTESIAN_POINT('',(67.,133.092170429925,-86.8157423384571));
#17824=CARTESIAN_POINT('',(67.,129.092170429925,-86.8157423384537));
#17825=CARTESIAN_POINT('',(67.,130.092170429919,-86.8157423384546));
#17826=CARTESIAN_POINT('',(67.,133.092170429925,-84.3157423384565));
#17827=CARTESIAN_POINT('',(67.,129.092170429925,-82.8157423384554));
#17828=CARTESIAN_POINT('Origin',(66.,130.092170429919,-86.8157423384546));
#17829=CARTESIAN_POINT('',(65.,129.092170429925,-86.8157423384537));
#17830=CARTESIAN_POINT('Origin',(66.,129.092170429929,-86.8157423384537));
#17831=CARTESIAN_POINT('',(65.,133.092170429925,-86.8157423384571));
#17832=CARTESIAN_POINT('',(65.,130.092170429919,-86.8157423384546));
#17833=CARTESIAN_POINT('Origin',(66.,133.092170429926,-86.8157423384571));
#17834=CARTESIAN_POINT('Origin',(65.,131.092170429922,-80.815742338456));
#17835=CARTESIAN_POINT('',(65.,129.092170429925,-82.8157423384554));
#17836=CARTESIAN_POINT('',(65.,133.092170429925,-84.3157423384565));
#17837=CARTESIAN_POINT('Origin',(66.,132.092170429924,-74.8157423384549));
#17838=CARTESIAN_POINT('',(65.,133.092170429925,-74.8157423384549));
#17839=CARTESIAN_POINT('Origin',(66.,133.092170429925,-74.8157423384549));
#17840=CARTESIAN_POINT('',(65.,129.092170429925,-74.8157423384549));
#17841=CARTESIAN_POINT('',(65.,132.092170429924,-74.8157423384549));
#17842=CARTESIAN_POINT('Origin',(66.,129.092170429925,-74.8157423384549));
#17843=CARTESIAN_POINT('Origin',(65.,131.092170429922,-80.815742338456));
#17844=CARTESIAN_POINT('',(65.,133.092170429925,-78.8157423384562));
#17845=CARTESIAN_POINT('',(65.,129.092170429925,-77.3157423384555));
#17846=CARTESIAN_POINT('Origin',(66.,130.092170429924,-73.8157423384549));
#17847=CARTESIAN_POINT('',(66.,129.092170429925,-70.8157423384549));
#17848=CARTESIAN_POINT('Origin',(66.,129.092170429925,-73.8157423384549));
#17849=CARTESIAN_POINT('',(66.,133.092170429925,-70.8157423384549));
#17850=CARTESIAN_POINT('',(66.,130.092170429924,-70.8157423384549));
#17851=CARTESIAN_POINT('Origin',(66.,133.092170429925,-73.8157423384549));
#17852=CARTESIAN_POINT('Origin',(69.,129.092170429925,-73.8157423384549));
#17853=CARTESIAN_POINT('',(69.,129.092170429925,-70.8157423384549));
#17854=CARTESIAN_POINT('Origin',(66.,132.092170429924,-87.8157423384552));
#17855=CARTESIAN_POINT('',(66.,133.092170429925,-90.8157423384552));
#17856=CARTESIAN_POINT('Origin',(66.,133.092170429925,-87.8157423384552));
#17857=CARTESIAN_POINT('',(66.,129.092170429925,-90.8157423384552));
#17858=CARTESIAN_POINT('',(66.,132.092170429924,-90.8157423384552));
#17859=CARTESIAN_POINT('Origin',(66.,129.092170429925,-87.8157423384552));
#17860=CARTESIAN_POINT('Origin',(69.,133.092170429925,-87.8157423384571));
#17861=CARTESIAN_POINT('',(69.,133.092170429925,-90.8157423384552));
#17862=CARTESIAN_POINT('Origin',(69.,129.092170429925,-90.8157423384552));
#17863=CARTESIAN_POINT('',(69.,129.092170429925,-90.8157423384552));
#17864=CARTESIAN_POINT('Origin',(69.,133.092170429925,-90.8157423384552));
#17865=CARTESIAN_POINT('Origin',(69.,133.092170429925,-70.8157423384549));
#17866=CARTESIAN_POINT('',(69.,133.092170429925,-70.8157423384549));
#17867=CARTESIAN_POINT('Origin',(69.,129.092170429925,-70.8157423384549));
#17868=CARTESIAN_POINT('Origin',(67.,81.0921704299224,-80.815742338456));
#17869=CARTESIAN_POINT('',(67.,79.0921704299254,-74.8157423384549));
#17870=CARTESIAN_POINT('',(67.,83.0921704299254,-74.8157423384549));
#17871=CARTESIAN_POINT('',(67.,82.0921704299239,-74.8157423384549));
#17872=CARTESIAN_POINT('',(67.,79.0921704299254,-77.3157423384555));
#17873=CARTESIAN_POINT('',(67.,83.0921704299254,-78.8157423384562));
#17874=CARTESIAN_POINT('Origin',(67.,81.0921704299224,-80.815742338456));
#17875=CARTESIAN_POINT('',(67.,83.0921704299254,-86.8157423384571));
#17876=CARTESIAN_POINT('',(67.,79.0921704299254,-86.8157423384537));
#17877=CARTESIAN_POINT('',(67.,80.0921704299189,-86.8157423384546));
#17878=CARTESIAN_POINT('',(67.,83.0921704299254,-84.3157423384565));
#17879=CARTESIAN_POINT('',(67.,79.0921704299254,-82.8157423384554));
#17880=CARTESIAN_POINT('Origin',(66.,80.0921704299189,-86.8157423384546));
#17881=CARTESIAN_POINT('',(65.,79.0921704299254,-86.8157423384537));
#17882=CARTESIAN_POINT('Origin',(66.,79.0921704299287,-86.8157423384537));
#17883=CARTESIAN_POINT('',(65.,83.0921704299254,-86.8157423384571));
#17884=CARTESIAN_POINT('',(65.,80.0921704299189,-86.8157423384546));
#17885=CARTESIAN_POINT('Origin',(66.,83.0921704299262,-86.8157423384571));
#17886=CARTESIAN_POINT('Origin',(65.,81.0921704299224,-80.815742338456));
#17887=CARTESIAN_POINT('',(65.,79.0921704299254,-82.8157423384554));
#17888=CARTESIAN_POINT('',(65.,83.0921704299254,-84.3157423384565));
#17889=CARTESIAN_POINT('Origin',(66.,82.0921704299239,-74.8157423384549));
#17890=CARTESIAN_POINT('',(65.,83.0921704299254,-74.8157423384549));
#17891=CARTESIAN_POINT('Origin',(66.,83.0921704299254,-74.8157423384549));
#17892=CARTESIAN_POINT('',(65.,79.0921704299254,-74.8157423384549));
#17893=CARTESIAN_POINT('',(65.,82.0921704299239,-74.8157423384549));
#17894=CARTESIAN_POINT('Origin',(66.,79.0921704299254,-74.8157423384549));
#17895=CARTESIAN_POINT('Origin',(65.,81.0921704299224,-80.815742338456));
#17896=CARTESIAN_POINT('',(65.,83.0921704299254,-78.8157423384562));
#17897=CARTESIAN_POINT('',(65.,79.0921704299254,-77.3157423384555));
#17898=CARTESIAN_POINT('Origin',(66.,80.0921704299239,-73.8157423384549));
#17899=CARTESIAN_POINT('',(66.,79.0921704299254,-70.8157423384549));
#17900=CARTESIAN_POINT('Origin',(66.,79.0921704299254,-73.8157423384549));
#17901=CARTESIAN_POINT('',(66.,83.0921704299254,-70.8157423384549));
#17902=CARTESIAN_POINT('',(66.,80.0921704299239,-70.8157423384549));
#17903=CARTESIAN_POINT('Origin',(66.,83.0921704299254,-73.8157423384549));
#17904=CARTESIAN_POINT('Origin',(69.,79.0921704299254,-73.8157423384549));
#17905=CARTESIAN_POINT('',(69.,79.0921704299254,-70.8157423384549));
#17906=CARTESIAN_POINT('Origin',(66.,82.0921704299239,-87.8157423384552));
#17907=CARTESIAN_POINT('',(66.,83.0921704299254,-90.8157423384552));
#17908=CARTESIAN_POINT('Origin',(66.,83.0921704299254,-87.8157423384552));
#17909=CARTESIAN_POINT('',(66.,79.0921704299254,-90.8157423384552));
#17910=CARTESIAN_POINT('',(66.,82.0921704299239,-90.8157423384552));
#17911=CARTESIAN_POINT('Origin',(66.,79.0921704299254,-87.8157423384552));
#17912=CARTESIAN_POINT('Origin',(69.,83.0921704299254,-87.8157423384571));
#17913=CARTESIAN_POINT('',(69.,83.0921704299254,-90.8157423384552));
#17914=CARTESIAN_POINT('Origin',(69.,79.0921704299254,-90.8157423384552));
#17915=CARTESIAN_POINT('',(69.,79.0921704299254,-90.8157423384552));
#17916=CARTESIAN_POINT('Origin',(69.,83.0921704299254,-90.8157423384552));
#17917=CARTESIAN_POINT('Origin',(69.,83.0921704299254,-70.8157423384549));
#17918=CARTESIAN_POINT('',(69.,83.0921704299254,-70.8157423384549));
#17919=CARTESIAN_POINT('Origin',(69.,79.0921704299254,-70.8157423384549));
#17920=CARTESIAN_POINT('Origin',(69.,-26.194557709687,-80.8157423384106));
#17921=CARTESIAN_POINT('Origin',(70.8,27.0921704298696,-112.615742338435));
#17922=CARTESIAN_POINT('',(70.6,27.0921702787928,-115.715742338435));
#17923=CARTESIAN_POINT('',(70.6,27.0921702787928,-115.715742338435));
#17924=CARTESIAN_POINT('',(70.6,27.0921704776544,-109.515742338435));
#17925=CARTESIAN_POINT('',(71.,27.0921704838202,-109.115742338435));
#17926=CARTESIAN_POINT('Origin',(70.6,27.0921704298696,-112.615742338435));
#17927=CARTESIAN_POINT('Origin',(70.8,36.9421723061742,-115.915742338435));
#17928=CARTESIAN_POINT('',(70.6,-12.9078258175215,-115.715742338435));
#17929=CARTESIAN_POINT('',(70.6,-12.9078258175215,-115.715742338435));
#17930=CARTESIAN_POINT('',(70.6,36.9421723061742,-115.715742338435));
#17931=CARTESIAN_POINT('Origin',(70.8,-12.9078295701304,-112.615742338435));
#17932=CARTESIAN_POINT('',(70.6,-12.9078258175215,-109.515742338435));
#17933=CARTESIAN_POINT('',(70.6,-12.9078258175215,-109.515742338435));
#17934=CARTESIAN_POINT('Origin',(70.6,-12.9078295701304,-112.615742338435));
#17935=CARTESIAN_POINT('Origin',(70.8,56.9421704537622,-109.315742338435));
#17936=CARTESIAN_POINT('',(70.6,56.9421704537622,-109.515742338435));
#17937=CARTESIAN_POINT('Origin',(65.,-12.9078258175215,-115.715742338435));
#17938=CARTESIAN_POINT('',(65.,27.0921702787928,-115.715742338435));
#17939=CARTESIAN_POINT('',(65.,27.0921702787928,-115.715742338435));
#17940=CARTESIAN_POINT('',(65.,-12.9078258175215,-115.715742338435));
#17941=CARTESIAN_POINT('',(65.,-2.90782769382652,-115.715742338435));
#17942=CARTESIAN_POINT('',(65.,-12.9078258175215,-115.715742338435));
#17943=CARTESIAN_POINT('Origin',(65.,27.0921704298696,-112.615742338435));
#17944=CARTESIAN_POINT('',(65.,27.0921704776544,-109.515742338435));
#17945=CARTESIAN_POINT('',(65.,27.0921704776544,-109.515742338435));
#17946=CARTESIAN_POINT('Origin',(65.,27.0921704298696,-112.615742338435));
#17947=CARTESIAN_POINT('Origin',(70.8,102.09217042987,-112.615742338435));
#17948=CARTESIAN_POINT('',(70.6,102.092170278793,-115.715742338435));
#17949=CARTESIAN_POINT('',(70.6,102.092170278793,-115.715742338435));
#17950=CARTESIAN_POINT('',(70.6,102.092170477654,-109.515742338435));
#17951=CARTESIAN_POINT('',(71.,102.09217048382,-109.115742338435));
#17952=CARTESIAN_POINT('Origin',(70.6,102.09217042987,-112.615742338435));
#17953=CARTESIAN_POINT('Origin',(70.8,74.4421723061742,-115.915742338435));
#17954=CARTESIAN_POINT('',(70.6,62.0921741824785,-115.715742338435));
#17955=CARTESIAN_POINT('',(70.6,62.0921741824785,-115.715742338435));
#17956=CARTESIAN_POINT('',(70.6,74.4421723061742,-115.715742338435));
#17957=CARTESIAN_POINT('Origin',(70.8,62.0921704298696,-112.615742338435));
#17958=CARTESIAN_POINT('',(70.6,62.0921741824785,-109.515742338435));
#17959=CARTESIAN_POINT('',(70.6,62.0921741824785,-109.515742338435));
#17960=CARTESIAN_POINT('Origin',(70.6,62.0921704298696,-112.615742338435));
#17961=CARTESIAN_POINT('Origin',(70.8,94.4421704537622,-109.315742338435));
#17962=CARTESIAN_POINT('',(70.6,94.4421704537622,-109.515742338435));
#17963=CARTESIAN_POINT('Origin',(65.,62.0921741824785,-115.715742338435));
#17964=CARTESIAN_POINT('',(65.,102.092170278793,-115.715742338435));
#17965=CARTESIAN_POINT('',(65.,102.092170278793,-115.715742338435));
#17966=CARTESIAN_POINT('',(65.,62.0921741824785,-115.715742338435));
#17967=CARTESIAN_POINT('',(65.,72.0921723061735,-115.715742338435));
#17968=CARTESIAN_POINT('',(65.,62.0921741824785,-115.715742338435));
#17969=CARTESIAN_POINT('Origin',(65.,102.09217042987,-112.615742338435));
#17970=CARTESIAN_POINT('',(65.,102.092170477654,-109.515742338435));
#17971=CARTESIAN_POINT('',(65.,102.092170477654,-109.515742338435));
#17972=CARTESIAN_POINT('Origin',(65.,102.09217042987,-112.615742338435));
#17973=CARTESIAN_POINT('Origin',(70.8,116.442170429869,-66.6514232060349));
#17974=CARTESIAN_POINT('',(70.6,25.3409077714,-66.4514232060349));
#17975=CARTESIAN_POINT('',(70.6,116.442170429869,-66.4514232060349));
#17976=CARTESIAN_POINT('',(70.6,25.3409077714,-66.4514232060349));
#17977=CARTESIAN_POINT('Origin',(70.8,25.3409077714,-48.9514232060349));
#17978=CARTESIAN_POINT('',(70.6,12.9665391006355,-61.3257918767995));
#17979=CARTESIAN_POINT('',(70.6,12.9665391006355,-61.3257918767995));
#17980=CARTESIAN_POINT('Origin',(70.6,25.3409077714,-48.9514232060349));
#17981=CARTESIAN_POINT('Origin',(70.8,46.6668288567334,-95.3089243453719));
#17982=CARTESIAN_POINT('',(70.6,-6.78219824089389,-41.5770545352702));
#17983=CARTESIAN_POINT('',(70.6,46.8082502129707,-95.1675029891346));
#17984=CARTESIAN_POINT('',(70.6,-6.78219824089389,-41.5770545352702));
#17985=CARTESIAN_POINT('Origin',(70.8,-19.1565669116585,-53.9514232060348));
#17986=CARTESIAN_POINT('',(70.6,-19.1565669116585,-36.4514232060348));
#17987=CARTESIAN_POINT('',(70.6,-19.1565669116585,-36.4514232060348));
#17988=CARTESIAN_POINT('Origin',(70.6,-19.1565669116585,-53.9514232060348));
#17989=CARTESIAN_POINT('Origin',(70.8,37.4421704298704,-36.6514232060349));
#17990=CARTESIAN_POINT('',(70.6,-42.0078295701307,-36.4514232060348));
#17991=CARTESIAN_POINT('',(70.6,37.4421704298704,-36.4514232060349));
#17992=CARTESIAN_POINT('',(70.6,-42.0078295701307,-36.4514232060348));
#17993=CARTESIAN_POINT('Origin',(70.8,-42.0078295701307,-53.9514232060348));
#17994=CARTESIAN_POINT('',(70.6,-59.5078295701307,-53.9514232060348));
#17995=CARTESIAN_POINT('',(70.6,-59.5078295701307,-53.9514232060348));
#17996=CARTESIAN_POINT('Origin',(70.6,-42.0078295701307,-53.9514232060348));
#17997=CARTESIAN_POINT('Origin',(70.8,-59.3078295701307,-74.5335827722348));
#17998=CARTESIAN_POINT('',(70.6,-59.5078295701307,-171.280061470835));
#17999=CARTESIAN_POINT('',(70.6,-59.5078295701307,-74.5335827722348));
#18000=CARTESIAN_POINT('',(70.6,-59.5078295701307,-171.280061470835));
#18001=CARTESIAN_POINT('Origin',(70.8,-42.0078295701307,-171.280061470835));
#18002=CARTESIAN_POINT('',(70.6,-42.0078295701307,-188.780061470835));
#18003=CARTESIAN_POINT('',(70.6,-42.0078295701307,-188.780061470835));
#18004=CARTESIAN_POINT('Origin',(70.6,-42.0078295701307,-171.280061470835));
#18005=CARTESIAN_POINT('Origin',(70.8,13.6421704298696,-188.580061470835));
#18006=CARTESIAN_POINT('',(70.6,-19.1565669116584,-188.780061470835));
#18007=CARTESIAN_POINT('',(70.6,13.6421704298696,-188.780061470835));
#18008=CARTESIAN_POINT('',(70.6,-19.1565669116584,-188.780061470835));
#18009=CARTESIAN_POINT('Origin',(70.8,-19.1565669116584,-171.280061470835));
#18010=CARTESIAN_POINT('',(70.6,-6.78219824089379,-183.654430141599));
#18011=CARTESIAN_POINT('',(70.6,-6.78219824089379,-183.654430141599));
#18012=CARTESIAN_POINT('Origin',(70.6,-19.1565669116584,-171.280061470835));
#18013=CARTESIAN_POINT('Origin',(70.8,31.6668288567333,-144.922560331498));
#18014=CARTESIAN_POINT('',(70.6,12.9665391006354,-163.90569280007));
#18015=CARTESIAN_POINT('',(70.6,31.8082502129706,-145.063981687735));
#18016=CARTESIAN_POINT('',(70.6,12.9665391006354,-163.90569280007));
#18017=CARTESIAN_POINT('Origin',(70.8,25.3409077714,-176.280061470835));
#18018=CARTESIAN_POINT('',(70.6,25.3409077714,-158.780061470835));
#18019=CARTESIAN_POINT('Origin',(70.6,25.3409077714,-176.280061470835));
#18020=CARTESIAN_POINT('Origin',(70.8,52.4421704298705,-158.580061470835));
#18021=CARTESIAN_POINT('Origin',(71.,18.0921704298709,-66.4514232060349));
#18022=CARTESIAN_POINT('',(63.4,12.9665391006355,-61.3257918767995));
#18023=CARTESIAN_POINT('',(71.,12.9665391006355,-61.3257918767995));
#18024=CARTESIAN_POINT('',(63.4,-6.78219824089389,-41.5770545352702));
#18025=CARTESIAN_POINT('',(63.4,46.8082502129707,-95.1675029891346));
#18026=CARTESIAN_POINT('',(71.,-6.78219824089389,-41.5770545352702));
#18027=CARTESIAN_POINT('Origin',(71.,25.3409077714,-48.9514232060349));
#18028=CARTESIAN_POINT('',(63.4,25.3409077714,-66.4514232060349));
#18029=CARTESIAN_POINT('',(71.,25.3409077714,-66.4514232060349));
#18030=CARTESIAN_POINT('Origin',(63.4,25.3409077714,-48.9514232060349));
#18031=CARTESIAN_POINT('Origin',(71.,146.092170429868,-66.4514232060349));
#18032=CARTESIAN_POINT('',(63.4,116.442170429869,-66.4514232060349));
#18033=CARTESIAN_POINT('Origin',(70.8,-43.9078295700865,-147.615742338435));
#18034=CARTESIAN_POINT('',(70.6,-43.9078295700865,-141.540742338435));
#18035=CARTESIAN_POINT('Origin',(70.6,-43.9078295700865,-147.615742338435));
#18036=CARTESIAN_POINT('',(70.8,-43.9078295700865,-141.340742338435));
#18037=CARTESIAN_POINT('Origin',(71.,-43.9078295700865,-147.615742338435));
#18038=CARTESIAN_POINT('',(63.4,-43.9078295700865,-141.540742338435));
#18039=CARTESIAN_POINT('Origin',(63.4,-43.9078295700865,-147.615742338435));
#18040=CARTESIAN_POINT('',(71.,-43.9078295700865,-141.540742338435));
#18041=CARTESIAN_POINT('Origin',(70.8,-43.9078295700865,-77.6157423384349));
#18042=CARTESIAN_POINT('',(70.6,-43.9078295700865,-71.5407423384349));
#18043=CARTESIAN_POINT('Origin',(70.6,-43.9078295700865,-77.6157423384349));
#18044=CARTESIAN_POINT('',(70.8,-43.9078295700865,-71.3407423384349));
#18045=CARTESIAN_POINT('Origin',(71.,-43.9078295700865,-77.6157423384349));
#18046=CARTESIAN_POINT('',(63.4,-43.9078295700865,-71.5407423384349));
#18047=CARTESIAN_POINT('Origin',(63.4,-43.9078295700865,-77.6157423384349));
#18048=CARTESIAN_POINT('',(71.,-43.9078295700865,-71.5407423384349));
#18049=CARTESIAN_POINT('Origin',(63.2,94.4421704298698,-110.815742338435));
#18050=CARTESIAN_POINT('',(63.4,62.0921704298696,-111.015742338435));
#18051=CARTESIAN_POINT('',(63.4,62.0921704298696,-111.015742338435));
#18052=CARTESIAN_POINT('',(63.4,102.09217042987,-111.015742338435));
#18053=CARTESIAN_POINT('',(63.,102.09217042987,-110.615742338435));
#18054=CARTESIAN_POINT('',(63.4,94.4421704298698,-111.015742338435));
#18055=CARTESIAN_POINT('Origin',(63.2,62.0921704298696,-112.615742338435));
#18056=CARTESIAN_POINT('',(63.4,62.0921704298696,-114.215742338435));
#18057=CARTESIAN_POINT('',(63.4,62.0921704298696,-114.215742338435));
#18058=CARTESIAN_POINT('Origin',(63.4,62.0921704298696,-112.615742338435));
#18059=CARTESIAN_POINT('Origin',(63.2,74.4421704298698,-114.415742338435));
#18060=CARTESIAN_POINT('',(63.4,102.09217042987,-114.215742338435));
#18061=CARTESIAN_POINT('',(63.4,102.09217042987,-114.215742338435));
#18062=CARTESIAN_POINT('',(63.4,74.4421704298698,-114.215742338435));
#18063=CARTESIAN_POINT('Origin',(63.2,102.09217042987,-112.615742338435));
#18064=CARTESIAN_POINT('Origin',(63.4,102.09217042987,-112.615742338435));
#18065=CARTESIAN_POINT('Origin',(63.,62.0921704298696,-112.615742338435));
#18066=CARTESIAN_POINT('',(65.,62.0921704298696,-111.015742338435));
#18067=CARTESIAN_POINT('',(63.,62.0921704298696,-111.015742338435));
#18068=CARTESIAN_POINT('',(65.,62.0921704298696,-114.215742338435));
#18069=CARTESIAN_POINT('Origin',(65.,62.0921704298696,-112.615742338435));
#18070=CARTESIAN_POINT('',(63.,62.0921704298696,-114.215742338435));
#18071=CARTESIAN_POINT('Origin',(63.,102.09217042987,-111.015742338435));
#18072=CARTESIAN_POINT('',(65.,102.09217042987,-111.015742338435));
#18073=CARTESIAN_POINT('',(63.,102.09217042987,-111.015742338435));
#18074=CARTESIAN_POINT('',(65.,92.092170429869,-111.015742338435));
#18075=CARTESIAN_POINT('Origin',(63.2,56.9421704298698,-110.815742338435));
#18076=CARTESIAN_POINT('',(63.4,-12.9078295701304,-111.015742338435));
#18077=CARTESIAN_POINT('',(63.4,-12.9078295701304,-111.015742338435));
#18078=CARTESIAN_POINT('',(63.4,27.0921704298696,-111.015742338435));
#18079=CARTESIAN_POINT('',(63.,27.0921704298696,-110.615742338435));
#18080=CARTESIAN_POINT('',(63.4,56.9421704298698,-111.015742338435));
#18081=CARTESIAN_POINT('Origin',(63.2,-12.9078295701304,-112.615742338435));
#18082=CARTESIAN_POINT('',(63.4,-12.9078295701304,-114.215742338435));
#18083=CARTESIAN_POINT('',(63.4,-12.9078295701304,-114.215742338435));
#18084=CARTESIAN_POINT('Origin',(63.4,-12.9078295701304,-112.615742338435));
#18085=CARTESIAN_POINT('Origin',(63.2,36.9421704298698,-114.415742338435));
#18086=CARTESIAN_POINT('',(63.4,27.0921704298696,-114.215742338435));
#18087=CARTESIAN_POINT('',(63.4,27.0921704298696,-114.215742338435));
#18088=CARTESIAN_POINT('',(63.4,36.9421704298698,-114.215742338435));
#18089=CARTESIAN_POINT('Origin',(63.2,27.0921704298696,-112.615742338435));
#18090=CARTESIAN_POINT('Origin',(63.4,27.0921704298696,-112.615742338435));
#18091=CARTESIAN_POINT('Origin',(63.,-12.9078295701304,-112.615742338435));
#18092=CARTESIAN_POINT('',(65.,-12.9078295701304,-111.015742338435));
#18093=CARTESIAN_POINT('',(63.,-12.9078295701304,-111.015742338435));
#18094=CARTESIAN_POINT('',(65.,-12.9078295701304,-114.215742338435));
#18095=CARTESIAN_POINT('Origin',(65.,-12.9078295701304,-112.615742338435));
#18096=CARTESIAN_POINT('',(63.,-12.9078295701304,-114.215742338435));
#18097=CARTESIAN_POINT('Origin',(63.,27.0921704298696,-111.015742338435));
#18098=CARTESIAN_POINT('',(65.,27.0921704298696,-111.015742338435));
#18099=CARTESIAN_POINT('',(63.,27.0921704298696,-111.015742338435));
#18100=CARTESIAN_POINT('',(65.,17.092170429869,-111.015742338435));
#18101=CARTESIAN_POINT('Origin',(63.2,46.6668288567334,-95.3089243453719));
#18102=CARTESIAN_POINT('',(63.,-7.06504095336852,-41.8598972477449));
#18103=CARTESIAN_POINT('',(63.4,12.9665391006355,-61.3257918767995));
#18104=CARTESIAN_POINT('Origin',(63.2,-19.1565669116585,-53.9514232060348));
#18105=CARTESIAN_POINT('',(63.4,-19.1565669116585,-36.4514232060348));
#18106=CARTESIAN_POINT('',(63.,-19.1565669116585,-36.8514232060348));
#18107=CARTESIAN_POINT('Origin',(63.4,-19.1565669116585,-53.9514232060348));
#18108=CARTESIAN_POINT('Origin',(63.2,37.4421704298704,-36.6514232060349));
#18109=CARTESIAN_POINT('',(63.4,-42.0078295701307,-36.4514232060348));
#18110=CARTESIAN_POINT('',(63.,-42.0078295701307,-36.8514232060349));
#18111=CARTESIAN_POINT('',(63.4,37.4421704298704,-36.4514232060349));
#18112=CARTESIAN_POINT('Origin',(63.2,-42.0078295701307,-53.9514232060348));
#18113=CARTESIAN_POINT('',(63.4,-59.5078295701307,-53.9514232060348));
#18114=CARTESIAN_POINT('',(63.,-59.1078295701307,-53.9514232060348));
#18115=CARTESIAN_POINT('Origin',(63.4,-42.0078295701307,-53.9514232060348));
#18116=CARTESIAN_POINT('Origin',(63.2,-59.3078295701307,-74.5335827722348));
#18117=CARTESIAN_POINT('',(63.4,-59.5078295701307,-171.280061470835));
#18118=CARTESIAN_POINT('',(63.,-59.1078295701307,-171.280061470835));
#18119=CARTESIAN_POINT('',(63.4,-59.5078295701307,-74.5335827722348));
#18120=CARTESIAN_POINT('Origin',(63.2,-42.0078295701307,-171.280061470835));
#18121=CARTESIAN_POINT('',(63.4,-42.0078295701307,-188.780061470835));
#18122=CARTESIAN_POINT('',(63.,-42.0078295701307,-188.380061470835));
#18123=CARTESIAN_POINT('Origin',(63.4,-42.0078295701307,-171.280061470835));
#18124=CARTESIAN_POINT('Origin',(63.2,13.6421704298696,-188.580061470835));
#18125=CARTESIAN_POINT('',(63.4,-19.1565669116584,-188.780061470835));
#18126=CARTESIAN_POINT('',(63.,-19.1565669116584,-188.380061470835));
#18127=CARTESIAN_POINT('',(63.4,13.6421704298696,-188.780061470835));
#18128=CARTESIAN_POINT('Origin',(63.2,-19.1565669116584,-171.280061470835));
#18129=CARTESIAN_POINT('',(63.4,-6.78219824089379,-183.654430141599));
#18130=CARTESIAN_POINT('',(63.,-7.06504095336842,-183.371587429125));
#18131=CARTESIAN_POINT('Origin',(63.4,-19.1565669116584,-171.280061470835));
#18132=CARTESIAN_POINT('Origin',(63.2,31.6668288567333,-144.922560331498));
#18133=CARTESIAN_POINT('',(63.4,12.9665391006354,-163.90569280007));
#18134=CARTESIAN_POINT('',(63.,12.6836963881608,-163.622850087596));
#18135=CARTESIAN_POINT('',(63.4,31.8082502129706,-145.063981687735));
#18136=CARTESIAN_POINT('Origin',(63.2,25.3409077714,-176.280061470835));
#18137=CARTESIAN_POINT('',(63.,25.3409077714,-158.380061470835));
#18138=CARTESIAN_POINT('Origin',(63.4,25.3409077714,-176.280061470835));
#18139=CARTESIAN_POINT('Origin',(63.2,52.4421704298705,-158.580061470835));
#18140=CARTESIAN_POINT('Origin',(63.2,116.442170429869,-66.6514232060349));
#18141=CARTESIAN_POINT('',(63.,25.3409077714,-66.8514232060349));
#18142=CARTESIAN_POINT('Origin',(63.2,25.3409077714,-48.9514232060349));
#18143=CARTESIAN_POINT('Origin',(63.2,-43.9078295700865,-147.615742338435));
#18144=CARTESIAN_POINT('',(63.2,-43.9078295700865,-141.340742338435));
#18145=CARTESIAN_POINT('Origin',(63.2,-43.9078295700865,-77.6157423384349));
#18146=CARTESIAN_POINT('',(63.2,-43.9078295700865,-71.3407423384349));
#18147=CARTESIAN_POINT('Origin',(65.,-12.9078295701304,-112.615742338435));
#18148=CARTESIAN_POINT('',(65.,-12.9078258175215,-109.515742338435));
#18149=CARTESIAN_POINT('Origin',(65.,-12.9078295701304,-112.615742338435));
#18150=CARTESIAN_POINT('',(65.,-12.9078258175215,-109.515742338435));
#18151=CARTESIAN_POINT('Origin',(65.,27.0921704776544,-109.515742338435));
#18152=CARTESIAN_POINT('',(65.,17.0921704537614,-109.515742338435));
#18153=CARTESIAN_POINT('Origin',(65.,7.09217042986847,-112.615742338435));
#18154=CARTESIAN_POINT('',(65.,27.0921704298696,-114.215742338435));
#18155=CARTESIAN_POINT('Origin',(65.,27.0921704298696,-112.615742338435));
#18156=CARTESIAN_POINT('',(65.,-2.90782957013096,-114.215742338435));
#18157=CARTESIAN_POINT('Origin',(63.,-12.9078295701304,-114.215742338435));
#18158=CARTESIAN_POINT('',(63.,27.0921704298696,-114.215742338435));
#18159=CARTESIAN_POINT('Origin',(63.,27.0921704298696,-112.615742338435));
#18160=CARTESIAN_POINT('Origin',(65.,62.0921704298696,-112.615742338435));
#18161=CARTESIAN_POINT('',(65.,62.0921741824785,-109.515742338435));
#18162=CARTESIAN_POINT('Origin',(65.,62.0921704298696,-112.615742338435));
#18163=CARTESIAN_POINT('',(65.,62.0921741824785,-109.515742338435));
#18164=CARTESIAN_POINT('Origin',(65.,102.092170477654,-109.515742338435));
#18165=CARTESIAN_POINT('',(65.,92.0921704537614,-109.515742338435));
#18166=CARTESIAN_POINT('Origin',(65.,82.0921704298685,-112.615742338435));
#18167=CARTESIAN_POINT('',(65.,102.09217042987,-114.215742338435));
#18168=CARTESIAN_POINT('Origin',(65.,102.09217042987,-112.615742338435));
#18169=CARTESIAN_POINT('',(65.,72.092170429869,-114.215742338435));
#18170=CARTESIAN_POINT('Origin',(63.,62.0921704298696,-114.215742338435));
#18171=CARTESIAN_POINT('',(63.,102.09217042987,-114.215742338435));
#18172=CARTESIAN_POINT('Origin',(63.,102.09217042987,-112.615742338435));
#18173=CARTESIAN_POINT('Origin',(71.,25.3409077714,-176.280061470835));
#18174=CARTESIAN_POINT('',(71.,12.9665391006354,-163.90569280007));
#18175=CARTESIAN_POINT('Origin',(71.,-19.1565669116584,-171.280061470835));
#18176=CARTESIAN_POINT('',(71.,-19.1565669116584,-188.780061470835));
#18177=CARTESIAN_POINT('',(71.,-6.78219824089379,-183.654430141599));
#18178=CARTESIAN_POINT('Origin',(71.,-11.9078295701293,-188.780061470835));
#18179=CARTESIAN_POINT('Origin',(71.,-19.1565669116585,-53.9514232060348));
#18180=CARTESIAN_POINT('',(71.,-19.1565669116585,-36.4514232060348));
#18181=CARTESIAN_POINT('Origin',(71.,-11.9078295701293,-36.4514232060348));
#18182=CARTESIAN_POINT('',(71.,-42.0078295701307,-36.4514232060348));
#18183=CARTESIAN_POINT('Origin',(71.,-42.0078295701307,-171.280061470835));
#18184=CARTESIAN_POINT('',(71.,-59.5078295701307,-171.280061470835));
#18185=CARTESIAN_POINT('',(71.,-42.0078295701307,-188.780061470835));
#18186=CARTESIAN_POINT('Origin',(71.,-59.5078295701308,-188.780061470835));
#18187=CARTESIAN_POINT('Origin',(71.,-42.0078295701307,-53.9514232060348));
#18188=CARTESIAN_POINT('',(71.,-59.5078295701307,-53.9514232060348));
#18189=CARTESIAN_POINT('Origin',(71.,-59.5078295701307,-36.4514232060348));
#18190=CARTESIAN_POINT('Origin',(63.8142135623731,110.49217042987,-108.615742338435));
#18191=CARTESIAN_POINT('',(63.7999999999999,116.39217042987,-109.615641320655));
#18192=CARTESIAN_POINT('',(63.1071067811865,116.39217042987,-109.322849119621));
#18193=CARTESIAN_POINT('Origin',(63.8142135623731,116.39217042987,-108.615742338435));
#18194=CARTESIAN_POINT('',(63.1071067811866,118.285566016403,-109.322849119622));
#18195=CARTESIAN_POINT('',(63.1071067811865,110.49217042987,-109.322849119621));
#18196=CARTESIAN_POINT('',(63.8142135623731,118.39217042987,-109.615742338435));
#18197=CARTESIAN_POINT('Origin',(63.8142135623731,118.028200195603,-108.615742338435));
#18198=CARTESIAN_POINT('',(63.8142135623731,116.377956867496,-109.615742338435));
#18199=CARTESIAN_POINT('',(63.8142135623731,110.49217042987,-109.615742338435));
#18200=CARTESIAN_POINT('Origin',(63.8142135623731,116.377956867496,-108.615742338435));
#18201=CARTESIAN_POINT('Origin',(63.8142135623731,112.744169611019,-112.181914223781));
#18202=CARTESIAN_POINT('',(63.8142135623731,118.39217042987,-115.615742338435));
#18203=CARTESIAN_POINT('',(63.8142135623731,124.749382820183,-120.950076910462));
#18204=CARTESIAN_POINT('',(63.8142135623731,113.386957220705,-111.415869780662));
#18205=CARTESIAN_POINT('',(63.1071067811865,124.561114688168,-121.174446133162));
#18206=CARTESIAN_POINT('Origin',(63.8142135623731,124.106595210496,-121.716121353581));
#18207=CARTESIAN_POINT('',(63.1071067811865,118.285566016403,-115.908635557249));
#18208=CARTESIAN_POINT('',(63.1071067811865,113.198689088691,-111.640239003361));
#18209=CARTESIAN_POINT('Origin',(63.8142135623731,118.028200195604,-116.615742338435));
#18210=CARTESIAN_POINT('Origin',(63.8142135623731,107.49217042987,-116.615742338435));
#18211=CARTESIAN_POINT('',(63.7999999999999,116.39217042987,-115.615843356215));
#18212=CARTESIAN_POINT('',(63.8142135623731,116.377956867496,-115.615742338435));
#18213=CARTESIAN_POINT('Origin',(63.8142135623731,116.377956867496,-116.615742338435));
#18214=CARTESIAN_POINT('',(63.8142135623731,107.49217042987,-115.615742338435));
#18215=CARTESIAN_POINT('',(63.1071067811865,116.39217042987,-115.908635557249));
#18216=CARTESIAN_POINT('',(63.1071067811866,107.49217042987,-115.908635557249));
#18217=CARTESIAN_POINT('Origin',(63.8142135623731,116.39217042987,-116.615742338435));
#18218=CARTESIAN_POINT('Origin',(63.8142135623731,125.392170429869,-120.184032467343));
#18219=CARTESIAN_POINT('',(63.8142135623731,126.392170429869,-120.184032467343));
#18220=CARTESIAN_POINT('Origin',(63.8142135623731,125.392170429869,-120.184032467343));
#18221=CARTESIAN_POINT('',(63.1071067811865,126.685063648683,-120.184032467343));
#18222=CARTESIAN_POINT('Origin',(63.8142135623731,127.392170429869,-120.184032467343));
#18223=CARTESIAN_POINT('Origin',(63.1071067811865,125.392170429869,-120.184032467343));
#18224=CARTESIAN_POINT('Origin',(63.8142135623731,127.392170429869,-119.900340125499));
#18225=CARTESIAN_POINT('',(63.8142135623731,126.39217042987,-105.047452209526));
#18226=CARTESIAN_POINT('',(63.8142135623731,126.392170429869,-119.900340125499));
#18227=CARTESIAN_POINT('',(63.1071067811865,126.685063648683,-105.047452209526));
#18228=CARTESIAN_POINT('Origin',(63.8142135623731,127.39217042987,-105.047452209526));
#18229=CARTESIAN_POINT('',(63.1071067811865,126.685063648683,-119.900340125499));
#18230=CARTESIAN_POINT('Origin',(63.8142135623731,125.39217042987,-105.047452209526));
#18231=CARTESIAN_POINT('',(63.8142135623731,124.749382820183,-104.281407766407));
#18232=CARTESIAN_POINT('Origin',(63.8142135623731,125.39217042987,-105.047452209526));
#18233=CARTESIAN_POINT('',(63.1071067811865,124.561114688169,-104.057038543708));
#18234=CARTESIAN_POINT('Origin',(63.8142135623731,124.106595210497,-103.515363323288));
#18235=CARTESIAN_POINT('Origin',(63.1071067811865,125.39217042987,-105.047452209526));
#18236=CARTESIAN_POINT('Origin',(63.8142135623731,118.744169611019,-108.014972666026));
#18237=CARTESIAN_POINT('',(63.8142135623731,119.386957220705,-108.781017109145));
#18238=CARTESIAN_POINT('',(63.1071067811866,119.198689088691,-108.556647886445));
#18239=CARTESIAN_POINT('Origin',(63.2,102.59217042987,-109.415742338435));
#18240=CARTESIAN_POINT('',(63.,116.39217042987,-109.215742338435));
#18241=CARTESIAN_POINT('',(45.1102257790543,116.39217042987,-91.3259681174885));
#18242=CARTESIAN_POINT('',(63.,118.246582336163,-109.215742338435));
#18243=CARTESIAN_POINT('',(63.,102.59217042987,-109.215742338435));
#18244=CARTESIAN_POINT('',(63.,118.246582336163,-109.215742338435));
#18245=CARTESIAN_POINT('Origin',(0.,116.39217042987,-100.25664545465));
#18246=CARTESIAN_POINT('',(63.8,116.392170429869,-100.25664545465));
#18247=CARTESIAN_POINT('',(63.7999999999999,116.39217042987,-100.25664545465));
#18248=CARTESIAN_POINT('',(63.,116.39217042987,-100.25664545465));
#18249=CARTESIAN_POINT('',(0.,116.39217042987,-100.25664545465));
#18250=CARTESIAN_POINT('',(63.,116.39217042987,-106.436193896542));
#18251=CARTESIAN_POINT('Origin',(63.8,116.392170429869,-100.25664545465));
#18252=CARTESIAN_POINT('',(65.7999999999999,114.39217042987,-109.615742338435));
#18253=CARTESIAN_POINT('',(63.1,117.092170429869,-109.615742338435));
#18254=CARTESIAN_POINT('',(66.5757359312881,113.616434498581,-108.9648226046));
#18255=CARTESIAN_POINT('',(65.9947448953081,114.197425534561,-109.452331968608));
#18256=CARTESIAN_POINT('',(66.5757359312881,113.616434498581,-100.25664545465));
#18257=CARTESIAN_POINT('',(66.5757359312881,113.616434498581,-100.25664545465));
#18258=CARTESIAN_POINT('',(67.,113.19217042987,-100.25664545465));
#18259=CARTESIAN_POINT('Origin',(63.,118.39217042987,-109.615742338435));
#18260=CARTESIAN_POINT('',(70.,118.39217042987,-109.615742338435));
#18261=CARTESIAN_POINT('',(63.,118.39217042987,-109.615742338435));
#18262=CARTESIAN_POINT('',(70.,116.192170429869,-109.615742338435));
#18263=CARTESIAN_POINT('',(70.,117.39217042987,-109.615742338435));
#18264=CARTESIAN_POINT('',(68.2000000000001,114.39217042987,-109.615742338435));
#18265=CARTESIAN_POINT('',(67.3,113.49217042987,-109.615742338435));
#18266=CARTESIAN_POINT('',(63.,114.39217042987,-109.615742338435));
#18267=CARTESIAN_POINT('Origin',(63.,126.392170429869,-102.902945289017));
#18268=CARTESIAN_POINT('',(70.,124.749382820183,-104.281407766407));
#18269=CARTESIAN_POINT('',(63.,124.749382820183,-104.281407766407));
#18270=CARTESIAN_POINT('',(70.,121.066740526277,-107.371511556982));
#18271=CARTESIAN_POINT('Origin',(63.,125.39217042987,-105.047452209526));
#18272=CARTESIAN_POINT('',(70.,126.39217042987,-105.047452209526));
#18273=CARTESIAN_POINT('',(63.,126.39217042987,-105.047452209526));
#18274=CARTESIAN_POINT('Origin',(70.,125.39217042987,-105.047452209526));
#18275=CARTESIAN_POINT('Origin',(63.,126.392170429869,-122.328539387853));
#18276=CARTESIAN_POINT('',(70.,126.392170429869,-120.184032467343));
#18277=CARTESIAN_POINT('',(63.,126.392170429869,-120.184032467343));
#18278=CARTESIAN_POINT('',(70.,126.392170429869,-117.472140863144));
#18279=CARTESIAN_POINT('Origin',(63.,125.392170429869,-120.184032467343));
#18280=CARTESIAN_POINT('',(70.,124.749382820183,-120.950076910462));
#18281=CARTESIAN_POINT('',(63.,124.749382820183,-120.950076910462));
#18282=CARTESIAN_POINT('Origin',(70.,125.392170429869,-120.184032467343));
#18283=CARTESIAN_POINT('Origin',(63.,118.39217042987,-115.615742338435));
#18284=CARTESIAN_POINT('',(70.,118.39217042987,-115.615742338435));
#18285=CARTESIAN_POINT('',(63.,118.39217042987,-115.615742338435));
#18286=CARTESIAN_POINT('',(70.,117.066740526277,-114.503574595179));
#18287=CARTESIAN_POINT('Origin',(63.2,100.59217042987,-115.815742338435));
#18288=CARTESIAN_POINT('',(63.,118.246582336163,-116.015742338435));
#18289=CARTESIAN_POINT('',(63.4,118.39217042987,-115.615742338435));
#18290=CARTESIAN_POINT('',(63.,116.39217042987,-116.015742338435));
#18291=CARTESIAN_POINT('',(63.,100.59217042987,-116.015742338435));
#18292=CARTESIAN_POINT('',(51.2897742209464,116.39217042987,-127.725968117489));
#18293=CARTESIAN_POINT('Origin',(63.2,108.253186489604,-107.369206111513));
#18294=CARTESIAN_POINT('',(63.,124.492267776308,-121.25649468771));
#18295=CARTESIAN_POINT('',(63.4,124.749382820183,-120.950076910462));
#18296=CARTESIAN_POINT('',(63.,108.124628967667,-107.522415000137));
#18297=CARTESIAN_POINT('Origin',(63.2,125.392170429869,-120.184032467343));
#18298=CARTESIAN_POINT('',(63.,126.792170429869,-120.184032467343));
#18299=CARTESIAN_POINT('',(63.4,126.392170429869,-120.184032467343));
#18300=CARTESIAN_POINT('Origin',(63.,125.392170429869,-120.184032467343));
#18301=CARTESIAN_POINT('Origin',(63.2,126.592170429869,-117.472140863144));
#18302=CARTESIAN_POINT('',(63.,126.79217042987,-105.047452209526));
#18303=CARTESIAN_POINT('',(63.4,126.39217042987,-105.047452209526));
#18304=CARTESIAN_POINT('',(63.,126.792170429869,-117.472140863144));
#18305=CARTESIAN_POINT('Origin',(63.2,125.39217042987,-105.047452209526));
#18306=CARTESIAN_POINT('',(63.,124.492267776309,-103.97498998916));
#18307=CARTESIAN_POINT('',(63.4,124.749382820183,-104.281407766407));
#18308=CARTESIAN_POINT('Origin',(63.,125.39217042987,-105.047452209526));
#18309=CARTESIAN_POINT('Origin',(63.2,112.253186489604,-114.505880040648));
#18310=CARTESIAN_POINT('',(63.,112.124628967667,-114.352671152025));
#18311=CARTESIAN_POINT('Origin',(63.,114.39217042987,-115.615742338435));
#18312=CARTESIAN_POINT('',(65.7999999999999,114.39217042987,-115.615742338435));
#18313=CARTESIAN_POINT('',(64.0999999999999,116.09217042987,-115.615742338435));
#18314=CARTESIAN_POINT('',(68.2000000000001,114.39217042987,-115.615742338435));
#18315=CARTESIAN_POINT('',(63.,114.39217042987,-115.615742338435));
#18316=CARTESIAN_POINT('',(70.,116.192170429869,-115.615742338435));
#18317=CARTESIAN_POINT('',(66.3000000000001,112.49217042987,-115.615742338435));
#18318=CARTESIAN_POINT('',(70.,115.39217042987,-115.615742338435));
#18319=CARTESIAN_POINT('Origin',(0.,116.39217042987,-100.25664545465));
#18320=CARTESIAN_POINT('',(63.,116.39217042987,-124.974839222221));
#18321=CARTESIAN_POINT('',(63.,116.39217042987,-106.436193896542));
#18322=CARTESIAN_POINT('',(63.8,116.39217042987,-124.974839222221));
#18323=CARTESIAN_POINT('',(0.,116.39217042987,-124.974839222221));
#18324=CARTESIAN_POINT('',(63.7999999999999,116.39217042987,-100.25664545465));
#18325=CARTESIAN_POINT('Origin',(63.,106.39217042987,-122.328539387853));
#18326=CARTESIAN_POINT('',(66.5757359312881,113.616434498581,-116.26666207227));
#18327=CARTESIAN_POINT('',(64.680379156618,115.511791273251,-114.676268901695));
#18328=CARTESIAN_POINT('',(67.4242640687119,113.616434498581,-116.26666207227));
#18329=CARTESIAN_POINT('Origin',(67.,114.040698567293,-115.910662248692));
#18330=CARTESIAN_POINT('',(66.6569857918136,112.849156221683,-116.910484991426));
#18331=CARTESIAN_POINT('Origin',(63.,114.39217042987,-109.615742338435));
#18332=CARTESIAN_POINT('',(67.4242640687119,113.616434498581,-108.9648226046));
#18333=CARTESIAN_POINT('',(65.3426200531236,111.534790482993,-107.218115878878));
#18334=CARTESIAN_POINT('Origin',(67.,114.040698567293,-109.320822428178));
#18335=CARTESIAN_POINT('Origin',(70.,116.39217042987,-112.615742338435));
#18336=CARTESIAN_POINT('',(70.,116.192170429869,-106.436193896542));
#18337=CARTESIAN_POINT('Origin',(63.,86.79217042987,-112.615742338435));
#18338=CARTESIAN_POINT('',(63.,121.217672946357,-95.2596913195542));
#18339=CARTESIAN_POINT('Origin',(63.,121.39217042987,-100.25664545465));
#18340=CARTESIAN_POINT('',(63.,134.017930571848,-94.8126964735793));
#18341=CARTESIAN_POINT('',(63.,110.123340970036,-95.6471139291642));
#18342=CARTESIAN_POINT('',(63.,138.843433088339,-89.8157423384799));
#18343=CARTESIAN_POINT('Origin',(63.,133.843433088335,-89.8157423384799));
#18344=CARTESIAN_POINT('',(63.,138.843433088339,-84.8157423384799));
#18345=CARTESIAN_POINT('',(63.,138.843433088339,-89.5335827722348));
#18346=CARTESIAN_POINT('',(63.,179.092170429925,-84.8157423384548));
#18347=CARTESIAN_POINT('',(63.,137.585534499709,-84.8157423384794));
#18348=CARTESIAN_POINT('',(63.,179.092170429925,-90.8157423384552));
#18349=CARTESIAN_POINT('',(63.,179.092170429925,-101.715742338445));
#18350=CARTESIAN_POINT('',(63.,183.092170429925,-90.8157423384552));
#18351=CARTESIAN_POINT('',(63.,134.942170429898,-90.8157423384552));
#18352=CARTESIAN_POINT('',(63.,183.092170429925,-84.8157423384565));
#18353=CARTESIAN_POINT('',(63.,183.092170429925,-100.215742338446));
#18354=CARTESIAN_POINT('',(63.,188.378898569536,-84.8157423385007));
#18355=CARTESIAN_POINT('',(63.,137.585534499709,-84.8157423384794));
#18356=CARTESIAN_POINT('',(63.,188.378898569539,-76.8157423385007));
#18357=CARTESIAN_POINT('Origin',(63.,188.378898569538,-80.8157423385007));
#18358=CARTESIAN_POINT('',(63.,183.092170429925,-76.8157423384565));
#18359=CARTESIAN_POINT('',(63.,30.2988063600998,-76.8157423384343));
#18360=CARTESIAN_POINT('',(63.,183.092170429925,-70.8157423384549));
#18361=CARTESIAN_POINT('',(63.,183.092170429925,-94.7157423384457));
#18362=CARTESIAN_POINT('',(63.,179.092170429925,-70.8157423384549));
#18363=CARTESIAN_POINT('',(63.,132.942170429898,-70.8157423384549));
#18364=CARTESIAN_POINT('',(63.,179.092170429925,-76.8157423384548));
#18365=CARTESIAN_POINT('',(63.,179.092170429925,-93.2157423384449));
#18366=CARTESIAN_POINT('',(63.,138.843433088339,-76.8157423384799));
#18367=CARTESIAN_POINT('',(63.,30.2988063600998,-76.8157423384343));
#18368=CARTESIAN_POINT('',(63.,138.843433088339,-66.8514232060349));
#18369=CARTESIAN_POINT('',(63.,138.843433088339,-89.5335827722348));
#18370=CARTESIAN_POINT('',(63.,151.500644471578,-61.6086345892741));
#18371=CARTESIAN_POINT('Origin',(63.,138.843433088339,-48.9514232060349));
#18372=CARTESIAN_POINT('',(63.,171.249381813107,-41.8598972477449));
#18373=CARTESIAN_POINT('',(63.,135.008933359243,-78.1003457016091));
#18374=CARTESIAN_POINT('',(63.,183.340907771397,-36.8514232060349));
#18375=CARTESIAN_POINT('Origin',(63.,183.340907771397,-53.9514232060349));
#18376=CARTESIAN_POINT('',(63.,215.592170429871,-36.8514232060348));
#18377=CARTESIAN_POINT('',(63.,151.19217042987,-36.8514232060349));
#18378=CARTESIAN_POINT('',(63.,232.692170429871,-53.9514232060349));
#18379=CARTESIAN_POINT('Origin',(63.,215.592170429871,-53.9514232060348));
#18380=CARTESIAN_POINT('',(63.,232.692170429871,-171.280061470835));
#18381=CARTESIAN_POINT('',(63.,232.692170429871,-141.947901904635));
#18382=CARTESIAN_POINT('',(63.,215.592170429871,-188.380061470835));
#18383=CARTESIAN_POINT('Origin',(63.,215.592170429871,-171.280061470835));
#18384=CARTESIAN_POINT('',(63.,183.340907771397,-188.380061470835));
#18385=CARTESIAN_POINT('',(63.,131.442170429869,-188.380061470835));
#18386=CARTESIAN_POINT('',(63.,171.249381813108,-183.371587429125));
#18387=CARTESIAN_POINT('Origin',(63.,183.340907771397,-171.280061470835));
#18388=CARTESIAN_POINT('',(63.,151.500644471578,-163.622850087596));
#18389=CARTESIAN_POINT('',(63.,120.008933359243,-132.131138975261));
#18390=CARTESIAN_POINT('',(63.,138.843433088339,-158.380061470835));
#18391=CARTESIAN_POINT('Origin',(63.,138.843433088339,-176.280061470835));
#18392=CARTESIAN_POINT('',(63.,138.843433088339,-135.41574233839));
#18393=CARTESIAN_POINT('',(63.,138.843433088339,-124.015742338412));
#18394=CARTESIAN_POINT('',(63.,134.017930571849,-130.41878820329));
#18395=CARTESIAN_POINT('Origin',(63.,133.843433088335,-135.41574233839));
#18396=CARTESIAN_POINT('',(63.,121.217672946357,-129.971793357316));
#18397=CARTESIAN_POINT('',(63.,103.723212157291,-129.360873324719));
#18398=CARTESIAN_POINT('Origin',(63.,121.39217042987,-124.974839222221));
#18399=CARTESIAN_POINT('',(63.,206.092170429913,-71.1407423384349));
#18400=CARTESIAN_POINT('Origin',(63.,206.092170429913,-77.6157423384349));
#18401=CARTESIAN_POINT('',(63.,182.092170429869,-173.580061470835));
#18402=CARTESIAN_POINT('',(63.,192.492170429869,-173.580061470835));
#18403=CARTESIAN_POINT('Origin',(63.,187.292170429869,-173.580061470835));
#18404=CARTESIAN_POINT('',(63.,192.492170429869,-137.580060913461));
#18405=CARTESIAN_POINT('',(63.,192.492170429869,-125.097901733135));
#18406=CARTESIAN_POINT('',(63.,182.092170429869,-137.580061470835));
#18407=CARTESIAN_POINT('Origin',(63.,187.292170429869,-137.580061470835));
#18408=CARTESIAN_POINT('',(63.,182.092170429869,-143.097901904635));
#18409=CARTESIAN_POINT('',(63.,192.492170429869,-101.815742338445));
#18410=CARTESIAN_POINT('',(63.,182.092170429869,-101.815742338445));
#18411=CARTESIAN_POINT('Origin',(63.,187.292170429869,-101.815742338445));
#18412=CARTESIAN_POINT('',(63.,182.092170429869,-125.180061470835));
#18413=CARTESIAN_POINT('',(63.,182.092170429869,-118.897901904635));
#18414=CARTESIAN_POINT('',(63.,192.492170429869,-125.180061127835));
#18415=CARTESIAN_POINT('Origin',(63.,187.292170429869,-125.180061470835));
#18416=CARTESIAN_POINT('',(63.,192.492170429869,-107.215742338439));
#18417=CARTESIAN_POINT('',(63.,206.092170429913,-141.140742338435));
#18418=CARTESIAN_POINT('Origin',(63.,206.092170429913,-147.615742338435));
#18419=CARTESIAN_POINT('Origin',(63.8,116.392170429869,-100.25664545465));
#18420=CARTESIAN_POINT('',(66.5757359312882,113.616434498582,-124.974839222221));
#18421=CARTESIAN_POINT('',(67.,113.19217042987,-124.974839222221));
#18422=CARTESIAN_POINT('',(66.5757359312881,113.616434498581,-100.25664545465));
#18423=CARTESIAN_POINT('Origin',(67.,114.040698567293,-100.25664545465));
#18424=CARTESIAN_POINT('',(67.4242640687119,113.616434498581,-100.25664545465));
#18425=CARTESIAN_POINT('',(67.4242640687119,113.616434498581,-100.25664545465));
#18426=CARTESIAN_POINT('Origin',(67.,114.040698567293,-100.25664545465));
#18427=CARTESIAN_POINT('Origin',(67.,136.491961225763,-66.4514232060349));
#18428=CARTESIAN_POINT('',(67.4242640687119,136.067697157051,-84.8157423384787));
#18429=CARTESIAN_POINT('',(66.5757359312881,136.067697157051,-84.8157423384787));
#18430=CARTESIAN_POINT('Origin',(67.,136.491961225763,-84.8157423385008));
#18431=CARTESIAN_POINT('',(66.5757359312881,136.067697157051,-89.8157423384799));
#18432=CARTESIAN_POINT('',(66.5757359312881,136.067697157051,-66.4514232060349));
#18433=CARTESIAN_POINT('',(67.4242640687119,136.067697157051,-89.8157423384799));
#18434=CARTESIAN_POINT('Origin',(67.,136.491961225763,-89.8157423384799));
#18435=CARTESIAN_POINT('',(67.4242640687119,136.067697157051,-66.4514232060349));
#18436=CARTESIAN_POINT('Origin',(67.,133.843433088335,-89.8157423384799));
#18437=CARTESIAN_POINT('',(66.5757359312881,133.921058784867,-92.0386514456227));
#18438=CARTESIAN_POINT('Origin',(66.5757359312881,133.843433088335,-89.8157423384799));
#18439=CARTESIAN_POINT('',(67.4242640687119,133.921058784867,-92.0386514456227));
#18440=CARTESIAN_POINT('Origin',(67.,133.935865387334,-92.4626570641272));
#18441=CARTESIAN_POINT('Origin',(67.4242640687119,133.843433088335,-89.8157423384799));
#18442=CARTESIAN_POINT('Origin',(67.,133.935865387334,-92.4626570641272));
#18443=CARTESIAN_POINT('',(66.5757359312881,121.120801159376,-92.4856462915975));
#18444=CARTESIAN_POINT('',(66.5757359312881,133.921058784867,-92.0386514456227));
#18445=CARTESIAN_POINT('',(67.4242640687119,121.120801159376,-92.4856462915975));
#18446=CARTESIAN_POINT('Origin',(67.,121.135607761843,-92.909651910102));
#18447=CARTESIAN_POINT('',(67.4242640687119,133.921058784867,-92.0386514456227));
#18448=CARTESIAN_POINT('Origin',(67.,121.39217042987,-100.25664545465));
#18449=CARTESIAN_POINT('Origin',(66.5757359312881,121.39217042987,-100.25664545465));
#18450=CARTESIAN_POINT('Origin',(67.4242640687119,121.39217042987,-100.25664545465));
#18451=CARTESIAN_POINT('Origin',(67.,114.040698567293,-100.25664545465));
#18452=CARTESIAN_POINT('',(67.4242640687118,113.616434498582,-124.974839222221));
#18453=CARTESIAN_POINT('Origin',(67.,114.040698567293,-124.974839222221));
#18454=CARTESIAN_POINT('',(67.4242640687119,113.616434498581,-100.25664545465));
#18455=CARTESIAN_POINT('Origin',(67.,121.39217042987,-124.974839222221));
#18456=CARTESIAN_POINT('',(66.5757359312881,121.120801159376,-132.745838385273));
#18457=CARTESIAN_POINT('Origin',(66.5757359312881,121.39217042987,-124.974839222221));
#18458=CARTESIAN_POINT('',(67.4242640687119,121.120801159376,-132.745838385273));
#18459=CARTESIAN_POINT('Origin',(67.,121.135607761843,-132.321832766768));
#18460=CARTESIAN_POINT('Origin',(67.4242640687119,121.39217042987,-124.974839222221));
#18461=CARTESIAN_POINT('Origin',(67.,121.135607761844,-132.321832766768));
#18462=CARTESIAN_POINT('',(66.5757359312881,133.921058784868,-133.192833231247));
#18463=CARTESIAN_POINT('',(66.5757359312881,121.120801159377,-132.745838385273));
#18464=CARTESIAN_POINT('',(67.4242640687119,133.921058784868,-133.192833231247));
#18465=CARTESIAN_POINT('Origin',(67.,133.935865387335,-132.768827612743));
#18466=CARTESIAN_POINT('',(67.4242640687119,121.120801159377,-132.745838385273));
#18467=CARTESIAN_POINT('Origin',(67.,133.843433088336,-135.41574233839));
#18468=CARTESIAN_POINT('',(66.5757359312881,136.067697157051,-135.41574233839));
#18469=CARTESIAN_POINT('Origin',(66.5757359312881,133.843433088336,-135.41574233839));
#18470=CARTESIAN_POINT('',(67.4242640687119,136.067697157051,-135.41574233839));
#18471=CARTESIAN_POINT('Origin',(67.,136.491961225763,-135.41574233839));
#18472=CARTESIAN_POINT('Origin',(67.4242640687119,133.843433088336,-135.41574233839));
#18473=CARTESIAN_POINT('Origin',(67.,136.491961225763,-135.41574233839));
#18474=CARTESIAN_POINT('',(66.5757359312881,136.067697157051,-158.780061470835));
#18475=CARTESIAN_POINT('',(67.4242640687119,136.067697157051,-158.780061470835));
#18476=CARTESIAN_POINT('Origin',(67.,136.491961225763,-158.780061470835));
#18477=CARTESIAN_POINT('',(67.4242640687119,136.067697157051,-135.41574233839));
#18478=CARTESIAN_POINT('',(66.5757359312881,136.067697157051,-135.41574233839));
#18479=CARTESIAN_POINT('Origin',(67.,137.24343308834,-158.780061470835));
#18480=CARTESIAN_POINT('',(63.8,138.84343308834,-158.780061470835));
#18481=CARTESIAN_POINT('',(67.,135.64343308834,-158.780061470836));
#18482=CARTESIAN_POINT('',(70.2,138.84343308834,-158.780061470835));
#18483=CARTESIAN_POINT('',(71.,138.843433088339,-158.780061470835));
#18484=CARTESIAN_POINT('',(67.,135.64343308834,-158.780061470836));
#18485=CARTESIAN_POINT('Origin',(63.8,138.843433088339,-135.41574233839));
#18486=CARTESIAN_POINT('',(63.8,138.843433088339,-135.41574233839));
#18487=CARTESIAN_POINT('',(67.,135.643433088339,-135.41574233839));
#18488=CARTESIAN_POINT('',(63.7999999999997,138.843433088339,-135.41574233839));
#18489=CARTESIAN_POINT('Origin',(65.4,133.843433088336,-135.41574233839));
#18490=CARTESIAN_POINT('',(63.8,134.017930571849,-130.418788203291));
#18491=CARTESIAN_POINT('',(67.,133.906252182401,-133.616838849752));
#18492=CARTESIAN_POINT('Origin',(63.7999999999997,133.843433088335,-135.41574233839));
#18493=CARTESIAN_POINT('Origin',(63.8,121.217672946357,-129.971793357316));
#18494=CARTESIAN_POINT('',(63.8,121.217672946358,-129.971793357316));
#18495=CARTESIAN_POINT('',(67.,121.105994556909,-133.169844003777));
#18496=CARTESIAN_POINT('',(63.7999999999998,121.217672946357,-129.971793357316));
#18497=CARTESIAN_POINT('Origin',(65.4,121.39217042987,-124.974839222221));
#18498=CARTESIAN_POINT('Origin',(63.7999999999998,121.39217042987,-124.974839222221));
#18499=CARTESIAN_POINT('Origin',(65.4,121.39217042987,-100.25664545465));
#18500=CARTESIAN_POINT('',(63.8,121.217672946357,-95.2596913195541));
#18501=CARTESIAN_POINT('',(67.,121.105994556909,-92.061640673093));
#18502=CARTESIAN_POINT('Origin',(63.7999999999999,121.39217042987,-100.25664545465));
#18503=CARTESIAN_POINT('Origin',(63.8,134.017930571848,-94.8126964735793));
#18504=CARTESIAN_POINT('',(63.8,134.017930571848,-94.8126964735793));
#18505=CARTESIAN_POINT('',(67.,133.9062521824,-91.6146458271182));
#18506=CARTESIAN_POINT('',(63.8,134.017930571848,-94.8126964735793));
#18507=CARTESIAN_POINT('Origin',(65.4,133.843433088335,-89.8157423384799));
#18508=CARTESIAN_POINT('',(63.8,138.843433088339,-89.8157423384799));
#18509=CARTESIAN_POINT('',(67.,135.643433088339,-89.8157423384799));
#18510=CARTESIAN_POINT('Origin',(63.8,133.843433088335,-89.8157423384799));
#18511=CARTESIAN_POINT('Origin',(63.8,138.843433088339,-66.4514232060349));
#18512=CARTESIAN_POINT('',(63.8,138.843433088339,-84.8157423384799));
#18513=CARTESIAN_POINT('',(77.5378156646054,125.105617423734,-84.8157423384741));
#18514=CARTESIAN_POINT('',(63.8,138.843433088339,-66.4514232060349));
#18515=CARTESIAN_POINT('Origin',(67.,136.491961225763,-66.4514232060349));
#18516=CARTESIAN_POINT('',(67.4242640687119,136.067697157051,-66.4514232060349));
#18517=CARTESIAN_POINT('',(66.5757359312881,136.067697157051,-66.4514232060349));
#18518=CARTESIAN_POINT('Origin',(67.,136.491961225763,-66.4514232060349));
#18519=CARTESIAN_POINT('',(66.5757359312881,136.067697157051,-76.8157423384787));
#18520=CARTESIAN_POINT('',(66.5757359312881,136.067697157051,-66.4514232060349));
#18521=CARTESIAN_POINT('',(67.4242640687119,136.067697157051,-76.8157423384787));
#18522=CARTESIAN_POINT('Origin',(67.,136.491961225763,-76.8157423384103));
#18523=CARTESIAN_POINT('',(67.4242640687119,136.067697157051,-66.4514232060349));
#18524=CARTESIAN_POINT('Origin',(67.,137.243433088339,-66.4514232060349));
#18525=CARTESIAN_POINT('',(70.2,138.843433088339,-66.4514232060349));
#18526=CARTESIAN_POINT('',(67.,135.643433088339,-66.4514232060349));
#18527=CARTESIAN_POINT('',(63.8,138.843433088339,-66.4514232060349));
#18528=CARTESIAN_POINT('',(71.,138.843433088339,-66.4514232060349));
#18529=CARTESIAN_POINT('',(67.,135.643433088339,-66.4514232060349));
#18530=CARTESIAN_POINT('Origin',(67.,135.643433088339,-66.4514232060349));
#18531=CARTESIAN_POINT('',(70.2,138.843433088339,-89.8157423384799));
#18532=CARTESIAN_POINT('',(67.,135.643433088339,-89.8157423384799));
#18533=CARTESIAN_POINT('',(70.2,138.843433088339,-66.4514232060349));
#18534=CARTESIAN_POINT('',(69.,137.643433088339,-76.8157423384794));
#18535=CARTESIAN_POINT('',(79.183866370299,147.827299458638,-76.8157423384836));
#18536=CARTESIAN_POINT('',(69.,137.643433088339,-84.8157423384794));
#18537=CARTESIAN_POINT('',(69.,137.643433088339,-73.6335827722567));
#18538=CARTESIAN_POINT('',(52.8621843353946,121.505617423734,-84.8157423384726));
#18539=CARTESIAN_POINT('Origin',(63.8,138.843433088339,-66.4514232060349));
#18540=CARTESIAN_POINT('',(63.8,138.843433088339,-76.8157423384799));
#18541=CARTESIAN_POINT('',(63.8,138.843433088339,-66.4514232060349));
#18542=CARTESIAN_POINT('',(51.216133629701,151.427299458638,-76.8157423384852));
#18543=CARTESIAN_POINT('Origin',(67.,135.643433088339,-135.41574233839));
#18544=CARTESIAN_POINT('',(70.2,138.843433088339,-135.41574233839));
#18545=CARTESIAN_POINT('',(70.2000000000002,138.843433088339,-135.41574233839));
#18546=CARTESIAN_POINT('',(67.,135.643433088339,-135.41574233839));
#18547=CARTESIAN_POINT('Origin',(68.6,133.843433088336,-135.41574233839));
#18548=CARTESIAN_POINT('',(70.2,134.017930571849,-130.418788203291));
#18549=CARTESIAN_POINT('Origin',(70.2000000000003,133.843433088335,-135.41574233839));
#18550=CARTESIAN_POINT('',(67.,133.906252182401,-133.616838849752));
#18551=CARTESIAN_POINT('Origin',(67.,121.105994556909,-133.169844003777));
#18552=CARTESIAN_POINT('',(70.2,121.217672946358,-129.971793357316));
#18553=CARTESIAN_POINT('',(70.2000000000002,121.217672946357,-129.971793357316));
#18554=CARTESIAN_POINT('',(67.,121.105994556909,-133.169844003777));
#18555=CARTESIAN_POINT('Origin',(68.6,121.39217042987,-124.974839222221));
#18556=CARTESIAN_POINT('',(70.2,116.39217042987,-124.974839222221));
#18557=CARTESIAN_POINT('Origin',(70.2000000000002,121.39217042987,-124.974839222221));
#18558=CARTESIAN_POINT('',(67.,113.19217042987,-124.974839222221));
#18559=CARTESIAN_POINT('Origin',(67.,113.19217042987,-100.25664545465));
#18560=CARTESIAN_POINT('',(70.2,116.392170429869,-100.25664545465));
#18561=CARTESIAN_POINT('',(70.2000000000001,116.39217042987,-100.25664545465));
#18562=CARTESIAN_POINT('',(67.,113.19217042987,-100.25664545465));
#18563=CARTESIAN_POINT('Origin',(68.6,121.39217042987,-100.25664545465));
#18564=CARTESIAN_POINT('',(70.2,121.217672946357,-95.2596913195541));
#18565=CARTESIAN_POINT('Origin',(70.2000000000001,121.39217042987,-100.25664545465));
#18566=CARTESIAN_POINT('',(67.,121.105994556909,-92.061640673093));
#18567=CARTESIAN_POINT('Origin',(67.,133.9062521824,-91.6146458271182));
#18568=CARTESIAN_POINT('',(70.2,134.017930571848,-94.8126964735793));
#18569=CARTESIAN_POINT('',(70.2,134.017930571848,-94.8126964735793));
#18570=CARTESIAN_POINT('',(67.,133.9062521824,-91.6146458271182));
#18571=CARTESIAN_POINT('Origin',(68.6,133.843433088335,-89.8157423384799));
#18572=CARTESIAN_POINT('Origin',(70.2,133.843433088335,-89.8157423384799));
#18573=CARTESIAN_POINT('Origin',(0.,138.843433088339,-135.41574233839));
#18574=CARTESIAN_POINT('',(0.,138.843433088339,-135.41574233839));
#18575=CARTESIAN_POINT('',(63.4,138.843433088339,-158.780061470835));
#18576=CARTESIAN_POINT('',(63.,138.843433088339,-158.380061470835));
#18577=CARTESIAN_POINT('',(71.,138.843433088339,-158.780061470835));
#18578=CARTESIAN_POINT('Origin',(0.,133.843433088335,-135.41574233839));
#18579=CARTESIAN_POINT('',(0.,134.017930571849,-130.41878820329));
#18580=CARTESIAN_POINT('Origin',(0.,121.217672946357,-129.971793357316));
#18581=CARTESIAN_POINT('',(0.,121.217672946357,-129.971793357316));
#18582=CARTESIAN_POINT('Origin',(0.,121.39217042987,-124.974839222221));
#18583=CARTESIAN_POINT('Origin',(0.,121.39217042987,-100.25664545465));
#18584=CARTESIAN_POINT('',(0.,121.217672946357,-95.2596913195542));
#18585=CARTESIAN_POINT('Origin',(0.,134.017930571848,-94.8126964735793));
#18586=CARTESIAN_POINT('',(0.,134.017930571848,-94.8126964735793));
#18587=CARTESIAN_POINT('Origin',(0.,133.843433088335,-89.8157423384799));
#18588=CARTESIAN_POINT('',(0.,138.843433088339,-89.8157423384799));
#18589=CARTESIAN_POINT('Origin',(0.,138.843433088339,-66.4514232060349));
#18590=CARTESIAN_POINT('',(34.5,138.843433088339,-84.8157423384799));
#18591=CARTESIAN_POINT('Origin',(0.,138.843433088339,-66.4514232060349));
#18592=CARTESIAN_POINT('',(63.4,138.843433088339,-66.4514232060349));
#18593=CARTESIAN_POINT('',(71.,138.843433088339,-66.4514232060349));
#18594=CARTESIAN_POINT('',(63.,138.843433088339,-66.8514232060349));
#18595=CARTESIAN_POINT('',(34.5,138.843433088339,-76.8157423384799));
#18596=CARTESIAN_POINT('Origin',(71.,190.492170429869,-137.580061127835));
#18597=CARTESIAN_POINT('',(70.6,190.492170429869,-137.580061127835));
#18598=CARTESIAN_POINT('',(70.6,190.492170429869,-173.580061470835));
#18599=CARTESIAN_POINT('',(70.6,190.492170429869,-125.097901733135));
#18600=CARTESIAN_POINT('',(65.,190.492170429869,-137.580061127835));
#18601=CARTESIAN_POINT('',(71.,190.492170429869,-137.580061127835));
#18602=CARTESIAN_POINT('',(65.,190.492170429869,-173.580061470835));
#18603=CARTESIAN_POINT('',(65.,190.492170429869,-125.097901733135));
#18604=CARTESIAN_POINT('',(71.,190.492170429869,-173.580061470835));
#18605=CARTESIAN_POINT('Origin',(71.,187.292170429869,-125.180061470835));
#18606=CARTESIAN_POINT('',(70.6,190.492170429869,-125.180061127835));
#18607=CARTESIAN_POINT('',(70.6,184.092170429869,-125.180061470835));
#18608=CARTESIAN_POINT('Origin',(70.6,187.292170429869,-125.180061470835));
#18609=CARTESIAN_POINT('',(65.,190.492170429869,-125.180061127835));
#18610=CARTESIAN_POINT('',(71.,190.492170429869,-125.180061127835));
#18611=CARTESIAN_POINT('',(65.,184.092170429869,-125.180061470835));
#18612=CARTESIAN_POINT('Origin',(65.,187.292170429869,-125.180061470835));
#18613=CARTESIAN_POINT('',(71.,184.092170429869,-125.180061470835));
#18614=CARTESIAN_POINT('Origin',(71.,138.843433088339,-176.280061470835));
#18615=CARTESIAN_POINT('',(70.6,138.843433088339,-158.780061470835));
#18616=CARTESIAN_POINT('',(70.6,151.217801759104,-163.90569280007));
#18617=CARTESIAN_POINT('Origin',(70.6,138.843433088339,-176.280061470835));
#18618=CARTESIAN_POINT('',(71.,138.843433088339,-158.780061470835));
#18619=CARTESIAN_POINT('',(63.4,151.217801759104,-163.90569280007));
#18620=CARTESIAN_POINT('Origin',(63.4,138.843433088339,-176.280061470835));
#18621=CARTESIAN_POINT('',(71.,151.217801759104,-163.90569280007));
#18622=CARTESIAN_POINT('Origin',(71.,146.092170429868,-158.780061470835));
#18623=CARTESIAN_POINT('',(70.6,170.966539100633,-183.654430141599));
#18624=CARTESIAN_POINT('',(70.6,119.726090646769,-132.413981687735));
#18625=CARTESIAN_POINT('',(63.4,170.966539100633,-183.654430141599));
#18626=CARTESIAN_POINT('',(63.4,119.726090646769,-132.413981687735));
#18627=CARTESIAN_POINT('',(71.,170.966539100633,-183.654430141599));
#18628=CARTESIAN_POINT('Origin',(71.,190.492170429869,-101.815742338445));
#18629=CARTESIAN_POINT('',(70.6,190.492170429869,-101.815742338445));
#18630=CARTESIAN_POINT('',(70.6,190.492170429869,-107.215742338439));
#18631=CARTESIAN_POINT('',(65.,190.492170429869,-101.815742338445));
#18632=CARTESIAN_POINT('',(71.,190.492170429869,-101.815742338445));
#18633=CARTESIAN_POINT('',(65.,190.492170429869,-107.215742338439));
#18634=CARTESIAN_POINT('Origin',(64.,183.092170429869,-118.897901904635));
#18635=CARTESIAN_POINT('',(65.,184.092170429869,-101.815742338445));
#18636=CARTESIAN_POINT('',(63.,182.092170429869,-101.815742338445));
#18637=CARTESIAN_POINT('',(65.,184.092170429869,-118.897901904635));
#18638=CARTESIAN_POINT('',(65.,184.092170429869,-125.180061470835));
#18639=CARTESIAN_POINT('Origin',(64.,187.292170429869,-125.180061470835));
#18640=CARTESIAN_POINT('',(65.,190.492170429869,-125.180061127835));
#18641=CARTESIAN_POINT('Origin',(64.,191.492170429869,-107.215742338439));
#18642=CARTESIAN_POINT('',(65.,190.492170429869,-101.815742338445));
#18643=CARTESIAN_POINT('Origin',(64.,187.292170429869,-101.815742338445));
#18644=CARTESIAN_POINT('Origin',(65.,187.292170429869,-101.815742338445));
#18645=CARTESIAN_POINT('Origin',(71.,187.292170429869,-173.580061470835));
#18646=CARTESIAN_POINT('',(70.6,184.092170429869,-173.580061470835));
#18647=CARTESIAN_POINT('Origin',(70.6,187.292170429869,-173.580061470835));
#18648=CARTESIAN_POINT('',(65.,184.092170429869,-173.580061470835));
#18649=CARTESIAN_POINT('Origin',(65.,187.292170429869,-173.580061470835));
#18650=CARTESIAN_POINT('',(71.,184.092170429869,-173.580061470835));
#18651=CARTESIAN_POINT('Origin',(64.,191.492170429869,-125.097901733135));
#18652=CARTESIAN_POINT('',(63.,192.492170429869,-173.580061470835));
#18653=CARTESIAN_POINT('',(65.,190.492170429869,-137.580061127835));
#18654=CARTESIAN_POINT('Origin',(64.,187.292170429869,-137.580061470835));
#18655=CARTESIAN_POINT('',(65.,184.092170429869,-137.580061470835));
#18656=CARTESIAN_POINT('Origin',(65.,187.292170429869,-137.580061470835));
#18657=CARTESIAN_POINT('',(65.,184.092170429869,-137.580061470835));
#18658=CARTESIAN_POINT('Origin',(64.,183.092170429869,-143.097901904635));
#18659=CARTESIAN_POINT('',(65.,184.092170429869,-143.097901904635));
#18660=CARTESIAN_POINT('',(65.,184.092170429869,-173.580061470835));
#18661=CARTESIAN_POINT('Origin',(64.,187.292170429869,-173.580061470835));
#18662=CARTESIAN_POINT('Origin',(63.2,206.092170429913,-77.6157423384349));
#18663=CARTESIAN_POINT('',(63.4,206.092170429913,-71.5407423384349));
#18664=CARTESIAN_POINT('Origin',(63.4,206.092170429913,-77.6157423384349));
#18665=CARTESIAN_POINT('',(63.2,206.092170429913,-71.3407423384349));
#18666=CARTESIAN_POINT('Origin',(63.2,206.092170429913,-147.615742338435));
#18667=CARTESIAN_POINT('',(63.4,206.092170429913,-141.540742338435));
#18668=CARTESIAN_POINT('Origin',(63.4,206.092170429913,-147.615742338435));
#18669=CARTESIAN_POINT('',(63.2,206.092170429913,-141.340742338435));
#18670=CARTESIAN_POINT('Origin',(63.2,138.843433088339,-48.9514232060349));
#18671=CARTESIAN_POINT('',(63.4,151.217801759104,-61.3257918767994));
#18672=CARTESIAN_POINT('',(63.,151.500644471578,-61.6086345892741));
#18673=CARTESIAN_POINT('Origin',(63.4,138.843433088339,-48.9514232060349));
#18674=CARTESIAN_POINT('Origin',(63.2,134.867512003006,-77.9589243453718));
#18675=CARTESIAN_POINT('',(63.4,170.966539100633,-41.5770545352703));
#18676=CARTESIAN_POINT('',(63.4,134.726090646769,-77.8175029891345));
#18677=CARTESIAN_POINT('',(63.,171.249381813107,-41.8598972477449));
#18678=CARTESIAN_POINT('Origin',(63.2,183.340907771397,-53.9514232060349));
#18679=CARTESIAN_POINT('',(63.4,183.340907771397,-36.4514232060349));
#18680=CARTESIAN_POINT('',(63.,183.340907771397,-36.8514232060349));
#18681=CARTESIAN_POINT('Origin',(63.4,183.340907771397,-53.9514232060349));
#18682=CARTESIAN_POINT('Origin',(63.2,151.19217042987,-36.6514232060349));
#18683=CARTESIAN_POINT('',(63.4,215.592170429871,-36.4514232060348));
#18684=CARTESIAN_POINT('',(63.4,151.19217042987,-36.4514232060349));
#18685=CARTESIAN_POINT('',(63.,215.592170429871,-36.8514232060348));
#18686=CARTESIAN_POINT('Origin',(63.2,215.592170429871,-53.9514232060348));
#18687=CARTESIAN_POINT('',(63.4,233.092170429871,-53.9514232060349));
#18688=CARTESIAN_POINT('Origin',(63.4,215.592170429871,-53.9514232060348));
#18689=CARTESIAN_POINT('',(63.,232.692170429871,-53.9514232060349));
#18690=CARTESIAN_POINT('Origin',(63.2,232.892170429871,-141.947901904635));
#18691=CARTESIAN_POINT('',(63.4,233.092170429871,-171.280061470835));
#18692=CARTESIAN_POINT('',(63.4,233.092170429871,-141.947901904635));
#18693=CARTESIAN_POINT('',(63.,232.692170429871,-171.280061470835));
#18694=CARTESIAN_POINT('Origin',(63.2,215.592170429871,-171.280061470835));
#18695=CARTESIAN_POINT('',(63.4,215.592170429871,-188.780061470835));
#18696=CARTESIAN_POINT('Origin',(63.4,215.592170429871,-171.280061470835));
#18697=CARTESIAN_POINT('',(63.,215.592170429871,-188.380061470835));
#18698=CARTESIAN_POINT('Origin',(63.2,131.442170429869,-188.580061470835));
#18699=CARTESIAN_POINT('',(63.4,183.340907771397,-188.780061470835));
#18700=CARTESIAN_POINT('',(63.4,131.442170429869,-188.780061470835));
#18701=CARTESIAN_POINT('',(63.,183.340907771397,-188.380061470835));
#18702=CARTESIAN_POINT('Origin',(63.2,183.340907771397,-171.280061470835));
#18703=CARTESIAN_POINT('',(63.,171.249381813108,-183.371587429125));
#18704=CARTESIAN_POINT('Origin',(63.4,183.340907771397,-171.280061470835));
#18705=CARTESIAN_POINT('Origin',(63.2,119.867512003006,-132.272560331498));
#18706=CARTESIAN_POINT('',(63.,151.500644471578,-163.622850087596));
#18707=CARTESIAN_POINT('Origin',(63.2,138.843433088339,-176.280061470835));
#18708=CARTESIAN_POINT('Origin',(71.,206.092170429913,-77.6157423384349));
#18709=CARTESIAN_POINT('',(70.6,206.092170429913,-71.5407423384349));
#18710=CARTESIAN_POINT('',(71.,206.092170429913,-71.5407423384349));
#18711=CARTESIAN_POINT('Origin',(70.6,206.092170429913,-77.6157423384349));
#18712=CARTESIAN_POINT('Origin',(70.8,206.092170429913,-77.6157423384349));
#18713=CARTESIAN_POINT('',(71.,206.092170429913,-71.1407423384349));
#18714=CARTESIAN_POINT('',(70.8,206.092170429913,-71.3407423384349));
#18715=CARTESIAN_POINT('Origin',(71.,206.092170429913,-77.6157423384349));
#18716=CARTESIAN_POINT('Origin',(71.,206.092170429913,-147.615742338435));
#18717=CARTESIAN_POINT('',(70.6,206.092170429913,-141.540742338435));
#18718=CARTESIAN_POINT('',(71.,206.092170429913,-141.540742338435));
#18719=CARTESIAN_POINT('Origin',(70.6,206.092170429913,-147.615742338435));
#18720=CARTESIAN_POINT('Origin',(70.8,206.092170429913,-147.615742338435));
#18721=CARTESIAN_POINT('',(71.,206.092170429913,-141.140742338435));
#18722=CARTESIAN_POINT('',(70.8,206.092170429913,-141.340742338435));
#18723=CARTESIAN_POINT('Origin',(71.,206.092170429913,-147.615742338435));
#18724=CARTESIAN_POINT('Origin',(71.,184.092170429869,-125.180061470835));
#18725=CARTESIAN_POINT('',(70.6,184.092170429869,-101.815742338445));
#18726=CARTESIAN_POINT('',(70.6,184.092170429869,-118.897901904635));
#18727=CARTESIAN_POINT('',(71.,184.092170429869,-101.815742338445));
#18728=CARTESIAN_POINT('Origin',(71.,187.292170429869,-101.815742338445));
#18729=CARTESIAN_POINT('Origin',(70.6,187.292170429869,-101.815742338445));
#18730=CARTESIAN_POINT('Origin',(70.8,187.292170429869,-101.815742338445));
#18731=CARTESIAN_POINT('',(71.,183.692170429869,-101.815742338445));
#18732=CARTESIAN_POINT('',(70.6,184.092170429869,-101.815742338445));
#18733=CARTESIAN_POINT('',(71.,190.892170429869,-101.815742338445));
#18734=CARTESIAN_POINT('',(71.,190.892170429869,-101.815742338445));
#18735=CARTESIAN_POINT('Origin',(71.,187.292170429869,-101.815742338445));
#18736=CARTESIAN_POINT('Origin',(70.8,190.692170429869,-107.215742338439));
#18737=CARTESIAN_POINT('',(71.,190.892170429869,-125.180061084961));
#18738=CARTESIAN_POINT('',(71.,190.892170429869,-125.180061084961));
#18739=CARTESIAN_POINT('',(71.,190.892170429869,-107.215742338439));
#18740=CARTESIAN_POINT('Origin',(70.8,187.292170429869,-125.180061470835));
#18741=CARTESIAN_POINT('',(71.,183.692170429869,-125.180061470835));
#18742=CARTESIAN_POINT('',(71.,183.692170429869,-125.180061470835));
#18743=CARTESIAN_POINT('Origin',(71.,187.292170429869,-125.180061470835));
#18744=CARTESIAN_POINT('Origin',(70.8,183.892170429869,-118.897901904635));
#18745=CARTESIAN_POINT('',(71.,183.692170429869,-118.897901904635));
#18746=CARTESIAN_POINT('Origin',(71.,184.092170429869,-173.580061470835));
#18747=CARTESIAN_POINT('',(70.6,184.092170429869,-137.580061470835));
#18748=CARTESIAN_POINT('',(70.6,184.092170429869,-143.097901904635));
#18749=CARTESIAN_POINT('',(71.,184.092170429869,-137.580061470835));
#18750=CARTESIAN_POINT('Origin',(71.,187.292170429869,-137.580061470835));
#18751=CARTESIAN_POINT('Origin',(70.6,187.292170429869,-137.580061470835));
#18752=CARTESIAN_POINT('Origin',(70.8,187.292170429869,-137.580061470835));
#18753=CARTESIAN_POINT('',(71.,183.692170429869,-137.580061470835));
#18754=CARTESIAN_POINT('',(70.6,184.092170429869,-137.580061470835));
#18755=CARTESIAN_POINT('',(71.,190.892170429869,-137.580061127835));
#18756=CARTESIAN_POINT('',(71.,190.892170429869,-137.580061127835));
#18757=CARTESIAN_POINT('Origin',(71.,187.292170429869,-137.580061470835));
#18758=CARTESIAN_POINT('Origin',(70.8,190.692170429869,-125.097901733135));
#18759=CARTESIAN_POINT('',(71.,190.892170429869,-173.580061470835));
#18760=CARTESIAN_POINT('',(71.,190.892170429869,-173.580061470835));
#18761=CARTESIAN_POINT('',(71.,190.892170429869,-125.097901733135));
#18762=CARTESIAN_POINT('Origin',(70.8,187.292170429869,-173.580061470835));
#18763=CARTESIAN_POINT('',(71.,183.692170429869,-173.580061470835));
#18764=CARTESIAN_POINT('',(71.,183.692170429869,-173.580061470835));
#18765=CARTESIAN_POINT('Origin',(71.,187.292170429869,-173.580061470835));
#18766=CARTESIAN_POINT('Origin',(70.8,183.892170429869,-143.097901904635));
#18767=CARTESIAN_POINT('',(71.,183.692170429869,-143.097901904635));
#18768=CARTESIAN_POINT('Origin',(71.,183.340907771397,-171.280061470835));
#18769=CARTESIAN_POINT('',(70.6,183.340907771397,-188.780061470835));
#18770=CARTESIAN_POINT('Origin',(70.6,183.340907771397,-171.280061470835));
#18771=CARTESIAN_POINT('',(71.,183.340907771397,-188.780061470835));
#18772=CARTESIAN_POINT('Origin',(71.,176.092170429868,-188.780061470835));
#18773=CARTESIAN_POINT('',(70.6,215.592170429871,-188.780061470835));
#18774=CARTESIAN_POINT('',(70.6,131.442170429869,-188.780061470835));
#18775=CARTESIAN_POINT('',(71.,215.592170429871,-188.780061470835));
#18776=CARTESIAN_POINT('Origin',(71.,215.592170429871,-171.280061470835));
#18777=CARTESIAN_POINT('',(70.6,233.092170429871,-171.280061470835));
#18778=CARTESIAN_POINT('Origin',(70.6,215.592170429871,-171.280061470835));
#18779=CARTESIAN_POINT('',(71.,233.092170429871,-171.280061470835));
#18780=CARTESIAN_POINT('Origin',(71.,233.092170429871,-171.280061470835));
#18781=CARTESIAN_POINT('',(70.6,233.092170429871,-53.9514232060349));
#18782=CARTESIAN_POINT('',(70.6,233.092170429871,-141.947901904635));
#18783=CARTESIAN_POINT('',(71.,233.092170429871,-53.9514232060349));
#18784=CARTESIAN_POINT('Origin',(71.,215.592170429871,-53.9514232060348));
#18785=CARTESIAN_POINT('',(70.6,215.592170429871,-36.4514232060348));
#18786=CARTESIAN_POINT('Origin',(70.6,215.592170429871,-53.9514232060348));
#18787=CARTESIAN_POINT('',(71.,215.592170429871,-36.4514232060348));
#18788=CARTESIAN_POINT('Origin',(71.,215.592170429871,-36.4514232060348));
#18789=CARTESIAN_POINT('',(70.6,183.340907771397,-36.4514232060349));
#18790=CARTESIAN_POINT('',(70.6,151.19217042987,-36.4514232060349));
#18791=CARTESIAN_POINT('',(71.,183.340907771397,-36.4514232060349));
#18792=CARTESIAN_POINT('Origin',(71.,183.340907771397,-53.9514232060349));
#18793=CARTESIAN_POINT('',(70.6,170.966539100633,-41.5770545352703));
#18794=CARTESIAN_POINT('Origin',(70.6,183.340907771397,-53.9514232060349));
#18795=CARTESIAN_POINT('',(71.,170.966539100633,-41.5770545352703));
#18796=CARTESIAN_POINT('Origin',(71.,176.092170429868,-36.4514232060349));
#18797=CARTESIAN_POINT('',(70.6,151.217801759104,-61.3257918767994));
#18798=CARTESIAN_POINT('',(70.6,134.726090646769,-77.8175029891345));
#18799=CARTESIAN_POINT('',(71.,151.217801759104,-61.3257918767994));
#18800=CARTESIAN_POINT('Origin',(71.,138.843433088339,-48.9514232060349));
#18801=CARTESIAN_POINT('',(70.6,138.843433088339,-66.4514232060349));
#18802=CARTESIAN_POINT('Origin',(70.6,138.843433088339,-48.9514232060349));
#18803=CARTESIAN_POINT('',(71.,138.843433088339,-66.4514232060349));
#18804=CARTESIAN_POINT('Origin',(70.8,119.867512003006,-132.272560331498));
#18805=CARTESIAN_POINT('',(71.,151.500644471578,-163.622850087596));
#18806=CARTESIAN_POINT('',(70.6,151.217801759104,-163.90569280007));
#18807=CARTESIAN_POINT('',(71.,171.249381813108,-183.371587429125));
#18808=CARTESIAN_POINT('',(71.,171.249381813108,-183.371587429125));
#18809=CARTESIAN_POINT('',(71.,120.008933359243,-132.131138975261));
#18810=CARTESIAN_POINT('Origin',(70.8,138.843433088339,-176.280061470835));
#18811=CARTESIAN_POINT('',(71.,138.843433088339,-158.380061470835));
#18812=CARTESIAN_POINT('Origin',(71.,138.843433088339,-176.280061470835));
#18813=CARTESIAN_POINT('',(70.6,138.843433088339,-158.780061470835));
#18814=CARTESIAN_POINT('Origin',(70.8,138.843433088339,-48.9514232060349));
#18815=CARTESIAN_POINT('',(71.,138.843433088339,-66.8514232060349));
#18816=CARTESIAN_POINT('',(70.6,138.843433088339,-66.4514232060349));
#18817=CARTESIAN_POINT('',(71.,151.500644471578,-61.6086345892741));
#18818=CARTESIAN_POINT('Origin',(71.,138.843433088339,-48.9514232060349));
#18819=CARTESIAN_POINT('',(70.6,151.217801759104,-61.3257918767994));
#18820=CARTESIAN_POINT('Origin',(70.8,134.867512003006,-77.9589243453718));
#18821=CARTESIAN_POINT('',(71.,171.249381813107,-41.8598972477449));
#18822=CARTESIAN_POINT('',(70.6,170.966539100633,-41.5770545352703));
#18823=CARTESIAN_POINT('',(71.,135.008933359243,-78.1003457016091));
#18824=CARTESIAN_POINT('Origin',(70.8,183.340907771397,-53.9514232060349));
#18825=CARTESIAN_POINT('',(71.,183.340907771397,-36.8514232060349));
#18826=CARTESIAN_POINT('Origin',(71.,183.340907771397,-53.9514232060349));
#18827=CARTESIAN_POINT('',(70.6,183.340907771397,-36.4514232060349));
#18828=CARTESIAN_POINT('Origin',(70.8,151.19217042987,-36.6514232060349));
#18829=CARTESIAN_POINT('',(71.,215.592170429871,-36.8514232060348));
#18830=CARTESIAN_POINT('',(70.6,215.592170429871,-36.4514232060348));
#18831=CARTESIAN_POINT('',(71.,151.19217042987,-36.8514232060349));
#18832=CARTESIAN_POINT('Origin',(70.8,215.592170429871,-53.9514232060348));
#18833=CARTESIAN_POINT('',(71.,232.692170429871,-53.9514232060349));
#18834=CARTESIAN_POINT('',(70.6,233.092170429871,-53.9514232060349));
#18835=CARTESIAN_POINT('Origin',(71.,215.592170429871,-53.9514232060348));
#18836=CARTESIAN_POINT('Origin',(70.8,232.892170429871,-141.947901904635));
#18837=CARTESIAN_POINT('',(71.,232.692170429871,-171.280061470835));
#18838=CARTESIAN_POINT('',(70.6,233.092170429871,-171.280061470835));
#18839=CARTESIAN_POINT('',(71.,232.692170429871,-141.947901904635));
#18840=CARTESIAN_POINT('Origin',(70.8,215.592170429871,-171.280061470835));
#18841=CARTESIAN_POINT('',(71.,215.592170429871,-188.380061470835));
#18842=CARTESIAN_POINT('',(70.6,215.592170429871,-188.780061470835));
#18843=CARTESIAN_POINT('Origin',(71.,215.592170429871,-171.280061470835));
#18844=CARTESIAN_POINT('Origin',(70.8,131.442170429869,-188.580061470835));
#18845=CARTESIAN_POINT('',(71.,183.340907771397,-188.380061470835));
#18846=CARTESIAN_POINT('',(70.6,183.340907771397,-188.780061470835));
#18847=CARTESIAN_POINT('',(71.,131.442170429869,-188.380061470835));
#18848=CARTESIAN_POINT('Origin',(70.8,183.340907771397,-171.280061470835));
#18849=CARTESIAN_POINT('Origin',(71.,183.340907771397,-171.280061470835));
#18850=CARTESIAN_POINT('Origin',(71.,86.79217042987,-112.615742338435));
#18851=CARTESIAN_POINT('',(71.,138.843433088339,-135.41574233839));
#18852=CARTESIAN_POINT('',(71.,138.843433088339,-124.015742338412));
#18853=CARTESIAN_POINT('',(71.,138.843433088339,-89.8157423384799));
#18854=CARTESIAN_POINT('',(71.,138.843433088339,-89.5335827722348));
#18855=CARTESIAN_POINT('',(71.,134.017930571848,-94.8126964735793));
#18856=CARTESIAN_POINT('Origin',(71.,133.843433088335,-89.8157423384799));
#18857=CARTESIAN_POINT('',(71.,121.217672946357,-95.2596913195542));
#18858=CARTESIAN_POINT('',(71.,110.123340970036,-95.6471139291642));
#18859=CARTESIAN_POINT('',(71.,116.39217042987,-100.25664545465));
#18860=CARTESIAN_POINT('Origin',(71.,121.39217042987,-100.25664545465));
#18861=CARTESIAN_POINT('',(71.,116.39217042987,-124.974839222221));
#18862=CARTESIAN_POINT('',(71.,116.39217042987,-106.436193896542));
#18863=CARTESIAN_POINT('',(71.,121.217672946357,-129.971793357316));
#18864=CARTESIAN_POINT('Origin',(71.,121.39217042987,-124.974839222221));
#18865=CARTESIAN_POINT('',(71.,134.017930571849,-130.41878820329));
#18866=CARTESIAN_POINT('',(71.,103.723212157291,-129.360873324719));
#18867=CARTESIAN_POINT('Origin',(71.,133.843433088335,-135.41574233839));
#18868=CARTESIAN_POINT('Origin',(69.,188.378898569538,-80.8157423385007));
#18869=CARTESIAN_POINT('',(69.,188.378898569536,-84.8157423385007));
#18870=CARTESIAN_POINT('',(69.,188.378898569536,-84.8157423385007));
#18871=CARTESIAN_POINT('',(69.,188.378898569539,-76.8157423385007));
#18872=CARTESIAN_POINT('Origin',(69.,188.378898569538,-80.8157423385007));
#18873=CARTESIAN_POINT('',(69.,188.378898569539,-76.8157423385007));
#18874=CARTESIAN_POINT('Origin',(69.,179.092170429925,-70.8157423384549));
#18875=CARTESIAN_POINT('',(66.,179.092170429925,-70.8157423384549));
#18876=CARTESIAN_POINT('',(66.,183.092170429925,-70.8157423384549));
#18877=CARTESIAN_POINT('',(66.,180.092170429924,-70.8157423384549));
#18878=CARTESIAN_POINT('',(69.,179.092170429925,-70.8157423384549));
#18879=CARTESIAN_POINT('',(69.,183.092170429925,-70.8157423384549));
#18880=CARTESIAN_POINT('Origin',(69.,183.092170429925,-70.8157423384549));
#18881=CARTESIAN_POINT('',(69.,183.092170429925,-73.8157423384549));
#18882=CARTESIAN_POINT('Origin',(66.,183.092170429925,-73.8157423384549));
#18883=CARTESIAN_POINT('',(65.,183.092170429925,-76.8157423384565));
#18884=CARTESIAN_POINT('',(66.,183.092170429925,-76.8157423384985));
#18885=CARTESIAN_POINT('',(65.,183.092170429925,-74.8157423384549));
#18886=CARTESIAN_POINT('',(65.,183.092170429925,-78.8157423384562));
#18887=CARTESIAN_POINT('',(67.,183.092170429925,-74.8157423384549));
#18888=CARTESIAN_POINT('Origin',(66.,183.092170429925,-74.8157423384549));
#18889=CARTESIAN_POINT('',(67.,183.092170429925,-76.8157423384565));
#18890=CARTESIAN_POINT('',(67.,183.092170429925,-78.8157423384562));
#18891=CARTESIAN_POINT('',(69.,183.092170429925,-76.8157423384565));
#18892=CARTESIAN_POINT('',(69.,183.092170429925,-76.8157423384985));
#18893=CARTESIAN_POINT('',(69.,183.092170429925,-78.8157423384562));
#18894=CARTESIAN_POINT('Origin',(69.,183.092170429925,-90.8157423384552));
#18895=CARTESIAN_POINT('',(66.,183.092170429925,-90.8157423384552));
#18896=CARTESIAN_POINT('',(66.,179.092170429925,-90.8157423384552));
#18897=CARTESIAN_POINT('',(66.,182.092170429924,-90.8157423384552));
#18898=CARTESIAN_POINT('',(69.,183.092170429925,-90.8157423384552));
#18899=CARTESIAN_POINT('',(69.,179.092170429925,-90.8157423384552));
#18900=CARTESIAN_POINT('Origin',(69.,179.092170429925,-90.8157423384552));
#18901=CARTESIAN_POINT('',(69.,179.092170429925,-87.8157423384552));
#18902=CARTESIAN_POINT('Origin',(66.,179.092170429925,-87.8157423384552));
#18903=CARTESIAN_POINT('',(65.,179.092170429925,-84.8157423384548));
#18904=CARTESIAN_POINT('',(66.,179.092170429925,-84.8157423384968));
#18905=CARTESIAN_POINT('',(65.,179.092170429925,-86.8157423384537));
#18906=CARTESIAN_POINT('',(65.,179.092170429925,-82.8157423384554));
#18907=CARTESIAN_POINT('',(67.,179.092170429925,-86.8157423384537));
#18908=CARTESIAN_POINT('Origin',(66.,179.092170429929,-86.8157423384537));
#18909=CARTESIAN_POINT('',(67.,179.092170429925,-84.8157423384548));
#18910=CARTESIAN_POINT('',(67.,179.092170429925,-82.8157423384554));
#18911=CARTESIAN_POINT('',(69.,179.092170429925,-84.8157423384548));
#18912=CARTESIAN_POINT('',(69.,179.092170429925,-84.8157423384968));
#18913=CARTESIAN_POINT('',(69.,179.092170429925,-82.8157423384554));
#18914=CARTESIAN_POINT('Origin',(69.,183.092170429925,-87.8157423384571));
#18915=CARTESIAN_POINT('',(69.,183.092170429925,-87.8157423384552));
#18916=CARTESIAN_POINT('Origin',(66.,183.092170429925,-87.8157423384552));
#18917=CARTESIAN_POINT('',(69.,183.092170429925,-84.8157423384565));
#18918=CARTESIAN_POINT('',(69.,183.092170429925,-85.8157423384551));
#18919=CARTESIAN_POINT('',(67.,183.092170429925,-84.8157423384565));
#18920=CARTESIAN_POINT('',(69.,183.092170429925,-84.8157423384985));
#18921=CARTESIAN_POINT('',(67.,183.092170429925,-86.8157423384571));
#18922=CARTESIAN_POINT('',(67.,183.092170429925,-84.3157423384565));
#18923=CARTESIAN_POINT('',(65.,183.092170429925,-86.8157423384571));
#18924=CARTESIAN_POINT('Origin',(66.,183.092170429926,-86.8157423384571));
#18925=CARTESIAN_POINT('',(65.,183.092170429925,-84.8157423384565));
#18926=CARTESIAN_POINT('',(65.,183.092170429925,-84.3157423384565));
#18927=CARTESIAN_POINT('',(66.,183.092170429925,-84.8157423384985));
#18928=CARTESIAN_POINT('Origin',(66.,182.092170429924,-87.8157423384552));
#18929=CARTESIAN_POINT('',(69.,182.092170429924,-87.8157423384552));
#18930=CARTESIAN_POINT('Origin',(69.,179.092170429925,-73.8157423384549));
#18931=CARTESIAN_POINT('',(69.,179.092170429925,-73.8157423384549));
#18932=CARTESIAN_POINT('Origin',(66.,179.092170429925,-73.8157423384549));
#18933=CARTESIAN_POINT('',(69.,179.092170429925,-76.8157423384548));
#18934=CARTESIAN_POINT('',(69.,179.092170429925,-75.815742338455));
#18935=CARTESIAN_POINT('',(67.,179.092170429925,-76.8157423384548));
#18936=CARTESIAN_POINT('',(69.,179.092170429925,-76.8157423384968));
#18937=CARTESIAN_POINT('',(67.,179.092170429925,-74.8157423384549));
#18938=CARTESIAN_POINT('',(67.,179.092170429925,-77.3157423384555));
#18939=CARTESIAN_POINT('',(65.,179.092170429925,-74.8157423384549));
#18940=CARTESIAN_POINT('Origin',(66.,179.092170429925,-74.8157423384549));
#18941=CARTESIAN_POINT('',(65.,179.092170429925,-76.8157423384548));
#18942=CARTESIAN_POINT('',(65.,179.092170429925,-77.3157423384555));
#18943=CARTESIAN_POINT('',(66.,179.092170429925,-76.8157423384968));
#18944=CARTESIAN_POINT('Origin',(66.,180.092170429924,-73.8157423384549));
#18945=CARTESIAN_POINT('',(69.,180.092170429924,-73.8157423384549));
#18946=CARTESIAN_POINT('Origin',(65.,181.092170429922,-80.815742338456));
#18947=CARTESIAN_POINT('',(65.,182.092170429924,-74.8157423384549));
#18948=CARTESIAN_POINT('',(65.,77.4488063601194,-76.8157423384541));
#18949=CARTESIAN_POINT('Origin',(66.,182.092170429924,-74.8157423384549));
#18950=CARTESIAN_POINT('',(67.,182.092170429924,-74.8157423384549));
#18951=CARTESIAN_POINT('Origin',(65.,181.092170429922,-80.815742338456));
#18952=CARTESIAN_POINT('',(65.,180.092170429919,-86.8157423384546));
#18953=CARTESIAN_POINT('',(65.,184.735534499728,-84.8157423384991));
#18954=CARTESIAN_POINT('Origin',(66.,180.092170429919,-86.8157423384546));
#18955=CARTESIAN_POINT('',(67.,180.092170429919,-86.8157423384546));
#18956=CARTESIAN_POINT('Origin',(67.,181.092170429922,-80.815742338456));
#18957=CARTESIAN_POINT('',(67.,184.735534499728,-84.8157423384991));
#18958=CARTESIAN_POINT('Origin',(67.,181.092170429922,-80.815742338456));
#18959=CARTESIAN_POINT('',(67.,77.4488063601194,-76.8157423384541));
#18960=CARTESIAN_POINT('Origin',(69.,-26.1945577096853,-76.8157423384106));
#18961=CARTESIAN_POINT('',(69.,134.735534499733,-76.8157423384782));
#18962=CARTESIAN_POINT('',(69.,163.057216534636,-76.8157423384901));
#18963=CARTESIAN_POINT('Origin',(69.,-18.9078295700776,-80.815742338455));
#18964=CARTESIAN_POINT('',(69.,110.413852464828,-84.8157423384679));
#18965=CARTESIAN_POINT('',(69.,27.4488063601175,-84.8157423384331));
#18966=CARTESIAN_POINT('Origin',(69.,188.378898569536,-84.8157423385007));
#18967=CARTESIAN_POINT('Origin',(0.,138.843433088339,-135.41574233839));
#18968=CARTESIAN_POINT('',(0.,138.843433088339,-135.41574233839));
#18969=CARTESIAN_POINT('Origin',(0.,133.843433088335,-89.8157423384799));
#18970=CARTESIAN_POINT('',(0.,134.017930571848,-94.8126964735793));
#18971=CARTESIAN_POINT('',(0.,138.843433088339,-89.8157423384799));
#18972=CARTESIAN_POINT('Origin',(0.,134.017930571848,-94.8126964735793));
#18973=CARTESIAN_POINT('',(0.,121.217672946357,-95.2596913195542));
#18974=CARTESIAN_POINT('Origin',(0.,121.39217042987,-100.25664545465));
#18975=CARTESIAN_POINT('',(0.,116.39217042987,-100.25664545465));
#18976=CARTESIAN_POINT('Origin',(0.,138.843433088339,-66.4514232060349));
#18977=CARTESIAN_POINT('Origin',(0.,116.39217042987,-100.25664545465));
#18978=CARTESIAN_POINT('',(0.,116.39217042987,-124.974839222221));
#18979=CARTESIAN_POINT('Origin',(0.,121.39217042987,-124.974839222221));
#18980=CARTESIAN_POINT('',(0.,121.217672946357,-129.971793357316));
#18981=CARTESIAN_POINT('Origin',(0.,121.217672946357,-129.971793357316));
#18982=CARTESIAN_POINT('',(0.,134.017930571849,-130.41878820329));
#18983=CARTESIAN_POINT('Origin',(0.,133.843433088335,-135.41574233839));
#18984=CARTESIAN_POINT('Origin',(22.1857864376269,107.49217042987,-108.615742338435));
#18985=CARTESIAN_POINT('',(22.2000000000001,116.39217042987,-109.615641320655));
#18986=CARTESIAN_POINT('',(22.8928932188134,116.39217042987,-109.322849119622));
#18987=CARTESIAN_POINT('Origin',(22.1857864376269,116.39217042987,-108.615742338435));
#18988=CARTESIAN_POINT('',(22.8928932188134,114.498774843336,-109.322849119621));
#18989=CARTESIAN_POINT('',(22.8928932188134,107.49217042987,-109.322849119621));
#18990=CARTESIAN_POINT('',(22.1857864376269,114.39217042987,-109.615742338435));
#18991=CARTESIAN_POINT('Origin',(22.1857864376269,114.756140664136,-108.615742338435));
#18992=CARTESIAN_POINT('',(22.1857864376269,116.377956867496,-109.615742338435));
#18993=CARTESIAN_POINT('',(22.1857864376269,107.49217042987,-109.615742338435));
#18994=CARTESIAN_POINT('Origin',(22.1857864376269,116.377956867496,-108.615742338435));
#18995=CARTESIAN_POINT('Origin',(22.1857864376269,111.355174733985,-119.469491596071));
#18996=CARTESIAN_POINT('',(22.1857864376269,114.39217042987,-115.615742338435));
#18997=CARTESIAN_POINT('',(22.1857864376269,108.034958039556,-120.950076910463));
#18998=CARTESIAN_POINT('',(22.1857864376269,110.712387124298,-118.703447152952));
#18999=CARTESIAN_POINT('',(22.8928932188134,108.22322617157,-121.174446133163));
#19000=CARTESIAN_POINT('Origin',(22.1857864376269,108.677745649242,-121.716121353582));
#19001=CARTESIAN_POINT('',(22.8928932188134,114.498774843336,-115.908635557249));
#19002=CARTESIAN_POINT('',(22.8928932188134,110.900655256313,-118.927816375652));
#19003=CARTESIAN_POINT('Origin',(22.1857864376269,114.756140664136,-116.615742338435));
#19004=CARTESIAN_POINT('Origin',(22.1857864376269,110.49217042987,-116.615742338435));
#19005=CARTESIAN_POINT('',(22.2000000000001,116.39217042987,-115.615843356215));
#19006=CARTESIAN_POINT('',(22.1857864376269,116.377956867496,-115.615742338435));
#19007=CARTESIAN_POINT('Origin',(22.1857864376269,116.377956867496,-116.615742338435));
#19008=CARTESIAN_POINT('',(22.1857864376269,110.49217042987,-115.615742338435));
#19009=CARTESIAN_POINT('',(22.8928932188134,116.39217042987,-115.908635557249));
#19010=CARTESIAN_POINT('',(22.8928932188134,110.49217042987,-115.908635557249));
#19011=CARTESIAN_POINT('Origin',(22.1857864376269,116.39217042987,-116.615742338435));
#19012=CARTESIAN_POINT('Origin',(22.1857864376269,107.392170429869,-120.184032467344));
#19013=CARTESIAN_POINT('',(22.1857864376269,106.392170429869,-120.184032467344));
#19014=CARTESIAN_POINT('Origin',(22.1857864376269,107.392170429869,-120.184032467344));
#19015=CARTESIAN_POINT('',(22.8928932188134,106.099277211056,-120.184032467344));
#19016=CARTESIAN_POINT('Origin',(22.1857864376269,105.392170429869,-120.184032467344));
#19017=CARTESIAN_POINT('Origin',(22.8928932188134,107.392170429869,-120.184032467344));
#19018=CARTESIAN_POINT('Origin',(22.1857864376269,105.392170429869,-119.900340125499));
#19019=CARTESIAN_POINT('',(22.1857864376269,106.39217042987,-105.047452209526));
#19020=CARTESIAN_POINT('',(22.1857864376269,106.392170429869,-119.900340125499));
#19021=CARTESIAN_POINT('',(22.8928932188134,106.099277211056,-105.047452209526));
#19022=CARTESIAN_POINT('Origin',(22.1857864376269,105.39217042987,-105.047452209526));
#19023=CARTESIAN_POINT('',(22.8928932188134,106.099277211056,-119.900340125499));
#19024=CARTESIAN_POINT('Origin',(22.1857864376269,107.39217042987,-105.047452209527));
#19025=CARTESIAN_POINT('',(22.1857864376269,108.034958039556,-104.281407766408));
#19026=CARTESIAN_POINT('Origin',(22.1857864376269,107.39217042987,-105.047452209527));
#19027=CARTESIAN_POINT('',(22.8928932188134,108.223226171571,-104.057038543708));
#19028=CARTESIAN_POINT('Origin',(22.1857864376269,108.677745649243,-103.515363323289));
#19029=CARTESIAN_POINT('Origin',(22.8928932188134,107.39217042987,-105.047452209527));
#19030=CARTESIAN_POINT('Origin',(22.1857864376269,105.355174733985,-100.727395293735));
#19031=CARTESIAN_POINT('',(22.1857864376269,104.712387124299,-101.493439736854));
#19032=CARTESIAN_POINT('',(22.8928932188135,104.900655256313,-101.269070514155));
#19033=CARTESIAN_POINT('Origin',(22.8,100.59217042987,-109.415742338435));
#19034=CARTESIAN_POINT('',(23.,116.39217042987,-109.215742338435));
#19035=CARTESIAN_POINT('',(19.3897742209462,116.39217042987,-112.825968117489));
#19036=CARTESIAN_POINT('',(23.,114.537758523576,-109.215742338435));
#19037=CARTESIAN_POINT('',(23.,100.59217042987,-109.215742338435));
#19038=CARTESIAN_POINT('',(23.,114.537758523576,-109.215742338435));
#19039=CARTESIAN_POINT('Origin',(0.,116.39217042987,-100.25664545465));
#19040=CARTESIAN_POINT('',(22.2,116.392170429869,-100.25664545465));
#19041=CARTESIAN_POINT('',(22.2000000000001,116.39217042987,-100.25664545465));
#19042=CARTESIAN_POINT('',(23.,116.39217042987,-100.25664545465));
#19043=CARTESIAN_POINT('',(0.,116.39217042987,-100.25664545465));
#19044=CARTESIAN_POINT('',(23.,116.39217042987,-106.436193896542));
#19045=CARTESIAN_POINT('Origin',(22.2,116.392170429869,-100.25664545465));
#19046=CARTESIAN_POINT('',(20.2000000000001,114.39217042987,-109.615742338435));
#19047=CARTESIAN_POINT('',(21.9,116.09217042987,-109.615742338435));
#19048=CARTESIAN_POINT('',(19.,113.19217042987,-108.608822781022));
#19049=CARTESIAN_POINT('',(17.4844968000078,111.676667229877,-107.337164604861));
#19050=CARTESIAN_POINT('',(19.,113.19217042987,-100.25664545465));
#19051=CARTESIAN_POINT('',(19.,113.19217042987,-100.25664545465));
#19052=CARTESIAN_POINT('',(19.,113.19217042987,-100.25664545465));
#19053=CARTESIAN_POINT('Origin',(23.,114.39217042987,-109.615742338435));
#19054=CARTESIAN_POINT('',(23.,114.39217042987,-109.615742338435));
#19055=CARTESIAN_POINT('Origin',(23.,106.39217042987,-102.902945289017));
#19056=CARTESIAN_POINT('',(16.,108.034958039556,-104.281407766408));
#19057=CARTESIAN_POINT('',(23.,108.034958039556,-104.281407766408));
#19058=CARTESIAN_POINT('',(16.,114.39217042987,-109.615742338435));
#19059=CARTESIAN_POINT('',(16.,111.717600333462,-107.371511556982));
#19060=CARTESIAN_POINT('',(17.7999999999999,114.39217042987,-109.615742338435));
#19061=CARTESIAN_POINT('',(23.,114.39217042987,-109.615742338435));
#19062=CARTESIAN_POINT('',(23.1781382515606,109.014032178309,-105.10294851513));
#19063=CARTESIAN_POINT('Origin',(23.,107.39217042987,-105.047452209527));
#19064=CARTESIAN_POINT('',(16.,106.39217042987,-105.047452209526));
#19065=CARTESIAN_POINT('',(23.,106.39217042987,-105.047452209526));
#19066=CARTESIAN_POINT('Origin',(16.,107.39217042987,-105.047452209527));
#19067=CARTESIAN_POINT('Origin',(23.,106.392170429869,-122.328539387853));
#19068=CARTESIAN_POINT('',(16.,106.392170429869,-120.184032467344));
#19069=CARTESIAN_POINT('',(23.,106.392170429869,-120.184032467344));
#19070=CARTESIAN_POINT('',(16.,106.392170429869,-117.472140863144));
#19071=CARTESIAN_POINT('Origin',(23.,107.392170429869,-120.184032467344));
#19072=CARTESIAN_POINT('',(16.,108.034958039556,-120.950076910463));
#19073=CARTESIAN_POINT('',(23.,108.034958039556,-120.950076910463));
#19074=CARTESIAN_POINT('Origin',(16.,107.392170429869,-120.184032467344));
#19075=CARTESIAN_POINT('Origin',(23.,114.39217042987,-115.615742338435));
#19076=CARTESIAN_POINT('',(20.2000000000001,114.39217042987,-115.615742338435));
#19077=CARTESIAN_POINT('',(23.,114.39217042987,-115.615742338435));
#19078=CARTESIAN_POINT('',(19.,113.19217042987,-116.622661895848));
#19079=CARTESIAN_POINT('',(23.8403791480661,118.032549577936,-112.561101537948));
#19080=CARTESIAN_POINT('',(17.7999999999999,114.39217042987,-115.615742338435));
#19081=CARTESIAN_POINT('',(16.8222559035022,115.369914526367,-114.795317627678));
#19082=CARTESIAN_POINT('',(16.,114.39217042987,-115.615742338435));
#19083=CARTESIAN_POINT('',(23.,114.39217042987,-115.615742338435));
#19084=CARTESIAN_POINT('',(16.,115.717600333462,-114.503574595179));
#19085=CARTESIAN_POINT('Origin',(22.8,107.161161340664,-121.944360856093));
#19086=CARTESIAN_POINT('',(23.,108.29207308343,-121.256494687711));
#19087=CARTESIAN_POINT('',(22.6,108.034958039556,-120.950076910463));
#19088=CARTESIAN_POINT('',(23.,114.537758523576,-116.015742338435));
#19089=CARTESIAN_POINT('',(23.,107.289718862602,-122.097569744717));
#19090=CARTESIAN_POINT('',(23.,114.537758523576,-116.015742338435));
#19091=CARTESIAN_POINT('Origin',(22.8,107.392170429869,-120.184032467344));
#19092=CARTESIAN_POINT('',(23.,105.992170429869,-120.184032467344));
#19093=CARTESIAN_POINT('',(22.6,106.392170429869,-120.184032467344));
#19094=CARTESIAN_POINT('Origin',(23.,107.392170429869,-120.184032467344));
#19095=CARTESIAN_POINT('Origin',(22.8,106.192170429869,-117.472140863144));
#19096=CARTESIAN_POINT('',(23.,105.99217042987,-105.047452209526));
#19097=CARTESIAN_POINT('',(22.6,106.39217042987,-105.047452209526));
#19098=CARTESIAN_POINT('',(23.,105.992170429869,-117.472140863144));
#19099=CARTESIAN_POINT('Origin',(22.8,107.39217042987,-105.047452209527));
#19100=CARTESIAN_POINT('',(23.,108.292073083431,-103.97498998916));
#19101=CARTESIAN_POINT('',(22.6,108.034958039556,-104.281407766408));
#19102=CARTESIAN_POINT('Origin',(23.,107.39217042987,-105.047452209527));
#19103=CARTESIAN_POINT('Origin',(22.8,103.161161340664,-99.9307252960679));
#19104=CARTESIAN_POINT('',(23.,103.289718862602,-99.7775164074441));
#19105=CARTESIAN_POINT('Origin',(22.8,102.59217042987,-115.815742338435));
#19106=CARTESIAN_POINT('',(23.,116.39217042987,-116.015742338435));
#19107=CARTESIAN_POINT('',(23.,102.59217042987,-116.015742338435));
#19108=CARTESIAN_POINT('',(13.2102257790535,116.39217042987,-106.225968117489));
#19109=CARTESIAN_POINT('Origin',(23.,118.39217042987,-115.615742338435));
#19110=CARTESIAN_POINT('',(22.9000000000001,117.09217042987,-115.615742338435));
#19111=CARTESIAN_POINT('Origin',(0.,116.39217042987,-100.25664545465));
#19112=CARTESIAN_POINT('',(23.,116.39217042987,-124.974839222221));
#19113=CARTESIAN_POINT('',(23.,116.39217042987,-106.436193896542));
#19114=CARTESIAN_POINT('',(22.2,116.39217042987,-124.974839222221));
#19115=CARTESIAN_POINT('',(0.,116.39217042987,-124.974839222221));
#19116=CARTESIAN_POINT('',(22.2000000000001,116.39217042987,-100.25664545465));
#19117=CARTESIAN_POINT('Origin',(23.,114.39217042987,-109.615742338435));
#19118=CARTESIAN_POINT('',(16.,116.192170429869,-109.615742338435));
#19119=CARTESIAN_POINT('',(19.7,112.49217042987,-109.615742338435));
#19120=CARTESIAN_POINT('',(16.,115.39217042987,-109.615742338435));
#19121=CARTESIAN_POINT('Origin',(16.,116.39217042987,-112.615742338435));
#19122=CARTESIAN_POINT('',(16.,116.192170429869,-115.615742338435));
#19123=CARTESIAN_POINT('',(16.,117.39217042987,-115.615742338435));
#19124=CARTESIAN_POINT('',(16.,116.192170429869,-106.436193896542));
#19125=CARTESIAN_POINT('Origin',(23.,118.39217042987,-115.615742338435));
#19126=CARTESIAN_POINT('',(18.6999999999999,113.49217042987,-115.615742338435));
#19127=CARTESIAN_POINT('Origin',(19.,113.19217042987,-100.25664545465));
#19128=CARTESIAN_POINT('',(19.,113.19217042987,-124.974839222221));
#19129=CARTESIAN_POINT('',(19.,113.19217042987,-100.25664545465));
#19130=CARTESIAN_POINT('',(15.8,116.39217042987,-124.974839222221));
#19131=CARTESIAN_POINT('',(19.,113.19217042987,-124.974839222221));
#19132=CARTESIAN_POINT('',(15.8,116.392170429869,-100.25664545465));
#19133=CARTESIAN_POINT('',(15.7999999999999,116.39217042987,-100.25664545465));
#19134=CARTESIAN_POINT('',(19.,113.19217042987,-100.25664545465));
#19135=CARTESIAN_POINT('Origin',(22.2,116.392170429869,-100.25664545465));
#19136=CARTESIAN_POINT('',(19.,113.19217042987,-124.974839222221));
#19137=CARTESIAN_POINT('Origin',(19.,135.643433088339,-135.41574233839));
#19138=CARTESIAN_POINT('',(19.,135.643433088339,-135.415742338391));
#19139=CARTESIAN_POINT('',(15.8,138.843433088339,-135.41574233839));
#19140=CARTESIAN_POINT('',(19.,135.643433088339,-135.41574233839));
#19141=CARTESIAN_POINT('',(19.,135.64343308834,-158.780061470836));
#19142=CARTESIAN_POINT('',(19.,135.643433088339,-135.415742338391));
#19143=CARTESIAN_POINT('',(15.8,138.84343308834,-158.780061470835));
#19144=CARTESIAN_POINT('',(47.3878156646172,107.255617423723,-158.780061470835));
#19145=CARTESIAN_POINT('',(15.7999999999998,138.843433088339,-135.41574233839));
#19146=CARTESIAN_POINT('Origin',(22.2,138.843433088339,-135.41574233839));
#19147=CARTESIAN_POINT('',(22.2,138.843433088339,-135.41574233839));
#19148=CARTESIAN_POINT('',(19.,135.643433088339,-135.41574233839));
#19149=CARTESIAN_POINT('',(22.2,138.84343308834,-158.780061470835));
#19150=CARTESIAN_POINT('',(22.2000000000003,138.843433088339,-135.41574233839));
#19151=CARTESIAN_POINT('',(-9.78781566461726,106.855617423723,-158.780061470835));
#19152=CARTESIAN_POINT('Origin',(17.4,133.843433088336,-135.41574233839));
#19153=CARTESIAN_POINT('',(19.,133.906252182401,-133.616838849752));
#19154=CARTESIAN_POINT('',(15.8,134.017930571849,-130.418788203291));
#19155=CARTESIAN_POINT('',(19.,133.906252182401,-133.616838849752));
#19156=CARTESIAN_POINT('Origin',(19.,133.843433088336,-135.41574233839));
#19157=CARTESIAN_POINT('Origin',(15.7999999999997,133.843433088335,-135.41574233839));
#19158=CARTESIAN_POINT('Origin',(20.6,133.843433088336,-135.41574233839));
#19159=CARTESIAN_POINT('',(22.2,134.017930571849,-130.418788203291));
#19160=CARTESIAN_POINT('',(19.,133.906252182401,-133.616838849752));
#19161=CARTESIAN_POINT('Origin',(22.2000000000003,133.843433088335,-135.41574233839));
#19162=CARTESIAN_POINT('Origin',(19.,121.105994556909,-133.169844003777));
#19163=CARTESIAN_POINT('',(19.,121.10599455691,-133.169844003777));
#19164=CARTESIAN_POINT('',(15.8,121.217672946358,-129.971793357316));
#19165=CARTESIAN_POINT('',(19.,121.105994556909,-133.169844003777));
#19166=CARTESIAN_POINT('',(19.,121.10599455691,-133.169844003777));
#19167=CARTESIAN_POINT('',(15.7999999999998,121.217672946357,-129.971793357316));
#19168=CARTESIAN_POINT('Origin',(22.2,121.217672946357,-129.971793357316));
#19169=CARTESIAN_POINT('',(22.2,121.217672946358,-129.971793357316));
#19170=CARTESIAN_POINT('',(19.,121.105994556909,-133.169844003777));
#19171=CARTESIAN_POINT('',(22.2000000000002,121.217672946357,-129.971793357316));
#19172=CARTESIAN_POINT('Origin',(17.4,121.39217042987,-124.974839222221));
#19173=CARTESIAN_POINT('Origin',(19.,121.39217042987,-124.974839222221));
#19174=CARTESIAN_POINT('Origin',(15.7999999999998,121.39217042987,-124.974839222221));
#19175=CARTESIAN_POINT('Origin',(20.6,121.39217042987,-124.974839222221));
#19176=CARTESIAN_POINT('Origin',(22.2000000000002,121.39217042987,-124.974839222221));
#19177=CARTESIAN_POINT('Origin',(17.4,121.39217042987,-100.25664545465));
#19178=CARTESIAN_POINT('',(19.,121.105994556909,-92.061640673093));
#19179=CARTESIAN_POINT('',(15.8,121.217672946357,-95.2596913195541));
#19180=CARTESIAN_POINT('',(19.,121.105994556909,-92.061640673093));
#19181=CARTESIAN_POINT('Origin',(19.,121.39217042987,-100.25664545465));
#19182=CARTESIAN_POINT('Origin',(15.7999999999999,121.39217042987,-100.25664545465));
#19183=CARTESIAN_POINT('Origin',(20.6,121.39217042987,-100.25664545465));
#19184=CARTESIAN_POINT('',(22.2,121.217672946357,-95.2596913195541));
#19185=CARTESIAN_POINT('',(19.,121.105994556909,-92.061640673093));
#19186=CARTESIAN_POINT('Origin',(22.2000000000001,121.39217042987,-100.25664545465));
#19187=CARTESIAN_POINT('Origin',(19.,133.9062521824,-91.6146458271182));
#19188=CARTESIAN_POINT('',(19.,133.9062521824,-91.6146458271182));
#19189=CARTESIAN_POINT('',(15.8,134.017930571848,-94.8126964735793));
#19190=CARTESIAN_POINT('',(19.,133.9062521824,-91.6146458271182));
#19191=CARTESIAN_POINT('',(19.,133.9062521824,-91.6146458271182));
#19192=CARTESIAN_POINT('',(15.8,134.017930571848,-94.8126964735793));
#19193=CARTESIAN_POINT('Origin',(22.2,134.017930571848,-94.8126964735793));
#19194=CARTESIAN_POINT('',(22.2,134.017930571848,-94.8126964735793));
#19195=CARTESIAN_POINT('',(19.,133.9062521824,-91.6146458271182));
#19196=CARTESIAN_POINT('',(22.2,134.017930571848,-94.8126964735793));
#19197=CARTESIAN_POINT('Origin',(17.4,133.843433088335,-89.8157423384799));
#19198=CARTESIAN_POINT('',(19.,135.643433088339,-89.8157423384799));
#19199=CARTESIAN_POINT('',(15.8,138.843433088339,-89.8157423384799));
#19200=CARTESIAN_POINT('',(19.,135.643433088339,-89.8157423384799));
#19201=CARTESIAN_POINT('Origin',(19.,133.843433088335,-89.8157423384799));
#19202=CARTESIAN_POINT('Origin',(15.8,133.843433088335,-89.8157423384799));
#19203=CARTESIAN_POINT('Origin',(20.6,133.843433088335,-89.8157423384799));
#19204=CARTESIAN_POINT('',(22.2,138.843433088339,-89.8157423384799));
#19205=CARTESIAN_POINT('',(19.,135.643433088339,-89.8157423384799));
#19206=CARTESIAN_POINT('Origin',(22.2,133.843433088335,-89.8157423384799));
#19207=CARTESIAN_POINT('Origin',(19.,135.643433088339,-66.4514232060349));
#19208=CARTESIAN_POINT('',(19.,135.643433088339,-66.4514232060349));
#19209=CARTESIAN_POINT('',(15.8,138.843433088339,-66.4514232060349));
#19210=CARTESIAN_POINT('',(15.3878156646177,139.255617423721,-66.4514232060349));
#19211=CARTESIAN_POINT('',(19.,135.643433088339,-66.4514232060349));
#19212=CARTESIAN_POINT('',(15.8,138.843433088339,-66.4514232060349));
#19213=CARTESIAN_POINT('Origin',(22.2,138.843433088339,-66.4514232060349));
#19214=CARTESIAN_POINT('',(22.2,138.843433088339,-66.4514232060349));
#19215=CARTESIAN_POINT('',(22.2121843353823,138.855617423721,-66.4514232060349));
#19216=CARTESIAN_POINT('',(22.2,138.843433088339,-66.4514232060349));
#19217=CARTESIAN_POINT('Origin',(0.,138.843433088339,-66.4514232060349));
#19218=CARTESIAN_POINT('',(22.6,138.843433088339,-66.4514232060349));
#19219=CARTESIAN_POINT('',(15.,138.843433088339,-66.4514232060349));
#19220=CARTESIAN_POINT('',(23.,138.843433088339,-66.8514232060349));
#19221=CARTESIAN_POINT('',(23.,138.843433088339,-66.8514232060349));
#19222=CARTESIAN_POINT('',(23.,138.843433088339,-89.8157423384799));
#19223=CARTESIAN_POINT('',(23.,138.843433088339,-89.5335827722348));
#19224=CARTESIAN_POINT('',(0.,138.843433088339,-89.8157423384799));
#19225=CARTESIAN_POINT('Origin',(0.,133.843433088335,-89.8157423384799));
#19226=CARTESIAN_POINT('',(23.,134.017930571848,-94.8126964735793));
#19227=CARTESIAN_POINT('Origin',(23.,133.843433088335,-89.8157423384799));
#19228=CARTESIAN_POINT('',(0.,134.017930571848,-94.8126964735793));
#19229=CARTESIAN_POINT('Origin',(0.,134.017930571848,-94.8126964735793));
#19230=CARTESIAN_POINT('',(23.,121.217672946357,-95.2596913195542));
#19231=CARTESIAN_POINT('',(23.,110.123340970036,-95.6471139291642));
#19232=CARTESIAN_POINT('',(0.,121.217672946357,-95.2596913195542));
#19233=CARTESIAN_POINT('Origin',(0.,134.017930571848,-94.8126964735793));
#19234=CARTESIAN_POINT('',(15.,121.217672946357,-95.2596913195542));
#19235=CARTESIAN_POINT('',(0.,121.217672946357,-95.2596913195542));
#19236=CARTESIAN_POINT('',(15.,134.017930571848,-94.8126964735793));
#19237=CARTESIAN_POINT('',(15.,110.123340970036,-95.6471139291642));
#19238=CARTESIAN_POINT('',(0.,134.017930571848,-94.8126964735793));
#19239=CARTESIAN_POINT('Origin',(0.,121.39217042987,-100.25664545465));
#19240=CARTESIAN_POINT('Origin',(23.,121.39217042987,-100.25664545465));
#19241=CARTESIAN_POINT('Origin',(0.,121.39217042987,-100.25664545465));
#19242=CARTESIAN_POINT('',(15.,116.39217042987,-100.25664545465));
#19243=CARTESIAN_POINT('',(0.,116.39217042987,-100.25664545465));
#19244=CARTESIAN_POINT('Origin',(15.,121.39217042987,-100.25664545465));
#19245=CARTESIAN_POINT('Origin',(0.,116.39217042987,-100.25664545465));
#19246=CARTESIAN_POINT('',(15.,116.39217042987,-124.974839222221));
#19247=CARTESIAN_POINT('',(0.,116.39217042987,-124.974839222221));
#19248=CARTESIAN_POINT('',(15.,116.39217042987,-106.436193896542));
#19249=CARTESIAN_POINT('Origin',(15.,18.0921704298709,-158.780061470835));
#19250=CARTESIAN_POINT('',(22.6,138.843433088339,-158.780061470835));
#19251=CARTESIAN_POINT('',(15.,138.843433088339,-158.780061470835));
#19252=CARTESIAN_POINT('',(22.6,25.3409077714,-158.780061470835));
#19253=CARTESIAN_POINT('',(22.6,52.4421704298705,-158.780061470835));
#19254=CARTESIAN_POINT('',(15.4,25.3409077714,-158.780061470835));
#19255=CARTESIAN_POINT('',(15.,25.3409077714,-158.780061470835));
#19256=CARTESIAN_POINT('',(15.4,138.843433088339,-158.780061470835));
#19257=CARTESIAN_POINT('',(15.4,52.4421704298705,-158.780061470835));
#19258=CARTESIAN_POINT('',(15.,138.843433088339,-158.780061470835));
#19259=CARTESIAN_POINT('Origin',(0.,121.39217042987,-124.974839222221));
#19260=CARTESIAN_POINT('',(23.,121.217672946357,-129.971793357316));
#19261=CARTESIAN_POINT('Origin',(23.,121.39217042987,-124.974839222221));
#19262=CARTESIAN_POINT('',(0.,121.217672946357,-129.971793357316));
#19263=CARTESIAN_POINT('Origin',(0.,121.39217042987,-124.974839222221));
#19264=CARTESIAN_POINT('',(15.,121.217672946357,-129.971793357316));
#19265=CARTESIAN_POINT('',(0.,121.217672946357,-129.971793357316));
#19266=CARTESIAN_POINT('Origin',(15.,121.39217042987,-124.974839222221));
#19267=CARTESIAN_POINT('Origin',(0.,138.843433088339,-135.41574233839));
#19268=CARTESIAN_POINT('',(23.,138.843433088339,-135.41574233839));
#19269=CARTESIAN_POINT('',(0.,138.843433088339,-135.41574233839));
#19270=CARTESIAN_POINT('',(23.,138.843433088339,-158.380061470835));
#19271=CARTESIAN_POINT('',(23.,138.843433088339,-124.015742338412));
#19272=CARTESIAN_POINT('',(22.6,138.843433088339,-158.780061470835));
#19273=CARTESIAN_POINT('Origin',(0.,138.843433088339,-135.41574233839));
#19274=CARTESIAN_POINT('',(15.,138.843433088339,-158.380061470835));
#19275=CARTESIAN_POINT('',(15.,138.843433088339,-158.380061470835));
#19276=CARTESIAN_POINT('',(15.,138.843433088339,-135.41574233839));
#19277=CARTESIAN_POINT('',(15.,138.843433088339,-124.015742338412));
#19278=CARTESIAN_POINT('',(0.,138.843433088339,-135.41574233839));
#19279=CARTESIAN_POINT('Origin',(0.,121.217672946357,-129.971793357316));
#19280=CARTESIAN_POINT('',(23.,134.017930571849,-130.41878820329));
#19281=CARTESIAN_POINT('',(23.,103.723212157291,-129.360873324719));
#19282=CARTESIAN_POINT('',(0.,134.017930571849,-130.41878820329));
#19283=CARTESIAN_POINT('Origin',(0.,121.217672946357,-129.971793357316));
#19284=CARTESIAN_POINT('',(15.,134.017930571849,-130.41878820329));
#19285=CARTESIAN_POINT('',(0.,134.017930571849,-130.41878820329));
#19286=CARTESIAN_POINT('',(15.,103.723212157291,-129.360873324719));
#19287=CARTESIAN_POINT('Origin',(0.,133.843433088335,-135.41574233839));
#19288=CARTESIAN_POINT('Origin',(23.,133.843433088335,-135.41574233839));
#19289=CARTESIAN_POINT('Origin',(0.,133.843433088335,-135.41574233839));
#19290=CARTESIAN_POINT('Origin',(15.,133.843433088335,-135.41574233839));
#19291=CARTESIAN_POINT('Origin',(0.,138.843433088339,-66.4514232060349));
#19292=CARTESIAN_POINT('',(15.,138.843433088339,-89.8157423384799));
#19293=CARTESIAN_POINT('',(0.,138.843433088339,-89.8157423384799));
#19294=CARTESIAN_POINT('',(15.,138.843433088339,-66.8514232060349));
#19295=CARTESIAN_POINT('',(15.,138.843433088339,-89.5335827722348));
#19296=CARTESIAN_POINT('',(15.4,138.843433088339,-66.4514232060349));
#19297=CARTESIAN_POINT('',(15.,138.843433088339,-66.8514232060349));
#19298=CARTESIAN_POINT('',(15.,138.843433088339,-66.4514232060349));
#19299=CARTESIAN_POINT('Origin',(0.,133.843433088335,-89.8157423384799));
#19300=CARTESIAN_POINT('Origin',(15.,133.843433088335,-89.8157423384799));
#19301=CARTESIAN_POINT('Origin',(15.,86.79217042987,-112.615742338435));
#19302=CARTESIAN_POINT('',(15.,25.3409077714,-158.380061470835));
#19303=CARTESIAN_POINT('',(15.,52.4421704298705,-158.380061470835));
#19304=CARTESIAN_POINT('',(15.,12.6836963881608,-163.622850087596));
#19305=CARTESIAN_POINT('Origin',(15.,25.3409077714,-176.280061470835));
#19306=CARTESIAN_POINT('',(15.,-7.06504095336842,-183.371587429125));
#19307=CARTESIAN_POINT('',(15.,31.525407500496,-144.781138975261));
#19308=CARTESIAN_POINT('',(15.,-19.1565669116584,-188.380061470835));
#19309=CARTESIAN_POINT('Origin',(15.,-19.1565669116584,-171.280061470835));
#19310=CARTESIAN_POINT('',(15.,-42.0078295701307,-188.380061470835));
#19311=CARTESIAN_POINT('',(15.,13.6421704298696,-188.380061470835));
#19312=CARTESIAN_POINT('',(15.,-59.1078295701307,-171.280061470835));
#19313=CARTESIAN_POINT('Origin',(15.,-42.0078295701307,-171.280061470835));
#19314=CARTESIAN_POINT('',(15.,-59.1078295701307,-53.9514232060348));
#19315=CARTESIAN_POINT('',(15.,-59.1078295701307,-74.5335827722348));
#19316=CARTESIAN_POINT('',(15.,-42.0078295701307,-36.8514232060349));
#19317=CARTESIAN_POINT('Origin',(15.,-42.0078295701307,-53.9514232060348));
#19318=CARTESIAN_POINT('',(15.,-19.1565669116585,-36.8514232060348));
#19319=CARTESIAN_POINT('',(15.,37.4421704298704,-36.8514232060349));
#19320=CARTESIAN_POINT('',(15.,-7.06504095336852,-41.8598972477449));
#19321=CARTESIAN_POINT('Origin',(15.,-19.1565669116585,-53.9514232060348));
#19322=CARTESIAN_POINT('',(15.,12.6836963881608,-61.6086345892741));
#19323=CARTESIAN_POINT('',(15.,46.5254075004961,-95.4503457016093));
#19324=CARTESIAN_POINT('',(15.,25.3409077714,-66.8514232060349));
#19325=CARTESIAN_POINT('Origin',(15.,25.3409077714,-48.9514232060349));
#19326=CARTESIAN_POINT('',(15.,116.442170429869,-66.8514232060349));
#19327=CARTESIAN_POINT('',(15.,-43.9078295700865,-141.140742338435));
#19328=CARTESIAN_POINT('Origin',(15.,-43.9078295700865,-147.615742338435));
#19329=CARTESIAN_POINT('',(15.,-43.9078295700865,-71.1407423384349));
#19330=CARTESIAN_POINT('Origin',(15.,-43.9078295700865,-77.6157423384349));
#19331=CARTESIAN_POINT('Origin',(15.2,-43.9078295700865,-77.6157423384349));
#19332=CARTESIAN_POINT('',(15.4,-43.9078295700865,-71.5407423384349));
#19333=CARTESIAN_POINT('',(15.2,-43.9078295700865,-71.3407423384349));
#19334=CARTESIAN_POINT('Origin',(15.4,-43.9078295700865,-77.6157423384349));
#19335=CARTESIAN_POINT('Origin',(15.,-43.9078295700865,-77.6157423384349));
#19336=CARTESIAN_POINT('',(22.6,-43.9078295700865,-71.5407423384349));
#19337=CARTESIAN_POINT('Origin',(22.6,-43.9078295700865,-77.6157423384349));
#19338=CARTESIAN_POINT('',(15.,-43.9078295700865,-71.5407423384349));
#19339=CARTESIAN_POINT('Origin',(15.2,-43.9078295700865,-147.615742338435));
#19340=CARTESIAN_POINT('',(15.4,-43.9078295700865,-141.540742338435));
#19341=CARTESIAN_POINT('',(15.2,-43.9078295700865,-141.340742338435));
#19342=CARTESIAN_POINT('Origin',(15.4,-43.9078295700865,-147.615742338435));
#19343=CARTESIAN_POINT('Origin',(15.,-43.9078295700865,-147.615742338435));
#19344=CARTESIAN_POINT('',(22.6,-43.9078295700865,-141.540742338435));
#19345=CARTESIAN_POINT('Origin',(22.6,-43.9078295700865,-147.615742338435));
#19346=CARTESIAN_POINT('',(15.,-43.9078295700865,-141.540742338435));
#19347=CARTESIAN_POINT('Origin',(15.2,116.442170429869,-66.6514232060349));
#19348=CARTESIAN_POINT('',(15.4,25.3409077714,-66.4514232060349));
#19349=CARTESIAN_POINT('',(15.,25.3409077714,-66.8514232060349));
#19350=CARTESIAN_POINT('',(15.4,116.442170429869,-66.4514232060349));
#19351=CARTESIAN_POINT('Origin',(15.2,25.3409077714,-48.9514232060349));
#19352=CARTESIAN_POINT('',(15.4,12.9665391006355,-61.3257918767995));
#19353=CARTESIAN_POINT('',(15.,12.6836963881608,-61.6086345892741));
#19354=CARTESIAN_POINT('Origin',(15.4,25.3409077714,-48.9514232060349));
#19355=CARTESIAN_POINT('Origin',(15.2,46.6668288567334,-95.3089243453719));
#19356=CARTESIAN_POINT('',(15.4,-6.78219824089389,-41.5770545352702));
#19357=CARTESIAN_POINT('',(15.,-7.06504095336852,-41.8598972477449));
#19358=CARTESIAN_POINT('',(15.4,46.8082502129707,-95.1675029891346));
#19359=CARTESIAN_POINT('Origin',(15.2,-19.1565669116585,-53.9514232060348));
#19360=CARTESIAN_POINT('',(15.4,-19.1565669116585,-36.4514232060348));
#19361=CARTESIAN_POINT('',(15.,-19.1565669116585,-36.8514232060348));
#19362=CARTESIAN_POINT('Origin',(15.4,-19.1565669116585,-53.9514232060348));
#19363=CARTESIAN_POINT('Origin',(15.2,37.4421704298704,-36.6514232060349));
#19364=CARTESIAN_POINT('',(15.4,-42.0078295701307,-36.4514232060348));
#19365=CARTESIAN_POINT('',(15.,-42.0078295701307,-36.8514232060349));
#19366=CARTESIAN_POINT('',(15.4,37.4421704298704,-36.4514232060349));
#19367=CARTESIAN_POINT('Origin',(15.2,-42.0078295701307,-53.9514232060348));
#19368=CARTESIAN_POINT('',(15.4,-59.5078295701307,-53.9514232060348));
#19369=CARTESIAN_POINT('',(15.,-59.1078295701307,-53.9514232060348));
#19370=CARTESIAN_POINT('Origin',(15.4,-42.0078295701307,-53.9514232060348));
#19371=CARTESIAN_POINT('Origin',(15.2,-59.3078295701307,-74.5335827722348));
#19372=CARTESIAN_POINT('',(15.4,-59.5078295701307,-171.280061470835));
#19373=CARTESIAN_POINT('',(15.,-59.1078295701307,-171.280061470835));
#19374=CARTESIAN_POINT('',(15.4,-59.5078295701307,-74.5335827722348));
#19375=CARTESIAN_POINT('Origin',(15.2,-42.0078295701307,-171.280061470835));
#19376=CARTESIAN_POINT('',(15.4,-42.0078295701307,-188.780061470835));
#19377=CARTESIAN_POINT('',(15.,-42.0078295701307,-188.380061470835));
#19378=CARTESIAN_POINT('Origin',(15.4,-42.0078295701307,-171.280061470835));
#19379=CARTESIAN_POINT('Origin',(15.2,13.6421704298696,-188.580061470835));
#19380=CARTESIAN_POINT('',(15.4,-19.1565669116584,-188.780061470835));
#19381=CARTESIAN_POINT('',(15.,-19.1565669116584,-188.380061470835));
#19382=CARTESIAN_POINT('',(15.4,13.6421704298696,-188.780061470835));
#19383=CARTESIAN_POINT('Origin',(15.2,-19.1565669116584,-171.280061470835));
#19384=CARTESIAN_POINT('',(15.4,-6.78219824089379,-183.654430141599));
#19385=CARTESIAN_POINT('',(15.,-7.06504095336842,-183.371587429125));
#19386=CARTESIAN_POINT('Origin',(15.4,-19.1565669116584,-171.280061470835));
#19387=CARTESIAN_POINT('Origin',(15.2,31.6668288567333,-144.922560331498));
#19388=CARTESIAN_POINT('',(15.4,12.9665391006354,-163.90569280007));
#19389=CARTESIAN_POINT('',(15.,12.6836963881608,-163.622850087596));
#19390=CARTESIAN_POINT('',(15.4,31.8082502129706,-145.063981687735));
#19391=CARTESIAN_POINT('Origin',(15.2,25.3409077714,-176.280061470835));
#19392=CARTESIAN_POINT('',(15.,25.3409077714,-158.380061470835));
#19393=CARTESIAN_POINT('Origin',(15.4,25.3409077714,-176.280061470835));
#19394=CARTESIAN_POINT('Origin',(15.2,52.4421704298705,-158.580061470835));
#19395=CARTESIAN_POINT('Origin',(15.,-11.9078295701293,-36.4514232060348));
#19396=CARTESIAN_POINT('',(22.6,-42.0078295701307,-36.4514232060348));
#19397=CARTESIAN_POINT('',(15.,-42.0078295701307,-36.4514232060348));
#19398=CARTESIAN_POINT('',(22.6,-19.1565669116585,-36.4514232060348));
#19399=CARTESIAN_POINT('',(22.6,37.4421704298704,-36.4514232060349));
#19400=CARTESIAN_POINT('',(15.,-19.1565669116585,-36.4514232060348));
#19401=CARTESIAN_POINT('Origin',(15.,-42.0078295701307,-53.9514232060348));
#19402=CARTESIAN_POINT('',(22.6,-59.5078295701307,-53.9514232060348));
#19403=CARTESIAN_POINT('',(15.,-59.5078295701307,-53.9514232060348));
#19404=CARTESIAN_POINT('Origin',(22.6,-42.0078295701307,-53.9514232060348));
#19405=CARTESIAN_POINT('Origin',(15.,-59.5078295701307,-36.4514232060348));
#19406=CARTESIAN_POINT('',(22.6,-59.5078295701307,-171.280061470835));
#19407=CARTESIAN_POINT('',(15.,-59.5078295701307,-171.280061470835));
#19408=CARTESIAN_POINT('',(22.6,-59.5078295701307,-74.5335827722348));
#19409=CARTESIAN_POINT('Origin',(15.,-42.0078295701307,-171.280061470835));
#19410=CARTESIAN_POINT('',(22.6,-42.0078295701307,-188.780061470835));
#19411=CARTESIAN_POINT('',(15.,-42.0078295701307,-188.780061470835));
#19412=CARTESIAN_POINT('Origin',(22.6,-42.0078295701307,-171.280061470835));
#19413=CARTESIAN_POINT('Origin',(15.,-59.5078295701308,-188.780061470835));
#19414=CARTESIAN_POINT('',(22.6,-19.1565669116584,-188.780061470835));
#19415=CARTESIAN_POINT('',(15.,-19.1565669116584,-188.780061470835));
#19416=CARTESIAN_POINT('',(22.6,13.6421704298696,-188.780061470835));
#19417=CARTESIAN_POINT('Origin',(15.,-19.1565669116584,-171.280061470835));
#19418=CARTESIAN_POINT('',(22.6,-6.78219824089379,-183.654430141599));
#19419=CARTESIAN_POINT('',(15.,-6.78219824089379,-183.654430141599));
#19420=CARTESIAN_POINT('Origin',(22.6,-19.1565669116584,-171.280061470835));
#19421=CARTESIAN_POINT('Origin',(15.,-11.9078295701293,-188.780061470835));
#19422=CARTESIAN_POINT('',(22.6,12.9665391006354,-163.90569280007));
#19423=CARTESIAN_POINT('',(15.,12.9665391006354,-163.90569280007));
#19424=CARTESIAN_POINT('',(22.6,31.8082502129706,-145.063981687735));
#19425=CARTESIAN_POINT('Origin',(15.,25.3409077714,-176.280061470835));
#19426=CARTESIAN_POINT('Origin',(22.6,25.3409077714,-176.280061470835));
#19427=CARTESIAN_POINT('Origin',(23.,86.79217042987,-112.615742338435));
#19428=CARTESIAN_POINT('',(23.,25.3409077714,-66.8514232060349));
#19429=CARTESIAN_POINT('',(23.,116.442170429869,-66.8514232060349));
#19430=CARTESIAN_POINT('',(23.,12.6836963881608,-61.6086345892741));
#19431=CARTESIAN_POINT('Origin',(23.,25.3409077714,-48.9514232060349));
#19432=CARTESIAN_POINT('',(23.,-7.06504095336852,-41.8598972477449));
#19433=CARTESIAN_POINT('',(23.,46.5254075004961,-95.4503457016093));
#19434=CARTESIAN_POINT('',(23.,-19.1565669116585,-36.8514232060348));
#19435=CARTESIAN_POINT('Origin',(23.,-19.1565669116585,-53.9514232060348));
#19436=CARTESIAN_POINT('',(23.,-42.0078295701307,-36.8514232060349));
#19437=CARTESIAN_POINT('',(23.,37.4421704298704,-36.8514232060349));
#19438=CARTESIAN_POINT('',(23.,-59.1078295701307,-53.9514232060348));
#19439=CARTESIAN_POINT('Origin',(23.,-42.0078295701307,-53.9514232060348));
#19440=CARTESIAN_POINT('',(23.,-59.1078295701307,-171.280061470835));
#19441=CARTESIAN_POINT('',(23.,-59.1078295701307,-74.5335827722348));
#19442=CARTESIAN_POINT('',(23.,-42.0078295701307,-188.380061470835));
#19443=CARTESIAN_POINT('Origin',(23.,-42.0078295701307,-171.280061470835));
#19444=CARTESIAN_POINT('',(23.,-19.1565669116584,-188.380061470835));
#19445=CARTESIAN_POINT('',(23.,13.6421704298696,-188.380061470835));
#19446=CARTESIAN_POINT('',(23.,-7.06504095336842,-183.371587429125));
#19447=CARTESIAN_POINT('Origin',(23.,-19.1565669116584,-171.280061470835));
#19448=CARTESIAN_POINT('',(23.,12.6836963881608,-163.622850087596));
#19449=CARTESIAN_POINT('',(23.,31.525407500496,-144.781138975261));
#19450=CARTESIAN_POINT('',(23.,25.3409077714,-158.380061470835));
#19451=CARTESIAN_POINT('Origin',(23.,25.3409077714,-176.280061470835));
#19452=CARTESIAN_POINT('',(23.,52.4421704298705,-158.380061470835));
#19453=CARTESIAN_POINT('',(23.,-43.9078295700865,-71.1407423384349));
#19454=CARTESIAN_POINT('Origin',(23.,-43.9078295700865,-77.6157423384349));
#19455=CARTESIAN_POINT('',(23.,-43.9078295700865,-141.140742338435));
#19456=CARTESIAN_POINT('Origin',(23.,-43.9078295700865,-147.615742338435));
#19457=CARTESIAN_POINT('Origin',(22.8,-43.9078295700865,-147.615742338435));
#19458=CARTESIAN_POINT('',(22.8,-43.9078295700865,-141.340742338435));
#19459=CARTESIAN_POINT('Origin',(22.8,-43.9078295700865,-77.6157423384349));
#19460=CARTESIAN_POINT('',(22.8,-43.9078295700865,-71.3407423384349));
#19461=CARTESIAN_POINT('Origin',(22.8,116.442170429869,-66.6514232060349));
#19462=CARTESIAN_POINT('',(22.6,25.3409077714,-66.4514232060349));
#19463=CARTESIAN_POINT('',(22.6,25.3409077714,-66.4514232060349));
#19464=CARTESIAN_POINT('',(22.6,116.442170429869,-66.4514232060349));
#19465=CARTESIAN_POINT('Origin',(22.8,25.3409077714,-48.9514232060349));
#19466=CARTESIAN_POINT('',(22.6,12.9665391006355,-61.3257918767995));
#19467=CARTESIAN_POINT('Origin',(22.6,25.3409077714,-48.9514232060349));
#19468=CARTESIAN_POINT('',(22.6,12.9665391006355,-61.3257918767995));
#19469=CARTESIAN_POINT('Origin',(22.8,46.6668288567334,-95.3089243453719));
#19470=CARTESIAN_POINT('',(22.6,-6.78219824089389,-41.5770545352702));
#19471=CARTESIAN_POINT('',(22.6,-6.78219824089389,-41.5770545352702));
#19472=CARTESIAN_POINT('',(22.6,46.8082502129707,-95.1675029891346));
#19473=CARTESIAN_POINT('Origin',(22.8,-19.1565669116585,-53.9514232060348));
#19474=CARTESIAN_POINT('Origin',(22.6,-19.1565669116585,-53.9514232060348));
#19475=CARTESIAN_POINT('',(22.6,-19.1565669116585,-36.4514232060348));
#19476=CARTESIAN_POINT('Origin',(22.8,37.4421704298704,-36.6514232060349));
#19477=CARTESIAN_POINT('',(22.6,-42.0078295701307,-36.4514232060348));
#19478=CARTESIAN_POINT('Origin',(22.8,-42.0078295701307,-53.9514232060348));
#19479=CARTESIAN_POINT('',(22.6,-59.5078295701307,-53.9514232060348));
#19480=CARTESIAN_POINT('Origin',(22.8,-59.3078295701307,-74.5335827722348));
#19481=CARTESIAN_POINT('',(22.6,-59.5078295701307,-171.280061470835));
#19482=CARTESIAN_POINT('Origin',(22.8,-42.0078295701307,-171.280061470835));
#19483=CARTESIAN_POINT('',(22.6,-42.0078295701307,-188.780061470835));
#19484=CARTESIAN_POINT('Origin',(22.8,13.6421704298696,-188.580061470835));
#19485=CARTESIAN_POINT('',(22.6,-19.1565669116584,-188.780061470835));
#19486=CARTESIAN_POINT('Origin',(22.8,-19.1565669116584,-171.280061470835));
#19487=CARTESIAN_POINT('',(22.6,-6.78219824089379,-183.654430141599));
#19488=CARTESIAN_POINT('Origin',(22.8,31.6668288567333,-144.922560331498));
#19489=CARTESIAN_POINT('',(22.6,12.9665391006354,-163.90569280007));
#19490=CARTESIAN_POINT('Origin',(22.8,25.3409077714,-176.280061470835));
#19491=CARTESIAN_POINT('',(22.6,25.3409077714,-158.780061470835));
#19492=CARTESIAN_POINT('Origin',(22.8,52.4421704298705,-158.580061470835));
#19493=CARTESIAN_POINT('Origin',(15.,-19.1565669116585,-53.9514232060348));
#19494=CARTESIAN_POINT('',(15.,-6.78219824089389,-41.5770545352702));
#19495=CARTESIAN_POINT('Origin',(15.,18.0921704298709,-66.4514232060349));
#19496=CARTESIAN_POINT('',(15.,12.9665391006355,-61.3257918767995));
#19497=CARTESIAN_POINT('Origin',(15.,25.3409077714,-48.9514232060349));
#19498=CARTESIAN_POINT('',(15.,25.3409077714,-66.4514232060349));
#19499=CARTESIAN_POINT('Origin',(15.,146.092170429868,-66.4514232060349));
#19500=CARTESIAN_POINT('Origin',(17.4142135623731,124.37224308776,-105.903272866118));
#19501=CARTESIAN_POINT('',(17.4142135623731,117.796293633572,-110.115742338435));
#19502=CARTESIAN_POINT('',(17.4142135623731,123.749382820183,-105.120507397584));
#19503=CARTESIAN_POINT('',(17.4142135623731,123.729455478073,-105.137228422999));
#19504=CARTESIAN_POINT('',(16.7071067811866,123.937650952198,-105.344876620284));
#19505=CARTESIAN_POINT('Origin',(17.4142135623731,124.39217042987,-105.886551840703));
#19506=CARTESIAN_POINT('',(16.7071067811865,117.902898047039,-110.408635557248));
#19507=CARTESIAN_POINT('',(16.7071067811866,123.917723610087,-105.361597645699));
#19508=CARTESIAN_POINT('Origin',(17.4142135623731,118.160263867839,-111.115742338435));
#19509=CARTESIAN_POINT('Origin',(17.4142135623731,117.89217042987,-111.115742338435));
#19510=CARTESIAN_POINT('',(17.4142135623731,114.988047226167,-110.115742338435));
#19511=CARTESIAN_POINT('',(17.4142135623731,117.89217042987,-110.115742338435));
#19512=CARTESIAN_POINT('',(16.7071067811865,114.8814428127,-110.408635557248));
#19513=CARTESIAN_POINT('',(16.7071067811865,117.89217042987,-110.408635557248));
#19514=CARTESIAN_POINT('Origin',(17.4142135623731,114.6240769919,-111.115742338435));
#19515=CARTESIAN_POINT('Origin',(17.4142135623731,108.41209777198,-119.328211810752));
#19516=CARTESIAN_POINT('',(17.4142135623731,114.988047226167,-115.115742338435));
#19517=CARTESIAN_POINT('',(17.4142135623731,109.034958039556,-120.110977279286));
#19518=CARTESIAN_POINT('',(17.4142135623731,109.054885381666,-120.094256253871));
#19519=CARTESIAN_POINT('',(16.7071067811866,108.846689907541,-119.886608056587));
#19520=CARTESIAN_POINT('Origin',(17.4142135623731,108.392170429869,-119.344932836167));
#19521=CARTESIAN_POINT('',(16.7071067811865,114.8814428127,-114.822849119622));
#19522=CARTESIAN_POINT('',(16.7071067811866,108.866617249652,-119.869887031171));
#19523=CARTESIAN_POINT('Origin',(17.4142135623731,114.624076991901,-114.115742338435));
#19524=CARTESIAN_POINT('Origin',(17.4142135623731,108.392170429869,-119.344932836167));
#19525=CARTESIAN_POINT('',(17.4142135623731,107.392170429869,-119.344932836167));
#19526=CARTESIAN_POINT('Origin',(17.4142135623731,108.392170429869,-119.344932836167));
#19527=CARTESIAN_POINT('',(16.7071067811865,107.685063648683,-119.344932836167));
#19528=CARTESIAN_POINT('Origin',(17.4142135623731,108.392170429869,-119.344932836167));
#19529=CARTESIAN_POINT('Origin',(16.7071067811865,108.392170429869,-119.344932836167));
#19530=CARTESIAN_POINT('Origin',(17.4142135623731,108.39217042987,-105.331144551372));
#19531=CARTESIAN_POINT('',(17.4142135623731,107.39217042987,-105.886551840704));
#19532=CARTESIAN_POINT('',(17.4142135623731,107.39217042987,-105.331144551371));
#19533=CARTESIAN_POINT('',(16.7071067811866,107.685063648683,-105.886551840704));
#19534=CARTESIAN_POINT('Origin',(17.4142135623731,108.39217042987,-105.886551840704));
#19535=CARTESIAN_POINT('',(16.7071067811866,107.685063648683,-105.331144551371));
#19536=CARTESIAN_POINT('Origin',(17.4142135623731,108.39217042987,-105.886551840704));
#19537=CARTESIAN_POINT('',(17.4142135623731,109.034958039556,-105.120507397585));
#19538=CARTESIAN_POINT('Origin',(17.4142135623731,108.39217042987,-105.886551840704));
#19539=CARTESIAN_POINT('',(16.7071067811866,108.846689907542,-105.344876620284));
#19540=CARTESIAN_POINT('Origin',(17.4142135623731,108.39217042987,-105.886551840704));
#19541=CARTESIAN_POINT('Origin',(16.7071067811865,108.39217042987,-105.886551840704));
#19542=CARTESIAN_POINT('Origin',(17.4142135623731,114.412097771979,-110.937870653182));
#19543=CARTESIAN_POINT('',(17.4142135623731,115.054885381666,-110.171826210063));
#19544=CARTESIAN_POINT('',(16.7071067811865,114.866617249651,-110.396195432762));
#19545=CARTESIAN_POINT('Origin',(17.4142135623731,114.89217042987,-114.115742338435));
#19546=CARTESIAN_POINT('',(17.4142135623731,117.796293633573,-115.115742338435));
#19547=CARTESIAN_POINT('',(17.4142135623731,114.89217042987,-115.115742338435));
#19548=CARTESIAN_POINT('',(16.7071067811866,117.902898047039,-114.822849119622));
#19549=CARTESIAN_POINT('',(16.7071067811865,114.89217042987,-114.822849119622));
#19550=CARTESIAN_POINT('Origin',(17.4142135623731,118.160263867839,-114.115742338435));
#19551=CARTESIAN_POINT('Origin',(17.4142135623731,124.39217042987,-105.886551840703));
#19552=CARTESIAN_POINT('',(17.4142135623731,125.39217042987,-105.886551840703));
#19553=CARTESIAN_POINT('Origin',(17.4142135623731,124.39217042987,-105.886551840703));
#19554=CARTESIAN_POINT('',(16.7071067811865,125.099277211056,-105.886551840703));
#19555=CARTESIAN_POINT('Origin',(17.4142135623731,124.39217042987,-105.886551840703));
#19556=CARTESIAN_POINT('Origin',(16.7071067811865,124.39217042987,-105.886551840703));
#19557=CARTESIAN_POINT('Origin',(17.4142135623731,124.392170429869,-119.900340125498));
#19558=CARTESIAN_POINT('',(17.4142135623731,125.392170429869,-119.344932836166));
#19559=CARTESIAN_POINT('',(17.4142135623731,125.392170429869,-119.900340125498));
#19560=CARTESIAN_POINT('',(16.7071067811866,125.099277211056,-119.344932836166));
#19561=CARTESIAN_POINT('Origin',(17.4142135623731,124.392170429869,-119.344932836166));
#19562=CARTESIAN_POINT('',(16.7071067811866,125.099277211056,-119.900340125498));
#19563=CARTESIAN_POINT('Origin',(17.4142135623731,124.392170429869,-119.344932836166));
#19564=CARTESIAN_POINT('',(17.4142135623731,123.749382820183,-120.110977279285));
#19565=CARTESIAN_POINT('Origin',(17.4142135623731,124.392170429869,-119.344932836166));
#19566=CARTESIAN_POINT('',(16.7071067811865,123.937650952197,-119.886608056586));
#19567=CARTESIAN_POINT('Origin',(17.4142135623731,124.392170429869,-119.344932836166));
#19568=CARTESIAN_POINT('Origin',(16.7071067811865,124.392170429869,-119.344932836166));
#19569=CARTESIAN_POINT('Origin',(17.4142135623731,118.37224308776,-114.293614023688));
#19570=CARTESIAN_POINT('',(17.4142135623731,117.729455478073,-115.059658466807));
#19571=CARTESIAN_POINT('',(16.7071067811866,117.917723610088,-114.835289244108));
#19572=CARTESIAN_POINT('Origin',(16.4,118.39217042987,-110.115742338435));
#19573=CARTESIAN_POINT('',(21.5857864376269,114.988047226167,-110.115742338435));
#19574=CARTESIAN_POINT('',(16.4,114.988047226167,-110.115742338435));
#19575=CARTESIAN_POINT('',(21.5857864376269,117.796293633572,-110.115742338435));
#19576=CARTESIAN_POINT('',(21.5857864376269,117.89217042987,-110.115742338435));
#19577=CARTESIAN_POINT('',(16.4,117.796293633572,-110.115742338435));
#19578=CARTESIAN_POINT('Origin',(16.4,114.39217042987,-109.615742338435));
#19579=CARTESIAN_POINT('',(21.5857864376269,109.034958039556,-105.120507397585));
#19580=CARTESIAN_POINT('',(16.4,109.034958039556,-105.120507397585));
#19581=CARTESIAN_POINT('',(21.5857864376269,115.054885381666,-110.171826210063));
#19582=CARTESIAN_POINT('Origin',(16.4,108.39217042987,-105.886551840704));
#19583=CARTESIAN_POINT('',(21.5857864376269,107.39217042987,-105.886551840704));
#19584=CARTESIAN_POINT('',(16.4,107.39217042987,-105.886551840704));
#19585=CARTESIAN_POINT('Origin',(21.5857864376269,108.39217042987,-105.886551840704));
#19586=CARTESIAN_POINT('Origin',(16.4,107.39217042987,-102.902945289017));
#19587=CARTESIAN_POINT('',(21.5857864376269,107.392170429869,-119.344932836167));
#19588=CARTESIAN_POINT('',(16.4,107.392170429869,-119.344932836167));
#19589=CARTESIAN_POINT('',(21.5857864376269,107.39217042987,-105.331144551371));
#19590=CARTESIAN_POINT('Origin',(16.4,108.392170429869,-119.344932836167));
#19591=CARTESIAN_POINT('',(21.5857864376269,109.034958039556,-120.110977279286));
#19592=CARTESIAN_POINT('',(16.4,109.034958039556,-120.110977279286));
#19593=CARTESIAN_POINT('Origin',(21.5857864376269,108.392170429869,-119.344932836167));
#19594=CARTESIAN_POINT('Origin',(16.4,106.39217042987,-122.328539387853));
#19595=CARTESIAN_POINT('',(21.5857864376269,114.988047226167,-115.115742338435));
#19596=CARTESIAN_POINT('',(16.4,114.988047226167,-115.115742338435));
#19597=CARTESIAN_POINT('',(21.5857864376269,109.054885381666,-120.094256253871));
#19598=CARTESIAN_POINT('Origin',(16.7,124.39217042987,-105.886551840703));
#19599=CARTESIAN_POINT('',(16.4,124.79217042987,-105.886551840703));
#19600=CARTESIAN_POINT('',(17.,125.39217042987,-105.886551840703));
#19601=CARTESIAN_POINT('',(16.4,124.135055385995,-105.580134063456));
#19602=CARTESIAN_POINT('Origin',(16.4,124.39217042987,-105.886551840703));
#19603=CARTESIAN_POINT('',(17.,123.749382820183,-105.120507397584));
#19604=CARTESIAN_POINT('Origin',(16.7,125.092170429869,-117.472140863144));
#19605=CARTESIAN_POINT('',(16.4,124.792170429869,-119.344932836166));
#19606=CARTESIAN_POINT('',(17.,125.392170429869,-119.344932836166));
#19607=CARTESIAN_POINT('',(16.4,124.792170429869,-117.472140863144));
#19608=CARTESIAN_POINT('Origin',(16.7,124.392170429869,-119.344932836166));
#19609=CARTESIAN_POINT('',(16.4,124.135055385995,-119.651350613414));
#19610=CARTESIAN_POINT('',(17.,123.749382820183,-120.110977279285));
#19611=CARTESIAN_POINT('Origin',(16.4,124.392170429869,-119.344932836166));
#19612=CARTESIAN_POINT('Origin',(16.7,117.259576809183,-114.273761262244));
#19613=CARTESIAN_POINT('',(16.4,118.014675774132,-114.515742338435));
#19614=CARTESIAN_POINT('',(16.4,118.014675774132,-114.515742338435));
#19615=CARTESIAN_POINT('',(16.4,117.452413092089,-114.043947929308));
#19616=CARTESIAN_POINT('Origin',(16.7,115.39217042987,-114.815742338435));
#19617=CARTESIAN_POINT('',(16.4,114.769665085607,-114.515742338435));
#19618=CARTESIAN_POINT('',(16.4,114.769665085607,-114.515742338435));
#19619=CARTESIAN_POINT('',(16.4,115.39217042987,-114.515742338435));
#19620=CARTESIAN_POINT('Origin',(16.7,111.524764050557,-117.630159786953));
#19621=CARTESIAN_POINT('',(16.4,108.649285473744,-119.651350613415));
#19622=CARTESIAN_POINT('',(17.,109.034958039556,-120.110977279286));
#19623=CARTESIAN_POINT('',(16.4,111.331927767651,-117.400346454017));
#19624=CARTESIAN_POINT('Origin',(21.5857864376269,114.89217042987,-114.115742338435));
#19625=CARTESIAN_POINT('',(21.5857864376269,117.796293633573,-115.115742338435));
#19626=CARTESIAN_POINT('',(21.5857864376269,114.89217042987,-115.115742338435));
#19627=CARTESIAN_POINT('',(22.2928932188135,117.902898047039,-114.822849119622));
#19628=CARTESIAN_POINT('Origin',(21.5857864376269,118.160263867839,-114.115742338435));
#19629=CARTESIAN_POINT('',(22.2928932188135,114.8814428127,-114.822849119622));
#19630=CARTESIAN_POINT('',(22.2928932188135,114.89217042987,-114.822849119622));
#19631=CARTESIAN_POINT('Origin',(21.5857864376269,114.624076991901,-114.115742338435));
#19632=CARTESIAN_POINT('Origin',(21.5857864376269,114.412097771979,-110.937870653182));
#19633=CARTESIAN_POINT('',(22.2928932188134,108.846689907542,-105.344876620284));
#19634=CARTESIAN_POINT('Origin',(21.5857864376269,108.39217042987,-105.886551840704));
#19635=CARTESIAN_POINT('',(22.2928932188134,114.8814428127,-110.408635557248));
#19636=CARTESIAN_POINT('',(22.2928932188134,114.866617249651,-110.396195432762));
#19637=CARTESIAN_POINT('Origin',(21.5857864376269,114.6240769919,-111.115742338435));
#19638=CARTESIAN_POINT('Origin',(21.5857864376269,118.37224308776,-114.293614023688));
#19639=CARTESIAN_POINT('',(21.5857864376269,123.749382820183,-120.110977279285));
#19640=CARTESIAN_POINT('',(21.5857864376269,117.729455478073,-115.059658466807));
#19641=CARTESIAN_POINT('',(22.2928932188135,123.937650952197,-119.886608056586));
#19642=CARTESIAN_POINT('Origin',(21.5857864376269,124.392170429869,-119.344932836166));
#19643=CARTESIAN_POINT('',(22.2928932188134,117.917723610088,-114.835289244108));
#19644=CARTESIAN_POINT('Origin',(21.5857864376269,124.392170429869,-119.344932836166));
#19645=CARTESIAN_POINT('',(21.5857864376269,125.392170429869,-119.344932836166));
#19646=CARTESIAN_POINT('Origin',(21.5857864376269,124.392170429869,-119.344932836166));
#19647=CARTESIAN_POINT('',(22.2928932188134,125.099277211056,-119.344932836166));
#19648=CARTESIAN_POINT('Origin',(21.5857864376269,124.392170429869,-119.344932836166));
#19649=CARTESIAN_POINT('Origin',(22.2928932188134,124.392170429869,-119.344932836166));
#19650=CARTESIAN_POINT('Origin',(21.5857864376269,124.392170429869,-119.900340125498));
#19651=CARTESIAN_POINT('',(21.5857864376269,125.39217042987,-105.886551840703));
#19652=CARTESIAN_POINT('',(21.5857864376269,125.392170429869,-119.900340125498));
#19653=CARTESIAN_POINT('',(22.2928932188134,125.099277211056,-105.886551840703));
#19654=CARTESIAN_POINT('Origin',(21.5857864376269,124.39217042987,-105.886551840703));
#19655=CARTESIAN_POINT('',(22.2928932188134,125.099277211056,-119.900340125498));
#19656=CARTESIAN_POINT('Origin',(21.5857864376269,124.39217042987,-105.886551840703));
#19657=CARTESIAN_POINT('',(21.5857864376269,123.749382820183,-105.120507397584));
#19658=CARTESIAN_POINT('Origin',(21.5857864376269,124.39217042987,-105.886551840703));
#19659=CARTESIAN_POINT('',(22.2928932188134,123.937650952198,-105.344876620284));
#19660=CARTESIAN_POINT('Origin',(21.5857864376269,124.39217042987,-105.886551840703));
#19661=CARTESIAN_POINT('Origin',(22.2928932188134,124.39217042987,-105.886551840703));
#19662=CARTESIAN_POINT('Origin',(21.5857864376269,124.37224308776,-105.903272866118));
#19663=CARTESIAN_POINT('',(21.5857864376269,123.729455478073,-105.137228422999));
#19664=CARTESIAN_POINT('',(22.2928932188134,117.902898047039,-110.408635557248));
#19665=CARTESIAN_POINT('Origin',(21.5857864376269,118.160263867839,-111.115742338435));
#19666=CARTESIAN_POINT('',(22.2928932188134,123.917723610087,-105.361597645699));
#19667=CARTESIAN_POINT('Origin',(21.5857864376269,117.89217042987,-111.115742338435));
#19668=CARTESIAN_POINT('',(22.2928932188134,117.89217042987,-110.408635557248));
#19669=CARTESIAN_POINT('Origin',(21.5857864376269,108.39217042987,-105.886551840704));
#19670=CARTESIAN_POINT('',(22.2928932188134,107.685063648683,-105.886551840704));
#19671=CARTESIAN_POINT('Origin',(21.5857864376269,108.39217042987,-105.886551840704));
#19672=CARTESIAN_POINT('Origin',(22.2928932188134,108.39217042987,-105.886551840704));
#19673=CARTESIAN_POINT('Origin',(21.5857864376269,108.39217042987,-105.331144551372));
#19674=CARTESIAN_POINT('',(22.2928932188134,107.685063648683,-119.344932836167));
#19675=CARTESIAN_POINT('Origin',(21.5857864376269,108.392170429869,-119.344932836167));
#19676=CARTESIAN_POINT('',(22.2928932188134,107.685063648683,-105.331144551372));
#19677=CARTESIAN_POINT('Origin',(21.5857864376269,108.392170429869,-119.344932836167));
#19678=CARTESIAN_POINT('',(22.2928932188134,108.846689907541,-119.886608056587));
#19679=CARTESIAN_POINT('Origin',(21.5857864376269,108.392170429869,-119.344932836167));
#19680=CARTESIAN_POINT('Origin',(22.2928932188134,108.392170429869,-119.344932836167));
#19681=CARTESIAN_POINT('Origin',(21.5857864376269,108.41209777198,-119.328211810752));
#19682=CARTESIAN_POINT('',(22.2928932188135,108.866617249652,-119.869887031171));
#19683=CARTESIAN_POINT('Origin',(22.3,124.392170429869,-119.344932836166));
#19684=CARTESIAN_POINT('',(22.6,124.792170429869,-119.344932836166));
#19685=CARTESIAN_POINT('',(22.6,124.792170429869,-119.344932836166));
#19686=CARTESIAN_POINT('',(22.6,124.135055385995,-119.651350613414));
#19687=CARTESIAN_POINT('Origin',(22.6,124.392170429869,-119.344932836166));
#19688=CARTESIAN_POINT('',(22.6,124.135055385995,-119.651350613414));
#19689=CARTESIAN_POINT('Origin',(22.3,125.092170429869,-117.472140863144));
#19690=CARTESIAN_POINT('',(22.6,124.79217042987,-105.886551840703));
#19691=CARTESIAN_POINT('',(22.6,124.79217042987,-105.886551840703));
#19692=CARTESIAN_POINT('',(22.6,124.792170429869,-117.472140863144));
#19693=CARTESIAN_POINT('Origin',(22.3,124.39217042987,-105.886551840703));
#19694=CARTESIAN_POINT('',(22.6,124.135055385995,-105.580134063456));
#19695=CARTESIAN_POINT('',(22.6,124.135055385995,-105.580134063456));
#19696=CARTESIAN_POINT('Origin',(22.6,124.39217042987,-105.886551840703));
#19697=CARTESIAN_POINT('Origin',(22.3,121.259576809183,-107.601324889918));
#19698=CARTESIAN_POINT('',(22.6,118.014675774132,-110.715742338435));
#19699=CARTESIAN_POINT('',(22.6,118.014675774132,-110.715742338435));
#19700=CARTESIAN_POINT('',(22.6,121.452413092089,-107.831138222853));
#19701=CARTESIAN_POINT('Origin',(22.3,117.39217042987,-110.415742338435));
#19702=CARTESIAN_POINT('',(22.6,114.769665085607,-110.715742338435));
#19703=CARTESIAN_POINT('',(22.,114.988047226167,-110.115742338435));
#19704=CARTESIAN_POINT('',(22.6,117.39217042987,-110.715742338435));
#19705=CARTESIAN_POINT('Origin',(22.3,115.524764050556,-110.957723414627));
#19706=CARTESIAN_POINT('',(22.6,108.649285473744,-105.580134063456));
#19707=CARTESIAN_POINT('',(22.6,108.649285473744,-105.580134063456));
#19708=CARTESIAN_POINT('',(22.6,115.33192776765,-111.187536747562));
#19709=CARTESIAN_POINT('Origin',(16.4,114.39217042987,-115.115742338435));
#19710=CARTESIAN_POINT('',(16.4,117.796293633573,-115.115742338435));
#19711=CARTESIAN_POINT('Origin',(22.3,115.39217042987,-114.815742338435));
#19712=CARTESIAN_POINT('',(22.6,118.014675774132,-114.515742338435));
#19713=CARTESIAN_POINT('',(22.6,118.014675774132,-114.515742338435));
#19714=CARTESIAN_POINT('',(22.6,114.769665085607,-114.515742338435));
#19715=CARTESIAN_POINT('',(22.6,115.39217042987,-114.515742338435));
#19716=CARTESIAN_POINT('',(22.6,114.769665085607,-114.515742338435));
#19717=CARTESIAN_POINT('Origin',(22.3,111.524764050557,-117.630159786953));
#19718=CARTESIAN_POINT('',(22.6,108.649285473744,-119.651350613415));
#19719=CARTESIAN_POINT('',(22.6,111.331927767651,-117.400346454017));
#19720=CARTESIAN_POINT('',(22.6,108.649285473744,-119.651350613415));
#19721=CARTESIAN_POINT('Origin',(22.3,108.392170429869,-119.344932836167));
#19722=CARTESIAN_POINT('',(22.6,107.992170429869,-119.344932836167));
#19723=CARTESIAN_POINT('Origin',(22.6,108.392170429869,-119.344932836167));
#19724=CARTESIAN_POINT('',(22.6,107.992170429869,-119.344932836167));
#19725=CARTESIAN_POINT('Origin',(22.3,107.69217042987,-107.759343813726));
#19726=CARTESIAN_POINT('',(22.6,107.99217042987,-105.886551840704));
#19727=CARTESIAN_POINT('',(22.6,107.99217042987,-107.759343813726));
#19728=CARTESIAN_POINT('',(22.6,107.99217042987,-105.886551840704));
#19729=CARTESIAN_POINT('Origin',(22.3,108.39217042987,-105.886551840704));
#19730=CARTESIAN_POINT('Origin',(22.6,108.39217042987,-105.886551840704));
#19731=CARTESIAN_POINT('Origin',(22.3,117.259576809183,-114.273761262244));
#19732=CARTESIAN_POINT('',(22.6,117.452413092089,-114.043947929308));
#19733=CARTESIAN_POINT('Origin',(16.4,126.392170429869,-102.902945289017));
#19734=CARTESIAN_POINT('',(16.4,123.749382820183,-105.120507397584));
#19735=CARTESIAN_POINT('Origin',(16.4,124.39217042987,-105.886551840703));
#19736=CARTESIAN_POINT('',(16.4,125.39217042987,-105.886551840703));
#19737=CARTESIAN_POINT('Origin',(16.4,125.392170429869,-122.328539387853));
#19738=CARTESIAN_POINT('',(16.4,125.392170429869,-119.344932836166));
#19739=CARTESIAN_POINT('Origin',(16.4,124.392170429869,-119.344932836166));
#19740=CARTESIAN_POINT('',(16.4,123.749382820183,-120.110977279285));
#19741=CARTESIAN_POINT('Origin',(16.4,118.39217042987,-115.615742338435));
#19742=CARTESIAN_POINT('Origin',(22.6,116.39217042987,-112.615742338435));
#19743=CARTESIAN_POINT('Origin',(16.7,121.259576809183,-107.601324889918));
#19744=CARTESIAN_POINT('',(16.4,118.014675774132,-110.715742338435));
#19745=CARTESIAN_POINT('',(16.4,121.452413092089,-107.831138222853));
#19746=CARTESIAN_POINT('',(16.4,118.014675774132,-110.715742338435));
#19747=CARTESIAN_POINT('Origin',(16.7,108.392170429869,-119.344932836167));
#19748=CARTESIAN_POINT('',(16.4,107.992170429869,-119.344932836167));
#19749=CARTESIAN_POINT('',(17.,107.392170429869,-119.344932836167));
#19750=CARTESIAN_POINT('Origin',(16.4,108.392170429869,-119.344932836167));
#19751=CARTESIAN_POINT('Origin',(16.7,107.69217042987,-107.759343813726));
#19752=CARTESIAN_POINT('',(16.4,107.99217042987,-105.886551840704));
#19753=CARTESIAN_POINT('',(17.,107.39217042987,-105.886551840704));
#19754=CARTESIAN_POINT('',(16.4,107.99217042987,-107.759343813726));
#19755=CARTESIAN_POINT('Origin',(16.7,108.39217042987,-105.886551840704));
#19756=CARTESIAN_POINT('',(16.4,108.649285473744,-105.580134063456));
#19757=CARTESIAN_POINT('',(17.,109.034958039556,-105.120507397585));
#19758=CARTESIAN_POINT('Origin',(16.4,108.39217042987,-105.886551840704));
#19759=CARTESIAN_POINT('Origin',(16.7,115.524764050556,-110.957723414627));
#19760=CARTESIAN_POINT('',(16.4,114.769665085607,-110.715742338435));
#19761=CARTESIAN_POINT('',(17.,114.988047226167,-110.115742338435));
#19762=CARTESIAN_POINT('',(16.4,115.33192776765,-111.187536747562));
#19763=CARTESIAN_POINT('Origin',(16.7,117.39217042987,-110.415742338435));
#19764=CARTESIAN_POINT('',(16.4,117.39217042987,-110.715742338435));
#19765=CARTESIAN_POINT('Origin',(16.4,116.39217042987,-112.615742338435));
#19766=CARTESIAN_POINT('',(0.,0.,0.));
#19767=CARTESIAN_POINT('',(0.,0.,0.));
#19768=UNCERTAINTY_MEASURE_WITH_UNIT(LENGTH_MEASURE(0.01),#19776,
'DISTANCE_ACCURACY_VALUE',
'Maximum model space distance between geometric entities at asserted c
onnectivities');
#19769=UNCERTAINTY_MEASURE_WITH_UNIT(LENGTH_MEASURE(0.01),#19776,
'DISTANCE_ACCURACY_VALUE',
'Maximum model space distance between geometric entities at asserted c
onnectivities');
#19770=UNCERTAINTY_MEASURE_WITH_UNIT(LENGTH_MEASURE(0.01),#19776,
'DISTANCE_ACCURACY_VALUE',
'Maximum model space distance between geometric entities at asserted c
onnectivities');
#19771=UNCERTAINTY_MEASURE_WITH_UNIT(LENGTH_MEASURE(0.01),#19776,
'DISTANCE_ACCURACY_VALUE',
'Maximum model space distance between geometric entities at asserted c
onnectivities');
#19772=(
GEOMETRIC_REPRESENTATION_CONTEXT(3)
GLOBAL_UNCERTAINTY_ASSIGNED_CONTEXT((#19768))
GLOBAL_UNIT_ASSIGNED_CONTEXT((#19776,#19778,#19779))
REPRESENTATION_CONTEXT('','3D')
);
#19773=(
GEOMETRIC_REPRESENTATION_CONTEXT(3)
GLOBAL_UNCERTAINTY_ASSIGNED_CONTEXT((#19769))
GLOBAL_UNIT_ASSIGNED_CONTEXT((#19776,#19778,#19779))
REPRESENTATION_CONTEXT('','3D')
);
#19774=(
GEOMETRIC_REPRESENTATION_CONTEXT(3)
GLOBAL_UNCERTAINTY_ASSIGNED_CONTEXT((#19770))
GLOBAL_UNIT_ASSIGNED_CONTEXT((#19776,#19778,#19779))
REPRESENTATION_CONTEXT('','3D')
);
#19775=(
GEOMETRIC_REPRESENTATION_CONTEXT(3)
GLOBAL_UNCERTAINTY_ASSIGNED_CONTEXT((#19771))
GLOBAL_UNIT_ASSIGNED_CONTEXT((#19776,#19778,#19779))
REPRESENTATION_CONTEXT('','3D')
);
#19776=(
LENGTH_UNIT()
NAMED_UNIT(*)
SI_UNIT(.MILLI.,.METRE.)
);
#19777=(
LENGTH_UNIT()
NAMED_UNIT(*)
SI_UNIT($,.METRE.)
);
#19778=(
NAMED_UNIT(*)
PLANE_ANGLE_UNIT()
SI_UNIT($,.RADIAN.)
);
#19779=(
NAMED_UNIT(*)
SI_UNIT($,.STERADIAN.)
SOLID_ANGLE_UNIT()
);
#19780=SHAPE_DEFINITION_REPRESENTATION(#19783,#19788);
#19781=SHAPE_DEFINITION_REPRESENTATION(#19784,#19789);
#19782=SHAPE_DEFINITION_REPRESENTATION(#19785,#19790);
#19783=PRODUCT_DEFINITION_SHAPE('',$,#19792);
#19784=PRODUCT_DEFINITION_SHAPE('',$,#19793);
#19785=PRODUCT_DEFINITION_SHAPE('',$,#19794);
#19786=PRODUCT_DEFINITION_SHAPE($,$,#17);
#19787=PRODUCT_DEFINITION_SHAPE($,$,#18);
#19788=SHAPE_REPRESENTATION('',(#11764,#12904,#12905),#19772);
#19789=SHAPE_REPRESENTATION('',(#11765),#19773);
#19790=SHAPE_REPRESENTATION('',(#12007),#19774);
#19791=PRODUCT_DEFINITION_CONTEXT('part definition',#19802,'design');
#19792=PRODUCT_DEFINITION('BSFC_SetupPortable4_2',
'BSFC_SetupPortable4_2 v29',#19795,#19791);
#19793=PRODUCT_DEFINITION('FrameLeft','FrameLeft',#19796,#19791);
#19794=PRODUCT_DEFINITION('FrameRight','FrameRight',#19797,#19791);
#19795=PRODUCT_DEFINITION_FORMATION('',$,#19804);
#19796=PRODUCT_DEFINITION_FORMATION('',$,#19805);
#19797=PRODUCT_DEFINITION_FORMATION('',$,#19806);
#19798=PRODUCT_RELATED_PRODUCT_CATEGORY('BSFC_SetupPortable4_2 v29',
'BSFC_SetupPortable4_2 v29',(#19804));
#19799=PRODUCT_RELATED_PRODUCT_CATEGORY('FrameLeft','FrameLeft',(#19805));
#19800=PRODUCT_RELATED_PRODUCT_CATEGORY('FrameRight','FrameRight',(#19806));
#19801=APPLICATION_PROTOCOL_DEFINITION('international standard',
'automotive_design',2009,#19802);
#19802=APPLICATION_CONTEXT(
'Core Data for Automotive Mechanical Design Process');
#19803=PRODUCT_CONTEXT('part definition',#19802,'mechanical');
#19804=PRODUCT('BSFC_SetupPortable4_2','BSFC_SetupPortable4_2 v29',$,(#19803));
#19805=PRODUCT('FrameLeft','FrameLeft',$,(#19803));
#19806=PRODUCT('FrameRight','FrameRight',$,(#19803));
#19807=PRESENTATION_STYLE_ASSIGNMENT((#19811));
#19808=PRESENTATION_STYLE_ASSIGNMENT((#19812));
#19809=PRESENTATION_STYLE_ASSIGNMENT((#19813));
#19810=PRESENTATION_STYLE_ASSIGNMENT((#19814));
#19811=SURFACE_STYLE_USAGE(.BOTH.,#19815);
#19812=SURFACE_STYLE_USAGE(.BOTH.,#19816);
#19813=SURFACE_STYLE_USAGE(.BOTH.,#19817);
#19814=SURFACE_STYLE_USAGE(.BOTH.,#19818);
#19815=SURFACE_SIDE_STYLE('',(#19819));
#19816=SURFACE_SIDE_STYLE('',(#19820));
#19817=SURFACE_SIDE_STYLE('',(#19821));
#19818=SURFACE_SIDE_STYLE('',(#19822));
#19819=SURFACE_STYLE_FILL_AREA(#19823);
#19820=SURFACE_STYLE_FILL_AREA(#19824);
#19821=SURFACE_STYLE_FILL_AREA(#19825);
#19822=SURFACE_STYLE_FILL_AREA(#19826);
#19823=FILL_AREA_STYLE('Powder Coat - Rough (Black)',(#19827));
#19824=FILL_AREA_STYLE('Steel - Satin',(#19828));
#19825=FILL_AREA_STYLE('Powder Coat - Rough (Black)',(#19829));
#19826=FILL_AREA_STYLE('ABS (White)',(#19830));
#19827=FILL_AREA_STYLE_COLOUR('Powder Coat - Rough (Black)',#19831);
#19828=FILL_AREA_STYLE_COLOUR('Steel - Satin',#19832);
#19829=FILL_AREA_STYLE_COLOUR('Powder Coat - Rough (Black)',#19833);
#19830=FILL_AREA_STYLE_COLOUR('ABS (White)',#19834);
#19831=COLOUR_RGB('Powder Coat - Rough (Black)',0.0980392156862745,0.0980392156862745,
0.0980392156862745);
#19832=COLOUR_RGB('Steel - Satin',0.627450980392157,0.627450980392157,0.627450980392157);
#19833=COLOUR_RGB('Powder Coat - Rough (Black)',0.23921568627451,0.231372549019608,
0.231372549019608);
#19834=COLOUR_RGB('ABS (White)',0.964705882352941,0.964705882352941,0.952941176470588);
ENDSEC;
END-ISO-10303-21;
